episode,reward,success,alpha,ep_avg_actor_loss,ep_avg_critic_loss,buffer_size,total_steps
1,-523.6089509654623,0,0.20000000298023224,nan,nan,280,280
2,-465.0920053807705,0,0.20000000298023224,nan,nan,553,553
3,-384.29908464823137,0,0.20000000298023224,nan,nan,811,811
4,-283.48792768276377,0,0.20000000298023224,nan,nan,1038,1038
5,-341.1180180044794,0,0.20000000298023224,nan,nan,1297,1297
6,-672.8739429008839,0,0.20000000298023224,nan,nan,1617,1617
7,-299.23640016105736,0,0.20000000298023224,nan,nan,1855,1855
8,-461.75267753728207,0,0.20000000298023224,nan,nan,2135,2135
9,-415.55343557314285,0,0.20000000298023224,nan,nan,2396,2396
10,-429.5373974071139,0,0.20000000298023224,nan,nan,2656,2656
11,-406.0756056937268,0,0.20000000298023224,nan,nan,2931,2931
12,-653.4542747796636,0,0.19671189785003662,-1.1391722229204027,22.199025279256553,3221,3221
13,-137.77508576227427,0,0.19317558407783508,-2.262526840560521,18.795068147154193,3474,3474
14,-172.4822888863336,0,0.19012543559074402,-3.4052104372826832,19.899813201692368,3726,3726
15,-266.7041414782447,0,0.18661651015281677,-4.426522004020797,19.58042002057696,4012,4012
16,260.2378923632063,1,0.18448597192764282,-5.559409460045656,19.249692887412994,4271,4271
17,-407.3657415218162,0,0.18462608754634857,-7.30451692590391,94.4304693384447,4685,4685
18,-224.19560992028389,0,0.1838153749704361,-9.049714582829388,75.42393298017467,5011,5011
19,-177.24833409547182,0,0.1874973624944687,-10.179296028656772,77.32337349119152,5290,5290
20,-82.20573177699728,0,0.19184064865112305,-11.085013634335679,64.9689856672709,5516,5516
21,-153.06436204302855,0,0.19708369672298431,-12.121139927733717,74.73287252642268,5794,5794
22,-170.58683433187693,0,0.2032080739736557,-13.275950346100196,54.4987070605103,6061,6061
23,-172.26605211458116,0,0.20911753177642822,-14.411483154296874,76.15317879243331,6336,6336
24,-140.44649954318587,0,0.21445724368095398,-15.396999849481622,66.3997239641815,6583,6583
25,-93.10731420356198,0,0.22012008726596832,-16.083314173272317,73.34380145072937,6818,6818
26,311.2087443708175,1,0.22399450838565826,-16.58664170356646,43.236915763654665,7037,7037
27,-196.5779354628475,0,0.22731836140155792,-17.116163550570793,101.72133726203096,7278,7278
28,401.67260425445284,1,0.22770848870277405,-17.456584081417176,117.64471983037343,7442,7442
29,-195.21962828674242,0,0.22764496505260468,-18.054605907440184,95.06790914440155,7692,7692
30,-126.77705452764894,0,0.22714972496032715,-18.51987979488988,139.9793722437274,7940,7940
31,466.30416804514033,1,0.22635051608085632,-18.70901028668439,162.8560800940902,8075,8075
32,535.4018992840417,1,0.2256844937801361,-19.019586029052736,216.21836033821106,8175,8175
33,-149.47540599771037,1,0.22579002380371094,-19.66775317006297,230.89302168057594,8406,8406
34,6.98431383912839,1,0.22654417157173157,-20.128230027075094,223.64649857038233,8645,8645
35,490.185207256852,1,0.22720776498317719,-20.73426958457711,327.7193760429461,8742,8742
36,573.9669969580931,1,0.2276717573404312,-20.99738089243571,308.581101951145,8826,8826
37,601.1701737898113,1,0.2279806286096573,-21.67413898075328,357.83531944891985,8894,8894
38,584.2534126526907,1,0.22939059138298035,-22.24339433557847,410.44169023738186,8979,8979
39,586.103108025098,1,0.23083437979221344,-22.489293316760694,278.58682182610755,9062,9062
40,-148.5148594805877,0,0.2377629578113556,-24.031724295628162,423.71282949135343,9459,9459
41,338.6500177055253,1,0.24030663073062897,-25.41512719101793,480.1902052924389,9586,9586
42,572.5652696235154,1,0.24238146841526031,-26.390626684411778,455.9238683031751,9663,9663
43,303.8448981045776,1,0.24989250302314758,-28.71657368548505,391.98962416091524,10048,10048
44,580.5844400765964,1,0.25058484077453613,-29.99127017127143,414.18443359269037,10120,10120
45,314.9610144898835,1,0.2539066672325134,-31.372127029418944,496.0463611526489,10245,10245
46,-302.1859556054929,0,0.2606712281703949,-33.40014860003475,465.2862847852219,10538,10538
47,-234.61666581509783,0,0.2669709026813507,-36.24496302227121,402.56794389881344,10879,10879
48,577.9643077838737,1,0.2681815028190613,-37.38305810379656,473.1330623626709,10952,10952
49,585.6852530540026,1,0.2694438099861145,-38.301951525962515,353.9964524229912,11025,11025
50,497.4521909958954,1,0.2726024389266968,-39.525155162253576,376.61258770569026,11196,11196
51,330.25413624029056,1,0.2767128050327301,-41.310915338711474,366.3547091371431,11450,11450
52,406.0333429631124,1,0.2805846929550171,-42.98035426975525,425.8677251560172,11644,11644
53,572.3267412930006,1,0.2822829484939575,-44.24157856672238,343.5037741172008,11722,11722
54,531.885640356419,1,0.2834743559360504,-45.277334536038914,394.45084995123057,11852,11852
55,582.0704429839519,1,0.2841765284538269,-46.268586354712916,425.1417025213372,11925,11925
56,543.6898051915682,1,0.28598883748054504,-47.68503139637135,379.66048984174375,12033,12033
57,201.2016014267091,1,0.2902213931083679,-49.05860082308451,410.7957099755605,12273,12273
58,-318.5330902090739,0,0.2911537289619446,-51.94896145870811,351.7746085646557,12615,12615
59,-318.0509094520657,0,0.2966350317001343,-55.22418439388275,333.8612905740738,12967,12967
60,592.9072350361516,1,0.29543089866638184,-56.92415703044218,290.1658458148732,13035,13035
61,539.2371426956537,1,0.29538440704345703,-57.98650519053141,316.9266604582469,13107,13107
62,483.728482015038,1,0.29488080739974976,-58.47465807596843,368.43560148874917,13197,13197
63,483.70090773222773,1,0.29744645953178406,-60.11543002818365,355.7277155702219,13356,13356
64,546.0079061260866,1,0.29818832874298096,-61.176068496704104,313.79196857452393,13456,13456
65,569.5947573724834,1,0.29832103848457336,-62.34664978519563,314.1272260399275,13549,13549
66,606.1569112598612,1,0.29938045144081116,-63.31218349572384,269.9707847364021,13615,13615
67,601.1996760302704,1,0.3008374273777008,-63.78794997930527,367.35577642917633,13679,13679
68,583.7388984032995,1,0.30225175619125366,-65.24338459968567,354.6041050553322,13743,13743
69,587.7357551096216,1,0.3045266270637512,-65.5566038278433,256.46672741816593,13808,13808
70,592.462725600478,1,0.3057282269001007,-66.49061892109532,288.6330240926435,13870,13870
71,600.357167136596,1,0.3081740736961365,-67.54742978966755,312.04937058600825,13939,13939
72,597.3579427138917,1,0.3103516399860382,-67.4445918855213,289.8939325847323,14002,14002
73,413.56221851644307,1,0.31560489535331726,-69.7534301685837,284.2661927421138,14108,14108
74,-571.0320193166906,0,0.3272179365158081,-72.08055966571696,283.2195190812392,14417,14417
75,518.2597244598398,1,0.3311420977115631,-73.7591078668578,276.90307062915247,14534,14534
76,588.4399716024707,1,0.3333503305912018,-75.69298999492939,264.35542887174165,14599,14599
77,-356.0892936500542,0,0.34247785806655884,-77.33396680108432,206.7077910324623,14889,14889
78,583.5449254281768,1,0.34396612644195557,-78.8127670288086,203.22881165761797,14952,14952
79,593.2492866329615,1,0.34511613845825195,-80.42213134765625,206.564118712289,15022,15022
80,608.5836345796314,1,0.34739941358566284,-81.13643355596633,185.93809606158544,15085,15085
81,587.1056160700862,1,0.3498731553554535,-82.66671600341797,214.1048045603434,15160,15160
82,603.7506081494201,1,0.35197049379348755,-83.3938658396403,201.33787361780801,15220,15220
83,593.3138374625856,1,0.3546279966831207,-83.9412722269694,225.84535465240478,15280,15280
84,609.6901311098833,1,0.3577396273612976,-85.94477406486136,193.8271770789975,15341,15341
85,593.5195375085854,1,0.3617725968360901,-87.0623409717114,193.5540105646307,15418,15418
86,600.8352252322875,1,0.3641241490840912,-86.21047998647221,180.3129533548824,15479,15479
87,594.7838918138598,1,0.3676474690437317,-87.5870977640152,178.77514681220055,15543,15543
88,609.1784529485831,1,0.3705380856990814,-89.14912230392983,171.90432811605518,15601,15601
89,608.1802794754692,1,0.3737228810787201,-90.94773062344255,147.1540369165355,15659,15659
90,571.875446683138,1,0.37717926502227783,-91.93372213840485,154.3925994336605,15723,15723
91,601.5096397177924,1,0.38066694140434265,-92.55179087320964,177.14965771183824,15789,15789
92,605.8113016552195,1,0.3841164708137512,-94.00886636621811,159.5625497593599,15857,15857
93,499.7195756362681,1,0.38865652680397034,-95.70520577063927,144.55193974421576,15935,15935
94,595.756322736424,1,0.3917193114757538,-97.40947664701022,142.79095728947567,16000,16000
95,588.0666392209254,1,0.3952735960483551,-97.4722346616595,157.03640871369436,16089,16089
96,588.9086181128444,1,0.39801284670829773,-98.76522334929436,119.35570686094222,16151,16151
97,584.1024444548461,1,0.4012426733970642,-100.89056030273437,132.9932721455892,16226,16226
98,587.7746938734762,1,0.40510934591293335,-102.14894046059138,153.50043448918981,16305,16305
99,499.1020881385977,1,0.40802958607673645,-103.51352815067067,132.25653323005227,16373,16373
100,606.0244917702879,1,0.41061675548553467,-104.91490573570377,132.33908556328444,16434,16434
101,603.979755240676,1,0.4136295020580292,-107.15656603797008,151.40831514132225,16493,16493
102,591.7705324033712,1,0.4167156219482422,-108.05517609054978,128.46388649296117,16567,16567
103,604.300545168845,1,0.4198695719242096,-109.61291159352949,143.40700247979933,16629,16629
104,602.3173329582078,1,0.4228781759738922,-109.75154633955522,116.9380985028816,16695,16695
105,598.0328141396078,1,0.4254186153411865,-113.11719710251381,134.05121658588277,16753,16753
106,578.8136475149319,1,0.42898324131965637,-112.85899919782366,116.66532418387277,16823,16823
107,594.3137470821581,1,0.43238890171051025,-114.54957291574189,116.61088319258256,16889,16889
108,578.5728286381313,1,0.4355744421482086,-115.56729459090971,113.21114397720552,16960,16960
109,-291.93618283522824,0,0.4490041732788086,-119.02868795394897,110.3597481940922,17264,17264
110,602.8725904427156,1,0.4514368772506714,-123.10315055847168,109.07378463745117,17324,17324
111,594.3578796528291,1,0.4535899758338928,-123.84888000488282,90.28279781341553,17384,17384
112,604.9299405780755,1,0.45576679706573486,-124.12567190396584,109.56856426950229,17443,17443
113,606.9217149368424,1,0.45779260993003845,-127.11081376509233,96.18605291193182,17498,17498
114,606.2051202451258,1,0.46042877435684204,-127.59634154183524,97.48748173032489,17554,17554
115,382.8138065884905,1,0.4644384980201721,-129.7827237447103,90.02161106533474,17644,17644
116,593.2420494192274,1,0.46725887060165405,-131.89316368103027,90.35051670074463,17704,17704
117,594.3215724251331,1,0.4700353145599365,-132.486382068043,83.0220041946626,17775,17775
118,596.8606113968519,1,0.4725779891014099,-135.39667264498198,93.7133183992826,17840,17840
119,603.1704017747512,1,0.4752464294433594,-134.99126975767075,83.12910901346514,17902,17902
120,577.6809356067153,1,0.4776647686958313,-136.53668605259486,97.41514701843262,17972,17972
121,603.2800057130021,1,0.480008065700531,-139.27463208214712,103.63679792113223,18031,18031
122,600.5408938933037,1,0.48265430331230164,-139.16820280013545,112.32813182953865,18093,18093
123,608.0870150726162,1,0.4848266839981079,-142.30567379655508,94.06007030092437,18151,18151
124,609.5048718406431,1,0.48703911900520325,-142.9289610726493,107.7097169331142,18207,18207
125,605.0795290576301,1,0.4901498556137085,-145.11079122252383,85.33927432561325,18266,18266
126,601.2412855748339,1,0.492466539144516,-146.19543819104211,97.86307790723897,18325,18325
127,612.4384357439532,1,0.49475204944610596,-147.96119865042263,95.92892731213179,18386,18386
128,603.8655132164374,1,0.49726179242134094,-149.7317760029777,96.42953053458793,18447,18447
129,602.5922684577918,1,0.49984297156333923,-151.54435274893777,67.09573156791821,18504,18504
130,601.5098303592613,1,0.5021917223930359,-152.02229835247172,112.25116183839995,18562,18562
131,576.7079606339036,1,0.5051325559616089,-152.87440708705358,82.00412919786241,18625,18625
132,604.0640470998559,1,0.5075581073760986,-153.87559803745202,95.93796244838782,18682,18682
133,597.7540812478586,1,0.5103678703308105,-155.92673060099284,106.82060737609864,18742,18742
134,542.5494312942758,1,0.5132594704627991,-158.77486577109684,85.5434091961573,18805,18805
135,600.4092597380087,1,0.5158925652503967,-159.5864602450667,83.3996801705196,18863,18863
136,590.6238490840856,1,0.5186405181884766,-163.16625871329472,75.19526823635759,18921,18921
137,600.0229736479198,1,0.5217603445053101,-163.56526657630658,91.88996097959321,18979,18979
138,599.4664730253876,1,0.5242658853530884,-165.71099511508285,118.67204001854206,19037,19037
139,584.1853014580051,1,0.5273165106773376,-166.89179869621032,97.27315582767609,19099,19099
140,585.9242569742345,1,0.529752254486084,-166.43837606495825,95.54916960617592,19157,19157
141,598.2046445744108,1,0.5324504971504211,-169.2505896783644,78.58431539227885,19219,19219
142,607.9401579293418,1,0.5355745553970337,-170.78541486016636,78.85230255126953,19277,19277
143,598.3265558978206,1,0.5388465523719788,-171.69821345011394,91.03231646219889,19337,19337
144,591.5308748083916,1,0.5413563847541809,-173.51885681152345,83.95150527954101,19397,19397
145,600.6958586113547,1,0.54386967420578,-177.3969489203559,68.81411626603868,19451,19451
146,611.4110172185483,1,0.5468418002128601,-177.44701024105674,107.3099524514717,19508,19508
147,600.0925154794486,1,0.5493988990783691,-179.64930909255455,92.04422108880405,19566,19566
148,610.6023635692866,1,0.5524449348449707,-180.56841746547767,81.89847025954933,19623,19623
149,479.8611435049105,1,0.5560126900672913,-182.2767548896897,92.4991434124154,19694,19694
150,599.1363277838423,1,0.5593998432159424,-184.07811302771935,71.80359350351186,19759,19759
151,582.8591923050883,1,0.562973141670227,-186.66466437445746,78.19031070527576,19822,19822
152,608.2680317062222,1,0.5656005144119263,-187.16518586257408,78.58752128995698,19880,19880
153,604.788208426241,1,0.5680892467498779,-189.13905778364702,96.02482195767489,19935,19935
154,607.8441303461606,1,0.5710927844047546,-191.32915296052633,79.45546367712188,19992,19992
155,604.6757237002828,1,0.5739901065826416,-194.73685350089238,72.6592267135094,20050,20050
156,590.5031625758324,1,0.5766870379447937,-193.9981267293294,63.9795118967692,20110,20110
157,587.9178374095386,1,0.579940676689148,-195.3288328109249,91.36846083979452,20172,20172
158,599.0051877264923,1,0.5827136635780334,-198.02156041032177,90.39975363521252,20231,20231
159,606.9963765518819,1,0.5858893990516663,-199.63108049359238,113.98492465102882,20288,20288
160,600.5720570167786,1,0.5886785984039307,-201.46501922607422,87.21549224853516,20346,20346
161,602.7903006306946,1,0.5914620757102966,-202.4360461318702,81.74072473090992,20403,20403
162,597.8063798441353,1,0.5942887663841248,-204.47033875564048,69.43907629210373,20461,20461
163,600.0910008787438,1,0.5971991419792175,-205.0883354574947,73.64535603280795,20520,20520
164,606.4336061631304,1,0.5999804735183716,-207.95504418734848,89.05548286437988,20578,20578
165,598.6311908470789,1,0.6022512912750244,-208.7920154918324,82.67766949046742,20633,20633
166,603.0732648770102,1,0.6047942042350769,-209.8337014181572,87.41005301893803,20690,20690
167,610.8355844482065,1,0.6069292426109314,-211.02215853604403,80.59871160333807,20745,20745
168,595.6971230746112,1,0.6094084978103638,-214.12670070842162,66.63333152512372,20804,20804
169,612.9807233787833,1,0.6118084788322449,-215.65580460120893,78.86691376258587,20862,20862
170,609.6963932985582,1,0.6145029664039612,-215.58907423348262,96.02651286947317,20920,20920
171,602.9922208046075,1,0.6175669431686401,-219.28304251977954,64.00207422547422,20979,20979
172,584.8477665727512,1,0.6203585863113403,-219.02482254778752,73.20227060161653,21040,21040
173,604.5195467126052,1,0.6229080557823181,-221.91583917791192,91.2717226895419,21095,21095
174,604.5999322074526,1,0.6253069639205933,-223.03431868119674,71.2712551463734,21150,21150
175,588.9255507030069,1,0.6280564665794373,-224.00998248475972,67.10593336278743,21216,21216
176,606.7376073784552,1,0.6305504441261292,-226.9857098809604,82.17819207290123,21274,21274
177,602.5287886059735,1,0.6334686875343323,-226.2771019369869,74.47327190334514,21333,21333
178,610.2964705480551,1,0.636587917804718,-229.6643614688162,63.144120070893884,21392,21392
179,602.310297617827,1,0.6387415528297424,-229.3332947848136,79.3400365595232,21449,21449
180,592.6377523727542,1,0.6415194869041443,-233.9005392751386,65.65055244199691,21511,21511
181,606.0185829813469,1,0.6437010169029236,-234.01334314179002,64.36171712373432,21568,21568
182,586.2312085481649,1,0.6458002328872681,-237.04924273490906,80.96828404068947,21632,21632
183,610.4133346588559,1,0.6483601927757263,-238.07686295942827,102.26777270923961,21687,21687
184,607.3041484720159,1,0.6505492925643921,-240.31240611965373,65.07236794293937,21746,21746
185,608.8400360949693,1,0.6523177027702332,-241.85673904418945,59.44598249026707,21802,21802
186,592.8989137347234,1,0.6549438834190369,-242.05498129634535,57.5731637922384,21861,21861
187,594.6098958946652,1,0.6568276286125183,-244.49204115434125,76.66196019721754,21927,21927
188,604.6881236755007,1,0.6584079265594482,-245.33459954512747,69.68085898014537,21984,21984
189,602.5261622817561,1,0.6593970656394958,-247.8230663098787,56.85453542073568,22041,22041
190,606.5624865540246,1,0.661014199256897,-250.22488456859924,69.30939152366237,22098,22098
191,599.6805181681816,1,0.6627626419067383,-252.59752197265624,78.89079863230387,22158,22158
192,611.4795890566164,1,0.6645352840423584,-252.29729422876392,73.31119023339222,22217,22217
193,606.4445401765871,1,0.6661128997802734,-256.462221963065,89.88089415005275,22273,22273
194,598.7274905945698,1,0.6672453284263611,-256.02015243038056,71.71171083757955,22335,22335
195,600.2938024757516,1,0.6682668924331665,-256.3469137376355,64.54119608479161,22397,22397
196,573.2892531955855,1,0.670089840888977,-260.34471671811997,71.08394761239329,22459,22459
197,601.6167075395988,1,0.6718420386314392,-260.14465688069663,61.91178188323975,22519,22519
198,605.8230835293416,1,0.673448920249939,-261.6269549353648,69.8119045516192,22578,22578
199,595.7226313571265,1,0.6747481226921082,-263.4315627525593,51.128650731053845,22636,22636
200,599.9086186924792,1,0.6758500933647156,-266.3496785481771,58.03546457290649,22696,22696
201,607.0374363771806,1,0.6767632961273193,-265.1090295965021,50.665461072054775,22751,22751
202,604.9066599221339,1,0.6776301264762878,-267.9974052027652,64.9928117718613,22808,22808
203,605.2395678785917,1,0.6776268482208252,-269.78409038606236,55.12065509108246,22869,22869
204,594.1598518474239,1,0.6783469915390015,-270.67106333086565,63.95397967676963,22931,22931
205,606.232714399291,1,0.6787940859794617,-272.7046203613281,102.89800685947225,22990,22990
206,600.1096818342035,1,0.6789016723632812,-274.13262060133076,98.95066856125653,23049,23049
207,593.5203989535039,1,0.68003249168396,-277.64285956488715,57.693065855238174,23112,23112
208,600.4358339695768,1,0.680679976940155,-277.41053456273573,51.45323651412438,23170,23170
209,607.465256770456,1,0.6802834272384644,-277.02166905896416,80.59225164610764,23228,23228
210,598.989364236008,1,0.6809983253479004,-281.1151829050548,47.96234703063965,23295,23295
211,605.0830009686422,1,0.6813143491744995,-281.6794759459415,73.93499361458471,23354,23354
212,591.2527139532724,1,0.6818305253982544,-283.18088926117997,84.64268108894085,23412,23412
213,572.0379759012671,1,0.6823874115943909,-285.12394600483907,57.701328989285145,23479,23479
214,593.454852730513,1,0.6827118396759033,-286.3783426592427,74.48366977322486,23541,23541
215,595.3401051222552,1,0.6814886927604675,-289.2748529343378,70.00548465668209,23604,23604
216,598.3959715368009,1,0.6812983751296997,-291.25553155714465,39.14035178769019,23666,23666
217,598.0586173905047,1,0.6807751655578613,-292.5338538218353,67.22962964591333,23725,23725
218,600.9939276351447,1,0.6815049648284912,-293.6313140869141,81.21283448537191,23785,23785
219,604.1520386409758,1,0.6811869144439697,-292.82504722720284,66.23241058724825,23846,23846
220,601.604936616158,1,0.6802232265472412,-294.31993001302084,71.94025783538818,23906,23906
221,603.1099864900555,1,0.678714394569397,-296.6593882242839,52.43915491104126,23966,23966
222,605.8580505928578,1,0.6782206892967224,-296.77205105485587,57.120250142853834,24024,24024
223,612.751292567076,1,0.677510678768158,-299.6942202919408,58.51593375624272,24081,24081
224,609.828038472597,1,0.676909863948822,-300.594464318227,77.40170401233738,24140,24140
225,604.4723720731085,1,0.6756159067153931,-303.50126500283517,74.12340776381954,24202,24202
226,590.9962862565982,1,0.6737743020057678,-304.0895357131958,44.00293031334877,24266,24266
227,600.2101148729191,1,0.6717646718025208,-303.22244578394395,45.444673998602504,24324,24324
228,587.9768502661184,1,0.6704596877098083,-306.7852347237723,56.07811443389408,24387,24387
229,598.9050096609676,1,0.6686500310897827,-307.88001650855654,58.91424054948111,24450,24450
230,602.1422171815188,1,0.6677435636520386,-309.7939458478961,56.807037253128854,24507,24507
231,585.7063970351672,1,0.6652979254722595,-310.90819295247394,50.40055142026959,24573,24573
232,602.218802107755,1,0.6634830832481384,-311.91351581441944,61.661817156035326,24631,24631
233,593.1008695960974,1,0.6623626947402954,-313.6269781394083,62.07873194334937,24692,24692
234,589.7417102568602,1,0.6603509783744812,-313.0973280609631,43.5095748276007,24753,24753
235,583.9880322049727,1,0.6581215858459473,-314.30921591481854,55.28815149491833,24815,24815
236,605.7723163589721,1,0.6564081907272339,-315.6689690483941,48.20701296367343,24878,24878
237,598.8867169291916,1,0.6538320779800415,-318.3695128393955,63.181981415045065,24939,24939
238,597.2273188466744,1,0.6517271399497986,-319.1933029174805,56.04782381057739,24999,24999
239,598.5995233892659,1,0.6487888097763062,-320.77903722544187,49.53857109194896,25060,25060
240,576.6620787226896,1,0.6468998789787292,-320.60097152467756,63.013546595497736,25123,25123
241,604.4370332611243,1,0.6437378525733948,-324.38654722016435,51.6496759940838,25181,25181
242,602.0716104983162,1,0.6400654911994934,-324.419282023112,53.65580339431763,25241,25241
243,599.0804129682799,1,0.6370489001274109,-325.92596041771674,43.915179560261386,25303,25303
244,601.0090849948715,1,0.6330775022506714,-326.36954562946903,67.6546608229815,25362,25362
245,593.5611721780552,1,0.6298290491104126,-327.8444112141927,35.77669187576052,25425,25425
246,581.8931984969109,1,0.6262252330780029,-328.2998741260473,60.791177224421844,25494,25494
247,606.1249521867135,1,0.6229196786880493,-329.3776845296224,31.632465744018553,25554,25554
248,593.8583638480137,1,0.6205027103424072,-330.0457218357774,54.13504237815982,25615,25615
249,602.3358648163644,1,0.6182283163070679,-332.16697082519534,47.70200227101644,25675,25675
250,563.7853711433751,1,0.6151658296585083,-333.7733029647612,60.202619015331,25746,25746
251,568.2224785517227,1,0.6124371886253357,-335.39152858568275,50.67690876946933,25815,25815
252,587.3891094932314,1,0.6090216040611267,-334.43889409845525,82.24601072253603,25881,25881
253,600.1195416274711,1,0.6061378717422485,-335.9300537109375,44.576789435693776,25940,25940
254,586.092356279811,1,0.6028124094009399,-337.15472888946533,54.90588575601578,26004,26004
255,583.1692869459242,1,0.5998597741127014,-336.4042600601438,65.09079515366327,26067,26067
256,556.6161669370097,1,0.5949679017066956,-338.8535819498698,41.14260981241862,26142,26142
257,596.4405783708502,1,0.5911742448806763,-341.08509955971925,62.715340921434304,26201,26201
258,599.8201522237749,1,0.58854079246521,-341.0162823786501,47.357557531263005,26262,26262
259,596.1651136158608,1,0.5860233306884766,-341.8001871416646,39.25504659837292,26324,26324
260,595.5833135381482,1,0.583412230014801,-344.9348274606173,58.383173082695635,26385,26385
261,594.3504811484991,1,0.580182671546936,-342.94325459798176,49.898466714223225,26445,26445
262,574.7750069219912,1,0.5778664350509644,-343.6714826311384,42.434478517562624,26508,26508
263,603.8893448137726,1,0.575075626373291,-345.6954615275065,65.14524882634481,26568,26568
264,606.7004094341667,1,0.572425365447998,-345.54823811848956,75.47230281829835,26628,26628
265,598.1932428699101,1,0.5689721703529358,-346.41909169342557,33.68288870989266,26687,26687
266,599.4849734063639,1,0.5664554834365845,-348.07989095052085,35.85287539164225,26747,26747
267,597.0744561833262,1,0.5635915994644165,-348.54394681336447,46.18091195528625,26808,26808
268,600.8132516733157,1,0.5608738660812378,-348.57068026267876,59.109861648688884,26867,26867
269,599.0152343464738,1,0.5576409697532654,-350.16258573532104,47.19752651453018,26931,26931
270,587.1235942848589,1,0.5550374388694763,-350.5358853340149,50.72845187783241,26995,26995
271,596.6834267563919,1,0.5515874624252319,-350.3454212007068,48.77888579595657,27058,27058
272,603.6479620378606,1,0.5485396385192871,-352.0332778930664,27.177567291259766,27118,27118
273,596.179671842362,1,0.5458543300628662,-353.0290079752604,51.40774908065796,27178,27178
274,598.0842740643388,1,0.5432476997375488,-354.10047578811646,46.39724624156952,27242,27242
275,601.1156103311492,1,0.5412258505821228,-352.5504205422323,46.962878571182,27303,27303
276,596.6573411976922,1,0.5382572412490845,-356.082714136096,35.97416721565136,27372,27372
277,600.7983973966749,1,0.5362286567687988,-355.1993598312628,41.14633511715248,27433,27433
278,600.862409720135,1,0.5339691638946533,-355.6609832263384,28.965729478929862,27494,27494
279,584.2206742907448,1,0.531269907951355,-357.29567076667905,45.84328042893183,27557,27557
280,602.073527947839,1,0.5287954211235046,-357.90921279131356,56.19713505243851,27616,27616
281,588.2014210306061,1,0.5258495807647705,-358.85832239369876,40.95010544823818,27677,27677
282,591.1789931167193,1,0.5236420631408691,-359.73796770649574,55.180100687088505,27739,27739
283,556.8728049106228,1,0.5212796926498413,-358.9436327616374,37.31304136912028,27811,27811
284,606.7059959048727,1,0.5192720293998718,-358.46425267269734,34.668681964539644,27868,27868
285,606.9966238044892,1,0.5179412961006165,-359.406494140625,42.712223973190575,27925,27925
286,599.4043280484999,1,0.5155594348907471,-359.89931050284963,41.323804323790505,27986,27986
287,596.0184084853636,1,0.513297438621521,-360.7500224866365,71.92742672301175,28043,28043
288,594.6720605939985,1,0.5107511281967163,-362.8421380715292,40.7114764354268,28104,28104
289,606.7259167353811,1,0.5087053775787354,-362.59791694253175,39.762887065693484,28163,28163
290,602.7959670356345,1,0.506531298160553,-363.0062668114378,47.67007352594744,28220,28220
291,608.2538637414441,1,0.5047100782394409,-361.2740842584978,46.888518383628444,28277,28277
292,597.6708044199908,1,0.5027837157249451,-363.5960793330752,53.024982600376525,28335,28335
293,599.1147800589073,1,0.5000141263008118,-363.7981242518271,30.514203056212395,28397,28397
294,596.4324628317944,1,0.4979434311389923,-365.03644699346825,62.20264322249616,28458,28458
295,600.7229967524313,1,0.4964289665222168,-366.1671432495117,39.476150035858154,28518,28518
296,599.2300574147391,1,0.49577170610427856,-364.7042383654364,56.51191129355595,28576,28576
297,600.2276619693879,1,0.4936240017414093,-365.6443791707357,25.550422302881877,28636,28636
298,609.6539957701456,1,0.49149850010871887,-365.8401626060749,47.18578300804928,28694,28694
299,605.734351299759,1,0.4902053475379944,-368.11390528185615,48.67504114940249,28752,28752
300,602.5192466441538,1,0.4876421391963959,-367.18699645996094,49.86746922854719,28810,28810
301,584.9601402375433,1,0.4857272803783417,-368.25577891956675,50.138375759124756,28876,28876
302,603.942311692487,1,0.48348918557167053,-368.12813262939454,43.0685631275177,28936,28936
303,586.6313319039549,1,0.48132115602493286,-368.7588763897236,36.023125208341156,29001,29001
304,580.6709908250027,1,0.4799400269985199,-367.1311721801758,37.539653873443605,29061,29061
305,600.2626479750211,1,0.47814658284187317,-369.1790642172603,34.104258553456454,29120,29120
306,605.8781423973634,1,0.4764975607395172,-369.2639711614241,29.78666091383549,29177,29177
307,592.5471995117964,1,0.4744076430797577,-369.03674362645006,39.27315318945682,29243,29243
308,597.9562017277113,1,0.47223037481307983,-370.2756292624552,64.04770816740442,29304,29304
309,605.0258006650874,1,0.47092926502227783,-371.6226527327198,30.67033276315463,29363,29363
310,595.2926671654097,1,0.46930569410324097,-372.1422861735026,21.18342881202698,29423,29423
311,599.8132559383005,1,0.46777811646461487,-372.5554158528646,51.68048610687256,29483,29483
312,601.9660931699112,1,0.46567827463150024,-372.2828989336568,42.52651556076542,29545,29545
313,604.5602694803936,1,0.46480828523635864,-372.24616771633345,58.32784083738165,29604,29604
314,587.080347670142,1,0.4627954959869385,-372.2859447848412,34.23071962787259,29666,29666
315,606.2980360152008,1,0.46096208691596985,-372.8924749465216,26.503755206153507,29729,29729
316,598.2328221112282,1,0.45912817120552063,-373.30187072753904,52.5130199432373,29789,29789
317,594.2507133381476,1,0.45693790912628174,-373.6383616963371,56.50688061948682,29850,29850
318,607.7239600109392,1,0.45543569326400757,-374.27040626262794,68.28089008660152,29908,29908
319,600.8118515679097,1,0.4539477825164795,-374.6219007148117,38.05681894646316,29969,29969
320,582.7702321005041,1,0.4518941044807434,-373.8176094430392,41.58741575772645,30030,30030
321,605.2758820500653,1,0.45084816217422485,-375.7119099245233,36.09579934912213,30089,30089
322,607.5890870457418,1,0.44940418004989624,-375.4155851665296,35.335436051351984,30146,30146
323,606.9533572923858,1,0.44763630628585815,-375.36770682499326,34.571560859680176,30204,30204
324,602.8920512634386,1,0.44631654024124146,-376.80617268880206,39.13929080963135,30261,30261
325,596.8174674236449,1,0.4455714523792267,-375.61885779244557,54.92305748803275,30317,30317
326,595.7043002382478,1,0.4432036876678467,-376.0510416338521,25.265148716588175,30379,30379
327,602.1022193076146,1,0.441445916891098,-376.8674591064453,28.263682079315185,30439,30439
328,593.6213590279685,1,0.4400079846382141,-376.73363494873047,25.79008545875549,30499,30499
329,595.3795133579265,1,0.43805626034736633,-378.4591894710765,39.20189757908092,30567,30567
330,602.0000483989061,1,0.4366648495197296,-378.234526570638,26.19108034769694,30627,30627
331,600.4924068425331,1,0.4342729449272156,-378.1912475585938,40.789232937494916,30687,30687
332,579.4959382806844,1,0.4325428009033203,-378.7735004425049,48.94275952875614,30751,30751
333,599.2494122667517,1,0.43153735995292664,-379.42398268176663,37.28663504508234,30813,30813
334,598.4535272578864,1,0.4307364821434021,-378.8908870636471,35.95175758240715,30876,30876
335,600.403011277454,1,0.4303778111934662,-379.4746398925781,43.175967266685085,30933,30933
336,601.4709526480464,1,0.4289383590221405,-380.1407065555967,27.72908542896139,30991,30991
337,599.7011085457223,1,0.4282650351524353,-378.736031367861,29.53406654555222,31049,31049
338,602.3276094409574,1,0.42695051431655884,-380.3311222264024,18.37227855744909,31110,31110
339,606.9720141080866,1,0.42594853043556213,-379.85597913018586,40.436019239754515,31168,31168
340,592.813227068747,1,0.42506083846092224,-378.97104682297004,45.704834359591125,31229,31229
341,595.4625394724885,1,0.4244844615459442,-379.0778788248698,25.782220284144085,31289,31289
342,611.2057754712932,1,0.4234968423843384,-380.7018488103693,24.6581881089644,31344,31344
343,597.6688809675857,1,0.4221664369106293,-380.06639677902746,66.29824861986884,31402,31402
344,595.2513328288622,1,0.4210977256298065,-380.59094797770183,17.64271477063497,31462,31462
345,605.7018432704518,1,0.4196968078613281,-380.4445474558863,26.638847071548987,31520,31520
346,598.3842092771199,1,0.4186978340148926,-379.91560837318156,38.10947373817707,31578,31578
347,605.8033186154014,1,0.41711774468421936,-379.18407643636067,34.924049949646,31638,31638
348,602.487214511719,1,0.41606462001800537,-381.2002041057005,45.275364536350054,31697,31697
349,593.8673287421047,1,0.41503870487213135,-382.96816490436424,21.988110262772132,31755,31755
350,534.8699905338676,1,0.41480711102485657,-381.47201166926203,28.761723067309404,31829,31829
351,604.6707420548144,1,0.41355594992637634,-381.80033664045663,43.45872505779924,31887,31887
352,592.2282513033769,1,0.41277819871902466,-381.91012819351687,56.206282877152965,31949,31949
353,603.7184230544914,1,0.4118371307849884,-384.3893202396861,28.382035590054695,32006,32006
354,602.593199433582,1,0.41111189126968384,-381.36134501865934,40.22186347416469,32062,32062
355,596.1559507022437,1,0.40981295704841614,-384.1903294881185,32.668713347117105,32122,32122
356,604.8484403524088,1,0.40760743618011475,-382.6185548843876,42.10568186544603,32184,32184
357,540.1523343858518,1,0.40596842765808105,-382.94152069091797,54.47845916999014,32260,32260
358,600.5883781516883,1,0.40525978803634644,-384.48108499091967,27.003745898865816,32317,32317
359,601.2580344942417,1,0.40466246008872986,-384.05997428247485,39.56714578402244,32376,32376
360,601.5065202853574,1,0.40402457118034363,-384.60496571858727,40.237325525283815,32436,32436
361,603.9248121181454,1,0.40292662382125854,-382.67980388059453,33.72145022376109,32495,32495
362,579.9712934939564,1,0.401944100856781,-383.3976725593942,27.123031170641788,32556,32556
363,609.3105024410985,1,0.4012800455093384,-383.6378665500217,17.00385685320254,32610,32610
364,605.7648802798908,1,0.3996888995170593,-384.86336299351285,45.806889516966685,32666,32666
365,607.2051716629669,1,0.3985297381877899,-384.04328536987305,38.87006805624281,32722,32722
366,602.1612557038344,1,0.39781638979911804,-384.77643287788004,29.69889118711827,32781,32781
367,605.3532008491364,1,0.3966774642467499,-384.14601005942137,33.30238466747736,32840,32840
368,609.5485120924004,1,0.3952966332435608,-384.8475799560547,26.68284228869847,32896,32896
369,606.9751970540282,1,0.39379021525382996,-384.15154345282195,43.9628203819538,32954,32954
370,599.6459949812603,1,0.3923289477825165,-386.06587778727214,35.79392348925273,33014,33014
371,603.894224849573,1,0.3920174539089203,-384.5701862203664,27.67385038836249,33072,33072
372,591.3570063653991,1,0.3919343054294586,-384.9824706120277,18.839786216394224,33139,33139
373,599.0701216805985,1,0.39085060358047485,-384.81550736860794,25.497602000381008,33205,33205
374,609.8531755719104,1,0.38930585980415344,-386.48808780793223,43.973763296681064,33267,33267
375,604.839854262149,1,0.3889363408088684,-387.23168563842773,20.83031565802438,33323,33323
376,598.4935016999574,1,0.3881758451461792,-386.2591590212103,17.475789153785037,33380,33380
377,597.4879410691958,1,0.38798588514328003,-387.08408813476564,29.71248655319214,33440,33440
378,603.0406311338215,1,0.38703036308288574,-384.9672639029367,20.04975434712001,33496,33496
379,598.8078275345689,1,0.38613203167915344,-385.0154340020541,38.132013337365514,33554,33554
380,595.750708302748,1,0.38525390625,-387.4850525936838,24.92199894533319,33613,33613
381,600.4037896854766,1,0.3843460977077484,-385.14306490538553,40.63369938584625,33674,33674
382,599.5867641332118,1,0.38308754563331604,-386.2184505139367,24.608187109737074,33733,33733
383,597.9998797034203,1,0.38133952021598816,-386.75018819173175,25.343956661224365,33793,33793
384,598.8254179029483,1,0.38001886010169983,-385.3013885498047,23.917515087127686,33853,33853
385,599.1809663973268,1,0.37867534160614014,-387.47804855088054,37.09716481677557,33912,33912
386,605.0210737679533,1,0.37726712226867676,-386.82351194109236,22.108640330178396,33968,33968
387,607.2983248834669,1,0.3764877915382385,-387.5151472420528,34.290717881301354,34026,34026
388,602.3433383129554,1,0.3759438991546631,-387.1182693481445,20.0442595799764,34086,34086
389,600.8758381365827,1,0.3755432963371277,-387.67165874612743,38.84721705009197,34144,34144
390,605.8885526089997,1,0.3746798038482666,-388.48479034941073,19.77575312630605,34203,34203
391,589.9593784502181,1,0.37350380420684814,-387.60524712234246,28.3702389529494,34264,34264
392,574.0974394153482,1,0.3732539713382721,-387.9751421818968,33.985828524730245,34325,34325
393,594.7393134570624,1,0.37306568026542664,-388.2247981701867,20.067283888994638,34384,34384
394,597.2044570150563,1,0.3726264536380768,-387.7613851613012,19.872417556828466,34442,34442
395,605.9375473660409,1,0.37141987681388855,-388.2526902020988,57.8580633260436,34501,34501
396,601.7263120357417,1,0.3705904483795166,-387.95128904070174,26.738273637635366,34557,34557
397,603.1482627669377,1,0.3698030114173889,-389.65286712646486,18.62355271180471,34617,34617
398,604.9232033149134,1,0.36942923069000244,-389.30961945097323,38.00047509144928,34676,34676
399,605.218296118625,1,0.36883699893951416,-388.4333664466595,23.93445843663709,34734,34734
400,604.9258391007112,1,0.36871325969696045,-388.83982522147045,46.387502261570525,34790,34790
401,589.3304531473391,1,0.36799347400665283,-388.8866385183027,33.606564937099336,34852,34852
402,600.8930132587628,1,0.3670822083950043,-389.23624795170156,19.500317250267933,34911,34911
403,599.994302081083,1,0.3661152422428131,-390.0380088676841,22.686159958273677,34970,34970
404,605.4090344030374,1,0.36490508913993835,-388.7067713244208,41.770752676602065,35028,35028
405,579.6247840803039,1,0.3641817569732666,-390.4702808817879,19.278485110548676,35089,35089
406,601.4894243078959,1,0.36358070373535156,-389.1041254411664,26.07575347967315,35146,35146
407,603.9377744350686,1,0.36292123794555664,-388.59142412458147,32.12484146015985,35202,35202
408,600.2321163558427,1,0.36273664236068726,-389.29150338008486,52.70594721827014,35260,35260
409,601.8188824442406,1,0.36242005228996277,-389.07337874073096,42.90722779904382,35319,35319
410,596.3644779810315,1,0.36188676953315735,-389.8839448627673,29.050563444171036,35376,35376
411,606.9108442811431,1,0.36191073060035706,-390.2687905521716,23.543665724285578,35435,35435
412,601.2049528632119,1,0.36138448119163513,-391.2731486353381,42.38830101078954,35493,35493
413,590.9355102322136,1,0.3605998158454895,-390.85034452165877,15.22585323878697,35549,35549
414,600.2163354195425,1,0.36002421379089355,-389.4061686197917,15.896151383717855,35609,35609
415,599.7602498070869,1,0.3595007359981537,-390.6577726665296,28.079135878044262,35666,35666
416,601.2712509075103,1,0.35882583260536194,-391.8685084025065,36.59530188242594,35726,35726
417,603.6669231277662,1,0.35891836881637573,-391.5249233903556,34.19605433529821,35784,35784
418,606.6071933098822,1,0.3581906259059906,-390.639753670528,27.891897267308728,35842,35842
419,591.9427263652206,1,0.3582680821418762,-390.20903962233973,19.942651321148052,35900,35900
420,596.7562507637056,1,0.35844627022743225,-390.8509505699421,15.360565456850775,35958,35958
421,602.3659124549779,1,0.3573686480522156,-390.6048373518319,46.32359635418859,36016,36016
422,601.6813860074695,1,0.35663938522338867,-391.81269887288414,17.785941020647684,36076,36076
423,613.3171222074463,1,0.3555760085582733,-392.2487666689116,18.646836576790644,36134,36134
424,600.7812567393169,1,0.35533660650253296,-391.60272374646416,59.105796830407506,36192,36192
425,602.4807304146785,1,0.3549324870109558,-390.94432206587356,16.951753893765535,36247,36247
426,599.087786642921,1,0.35443753004074097,-391.2636320469743,20.3977766198627,36306,36306
427,595.6448864946292,1,0.3525795340538025,-391.2969572647758,19.615085933519445,36375,36375
428,602.8755450909277,1,0.35216349363327026,-392.353603848544,22.059912213412197,36430,36430
429,613.8856937888336,1,0.3527401387691498,-391.0505777994792,32.89054810373407,36487,36487
430,600.2478603318849,1,0.3516414761543274,-390.7154083251953,25.583070969581605,36547,36547
431,605.7352848077028,1,0.3518657088279724,-390.4755085536412,19.65889344896589,36603,36603
432,605.2701338598325,1,0.3515354096889496,-391.368348802839,24.75231167248317,36659,36659
433,607.4596013217395,1,0.35194131731987,-392.53979159268465,41.1074182250283,36714,36714
434,609.1213450092339,1,0.352761447429657,-394.17163674873217,31.08307044547901,36771,36771
435,607.9192219880048,1,0.3525180518627167,-391.8699269975935,47.411507436207366,36827,36827
436,604.7428935810357,1,0.35278674960136414,-392.0157615260074,17.76443028031734,36884,36884
437,606.4888701894758,1,0.3531487286090851,-393.43937067399946,16.595469006320887,36941,36941
438,611.5339036185537,1,0.3537193834781647,-393.62152765447445,40.22283055565574,36996,36996
439,608.6731066734787,1,0.3543125092983246,-391.66043893914474,70.88569666209973,37053,37053
440,603.9643125044738,1,0.35435521602630615,-393.4050362570244,35.2593843978748,37110,37110
441,601.2099110490408,1,0.35525768995285034,-392.57661056518555,31.511674753257207,37166,37166
442,601.8847724230426,1,0.3539813160896301,-393.7104992475666,23.70666727472524,37227,37227
443,606.6088024212196,1,0.35347700119018555,-392.5262071040639,20.168778645364863,37284,37284
444,611.2985675083253,1,0.3524667024612427,-393.55728465113145,25.777659276436115,37342,37342
445,604.2743948656166,1,0.3521869480609894,-393.3051669034091,14.03680591583252,37397,37397
446,605.3108828617485,1,0.351430207490921,-393.6727167302912,22.653995245153254,37452,37452
447,603.6468752688994,1,0.3511171042919159,-393.91713781524123,40.056178854222885,37509,37509
448,601.5000453300332,1,0.351301908493042,-393.082297261556,45.01047364870707,37569,37569
449,601.8503299435437,1,0.3513306677341461,-393.7563737349077,21.17164843299172,37624,37624
450,602.8374390325691,1,0.3512512743473053,-392.90659768240795,26.072960879121506,37680,37680
451,610.9565930175837,1,0.3514638841152191,-394.51130224157265,30.95813896037914,37734,37734
452,606.6883062767702,1,0.3503747582435608,-393.90731650904604,52.135576248168945,37791,37791
453,602.8934774291416,1,0.35048770904541016,-393.87834603445873,73.51717870576041,37847,37847
454,598.4012577361714,1,0.3503168821334839,-393.2695996514682,19.72584473675695,37905,37905
455,595.9879133621973,1,0.35062411427497864,-394.670108795166,17.97923676456724,37961,37961
456,598.9262005132714,1,0.351056307554245,-392.66428612018456,20.74779336205844,38019,38019
457,604.9757924736371,1,0.35116901993751526,-393.7898265293666,49.102824543203624,38075,38075
458,599.9691046943286,1,0.3509233891963959,-393.3373418535505,17.138801523617335,38131,38131
459,603.208030047865,1,0.3511565029621124,-394.8160699915003,44.79845197112472,38185,38185
460,604.6832794732079,1,0.35097426176071167,-392.49983631480825,23.767669053511185,38240,38240
461,574.8646356070533,1,0.3504851162433624,-394.24112283029865,32.49362419497582,38302,38302
462,596.9239628339658,1,0.3504143953323364,-393.6968871085875,33.21210183635835,38364,38364
463,609.2447989598297,1,0.35049495100975037,-393.55750475431745,27.292797540363512,38421,38421
464,605.557267795012,1,0.35060399770736694,-394.31949778965543,31.08000591823033,38477,38477
465,601.6677060770814,1,0.3500942289829254,-394.4283131190709,19.71700887169157,38533,38533
466,605.5423380756182,1,0.35004812479019165,-394.7745829990932,19.372987508773804,38589,38589
467,601.0627435234493,1,0.3497766852378845,-392.2520430131392,19.78851947784424,38644,38644
468,607.8655643518775,1,0.3491731584072113,-395.35160479629246,42.837714680454184,38701,38701
469,600.8865187417226,1,0.348591148853302,-394.2809389348616,18.078090860132587,38758,38758
470,610.8403378402281,1,0.3482731878757477,-395.1965010209517,33.58236366618763,38813,38813
471,604.5395333692386,1,0.34825199842453003,-393.55152973375823,15.59161131005538,38870,38870
472,599.1966589683442,1,0.3487289845943451,-393.1833340828879,22.045927633318986,38927,38927
473,602.7417291310435,1,0.3488205373287201,-396.0120724269322,13.39044178383691,38983,38983
474,598.9747921231256,1,0.34868380427360535,-395.04609706945587,44.004514710944996,39040,39040
475,603.1216767764115,1,0.3490808606147766,-396.70702335752287,18.675279551538928,39098,39098
476,600.1690271843536,1,0.3486241400241852,-396.50270774147725,36.7160290371288,39153,39153
477,607.4659670247704,1,0.3485923707485199,-395.99542236328125,19.76016260448255,39210,39210
478,603.7317265878311,1,0.34836119413375854,-394.570618220738,33.22460189035961,39266,39266
479,604.0886915474151,1,0.3479871153831482,-395.6988924893466,34.32440793297508,39321,39321
480,607.9727862530043,1,0.34731605648994446,-396.9170432350852,38.71282102411443,39376,39376
481,608.0489173344384,1,0.3469151258468628,-394.52584260085536,19.783586502075195,39434,39434
482,597.1239415795108,1,0.34667786955833435,-395.9648887504966,11.824864048068806,39493,39493
483,600.1303289080062,1,0.3471094071865082,-395.85118646136783,13.957955162403946,39552,39552
484,603.2174799424615,1,0.34649550914764404,-396.22830872616527,23.618021641747426,39611,39611
485,601.8294497669085,1,0.34661296010017395,-395.1487353094693,35.11137283259425,39669,39669
486,602.7077844663049,1,0.3459223508834839,-393.99516321401126,31.882994925389525,39730,39730
487,603.058760328666,1,0.346392959356308,-394.8863155967311,33.68072306482416,39787,39787
488,594.0293370128755,1,0.3466396927833557,-395.9901878227622,69.22630251060097,39846,39846
489,601.409622783572,1,0.34615564346313477,-395.75008245100054,27.387710060989647,39903,39903
490,601.1534667016672,1,0.3455221652984619,-397.2073119027274,53.59510602269854,39959,39959
491,605.8011510443661,1,0.34506726264953613,-394.9381186745384,19.54237408204512,40014,40014
492,609.0289401778698,1,0.3444786071777344,-394.44868525752315,30.33492790328132,40068,40068
493,593.401709878789,1,0.3438419699668884,-397.22630625757677,16.135981781729335,40126,40126
494,607.413680470578,1,0.3431273400783539,-397.30896424410633,22.06269730183116,40183,40183
495,608.6790125273706,1,0.34343355894088745,-396.2495925635622,28.921232725444593,40240,40240
496,599.813890063751,1,0.34262606501579285,-396.4851481119792,49.356144754510176,40297,40297
497,604.1546268518202,1,0.34249037504196167,-396.08751531232866,21.936395979764168,40354,40354
498,607.1261307233605,1,0.34224268794059753,-398.28271056058117,25.163994094781707,40411,40411
499,592.4136877889231,1,0.3415445387363434,-397.4661875942297,24.052060403321917,40468,40468
500,603.4135510920731,1,0.34023383259773254,-396.73028038287987,12.106983752086245,40526,40526
501,604.175512472454,1,0.33896133303642273,-396.69980185372486,17.755620343344553,40582,40582
502,606.2844549287757,1,0.3393099904060364,-395.236948841023,23.17771035320354,40635,40635
503,608.8937242158137,1,0.3391653597354889,-396.05210593894674,27.44210268833019,40689,40689
504,598.3366221890558,1,0.3390198051929474,-396.7666211809431,17.657627505915507,40745,40745
505,609.1685511184985,1,0.3390555679798126,-395.05329867276276,43.14856454675848,40800,40800
506,607.3303164339937,1,0.33923134207725525,-398.0690465654646,40.265999930245535,40856,40856
507,590.3782857604971,1,0.33937230706214905,-397.0304528598128,27.42277293369688,40914,40914
508,597.9443735943664,1,0.34041836857795715,-396.1531693031048,16.452109715034222,40972,40972
509,599.6945608861963,1,0.3402368128299713,-395.956411089216,17.517821839877538,41028,41028
510,603.7259122431934,1,0.3397985100746155,-396.1858793559827,19.32435393751713,41085,41085
511,603.4172032615436,1,0.3402577042579651,-396.73499298095703,20.510173286710465,41141,41141
512,607.9746392175196,1,0.3401908278465271,-395.32552939967104,20.31408667146114,41198,41198
513,597.5069798730091,1,0.33989426493644714,-398.0908497592859,36.041454306819986,41255,41255
514,601.7767590815438,1,0.33923402428627014,-397.71878841005525,18.15525486551482,41313,41313
515,579.447567858211,1,0.3386387825012207,-396.7895487467448,26.165970873832702,41373,41373
516,605.9756584403501,1,0.3388374149799347,-397.32798936631946,27.673630714416504,41427,41427
517,605.53537048474,1,0.3391428291797638,-397.0741122159091,30.028886153481224,41482,41482
518,601.5239818596659,1,0.3384963572025299,-396.5437600654468,20.101577323779726,41539,41539
519,602.2943206433064,1,0.33840784430503845,-396.9073698861258,50.619115012032644,41595,41595
520,604.3354579160732,1,0.33799606561660767,-396.61006136807526,55.121019710193984,41650,41650
521,605.1172019274576,1,0.338601678609848,-395.9269375887784,29.538123590295964,41705,41705
522,594.4437069066178,1,0.3385218381881714,-396.1890504019601,47.199157919202534,41761,41761
523,601.5648944089207,1,0.33769160509109497,-396.80951611749055,38.44141751322253,41819,41819
524,607.7036012478477,1,0.33774662017822266,-396.4592952021846,34.23840800921122,41873,41873
525,606.4758247798407,1,0.3371286392211914,-397.1521028791155,20.315318294933864,41929,41929
526,605.503026654297,1,0.3369007110595703,-396.8596474387429,24.754762389443137,41984,41984
527,607.6319595257924,1,0.3366313576698303,-397.39830599698155,44.016742862354626,42039,42039
528,607.4498565950736,1,0.3366488218307495,-398.0082199364378,15.02531689928289,42096,42096
529,606.5951850717762,1,0.3369136452674866,-397.2984977856017,39.38260694972256,42153,42153
530,601.1975584951713,1,0.3374699652194977,-396.424388744213,18.580038105999982,42207,42207
531,607.2414026887393,1,0.3382057547569275,-398.0594166346959,19.595882543495723,42263,42263
532,607.6061506576609,1,0.33819833397865295,-396.6941588265555,39.08230629137584,42319,42319
533,601.800711999823,1,0.3379840552806854,-397.65388924734935,21.640397199562617,42375,42375
534,608.0387751278704,1,0.33798834681510925,-397.29599325997486,20.011479914188385,42431,42431
535,598.49436172891,1,0.3382558524608612,-398.4953144618443,18.36727726459503,42487,42487
536,600.1391568452354,1,0.3384828269481659,-397.5092826054014,19.17739935578971,42545,42545
537,599.1684113017573,1,0.33859968185424805,-397.65072149979443,12.32836257365712,42602,42602
538,610.633999485926,1,0.3391084372997284,-396.82689830235074,59.23589958463396,42658,42658
539,603.8491996355042,1,0.33940884470939636,-397.48118230646304,15.729073723879727,42713,42713
540,598.7110700910589,1,0.3395640552043915,-397.9032740099677,24.492798270850347,42771,42771
541,609.5826661010854,1,0.3390589654445648,-397.875564010055,43.131476914441144,42825,42825
542,610.6697256340847,1,0.3393650949001312,-398.34438868931363,26.809337292398727,42881,42881
543,611.3133192827937,1,0.3392196297645569,-396.1949252424569,29.30267879880708,42939,42939
544,606.830323148151,1,0.33877530694007874,-397.0585970197405,24.460297184331075,42995,42995
545,597.0251721874631,1,0.3388013243675232,-396.7728458873013,73.6810210964136,43052,43052
546,614.1361933836296,1,0.3383558690547943,-398.9092352730887,27.407262691429683,43108,43108
547,605.0654542163658,1,0.33849814534187317,-399.3357312237775,57.05346150751467,43162,43162
548,594.9435627145717,1,0.33891046047210693,-396.9797135692532,27.283723750356902,43221,43221
549,601.006047447284,1,0.33877041935920715,-398.97463662283764,19.547075578144618,43277,43277
550,608.7595975636834,1,0.3390866816043854,-398.49301313920455,19.496695605191317,43332,43332
551,604.7930637527184,1,0.33914655447006226,-398.64380418208606,19.524503348166483,43389,43389
552,601.7482396823214,1,0.3387066423892975,-399.4517677708676,31.02978297283775,43446,43446
553,600.0628137732085,1,0.3385557234287262,-397.3209041126987,52.23668438928169,43503,43503
554,609.6049926841349,1,0.33861902356147766,-398.41629916104404,20.559988672083076,43558,43558
555,613.299241007368,1,0.33932361006736755,-398.6712375217014,80.34875271055434,43612,43612
556,609.0218719560012,1,0.33956122398376465,-398.5308641706194,22.22503732783454,43668,43668
557,610.9006109179318,1,0.339739590883255,-398.13489102450285,14.034960382634944,43723,43723
558,607.1054742429242,1,0.3402242660522461,-399.0421414462003,13.45872596393932,43778,43778
559,611.0387294724492,1,0.339560329914093,-399.13892336244936,28.46257245982135,43832,43832
560,606.2855143249635,1,0.3395099639892578,-398.27776403594436,28.881393775605318,43889,43889
561,612.5054582761768,1,0.3399101793766022,-398.290980500995,45.36928361316897,43942,43942
562,599.7148566579198,1,0.3398776948451996,-398.7258962857521,15.531728873818608,44001,44001
563,607.1993836913973,1,0.33958038687705994,-398.7289270673479,23.064200341701508,44057,44057
564,599.2730747062817,1,0.3397566080093384,-397.7987076895578,25.864268115588597,44113,44113
565,608.4733612802652,1,0.33931392431259155,-398.8135908647017,12.380820976604115,44168,44168
566,602.825113291536,1,0.3392559885978699,-399.1277127352628,28.969637628035112,44223,44223
567,605.6051347692415,1,0.3395701050758362,-397.98653779206455,13.752068316494977,44277,44277
568,603.0250531828182,1,0.3395751416683197,-399.8848704944957,32.54603857560591,44332,44332
569,604.3232656620999,1,0.3400503098964691,-399.26320811680387,11.660237065383367,44388,44388
570,604.2373320756199,1,0.3398945927619934,-400.07301494053434,32.12583020755223,44444,44444
571,609.028443467356,1,0.3400161862373352,-398.8023709383878,23.69587548862804,44499,44499
572,615.7911840809153,1,0.33950042724609375,-398.96562511516066,16.10572069995808,44552,44552
573,608.1603121783909,1,0.3387722373008728,-399.62891790216617,24.043914222717284,44607,44607
574,602.7862530903335,1,0.3388185203075409,-399.67054981296343,36.13653818227477,44666,44666
575,601.8007815374058,1,0.337877094745636,-396.69409779139926,30.441411912441254,44722,44722
576,587.8331282692872,1,0.33800920844078064,-399.5412235583289,23.41163644952289,44781,44781
577,600.6673363939979,1,0.33800917863845825,-399.363954271589,20.976893884795054,44837,44837
578,603.2957921200191,1,0.33766114711761475,-398.6769612630208,42.29496536431489,44891,44891
579,612.507480044952,1,0.33781710267066956,-399.08145480685766,12.743697970001787,44945,44945
580,610.271678790254,1,0.3378588557243347,-398.8804238059304,33.975670554421164,45000,45000
581,606.2087495849013,1,0.3373229205608368,-397.8640153364702,18.119960637526077,45055,45055
582,608.4254811474478,1,0.3366182744503021,-399.13942228044783,46.32053936379297,45111,45111
583,605.3246979448079,1,0.33610475063323975,-399.7828608921596,55.2004023875509,45167,45167
584,611.341364407637,1,0.3348536193370819,-400.1440773010254,11.274072212832314,45223,45223
585,603.910250755563,1,0.3348652422428131,-398.8849198477609,31.834779935223715,45279,45279
586,606.8991967309379,1,0.33430948853492737,-399.6256986919202,22.574309608392547,45336,45336
587,608.3914163468039,1,0.33379796147346497,-399.2175277183796,43.21008321745642,45394,45394
588,609.9532525241464,1,0.33319395780563354,-398.0311965942383,37.19674340741975,45450,45450
589,611.5898776544693,1,0.33296361565589905,-399.14109024911556,26.613807966124337,45503,45503
590,607.6394833964403,1,0.33256882429122925,-399.3153185163225,11.095433226653508,45559,45559
591,604.5108575524567,1,0.3322141170501709,-398.90973788174716,45.712469803203234,45614,45614
592,608.6049368821825,1,0.3326725661754608,-401.24128101490163,21.604999939600628,45668,45668
593,604.8726129454715,1,0.33239564299583435,-398.3607333096591,20.424857330322265,45723,45723
594,605.7522800053605,1,0.33253931999206543,-400.064167526533,16.83955252845332,45776,45776
595,606.1899591520928,1,0.3328182101249695,-399.8599502275575,14.889493258494252,45829,45829
596,608.1169434892499,1,0.3329150378704071,-398.7886181212308,58.86981748279772,45886,45886
597,606.8214590188111,1,0.3325101435184479,-399.4374395299841,32.1677486454999,45940,45940
598,606.3931240551263,1,0.33290281891822815,-398.96674636314657,18.466841459274292,45998,45998
599,605.4218727197476,1,0.33255842328071594,-398.7677984064276,12.80009825446389,46053,46053
600,603.4150903413467,1,0.33274391293525696,-398.62484854239005,20.449311388863457,46107,46107
601,608.1992135676556,1,0.33269548416137695,-399.6312616521662,49.37567628513683,46162,46162
602,613.583610285646,1,0.3325665593147278,-398.7769493246978,15.4215471789522,46215,46215
603,607.5691158644912,1,0.33258959650993347,-399.7325012207031,21.2541446685791,46270,46270
604,611.6194654215906,1,0.332563579082489,-397.98168493200234,18.767253699126066,46324,46324
605,612.2354252023304,1,0.33249402046203613,-400.31831959315707,18.635866607938492,46380,46380
606,610.2151389915784,1,0.332011878490448,-398.9139769417899,20.74139893906457,46436,46436
607,602.0721042968303,1,0.331506609916687,-399.8621082652699,20.749520809000188,46491,46491
608,612.0394062041407,1,0.3311578929424286,-399.54963711825286,54.321043369986796,46546,46546
609,605.2290885345387,1,0.3316102623939514,-400.20097803186485,45.81982480155097,46600,46600
610,602.8994269073869,1,0.33145764470100403,-399.7948341369629,11.27000972202846,46656,46656
611,609.3973596608225,1,0.3306592106819153,-399.32669122869316,21.677686036716807,46711,46711
612,605.2244710817254,1,0.330618679523468,-400.35280128761576,19.83541356192695,46765,46765
613,604.2929416251835,1,0.33107510209083557,-398.93539592197965,46.774570763111115,46821,46821
614,609.6336474153192,1,0.3313133716583252,-397.8434653542258,20.781519629738547,46876,46876
615,606.3742277826627,1,0.33046627044677734,-400.2123135157994,9.407789502825056,46932,46932
616,600.5533449026921,1,0.33025282621383667,-400.8723564147949,37.82846809285028,46988,46988
617,613.5904734284032,1,0.33027929067611694,-400.2448142722801,19.258463153132684,47042,47042
618,606.678833222732,1,0.3298209011554718,-401.68637891085643,22.726240432487344,47095,47095
619,606.5693098518964,1,0.32971829175949097,-399.5481607689048,106.2065908414013,47148,47148
620,602.6416147360865,1,0.32966548204421997,-398.8769620028409,38.922348672693424,47203,47203
621,604.6072762330201,1,0.3301420211791992,-398.500514589507,24.62212945675028,47261,47261
622,605.7839032260207,1,0.32952597737312317,-398.88685259902684,28.611878068823565,47318,47318
623,610.9278114718747,1,0.3296317458152771,-399.6743698120117,15.635166023458753,47374,47374
624,577.2888487399639,1,0.32977035641670227,-398.5536632537842,31.507573701441288,47438,47438
625,605.2411502990185,1,0.328911155462265,-399.678017356179,63.63070847337896,47493,47493
626,590.2082906494238,1,0.3287079632282257,-399.1241175764698,60.47434058835951,47552,47552
627,562.1942138777024,1,0.3283480703830719,-399.5971040725708,12.967713080346584,47616,47616
628,606.9834357086353,1,0.32805493474006653,-399.8012128557478,28.60954463481903,47672,47672
629,606.6801275724599,1,0.32842862606048584,-399.39548746744794,32.10770003000895,47726,47726
630,601.6371595881086,1,0.32781708240509033,-399.79109807600054,32.52870260205185,47783,47783
631,602.159839019841,1,0.32726621627807617,-399.00389015891335,35.87478029077703,47838,47838
632,606.3820059577655,1,0.3271964192390442,-400.28376715523854,11.653902862753187,47894,47894
633,589.5044318186087,1,0.32671457529067993,-398.5080508528085,35.12572845097246,47952,47952
634,606.8367877937197,1,0.32593151926994324,-398.54702704293385,29.620036840438843,48008,48008
635,606.952390686018,1,0.3257017731666565,-400.00514026988634,43.958051256699996,48063,48063
636,598.9909610164907,1,0.32471340894699097,-400.0766476222447,57.974595044340404,48119,48119
637,604.9717621525181,1,0.32483991980552673,-399.286064564098,21.021728454936635,48174,48174
638,605.7244199699056,1,0.32465124130249023,-400.5645972357856,27.140770731148898,48228,48228
639,604.186064442036,1,0.32452860474586487,-398.517899689851,33.098164602562235,48282,48282
640,610.0106486027322,1,0.32443562150001526,-399.5478636543706,25.615751842282855,48335,48335
641,609.2011793539834,1,0.324362188577652,-399.447343049226,22.442226498215287,48389,48389
642,596.0485209596986,1,0.3249688446521759,-398.27428770901867,22.831025449853193,48446,48446
643,607.3470241644261,1,0.3251926004886627,-399.47239685058594,18.558124003586947,48500,48500
644,606.1889767471372,1,0.324984073638916,-399.7269507514106,18.941241008264047,48554,48554
645,604.891330292084,1,0.3246661126613617,-398.5747675115412,24.101700210571288,48609,48609
646,601.9988740081676,1,0.3244401216506958,-399.36607619951354,29.8400735675164,48662,48662
647,606.54954779432,1,0.32461151480674744,-399.0409632268942,15.5663807437105,48715,48715
648,606.7753826012741,1,0.32470494508743286,-399.8399763627486,23.336680503325027,48770,48770
649,610.6258483544011,1,0.32482004165649414,-399.2777205033736,55.92284753972834,48825,48825
650,608.8848950079687,1,0.3253065049648285,-398.5595331365412,41.322493934631346,48880,48880
651,611.7763809838766,1,0.32494211196899414,-398.90918513706754,46.06391859906061,48936,48936
652,599.1656617316639,1,0.32505494356155396,-399.62859180995395,20.01742103270122,48992,48992
653,606.2359036831231,1,0.3251382112503052,-399.44024658203125,8.799843664522525,49046,49046
654,609.3634185985453,1,0.32470622658729553,-400.0360729289505,24.285496347355394,49099,49099
655,603.7501546126714,1,0.3244045376777649,-399.61865724836076,31.600442541497095,49155,49155
656,605.9045507381647,1,0.324493944644928,-399.4850985440341,24.880858447334983,49210,49210
657,598.0828508317293,1,0.3241918087005615,-400.1775675455729,44.37001381317774,49270,49270
658,606.9849301215961,1,0.32364988327026367,-399.7870315025593,38.38126811487921,49328,49328
659,609.1962864820795,1,0.3227837383747101,-399.6506121600116,13.040393476132992,49382,49382
660,601.4660669687065,1,0.3226596415042877,-399.73849376331674,30.43260500647805,49437,49437
661,611.6200578493709,1,0.3225783705711365,-399.3644132260923,26.109987400196218,49491,49491
662,614.1201601450271,1,0.3222828209400177,-398.18053565835055,6.844797413304167,49544,49544
663,544.3783443658817,1,0.32212403416633606,-398.9930810928345,21.254135940223932,49608,49608
664,607.3581246332756,1,0.32195842266082764,-398.8382929021662,41.96799855665727,49663,49663
665,614.2793992732999,1,0.3214336335659027,-397.96823508522726,71.80204501585527,49718,49718
666,596.4765335496983,1,0.32115501165390015,-400.64221246892754,9.098120594024659,49773,49773
667,612.8882692507793,1,0.3200574815273285,-399.69772227894174,10.094111308184537,49828,49828
668,610.6653813082373,1,0.32008638978004456,-398.7726768637603,30.618764022611224,49881,49881
669,605.0239223958158,1,0.319611132144928,-401.4886796133859,11.337957211903163,49937,49937
670,599.8687611206881,1,0.3191058933734894,-399.22938189590184,55.39924092041819,49994,49994
671,605.6019951521191,1,0.3187589943408966,-398.25347900390625,28.352592450601083,50048,50048
672,604.6804889389549,1,0.31907427310943604,-399.34151869553784,17.034369285290058,50100,50100
673,604.8321358297561,1,0.3192286193370819,-400.1090307403029,10.32760665291234,50157,50157
674,608.1129696219417,1,0.3193012773990631,-398.5141793710214,17.255445012339838,50211,50211
675,605.4231358167908,1,0.31897851824760437,-399.8456938607352,31.429998346737452,50267,50267
676,609.8181845719447,1,0.31889352202415466,-400.1484907670455,30.183134278384124,50322,50322
677,605.7409456207703,1,0.3183463215827942,-399.8606495250355,33.84509436000477,50377,50377
678,605.8177123019311,1,0.3180363178253174,-399.8103161192777,38.07713140939411,50434,50434
679,607.0052016077676,1,0.31775328516960144,-397.8342024369673,31.36879501776262,50489,50489
680,608.4478210311875,1,0.3174396753311157,-398.56898781105326,50.46545359381923,50543,50543
681,602.5905909807667,1,0.3175562024116516,-399.7335510253906,30.83682068188985,50597,50597
682,607.1717374783772,1,0.3168551027774811,-399.3791415127841,48.74674401716752,50652,50652
683,600.804831748702,1,0.31662416458129883,-399.5603954387161,24.427840223852193,50705,50705
684,606.9924683141079,1,0.3164807856082916,-399.85350175337356,22.75309768156572,50760,50760
685,611.6431125793114,1,0.31692853569984436,-398.1468811035156,18.551657160123188,50814,50814
686,611.7107542861861,1,0.31646397709846497,-398.5966452858665,23.945284579016946,50869,50869
687,607.8977984070451,1,0.31575506925582886,-399.7151805530895,25.018629975752397,50924,50924
688,615.2893081710931,1,0.3162723779678345,-399.3292513246889,27.005601905010366,50978,50978
689,604.143776996826,1,0.31638768315315247,-399.43951362476014,16.598425333960016,51035,51035
690,610.3199906519674,1,0.31642958521842957,-398.3272744637948,22.6580592835391,51089,51089
691,601.3350645046269,1,0.31674420833587646,-399.53045233364764,76.36162993825715,51147,51147
692,611.8230102153786,1,0.3167380690574646,-399.7144583242911,8.627995287930524,51201,51201
693,607.232195002255,1,0.31663599610328674,-398.55203134042245,74.2555236198284,51255,51255
694,602.0256078713312,1,0.31668752431869507,-399.0142053876604,15.170363264424461,51311,51311
695,602.4238931281963,1,0.3172130584716797,-397.80301864058885,34.544934590657554,51365,51365
696,611.5368223684773,1,0.31723880767822266,-398.4206881436435,10.985093558918345,51420,51420
697,609.4010938769454,1,0.31764304637908936,-398.9386464244914,9.501848391766819,51473,51473
698,602.1558671220203,1,0.31805625557899475,-398.4499020046658,18.421148622477496,51527,51527
699,601.099152373258,1,0.3184621036052704,-399.3232360839844,41.87407839948481,51582,51582
700,615.7518937577013,1,0.31805622577667236,-398.7740420935289,21.053152669150876,51635,51635
701,593.2347787973778,1,0.318075954914093,-398.93110522889253,23.710996803484466,51692,51692
702,612.2752621327692,1,0.318226158618927,-399.6967894356206,43.377435387305496,51745,51745
703,603.9611429539542,1,0.3177065849304199,-399.4364393803111,16.366014104140433,51802,51802
704,610.4315394210755,1,0.3177664875984192,-397.6804057933666,33.43876325201105,51856,51856
705,606.9597888268604,1,0.31829598546028137,-398.8874302616826,26.07865756529349,51910,51910
706,611.1494930653447,1,0.31820443272590637,-399.45539606267755,13.1236009424383,51965,51965
707,610.2078090547253,1,0.3179054856300354,-398.4660860928622,26.778493794527922,52020,52020
708,609.2928189862573,1,0.318419873714447,-398.11040683962267,12.251104098445964,52073,52073
709,606.3295712759026,1,0.31802478432655334,-398.5988447709517,9.198043684525924,52128,52128
710,607.4029175749645,1,0.3178134262561798,-397.62234108664774,13.52591694051569,52183,52183
711,603.9680494872479,1,0.31703922152519226,-398.8951673005757,27.871813949785736,52240,52240
712,614.4891937078594,1,0.3172377645969391,-398.6597825536188,20.667073200333792,52293,52293
713,607.4945432527444,1,0.3173660933971405,-397.27057675962095,62.445486536732425,52347,52347
714,609.5990637113293,1,0.3167586922645569,-398.013185773577,18.286690090383804,52403,52403
715,599.4254749654085,1,0.31682902574539185,-398.1823334870515,10.103705211921975,52457,52457
716,612.775489026721,1,0.31664666533470154,-398.333258734809,39.15573472446866,52511,52511
717,603.577055231856,1,0.3163663148880005,-397.9001081986861,29.840199249440975,52566,52566
718,611.8395047522774,1,0.3163148760795593,-398.66741367556017,39.940194530307124,52619,52619
719,602.3587094575579,1,0.31583747267723083,-399.5331244217722,63.743106641267474,52676,52676
720,607.7717308168649,1,0.3156624138355255,-398.22069757634944,42.322269985892554,52731,52731
721,610.9328474997017,1,0.3155463635921478,-398.3668212890625,14.532687863436612,52786,52786
722,602.3967767170305,1,0.31526264548301697,-399.18531962803434,46.63761786052159,52842,52842
723,602.5150182757666,1,0.3154572546482086,-397.3281032017299,16.422424090760096,52898,52898
724,609.1454282488223,1,0.31560683250427246,-398.18782923771784,20.431152692207924,52950,52950
725,603.4552264375033,1,0.31590721011161804,-399.15872628348217,35.2773562669754,53006,53006
726,606.5714728603565,1,0.316393107175827,-397.9411683259187,34.59361385857618,53060,53060
727,603.8277435177398,1,0.31589287519454956,-397.1731001420454,31.62353360869668,53115,53115
728,593.5793957589038,1,0.31604525446891785,-398.0717757088797,51.16682002799852,53171,53171
729,611.3329143154449,1,0.31601929664611816,-397.0876436586733,73.43146429238496,53225,53225
730,607.4323185827446,1,0.3160790801048279,-397.6753789728338,17.003137800910256,53280,53280
731,607.9540923441552,1,0.31646522879600525,-397.70842470441545,24.090486935206822,53336,53336
732,607.4497461519097,1,0.3165713846683502,-398.14103529188367,41.14569915224005,53390,53390
733,610.585306281462,1,0.316620409488678,-397.6715548533314,44.01992232394668,53443,53443
734,603.3600184954493,1,0.31676581501960754,-399.0608929225377,25.378631387438094,53499,53499
735,612.2773871757236,1,0.31690293550491333,-397.87890279517984,8.264427225544768,53552,53552
736,598.8207731686657,1,0.31671586632728577,-398.9199318721377,47.96567044586971,53610,53610
737,602.1726869327823,1,0.31647270917892456,-397.3221987004866,63.67887815676237,53667,53667
738,612.0275320458853,1,0.3167932629585266,-398.7405598958333,26.402851700782776,53721,53721
739,596.344592026257,1,0.31710007786750793,-398.6797180175781,41.48842754446227,53779,53779
740,603.1593276987969,1,0.3169795870780945,-398.05818967466,48.37902479260056,53833,53833
741,607.328190079898,1,0.3174891173839569,-398.3728502061632,21.775622328122456,53887,53887
742,607.0759850251654,1,0.3172931373119354,-398.4788302334872,26.013351353732023,53942,53942
743,611.1481712475422,1,0.31678423285484314,-397.4513486466318,22.600602154461843,53995,53995
744,615.7067253880166,1,0.31710925698280334,-399.1992112645563,19.634834321040028,54048,54048
745,609.2883644581814,1,0.3166690766811371,-397.74550053111295,24.262164304130955,54105,54105
746,606.3752810234578,1,0.3168816566467285,-396.16351826985675,27.648245158018888,54159,54159
747,609.6854079792785,1,0.3165692985057831,-397.6054117454673,23.238769882130175,54212,54212
748,608.4039114802424,1,0.3169935345649719,-398.4966735839844,17.82842246541437,54265,54265
749,565.7161386730847,1,0.31600621342658997,-397.3579537527902,20.30218806720915,54328,54328
750,608.7316994361926,1,0.3159081041812897,-397.7525702582465,22.672875784061574,54382,54382
751,603.2830296633953,1,0.31614625453948975,-398.3904914855957,43.78118482657841,54438,54438
752,609.6186915940361,1,0.3161076307296753,-396.6162489405218,51.24384568772226,54491,54491
753,608.6942164375934,1,0.3162330090999603,-399.00020232024013,23.45587494638231,54545,54545
754,607.6526526383244,1,0.31652817130088806,-396.8277881969105,55.86945155317133,54600,54600
755,614.6960821176083,1,0.3159393072128296,-396.5497096135066,31.376710314017075,54652,54652
756,602.8648062024351,1,0.3157025873661041,-398.5765880237926,18.746790781888095,54707,54707
757,605.5399621246904,1,0.3161548972129822,-396.58199734157984,43.19557400544485,54761,54761
758,603.5949715874588,1,0.3163297176361084,-398.91488813920455,15.660447111996737,54816,54816
759,607.3400650227188,1,0.31600508093833923,-397.7271598533348,8.662961849459895,54870,54870
760,600.4653294642103,1,0.31555312871932983,-398.0245734905374,55.316326461989306,54928,54928
761,609.4164636367949,1,0.3154025077819824,-397.95499766956675,38.93641624884172,54983,54983
762,607.2089389218966,1,0.31481701135635376,-398.1606880470558,14.842527120201677,55037,55037
763,613.3083065444739,1,0.31476855278015137,-397.8159163041548,27.712522276965053,55092,55092
764,607.043960948214,1,0.3148442506790161,-397.8201882498605,21.33900210261345,55148,55148
765,604.9223429770727,1,0.31516483426094055,-396.8110133579799,37.348725880895344,55204,55204
766,612.4793768339796,1,0.3151191174983978,-396.7321285671658,62.72600871545297,55258,55258
767,614.5039485909373,1,0.31526726484298706,-397.3976655183015,11.16585479842292,55312,55312
768,607.3667050548177,1,0.3151460289955139,-397.7805597478693,24.367543094808404,55367,55367
769,609.0269493496745,1,0.31542298197746277,-396.70561708722795,47.417557371514185,55423,55423
770,609.9297047933912,1,0.31572234630584717,-398.4412225896662,41.78514785333113,55478,55478
771,603.8129136876984,1,0.3152225911617279,-397.2045559969815,10.284878227927468,55533,55533
772,606.0871079749852,1,0.31583330035209656,-396.8875155978733,23.157542824745178,55587,55587
773,607.7319668062778,1,0.3158946633338928,-396.55499933416195,51.31531297943809,55642,55642
774,606.3471133092138,1,0.31571000814437866,-395.82759121008087,74.0908143102077,55699,55699
775,600.5957068271364,1,0.3158414959907532,-396.579112461635,31.70515696491514,55755,55755
776,609.5978728512225,1,0.31567850708961487,-397.58528511479216,31.05081816889205,55808,55808
777,593.1740624539366,1,0.31599825620651245,-397.7415907723563,49.09076150400298,55864,55864
778,599.5381138663771,1,0.3157503008842468,-398.0727361505682,27.9373693856326,55919,55919
779,611.5445618466712,1,0.3156573474407196,-397.17930489999276,18.911070850160385,55973,55973
780,604.9839196978569,1,0.31553196907043457,-398.36180223737443,30.00547715170043,56029,56029
781,598.4925647495405,1,0.31524237990379333,-397.61051262749567,22.92741819222768,56083,56083
782,608.0981291076595,1,0.3146727681159973,-397.16355387369794,26.125627840006793,56137,56137
783,609.5401771822574,1,0.31453102827072144,-397.71922302246094,44.68189138836331,56191,56191
784,612.1430343549083,1,0.31427791714668274,-398.1445283156175,22.04165795674691,56243,56243
785,605.8651703066148,1,0.31487974524497986,-397.20069376627606,21.99347960507428,56297,56297
786,611.0313182949872,1,0.31500470638275146,-398.40956864790485,38.46216131557118,56352,56352
787,613.6865335751587,1,0.3148530423641205,-397.3840947931463,87.97592853199352,56407,56407
788,602.1071246412014,1,0.3152908384799957,-397.5406364158348,61.741341281820226,56461,56461
789,600.7812761930637,1,0.3147779405117035,-397.36617170061385,8.710704688514982,56517,56517
790,611.117084583299,1,0.31482574343681335,-397.52315990741437,34.11212609822933,56569,56569
791,607.4807079654813,1,0.3148404061794281,-397.1901063185472,23.197824987081383,56621,56621
792,610.2882240228284,1,0.31511595845222473,-398.05133747604657,49.809306230185165,56674,56674
793,612.2395120451805,1,0.3142670691013336,-397.2560939082393,46.51282959514194,56728,56728
794,612.6058752064127,1,0.3137889504432678,-396.7792524371231,24.224751715074504,56785,56785
795,615.4854598707733,1,0.3137890100479126,-397.0450903085562,62.08124572955645,56837,56837
796,612.7694148083926,1,0.31350821256637573,-397.92763791765486,22.26587783438819,56893,56893
797,601.9243364886557,1,0.31304892897605896,-396.5173863002232,9.921937201704297,56949,56949
798,609.7875888212826,1,0.3139438331127167,-396.67184337269174,20.27861084938049,57004,57004
799,606.2517303014139,1,0.3135727643966675,-396.9514304421165,22.9874539418654,57059,57059
800,601.564468631186,1,0.3131570518016815,-396.1368028071889,23.59371981704444,57116,57116
801,607.4867280045185,1,0.3128085434436798,-397.3691377992983,36.54535314330348,57170,57170
802,609.526529074246,1,0.3137938380241394,-395.0360107421875,33.886746848713265,57225,57225
803,609.2707891141449,1,0.3142475187778473,-398.81434936523436,66.86386068084023,57280,57280
804,607.0117184297328,1,0.31497931480407715,-396.2044796413845,34.77389019506949,57334,57334
805,602.4101024122305,1,0.315094918012619,-398.4843172940341,33.7193780855699,57389,57389
806,603.1290324044908,1,0.3153773248195648,-395.9405134721236,42.52953373735601,57444,57444
807,607.4843335598875,1,0.3158412575721741,-397.4554214477539,57.62277733821135,57496,57496
808,606.7498677179028,1,0.31559184193611145,-397.98842163085936,40.084564902565695,57551,57551
809,605.4198372069802,1,0.3163236081600189,-397.44383587753566,22.803595521993806,57608,57608
810,611.1504933510265,1,0.31636103987693787,-397.010986328125,36.22611514871771,57663,57663
811,607.3042413575128,1,0.31643545627593994,-396.79520509954085,25.543270985285442,57720,57720
812,609.7386748330663,1,0.31639811396598816,-397.29394650926776,26.584520802778357,57771,57771
813,604.1293047224864,1,0.31549710035324097,-396.4247103604403,24.72233785282482,57826,57826
814,611.5913471560518,1,0.3152155578136444,-396.980712890625,27.989749422940342,57881,57881
815,606.425185297822,1,0.31521984934806824,-397.273026642976,41.792962193489075,57935,57935
816,605.5573456597145,1,0.3156448304653168,-396.4168035333807,30.062819372523915,57990,57990
817,607.463811646759,1,0.31524473428726196,-396.554438273112,22.442141232667147,58044,58044
818,607.7394237536213,1,0.315392404794693,-396.42957899305554,14.417544704896432,58098,58098
819,606.3151488520841,1,0.3153541684150696,-395.99466507523147,33.903437543798375,58152,58152
820,606.8446225291812,1,0.316011905670166,-395.60090037754605,23.324597064937866,58208,58208
821,595.5649090581427,1,0.3158353269100189,-396.2328660147531,32.493343838623595,58264,58264
822,608.0544305083927,1,0.3160100281238556,-395.7795322124775,49.159751956279464,58316,58316
823,589.5861829030915,1,0.31614258885383606,-397.81589762369794,22.568028186496935,58373,58373
824,604.9841526983374,1,0.31572696566581726,-395.4388229935258,15.995801342858208,58427,58427
825,615.4159433780394,1,0.31557178497314453,-395.9605234973836,30.9024325811638,58480,58480
826,610.657177945596,1,0.31516435742378235,-396.8394556585348,34.46668838554958,58533,58533
827,605.75851808618,1,0.3152928054332733,-396.6864578812211,15.454062104225159,58587,58587
828,607.6533657425176,1,0.31513556838035583,-395.1575200861151,15.252742372859608,58642,58642
829,607.4708514667441,1,0.3149648606777191,-397.4674247459129,56.81205865630397,58696,58696
830,600.1699969368186,1,0.3147853910923004,-396.7042509933998,51.23580119116553,58754,58754
831,604.1701594050421,1,0.3146888315677643,-397.29667098433885,26.760162110681886,58808,58808
832,606.0497340811071,1,0.3147036135196686,-396.4014431935436,6.2043875163456175,58861,58861
833,606.8147979774496,1,0.3149673044681549,-394.8616316361861,42.495169058713046,58916,58916
834,611.635805335929,1,0.31455594301223755,-395.33679853166853,29.052748688629695,58972,58972
835,609.0803415272633,1,0.314453125,-395.8811730278863,18.911704849313807,59026,59026
836,604.61190149131,1,0.3140847980976105,-396.28800753889413,25.95470823912785,59084,59084
837,611.0180150723867,1,0.3143109977245331,-396.0015676992911,27.92754030227661,59138,59138
838,609.4797301571922,1,0.3140832185745239,-397.274242259838,36.207456407723605,59192,59192
839,607.436305215836,1,0.3142412602901459,-395.58449582700376,47.575420860890986,59246,59246
840,609.7176662351208,1,0.3145240843296051,-396.8160354326356,26.930346749863535,59299,59299
841,602.9736864340479,1,0.31427648663520813,-396.9905789462003,17.717250355807217,59354,59354
842,610.6218344611825,1,0.314037561416626,-394.6331351951317,40.59885784873256,59408,59408
843,610.7272386570388,1,0.3138466477394104,-395.6194333676939,28.977876936947858,59462,59462
844,608.9499442313053,1,0.3141975700855255,-395.8238876630675,38.54184557356924,59515,59515
845,603.2776412223961,1,0.31422626972198486,-396.2212341308594,23.1778460112485,59570,59570
846,610.7433081878426,1,0.3138197660446167,-395.0766238806383,19.4608287226479,59623,59623
847,611.2691322983354,1,0.3140777349472046,-396.7332271999783,14.174483378728231,59677,59677
848,605.8678955192092,1,0.3142301142215729,-395.8621605767144,34.49243416168071,59731,59731
849,605.4844888018246,1,0.3147646486759186,-396.0014493172629,30.17032187445122,59788,59788
850,611.9372695004168,1,0.3140982687473297,-395.03779660738434,53.601624901478104,59840,59840
851,606.0091825328869,1,0.3139245808124542,-396.09549449573865,42.29786731113087,59895,59895
852,607.321696251304,1,0.3143276274204254,-396.65709884078416,28.223606286225497,59949,59949
853,613.3062326669913,1,0.3140111267566681,-394.6421170321378,42.55906072096391,60004,60004
854,609.1890612241502,1,0.3141006529331207,-394.9397813329157,71.93517836984599,60057,60057
855,610.6658441926891,1,0.3140026330947876,-395.60729435511996,16.931973576545715,60113,60113
856,607.7365899926596,1,0.31407418847084045,-395.87461996978186,44.201226005014384,60166,60166
857,587.405760840911,1,0.3139961361885071,-396.13424366918105,41.96277185555162,60224,60224
858,609.5639101225786,1,0.3137311637401581,-395.4816589355469,22.17615415465157,60277,60277
859,611.0119812629395,1,0.31397828459739685,-396.5603109087263,21.80804665173803,60333,60333
860,610.5185040807366,1,0.3140736520290375,-395.2743180708452,64.43901316902854,60388,60388
861,600.0610937976323,1,0.31461912393569946,-396.3628171524912,35.120714097652794,60441,60441
862,614.9319228427839,1,0.3138136863708496,-395.8030875877098,33.42621080080668,60495,60495
863,610.961880499929,1,0.31352514028549194,-394.349370320638,46.368933955828346,60549,60549
864,607.7109193692801,1,0.31321775913238525,-395.14720858060394,7.4908202932431145,60601,60601
865,608.1407565629427,1,0.3126750588417053,-394.27975736345564,46.420420246464865,60657,60657
866,603.611195803513,1,0.31289777159690857,-395.270008632115,17.726450702973775,60713,60713
867,609.2943041658797,1,0.3127397298812866,-393.481947988834,44.7916864719031,60766,60766
868,610.8571632769305,1,0.3127640187740326,-394.73851157134436,60.80017939603554,60819,60819
869,605.8096122699744,1,0.3120279908180237,-394.29116015164357,29.361450163823253,60872,60872
870,603.9189469386251,1,0.31194162368774414,-394.1245761447483,51.899637465123774,60926,60926
871,614.5959485250489,1,0.3111759126186371,-394.6141651081589,39.65388986749469,60979,60979
872,605.8661189539246,1,0.31109923124313354,-396.3054582075639,61.69165404493158,61034,61034
873,610.7761719130142,1,0.31132006645202637,-395.8668644743146,23.149224830123615,61087,61087
874,613.992139469925,1,0.31180596351623535,-395.53992942527486,31.48051679134369,61141,61141
875,604.6157972045744,1,0.31147852540016174,-394.89746629146106,15.974779200135616,61198,61198
876,609.7065902574443,1,0.3113827705383301,-394.4014719837117,44.66537329835712,61251,61251
877,609.4659831278893,1,0.3112717866897583,-394.5539527749116,35.054410133721696,61304,61304
878,611.7531458588577,1,0.311424195766449,-395.4497426350911,17.874607545358163,61358,61358
879,601.4924334529293,1,0.3111000955104828,-394.45026143391925,48.683549059761894,61412,61412
880,604.6360522158496,1,0.3114708364009857,-395.93781817400895,36.77007854867865,61466,61466
881,614.2529416884354,1,0.311640202999115,-394.5233917236328,27.064164079152622,61518,61518
882,600.0049691062618,1,0.31191879510879517,-393.77750820583765,49.85485851323163,61572,61572
883,609.4592245232017,1,0.31242287158966064,-394.52348799272016,51.62968262759122,61627,61627
884,605.3702313735632,1,0.31260228157043457,-395.2271140769676,35.044334199693466,61681,61681
885,613.8178393276091,1,0.3122435510158539,-394.65943769975144,41.51246392943642,61736,61736
886,609.8688331313497,1,0.3117649555206299,-394.87543542044506,33.795327982732225,61792,61792
887,608.540235582613,1,0.3117605149745941,-393.6209030151367,111.25940536535703,61844,61844
888,610.1943359274718,1,0.3124001920223236,-394.8900673606179,24.944422232020987,61899,61899
889,607.2656365313308,1,0.3133945167064667,-394.0846552068537,28.066369074041194,61954,61954
890,609.486692861834,1,0.314583957195282,-395.57545554421165,41.651022221825336,62009,62009
891,611.5472356806416,1,0.31426018476486206,-394.10653032575334,44.35156787293298,62065,62065
892,616.2959556104448,1,0.31457120180130005,-394.32867719542304,17.81669492541619,62118,62118
893,611.2262080582248,1,0.31469231843948364,-396.0333733809622,19.300714522077325,62175,62175
894,606.4883203490645,1,0.31517425179481506,-395.01950418724203,36.57095269437106,62228,62228
895,605.8306194218545,1,0.3160010874271393,-393.9366472352226,27.918431475477398,62281,62281
896,601.8686462721512,1,0.3159150779247284,-395.9404124866832,31.731076205860486,62336,62336
897,611.8757921096221,1,0.316002756357193,-394.31391454626015,6.259241576547976,62390,62390
898,613.8057221914817,1,0.3157990276813507,-396.68739059736146,23.57966910218293,62443,62443
899,607.7342918989618,1,0.31570595502853394,-394.7950252956814,28.98777703444163,62497,62497
900,606.4026365949934,1,0.3155551254749298,-394.943672318892,45.42666264880787,62552,62552
901,606.3803534524122,1,0.31577345728874207,-395.68267246462267,36.53404008667424,62605,62605
902,613.0994821914705,1,0.315742552280426,-394.825439453125,57.108432177986415,62661,62661
903,606.4019779969882,1,0.3159908652305603,-395.4480251736111,12.725827910281994,62715,62715
904,598.7595601182109,1,0.3161950409412384,-396.15660677823155,39.78218158375133,62770,62770
905,605.7476519148099,1,0.31618165969848633,-394.3826812168337,34.22531826990955,62823,62823
906,604.0517143183273,1,0.3163098692893982,-395.16242491524173,19.48540397859969,62876,62876
907,608.2093182825844,1,0.3156728446483612,-395.5995433460582,29.004775662855668,62931,62931
908,612.304194454521,1,0.31496089696884155,-394.12968105740015,38.29328223511025,62985,62985
909,605.2728523769114,1,0.3152138590812683,-394.9357976740057,54.1096933148124,63040,63040
910,605.2401462568065,1,0.3153077960014343,-395.71601032760907,25.981095979798514,63093,63093
911,606.3082120210187,1,0.315378338098526,-397.0457821252211,24.866100225808484,63146,63146
912,609.7242787612131,1,0.3149508833885193,-394.55064974698155,20.884219806844538,63201,63201
913,605.0508313566822,1,0.31507304310798645,-395.3070017496745,16.543316624782705,63255,63255
914,609.5609523234212,1,0.3156305253505707,-395.60467529296875,19.175773694298485,63310,63310
915,608.424261174614,1,0.31570422649383545,-396.38766083893955,35.750757566204776,63364,63364
916,609.1727118696436,1,0.3155423700809479,-395.8196366743608,31.933692394603383,63419,63419
917,608.3603004093876,1,0.31582456827163696,-397.19304628725405,18.16171526025843,63473,63473
918,606.6834405053456,1,0.31589430570602417,-394.77785866477274,22.38430850722573,63528,63528
919,601.2837039176283,1,0.315980464220047,-394.27880205426897,15.571942691292081,63584,63584
920,606.3260713724625,1,0.31595638394355774,-393.37982412484973,36.560840065662674,63636,63636
921,610.1486876973127,1,0.31565964221954346,-394.10906982421875,15.257581675494158,63690,63690
922,602.8321108071259,1,0.31542152166366577,-395.27831486293246,43.894254859004704,63746,63746
923,599.1665223556745,1,0.3155359625816345,-393.62366125718603,23.28815218187728,63799,63799
924,609.1035146176162,1,0.31540119647979736,-393.2181752522786,36.02141304810842,63853,63853
925,607.1141480573051,1,0.3146691918373108,-393.66840209960935,22.35038915980946,63908,63908
926,602.0071067416661,1,0.3143649101257324,-395.5779363458807,14.856995699622415,63963,63963
927,603.9319393565409,1,0.31394192576408386,-393.77046175870026,57.43323965939609,64018,64018
928,609.8221608057748,1,0.31380778551101685,-394.22971847822083,30.39418784177528,64071,64071
929,609.2002292155058,1,0.3136059045791626,-394.36924882368606,23.098660763827237,64126,64126
930,605.3352610592164,1,0.31404605507850647,-394.9178379603795,54.5722665148122,64182,64182
931,608.1730759830966,1,0.31442421674728394,-394.9218940015109,31.654734660994333,64235,64235
932,601.8975886229452,1,0.314987450838089,-394.51379055447046,22.067623456319172,64289,64289
933,609.3749943931206,1,0.3148770332336426,-394.77048117897726,52.77481797391718,64344,64344
934,604.5878584799491,1,0.31514865159988403,-393.65352689302887,25.30972810433461,64396,64396
935,606.5686601678468,1,0.31555822491645813,-395.6306227198187,17.23045861945962,64449,64449
936,602.2618950026024,1,0.3150993287563324,-393.8461788722447,14.250266024044581,64505,64505
937,608.890739708861,1,0.3142411708831787,-392.6359286838108,47.06984805177759,64559,64559
938,592.8408633770401,1,0.3140389025211334,-395.5433943314986,41.427295277335425,64614,64614
939,603.5094318630306,1,0.31367361545562744,-394.4129083806818,18.81047810641202,64669,64669
940,610.2251405634347,1,0.3134644627571106,-393.91063647000294,15.439877537061584,64722,64722
941,601.0003947314284,1,0.31337082386016846,-396.22361133716726,30.063071939680313,64776,64776
942,609.6523326165521,1,0.3134610056877136,-396.2622369836878,35.18724927195796,64830,64830
943,606.9128124161307,1,0.3136585056781769,-396.0983794590212,26.324908760358703,64883,64883
944,605.9576176483968,1,0.3140612244606018,-393.48471235795455,17.263675186850808,64938,64938
945,604.9171719861066,1,0.3140745162963867,-393.8266584288399,41.839203398182704,64991,64991
946,607.7810539821043,1,0.31415098905563354,-395.52008805184994,36.1828086646098,65044,65044
947,608.1883522103572,1,0.31435033679008484,-394.8643341064453,50.447559648089936,65098,65098
948,612.8289330180393,1,0.3140905201435089,-395.5531017596905,48.615448034726654,65150,65150
949,609.6022143555696,1,0.3141545057296753,-394.0183357825646,24.469795094086574,65202,65202
950,605.4734250885509,1,0.3142227828502655,-394.75784640842016,30.27147282494439,65256,65256
951,613.5794488266558,1,0.31386011838912964,-393.9821394486861,12.210293717817827,65311,65311
952,611.1886707858202,1,0.3140973448753357,-393.5175114384404,35.72583012227659,65365,65365
953,607.9401981019611,1,0.31425267457962036,-396.58121544974193,15.619181164673396,65421,65421
954,614.0001946890297,1,0.31396642327308655,-393.08866825810185,53.537786139382256,65475,65475
955,606.0086411350862,1,0.3128974139690399,-395.01670728410994,44.99928315622466,65531,65531
956,608.1384071319205,1,0.312814861536026,-394.9476968270761,16.08130917284224,65585,65585
957,609.7757514186005,1,0.3123086094856262,-393.703964510831,33.89666833010587,65640,65640
958,601.6281347709746,1,0.31203383207321167,-392.7380037127801,24.127368940497345,65693,65693
959,608.7649818409333,1,0.31208643317222595,-395.20651533018867,30.25325005009489,65746,65746
960,608.6435466908313,1,0.31149616837501526,-393.82197543057526,53.16265749064359,65801,65801
961,606.3586009713954,1,0.31178978085517883,-393.1457308682528,25.929628992080687,65856,65856
962,608.6693149434698,1,0.3112161159515381,-392.6521295720881,43.63655820326372,65911,65911
963,605.6649584559184,1,0.31131142377853394,-395.0197926647258,19.488097555232496,65964,65964
964,607.5115147423273,1,0.31198424100875854,-393.9132266574436,36.296065118577744,66018,66018
965,612.1081227936155,1,0.31200382113456726,-395.0735260585569,55.01487597429527,66071,66071
966,605.6802256452704,1,0.3124356269836426,-393.1641903283461,24.754852888719093,66124,66124
967,605.1286532747765,1,0.3121943771839142,-394.941706243551,15.016424462480366,66177,66177
968,608.5195955807196,1,0.31213369965553284,-393.923896928267,25.63021301356229,66232,66232
969,610.2003096482263,1,0.31251248717308044,-392.8706588745117,15.396583965191475,66284,66284
970,611.0469709847961,1,0.31309083104133606,-393.4170268132136,30.153533027722286,66336,66336
971,608.5292481019163,1,0.31302693486213684,-391.7072864879261,23.19098379395225,66391,66391
972,607.2234645669523,1,0.31320545077323914,-395.94073486328125,19.306068627922624,66445,66445
973,609.1097195571124,1,0.3140665292739868,-393.305791126598,33.50356603102251,66500,66500
974,604.3262472426456,1,0.3145212233066559,-395.4305253462358,12.760902287743308,66555,66555
975,608.2540306463292,1,0.31439706683158875,-394.3691313607352,15.029255287987846,66611,66611
976,614.0051004319561,1,0.31433477997779846,-393.7073104293258,22.41760884832453,66665,66665
977,609.342582871091,1,0.3140546679496765,-394.8466397372159,37.289268641038376,66720,66720
978,604.48775990475,1,0.31511715054512024,-392.8509679723669,29.74666514661577,66774,66774
979,606.4395929940457,1,0.3164006173610687,-394.5809370561079,13.107525864514438,66829,66829
980,604.2402180665326,1,0.3160076439380646,-395.78143310546875,25.183411951418275,66883,66883
981,611.1370598483356,1,0.3154880404472351,-393.6150665283203,28.875678230215,66937,66937
982,605.9802394315413,1,0.3160759508609772,-395.42242258899614,8.75423100309552,66990,66990
983,610.5225128551391,1,0.31651434302330017,-392.3146439985795,50.37311879504811,67045,67045
984,607.2497583294574,1,0.316153883934021,-395.2066500681751,57.212839391996276,67098,67098
985,601.8656530755915,1,0.3159051835536957,-394.25688284414787,43.13229731718699,67152,67152
986,605.8309164699363,1,0.31558898091316223,-394.3150335241247,26.73597918616401,67206,67206
987,615.4859215219134,1,0.3157323896884918,-392.9182374243643,42.81803895912918,67257,67257
988,603.8272715600318,1,0.3158732056617737,-393.8808217729841,28.039429481540406,67313,67313
989,605.8500299838047,1,0.3164466619491577,-395.14792104867786,5.523394199518057,67365,67365
990,607.5552192764922,1,0.3160911798477173,-393.49990517752514,69.10703931961741,67421,67421
991,606.3934365194849,1,0.31614354252815247,-394.2190016260687,36.51639593772168,67474,67474
992,609.3813577801026,1,0.31629234552383423,-392.4947588885272,27.830490368383902,67528,67528
993,609.2592529555595,1,0.3161635398864746,-394.85809156629773,13.368449175799334,67582,67582
994,602.8012518895114,1,0.31600117683410645,-394.249155872273,43.43428682831099,67635,67635
995,605.5731047177214,1,0.3163034915924072,-394.95715275517216,53.39034902166437,67689,67689
996,610.0642169284017,1,0.3154773414134979,-395.24707685198103,24.76280562366758,67745,67745
997,606.4829579854851,1,0.31582650542259216,-393.19241502549914,40.17204638322195,67799,67799
998,603.9655050101646,1,0.3148629367351532,-393.9307098388672,14.477781626913282,67853,67853
999,604.9490772684255,1,0.3151977062225342,-393.1939392089844,19.458539416573263,67908,67908
1000,609.9880035244196,1,0.31527242064476013,-392.8774108886719,15.385585037561563,67960,67960
1001,606.4594662457989,1,0.3158556818962097,-394.918584095348,29.87453989115628,68015,68015
1002,602.7902752628706,1,0.31618741154670715,-394.1796637641059,34.86627314708851,68069,68069
1003,613.9218706944775,1,0.3166014850139618,-394.9815224387429,29.60689902305603,68124,68124
1004,607.5959147648116,1,0.3160511255264282,-393.61059796368636,35.52205487533852,68178,68178
1005,610.4504135707691,1,0.31657326221466064,-394.7620888449929,32.434539794921875,68233,68233
1006,611.27560713297,1,0.31634122133255005,-393.72475744176796,24.233262419700623,68287,68287
1007,602.4898199331818,1,0.3162550926208496,-394.3414673981843,17.43946701950497,68341,68341
1008,609.5325038675318,1,0.3164518475532532,-394.91108731356536,44.913856051184915,68396,68396
1009,606.9716928990249,1,0.31636568903923035,-394.78221808539496,48.72079387859062,68450,68450
1010,614.155946470769,1,0.3169754445552826,-394.1591428360849,23.050936568458127,68503,68503
1011,606.0931463107021,1,0.3169204592704773,-392.3829306862571,27.639299700476908,68558,68558
1012,609.6925930307162,1,0.316594660282135,-394.56751006504277,27.183872348857374,68611,68611
1013,613.4637890391056,1,0.3167356252670288,-393.55582851833765,44.380778423062075,68665,68665
1014,606.1911973857083,1,0.3162708580493927,-394.71466855649595,31.672800218617475,68719,68719
1015,602.5607632854626,1,0.3161136507987976,-394.9154711271587,51.143117457105404,68776,68776
1016,604.8143808187258,1,0.316339910030365,-394.2813155562789,13.452159029466134,68830,68830
1017,605.1810228413345,1,0.31619128584861755,-394.2476269757306,20.979545372503775,68884,68884
1018,609.6728891714599,1,0.31576648354530334,-392.5702819824219,43.75409069601095,68937,68937
1019,609.1361773452902,1,0.315182089805603,-393.7455094770952,22.987617913159458,68992,68992
1020,607.1145936110884,1,0.31590840220451355,-394.4010976155599,28.87545410792033,69046,69046
1021,607.4809195559083,1,0.31663841009140015,-392.84466783055717,22.169794748414237,69099,69099
1022,608.5044664791502,1,0.3169962763786316,-393.9456581809304,39.12816068042408,69154,69154
1023,605.2875651916286,1,0.31763291358947754,-395.0227401168258,40.77635697082237,69208,69208
1024,606.3835522789278,1,0.3177027106285095,-393.4697254322193,32.72080432927167,69262,69262
1025,608.937605679698,1,0.31787389516830444,-394.9344787597656,50.52238434773904,69316,69316
1026,608.8953457483663,1,0.31804874539375305,-393.6938591723172,29.673541217480064,69369,69369
1027,611.7859851894293,1,0.3176098167896271,-393.28897433810766,42.63952781977477,69423,69423
1028,606.8873933174365,1,0.318200945854187,-394.47551602450284,27.341662034121427,69478,69478
1029,606.7105970654786,1,0.3182905614376068,-393.64114540501646,44.78079960639017,69535,69535
1030,605.8050236994147,1,0.3182997405529022,-396.6194333676939,24.410197196183383,69589,69589
1031,604.2124154407654,1,0.3179195821285248,-393.6492857756438,32.65540232040264,69643,69643
1032,607.3930678888858,1,0.31798622012138367,-393.9441592876728,57.67301722214772,69695,69695
1033,608.7203224127646,1,0.3186538517475128,-394.67843973411703,41.449756185963466,69748,69748
1034,606.9142766161051,1,0.3181670606136322,-394.1040851048061,15.429807990789413,69804,69804
1035,607.9955631786322,1,0.318556547164917,-394.2643976384943,23.883770270781085,69859,69859
1036,610.0275750496472,1,0.31830456852912903,-395.34439029333726,18.784704703205037,69912,69912
1037,611.931125977808,1,0.318301796913147,-395.1682367498224,17.084480502388693,69967,69967
1038,604.065756345012,1,0.31916338205337524,-393.9602378562645,31.920500137187815,70021,70021
1039,605.1135279489595,1,0.31935063004493713,-393.6112787420099,30.99868414618752,70076,70076
1040,604.2567312497057,1,0.3193417489528656,-394.1591131036932,25.196545713598077,70131,70131
1041,613.6256457901752,1,0.3192574083805084,-392.943420955113,5.280872864382608,70187,70187
1042,606.6665530170403,1,0.319201797246933,-393.34504671963776,32.26959929466248,70242,70242
1043,612.6404407594342,1,0.3196292519569397,-395.68847430193864,26.946525564900153,70296,70296
1044,604.1494907722032,1,0.31995949149131775,-394.07366773817273,21.153643347598887,70350,70350
1045,599.6335485922293,1,0.32009315490722656,-394.0173673276548,30.51151117572078,70404,70404
1046,609.0104490608476,1,0.3198452889919281,-394.1342414722108,23.749512574128936,70461,70461
1047,613.6888243983734,1,0.3195779621601105,-395.3194813121449,10.954297174106944,70516,70516
1048,611.4443109147452,1,0.3193787634372711,-394.9545514142072,44.87202977251123,70570,70570
1049,605.2330776429347,1,0.3195778727531433,-394.32153209339486,17.640053749084473,70625,70625
1050,608.0800899051277,1,0.3197488486766815,-395.9960304542824,12.704669660992092,70679,70679
1051,607.2688382094383,1,0.319471538066864,-393.18284801136366,8.622429739345204,70734,70734
1052,597.7686292671019,1,0.3194344639778137,-394.6466924493963,21.20820444280451,70789,70789
1053,607.902475720737,1,0.31971684098243713,-394.4669624611183,35.800182863518046,70843,70843
1054,603.4745189476623,1,0.31948864459991455,-394.1101531982422,23.0300315788814,70899,70899
1055,607.2677030795404,1,0.31939035654067993,-394.9506299054181,25.343226578500534,70953,70953
1056,607.5289508181779,1,0.31907379627227783,-394.99177689985794,18.033467769622803,71008,71008
1057,609.058229824926,1,0.31867682933807373,-393.56303211558946,5.13187854940241,71063,71063
1058,606.6017640160368,1,0.3189202547073364,-393.42641002727004,37.08776514935044,71116,71116
1059,606.9086550850611,1,0.31897246837615967,-394.64102717808316,17.635086391653335,71172,71172
1060,607.7777475630108,1,0.3192436993122101,-395.44780572855245,7.654023575332929,71225,71225
1061,609.1708477874153,1,0.3199174702167511,-395.9420753761574,23.181059576846934,71279,71279
1062,611.1743545233988,1,0.3202485740184784,-393.5417302911932,22.568895695426246,71334,71334
1063,596.9809383678584,1,0.3207319378852844,-397.61618750435963,12.74402237364224,71390,71390
1064,609.6066205344097,1,0.3205200433731079,-393.8559395118996,11.252499920350534,71444,71444
1065,611.1259255199658,1,0.32088497281074524,-393.77218288845484,12.828211122088963,71498,71498
1066,610.6238901483483,1,0.32101970911026,-394.0859375,15.281445009367806,71554,71554
1067,602.7703448584501,1,0.32079797983169556,-393.61879239763533,25.25116569229535,71610,71610
1068,610.7206198917163,1,0.3209638297557831,-395.6950902399027,35.95481922041695,71663,71663
1069,604.6452481533029,1,0.32085299491882324,-394.9881157508263,54.94530277068798,71715,71715
1070,606.1773833192381,1,0.3209875524044037,-394.27278972121906,30.77132939842512,71768,71768
1071,600.848296097329,1,0.3210327923297882,-394.8801766854745,15.810875243610806,71822,71822
1072,608.3026542476,1,0.3208346366882324,-394.5740172188237,10.842490259206519,71875,71875
1073,606.2716816636636,1,0.3203561007976532,-393.7859790943287,22.785798721843296,71929,71929
1074,605.2290983498376,1,0.3196870684623718,-392.890644420277,29.835658303174107,71984,71984
1075,604.6219625364984,1,0.31937164068222046,-394.0112609863281,30.9260636212533,72041,72041
1076,612.3155326407428,1,0.3190198540687561,-394.98613202130355,18.06484645825845,72095,72095
1077,613.8567365476928,1,0.31985682249069214,-395.5913143517836,8.954058305272516,72148,72148
1078,596.0698159794765,1,0.320010244846344,-394.4925299750434,14.527987073968958,72202,72202
1079,609.290316120992,1,0.32040926814079285,-396.91901245117185,31.334341235594316,72257,72257
1080,610.1119819701057,1,0.3203479051589966,-394.4329596625434,40.02858511165336,72311,72311
1081,600.7425462023072,1,0.3204626441001892,-393.54150333044663,42.3049224682574,72364,72364
1082,611.8952504109511,1,0.3207532465457916,-394.98240172188235,15.000402405576885,72417,72417
1083,606.4875017761435,1,0.32129034399986267,-395.19076764142073,17.882081451239408,72471,72471
1084,613.1772657851759,1,0.32165953516960144,-395.0043461637677,46.16455478938121,72524,72524
1085,610.8625345661617,1,0.3216071128845215,-394.6396840413411,45.69287417111573,72578,72578
1086,604.973868082239,1,0.32110366225242615,-393.86413306520694,22.809664370720846,72635,72635
1087,608.147171744745,1,0.3213571012020111,-394.326953125,18.024978087165138,72690,72690
1088,602.6601704302885,1,0.32089897990226746,-395.6974470658736,13.58650818304582,72745,72745
1089,601.7717396042547,1,0.32099950313568115,-396.45245034354076,45.46462142467499,72801,72801
1090,607.0494474657702,1,0.3204887807369232,-394.4596931889372,23.08900298262542,72854,72854
1091,605.7719462685095,1,0.320890873670578,-395.38305211950234,14.791057502781904,72908,72908
1092,610.9513033223102,1,0.321214884519577,-394.8084541603371,15.773076498949969,72962,72962
1093,604.9727950943168,1,0.32123351097106934,-393.4762330231843,34.13054174405557,73016,73016
1094,609.6297231965909,1,0.3206987977027893,-395.37890964084204,19.12728765275743,73070,73070
1095,601.225807278042,1,0.32069167494773865,-394.50538907732283,29.088656978947775,73126,73126
1096,611.2760098592089,1,0.32038000226020813,-394.5900573730469,20.63789110617204,73181,73181
1097,607.2615886415418,1,0.32097330689430237,-394.6781420437795,37.325717719096055,73234,73234
1098,610.9643939379378,1,0.32122358679771423,-393.7134540264423,36.536401345179634,73286,73286
1099,594.4104835952231,1,0.32140764594078064,-393.82101004464283,7.768734114510672,73342,73342
1100,612.4778224301448,1,0.32174527645111084,-394.8898739284939,30.598848541577656,73396,73396
1101,599.483634456319,1,0.32175958156585693,-395.8070791739005,21.547362817658318,73450,73450
1102,604.9145821592256,1,0.3224133849143982,-395.0018005371094,51.974564007035006,73504,73504
1103,607.8493261596537,1,0.3223724365234375,-394.5274675477226,22.235812083730156,73557,73557
1104,606.7680798950616,1,0.3221708834171295,-394.75408359743517,21.713683992061974,73610,73610
1105,605.118722771615,1,0.321966290473938,-395.6760711669922,17.69663785563575,73664,73664
1106,610.8395078499275,1,0.3215400278568268,-395.76390219634436,12.176132296616176,73717,73717
1107,608.3727817404492,1,0.3215098977088928,-396.1959239818432,17.59276845720079,73771,73771
1108,608.329120217976,1,0.3214717507362366,-395.63063212803434,13.274705416389875,73827,73827
1109,608.0463208887682,1,0.32154381275177,-395.71367730034723,26.46681851369363,73881,73881
1110,611.8953491087332,1,0.3214170038700104,-394.6741874262972,11.353634195507697,73934,73934
1111,606.7098434791886,1,0.3214839994907379,-395.1686612215909,50.06200888807123,73989,73989
1112,610.4169919961805,1,0.32112371921539307,-395.1554012658461,28.50407612098838,74042,74042
1113,604.7074379268798,1,0.3208853304386139,-394.1126045093202,27.09405483279312,74099,74099
1114,606.0897869182404,1,0.32056182622909546,-394.5031122278284,31.275221400790745,74153,74153
1115,604.4693633711955,1,0.32061639428138733,-395.10713611949575,24.541199480403552,74208,74208
1116,612.10339799837,1,0.3206857144832611,-396.49489147258254,31.12967151965735,74261,74261
1117,604.2802722033084,1,0.3214539885520935,-394.9716067843967,8.838027278582254,74315,74315
1118,610.1953847320093,1,0.32139676809310913,-396.1165869370946,19.532968318687296,74368,74368
1119,608.0461074884157,1,0.32129329442977905,-394.8887317585495,26.777571957066375,74421,74421
1120,606.3169148304622,1,0.3215964138507843,-393.1154294695173,23.075962215662003,74477,74477
1121,612.1608363100139,1,0.32121962308883667,-394.7331215187355,18.19037839659938,74531,74531
1122,608.208406447429,1,0.3214259445667267,-393.6764065724499,38.74753543116012,74584,74584
1123,609.7185083451291,1,0.32165268063545227,-395.7210205078125,13.78354753147472,74639,74639
1124,608.6435291218613,1,0.3217652440071106,-396.84009317251355,48.33213027165486,74691,74691
1125,609.1184064943698,1,0.32179442048072815,-395.10673924496297,57.6920114400094,74748,74748
1126,603.6848283814362,1,0.32141292095184326,-394.21634892054965,5.7943123281002045,74804,74804
1127,603.4845615680272,1,0.32064372301101685,-395.0488857693142,36.573180944831286,74858,74858
1128,608.8620833204706,1,0.3209826350212097,-394.6421428176592,24.37269917973932,74911,74911
1129,607.7602485599698,1,0.32106509804725647,-394.81554158528644,31.63918873557338,74965,74965
1130,602.8489036900487,1,0.32024356722831726,-394.4590589735243,34.28319847583771,75019,75019
1131,610.3637426254029,1,0.32063350081443787,-397.20492158112705,41.63378707126335,75073,75073
1132,614.5945589918967,1,0.32120388746261597,-395.9206174454599,33.466615982775416,75126,75126
1133,611.279915542248,1,0.320881187915802,-396.948089023806,18.89895050030834,75179,75179
1134,608.3677355208661,1,0.3206588327884674,-396.2947587446733,21.439885460246693,75234,75234
1135,609.9885735536318,1,0.32100459933280945,-394.942301997432,7.188173369125083,75288,75288
1136,614.0204421820154,1,0.3209971785545349,-396.56111907958984,6.130388690875127,75340,75340
1137,604.6036591170539,1,0.3218032717704773,-394.17509403935185,11.994708361449065,75394,75394
1138,607.0606477673491,1,0.32136818766593933,-395.197265625,15.083332203052661,75448,75448
1139,606.3735080992276,1,0.32112616300582886,-395.9192700655955,14.487391026514882,75501,75501
1140,607.4827589525412,1,0.32159674167633057,-396.688301225142,57.90110582438382,75556,75556
1141,609.2530153195052,1,0.3216192424297333,-396.74642096625433,26.15816550784641,75610,75610
1142,605.0534928689893,1,0.3214413523674011,-395.40747669764926,23.585267863103322,75666,75666
1143,608.7314911439175,1,0.3215658962726593,-395.7055756191038,22.23099704958358,75719,75719
1144,614.2421211370302,1,0.32099682092666626,-397.0553629173423,29.244439997763003,75772,75772
1145,605.5690501878128,1,0.32076263427734375,-395.4710043447989,9.57006742336132,75826,75826
1146,609.7746206570575,1,0.32118383049964905,-396.6324934525923,26.88756180676547,75881,75881
1147,607.1819005520226,1,0.3212112784385681,-395.0367194281684,22.830534127023483,75935,75935
1148,611.6688268749358,1,0.32072362303733826,-396.37140570746527,13.244952453507317,75989,75989
1149,606.0223303263574,1,0.320875883102417,-395.52966082537614,50.63117304554692,76043,76043
1150,608.094613156171,1,0.3212013244628906,-395.0653836232311,10.298336119022009,76096,76096
1151,607.164317792623,1,0.321169376373291,-395.91908968411957,26.702805619973404,76148,76148
1152,607.2596471917228,1,0.3214595317840576,-395.906513560902,31.00536234595559,76203,76203
1153,611.3441174366376,1,0.3214994966983795,-397.1179302863355,27.082183280081118,76256,76256
1154,610.5745623867464,1,0.3216017484664917,-395.5002541175255,27.330146321883568,76308,76308
1155,610.1752719849344,1,0.32139459252357483,-395.10322966399013,36.56557799710168,76362,76362
1156,606.4955409140159,1,0.32149744033813477,-394.5576657895689,22.529791646533543,76416,76416
1157,600.2598583864161,1,0.3210698068141937,-395.6126814408736,15.278918426687067,76471,76471
1158,607.7516989355029,1,0.3208082914352417,-396.8804016113281,22.073629649180287,76524,76524
1159,606.2955201727546,1,0.3204478323459625,-396.36929598721593,44.31556945714084,76579,76579
1160,610.5183917249024,1,0.3201752305030823,-398.1605437656618,21.364634882729007,76632,76632
1161,607.2772543309154,1,0.32047876715660095,-395.80506758256394,12.003208710930565,76687,76687
1162,602.9769905423982,1,0.3201913833618164,-397.06068115234376,19.755374067479913,76742,76742
1163,608.3340062328305,1,0.3199577331542969,-396.2815367500737,19.554025611787473,76795,76795
1164,604.9721086013379,1,0.3199465572834015,-394.8277765447443,18.77960943742232,76850,76850
1165,607.9245961901245,1,0.3201528489589691,-396.92782253689234,46.38143864384404,76904,76904
1166,601.1889189749259,1,0.319920152425766,-395.9526586699904,10.824740895053797,76961,76961
1167,598.7301478602604,1,0.32056307792663574,-395.7282890037254,42.60904233543961,77015,77015
1168,603.6268567618197,1,0.32021886110305786,-394.07734516688754,12.521470180579595,77071,77071
1169,607.0636134535929,1,0.32021868228912354,-396.8755898215554,30.373863302577625,77126,77126
1170,605.914897916492,1,0.32074329257011414,-395.2553988370028,40.69798807664351,77181,77181
1171,607.5589424919325,1,0.32108619809150696,-396.7633977716619,37.40738329453902,77236,77236
1172,617.9489844508845,1,0.3214278221130371,-395.92464740459735,45.422852451984696,77288,77288
1173,611.5072388717305,1,0.32088038325309753,-396.9681037768983,30.381431717621652,77345,77345
1174,605.4559088360252,1,0.32074156403541565,-396.51099964488634,18.382563786073163,77400,77400
1175,605.8633476857694,1,0.3202802240848541,-397.50902012416293,23.64485631244523,77456,77456
1176,616.9802623910646,1,0.3198288679122925,-398.29203134212855,7.741688089550666,77509,77509
1177,606.0173057190316,1,0.3198734521865845,-396.43641468394884,11.093350943652066,77564,77564
1178,605.6523788404378,1,0.3192537724971771,-397.782158314098,23.675665283203124,77619,77619
1179,606.3708682167837,1,0.3194631338119507,-395.6002971507885,7.518743307502182,77673,77673
1180,613.8347655209361,1,0.31945571303367615,-397.415878573331,40.76391351439736,77728,77728
1181,612.8949264406674,1,0.3196036219596863,-396.7214666402565,24.27088914727265,77781,77781
1182,607.5379429513894,1,0.3191487491130829,-395.3031097987913,27.169675584109324,77834,77834
1183,605.4022113780534,1,0.31942448019981384,-396.74172919137135,11.458479170288358,77890,77890
1184,609.4078177886768,1,0.3199731111526489,-398.64927673339844,18.449267126046696,77942,77942
1185,611.0596058513377,1,0.3198916018009186,-398.4205898068986,19.831038047682565,77995,77995
1186,607.764138662388,1,0.32017818093299866,-395.8578801935369,6.595865258303555,78050,78050
1187,607.8067152789038,1,0.32007071375846863,-395.49467694317855,24.03580528276938,78104,78104
1188,610.1929523239714,1,0.32021963596343994,-396.1061268199574,16.965773153305054,78159,78159
1189,606.7940814163194,1,0.3201712965965271,-395.5044405955189,21.586871462048226,78212,78212
1190,612.8064693229545,1,0.3205658793449402,-394.72525896344865,56.17419744389398,78268,78268
1191,604.0694472522667,1,0.3203851878643036,-395.9886002974077,12.038133118369363,78323,78323
1192,614.7444970602721,1,0.32022231817245483,-398.40770128038196,14.7966671122445,78377,78377
1193,614.7177088019298,1,0.31988146901130676,-397.18503824869794,29.889755937788223,78431,78431
1194,601.5605315000998,1,0.3200003504753113,-398.398086270419,7.913673643632369,78486,78486
1195,610.8713459612297,1,0.32016703486442566,-398.0634579128689,9.728834253770334,78540,78540
1196,605.880812554878,1,0.3195626735687256,-395.1266513400608,23.501316251578153,78594,78594
1197,599.6294891158753,1,0.3195088803768158,-397.467314564098,15.320860156145963,78649,78649
1198,610.0046739915622,1,0.3196231424808502,-397.4906164098669,14.376549862049243,78703,78703
1199,606.2344407876636,1,0.31949326395988464,-394.7870016997715,22.423028725498128,78756,78756
1200,609.5363614273117,1,0.31924623250961304,-398.01101575578963,19.824971784438407,78812,78812
1201,596.7232494309998,1,0.3194267153739929,-398.4475887843541,19.37578425237111,78868,78868
1202,601.2814233786655,1,0.3194185197353363,-396.3590001520121,14.849241126258418,78921,78921
1203,605.4630079363682,1,0.3192891776561737,-397.4048548284567,26.514573232182915,78974,78974
1204,610.9203273410673,1,0.319318562746048,-396.08544469762734,25.75020327391448,79028,79028
1205,607.4769374789444,1,0.31956925988197327,-396.6458644160518,55.21150213921511,79082,79082
1206,611.1749120788554,1,0.31955087184906006,-396.77040849165485,22.35327364097942,79137,79137
1207,606.3651875746637,1,0.3200456500053406,-397.7475139476635,42.49319716294607,79191,79191
1208,609.6849826786253,1,0.31967443227767944,-399.11193904170284,27.80590699337147,79245,79245
1209,608.942683814396,1,0.3187704086303711,-397.26353648792616,44.210376414385706,79300,79300
1210,604.982433558275,1,0.3190346360206604,-399.8116040499705,11.46515469731025,79353,79353
1211,613.2630664215769,1,0.3186339735984802,-397.9339122425426,40.325280198183926,79408,79408
1212,600.0339200214257,1,0.31824249029159546,-398.86441927823154,39.32044964270158,79463,79463
1213,613.4945833053956,1,0.3184840977191925,-396.8642352068866,38.18864009998463,79517,79517
1214,610.0221597880341,1,0.3184957504272461,-397.3643671209162,21.697982055490666,79572,79572
1215,610.9296841873777,1,0.31861454248428345,-397.5463767418495,28.08002423781615,79624,79624
1216,615.634409443253,1,0.318781316280365,-397.86260410524767,16.613370670462555,79677,79677
1217,609.4443393847362,1,0.31847140192985535,-397.3901533647017,11.122282739119097,79732,79732
1218,607.7105757866701,1,0.31866762042045593,-397.9185961209811,24.22352904539842,79784,79784
1219,608.4888703352059,1,0.3191101551055908,-398.1396184747869,51.669585691798815,79839,79839
1220,611.978590533761,1,0.31876304745674133,-398.2587036132812,27.753777690367265,79894,79894
1221,607.1598753679685,1,0.31821638345718384,-398.5819880647479,30.720397103507565,79947,79947
1222,612.8833870376855,1,0.3181002736091614,-397.851978443287,7.145212716526455,80001,80001
1223,608.0013394777741,1,0.318230003118515,-398.84085193980826,26.345801093361594,80056,80056
1224,605.3451288540891,1,0.3183097839355469,-398.03281882957174,6.920695393173783,80110,80110
1225,607.5768002953889,1,0.31852442026138306,-397.0909226029008,21.475628561443752,80164,80164
1226,610.3615770237509,1,0.3194555938243866,-399.33412874661957,17.98135783122136,80216,80216
1227,607.1228443573312,1,0.31973814964294434,-398.3566694993239,20.567884885347805,80268,80268
1228,614.6147086491544,1,0.3200298249721527,-398.93204791729266,21.821477935864376,80320,80320
1229,606.6091898819589,1,0.31964629888534546,-397.29712635387074,9.679672462289984,80375,80375
1230,609.6024416645683,1,0.3192591071128845,-399.28095104076243,12.446011715465122,80429,80429
1231,604.4629707272513,1,0.319376677274704,-400.5893774199904,8.540918781046281,80486,80486
1232,614.3734145163457,1,0.3193885385990143,-396.74467072663487,38.29319149918027,80540,80540
1233,608.6956651044055,1,0.3193105459213257,-398.78356212269176,14.320664847980845,80595,80595
1234,608.7063403089447,1,0.3191702663898468,-397.991209242079,21.150859898991055,80649,80649
1235,609.837187301583,1,0.31882011890411377,-397.06179521668633,11.153644566266042,80702,80702
1236,610.8545457396608,1,0.3195258378982544,-398.9297041982975,12.482351294103658,80755,80755
1237,610.6408204564357,1,0.31947341561317444,-398.5155312278054,16.66255460652438,80810,80810
1238,612.2519578019057,1,0.31929531693458557,-399.31059754569577,22.366277600234408,80863,80863
1239,609.8051614714411,1,0.31955191493034363,-398.2027746347281,14.289216811840351,80915,80915
1240,606.4731018768905,1,0.31947061419487,-397.95924207899304,22.562719804269296,80969,80969
1241,606.8928019557725,1,0.31939685344696045,-397.7807861328125,11.602520446343856,81024,81024
1242,612.6214361294177,1,0.31941846013069153,-397.6415007969118,14.058115932176698,81077,81077
1243,611.1505582370323,1,0.3190610408782959,-399.3962505885533,15.464172061000552,81133,81133
1244,611.8259107973608,1,0.3196985721588135,-398.2479072853371,47.71559393405914,81187,81187
1245,609.2125810116088,1,0.31952497363090515,-399.37073847932635,8.152515613807822,81240,81240
1246,613.9050969383763,1,0.31933358311653137,-398.6346063787287,4.437676659497348,81295,81295
1247,606.3234401932851,1,0.3193909227848053,-398.2609436035156,24.39715701450001,81350,81350
1248,611.6595571660179,1,0.31951600313186646,-398.5039797182436,25.233542457774835,81404,81404
1249,613.8750861051087,1,0.3187672793865204,-399.92454039375735,5.95658179049222,81457,81457
1250,608.8059991133081,1,0.31956326961517334,-397.8623375525841,23.877428219868587,81509,81509
1251,609.9212785045108,1,0.31914418935775757,-399.1593373616536,70.34249190710209,81563,81563
1252,605.4350897248521,1,0.3187136948108673,-398.32679912022184,9.14730103101049,81619,81619
1253,604.7876594760387,1,0.3185081481933594,-399.942607532848,24.520867187326605,81674,81674
1254,609.2886348501834,1,0.3186834454536438,-399.3012148299307,18.759811221428638,81727,81727
1255,608.3638614373182,1,0.3193318545818329,-399.3592734703651,35.57806589053227,81779,81779
1256,607.5592242161902,1,0.31906813383102417,-398.7871329829378,27.357483346507234,81832,81832
1257,606.8732260478228,1,0.31910932064056396,-398.1972437444723,14.16100788116455,81885,81885
1258,608.5834352389862,1,0.31884491443634033,-396.6094055175781,52.82374798334562,81937,81937
1259,609.9915684369936,1,0.3185398578643799,-400.37819017682756,16.42716913350991,81993,81993
1260,610.1318219135048,1,0.31841668486595154,-397.43683822066697,6.679884469067609,82047,82047
1261,610.1332134051372,1,0.318332701921463,-399.6022440592448,15.13888986905416,82101,82101
1262,606.8925397429014,1,0.31885260343551636,-399.7644135611398,17.166394812720164,82157,82157
1263,613.8993903308644,1,0.3185325562953949,-399.55935946377843,42.651115981015295,82212,82212
1264,607.6404307920052,1,0.3188357949256897,-399.0964788263494,24.58861413868991,82267,82267
1265,613.3750351591367,1,0.3186117112636566,-399.20573397549714,18.52054382237521,82322,82322
1266,611.8963977652306,1,0.3187344968318939,-399.022711859809,42.9734988256737,82376,82376
1267,609.6002066296229,1,0.3180015981197357,-400.3229686809036,13.905763931994167,82429,82429
1268,610.4517694561953,1,0.31834086775779724,-400.5408390590123,4.090939634612629,82485,82485
1269,609.3658667032563,1,0.31876257061958313,-399.8357368751808,34.52169199343081,82539,82539
1270,609.6478377864698,1,0.31928569078445435,-400.9831911482901,11.173009508060959,82592,82592
1271,610.0509839249663,1,0.3197459876537323,-399.7946699662642,7.168976974487305,82647,82647
1272,605.1346173138119,1,0.3197040855884552,-399.1819666812294,10.968844564337479,82704,82704
1273,603.087763888978,1,0.31958118081092834,-400.60930579049244,16.9152504333428,82760,82760
1274,611.546511462537,1,0.3197461664676666,-397.49233274106626,16.869670152664185,82814,82814
1275,604.7114310979393,1,0.3193652927875519,-398.37425740559894,27.178326734790094,82868,82868
1276,591.3215380537832,1,0.31934165954589844,-398.31385508754795,9.659377654393515,82925,82925
1277,609.5295875016086,1,0.3199939727783203,-400.6535139817458,12.411876125977589,82977,82977
1278,603.1500509725595,1,0.3202292025089264,-398.2941747594763,15.21649517836394,83031,83031
1279,609.4009540158114,1,0.3198539614677429,-399.213895977668,20.7138563641962,83084,83084
1280,610.0017125879983,1,0.3199946880340576,-400.638309772198,27.117497485417587,83136,83136
1281,609.5015278013504,1,0.31990447640419006,-400.5953053065709,42.338947364262175,83192,83192
1282,601.9227034307771,1,0.3193606734275818,-401.0659634572155,54.05666352218052,83245,83245
1283,606.6253582293593,1,0.3185173571109772,-398.2847928647642,9.348956474551448,83299,83299
1284,578.7087597955782,1,0.3187867999076843,-399.4347523656385,11.381630478234127,83357,83357
1285,612.2920650123394,1,0.3193047046661377,-401.24756295340404,9.598584143178803,83413,83413
1286,608.1696142822277,1,0.31949201226234436,-399.7784537521063,8.62379224393882,83464,83464
1287,600.9128016167888,1,0.31915298104286194,-399.24907559481534,48.10969223542647,83519,83519
1288,612.0208327668045,1,0.31990325450897217,-400.5686786358173,29.958429698760693,83571,83571
1289,607.712358051746,1,0.31988683342933655,-400.9918736049107,9.206268059355873,83627,83627
1290,614.2881530505877,1,0.319415807723999,-399.0855496493253,34.288024724613535,83682,83682
1291,613.1781236664895,1,0.3196062743663788,-398.81737935767984,9.617586491242895,83735,83735
1292,606.7238333645467,1,0.31927260756492615,-399.6934699292453,13.814327230993307,83788,83788
1293,615.4316374484235,1,0.319690078496933,-398.38816540057843,23.603016743293175,83840,83840
1294,606.0141208485418,1,0.31998249888420105,-401.0444968894676,23.79189035406819,83894,83894
1295,607.6743574175686,1,0.31989070773124695,-398.9488327591508,21.61385962698195,83948,83948
1296,601.6742531828074,1,0.31993135809898376,-401.18249172634546,5.041195880483698,84002,84002
1297,606.0261194997513,1,0.32008764147758484,-401.26748826768664,13.190628517557073,84056,84056
1298,602.3394119119503,1,0.31989023089408875,-400.13958570692273,21.110432474701494,84110,84110
1299,610.6706800903323,1,0.3199531137943268,-399.8368929776278,25.0958148652857,84165,84165
1300,602.1420786523404,1,0.3202205002307892,-400.2718661221591,13.293459562821822,84220,84220
1301,609.7102769416592,1,0.3195287585258484,-400.301451485112,20.604832500781654,84273,84273
1302,609.0024225924653,1,0.3191138803958893,-399.8774669300426,8.909547831795432,84328,84328
1303,612.0597068863304,1,0.318926066160202,-400.7532492897727,29.36251308267767,84383,84383
1304,612.4566698816712,1,0.3192858397960663,-400.60366936449736,21.52689782628473,84436,84436
1305,604.8793731157419,1,0.31961995363235474,-400.7429289641204,30.371962428092957,84490,84490
1306,608.3871372231513,1,0.31967979669570923,-399.5998581220519,17.94045902872985,84543,84543
1307,609.0927880214149,1,0.3194349706172943,-399.3448935768821,16.253303120353007,84598,84598
1308,609.2012920325775,1,0.3187975585460663,-400.0872209028764,27.57609622261741,84653,84653
1309,610.2161646672834,1,0.3181747496128082,-401.06668768988715,12.84532066848543,84707,84707
1310,597.5334992279959,1,0.3181723952293396,-400.41052967418324,11.742268839749423,84762,84762
1311,613.1842346973875,1,0.31838545203208923,-399.748649731017,16.111052178499992,84819,84819
1312,615.7503047963232,1,0.31858721375465393,-398.50119185014205,68.16111607334831,84874,84874
1313,613.2857876995936,1,0.31884750723838806,-400.4481867009943,27.285961588946257,84929,84929
1314,612.0368065673277,1,0.3187605142593384,-400.5600535999645,20.94914538643577,84984,84984
1315,613.6957906859503,1,0.3182969391345978,-401.55062983586237,22.509954104056725,85036,85036
1316,609.7796948438364,1,0.31801822781562805,-400.1014640376253,44.355289306280746,85089,85089
1317,609.4089151215929,1,0.31798380613327026,-398.8659007679332,28.01884876164523,85144,85144
1318,610.2551554412025,1,0.3187418282032013,-401.37094404112617,7.484692609535073,85197,85197
1319,603.1484230359171,1,0.3190884292125702,-401.3698896928267,5.063239925557917,85252,85252
1320,609.4194317131532,1,0.3193236291408539,-400.4443071805514,27.838636143849445,85304,85304
1321,604.2280814508038,1,0.3198144733905792,-400.5654279600899,16.472314204809802,85357,85357
1322,608.9121200872743,1,0.31985726952552795,-401.9206410533977,5.807821197329827,85410,85410
1323,608.9182487277171,1,0.31925827264785767,-402.5512068314986,29.144825839996336,85465,85465
1324,606.6449099143551,1,0.31879761815071106,-400.28825176886795,25.708985101501895,85518,85518
1325,610.4588610003885,1,0.31753432750701904,-401.1119016251474,7.339675412987763,85571,85571
1326,608.9378419976038,1,0.3171011805534363,-401.3975338406033,18.66784057352278,85625,85625
1327,616.0665276486587,1,0.3172837197780609,-401.1772737856264,25.98579980046661,85679,85679
1328,613.7744133812807,1,0.3170225918292999,-401.3556592022931,12.75831741977621,85733,85733
1329,608.1154885635009,1,0.31742018461227417,-399.5341092623197,32.073972536967354,85785,85785
1330,609.4981932619847,1,0.3173642158508301,-400.09453554506655,38.16301989113843,85839,85839
1331,604.6326633330003,1,0.31667083501815796,-400.0987227006392,32.99478784474459,85894,85894
1332,610.2933951086225,1,0.3169657588005066,-401.6665516979289,39.48229863958539,85947,85947
1333,612.7459870419201,1,0.31776338815689087,-399.51599473219653,32.367502061220314,85999,85999
1334,612.4207083958408,1,0.31757524609565735,-401.96530773021556,20.099779338748366,86053,86053
1335,611.0924757865806,1,0.3179846405982971,-402.08259130407265,17.869921251579566,86107,86107
1336,612.0861890260733,1,0.3176193833351135,-401.14537940835055,15.65839827735469,86160,86160
1337,605.8389436426451,1,0.3171099126338959,-402.1193755527712,11.8897656112347,86213,86213
1338,604.6479322388727,1,0.31692755222320557,-401.78115955699576,13.594892536510121,86268,86268
1339,611.9367192890555,1,0.31631386280059814,-400.91497124565973,8.712216412579572,86322,86322
1340,595.0242531497702,1,0.3159010112285614,-400.57914118181196,9.644987254812007,86379,86379
1341,607.7148130950096,1,0.31608185172080994,-401.5062272813585,15.492546463454211,86433,86433
1342,606.361976211749,1,0.3158852756023407,-402.66010821307145,10.665971714037436,86487,86487
1343,610.9239319948629,1,0.31557345390319824,-401.3134783231295,13.536439904799828,86539,86539
1344,603.6812829442559,1,0.31493815779685974,-401.80721182193395,37.746469929533184,86592,86592
1345,606.4947695813923,1,0.314849317073822,-402.24330421730326,20.733277594601667,86646,86646
1346,608.381819879651,1,0.31437423825263977,-401.529142026548,15.563424395190346,86700,86700
1347,611.9029512761031,1,0.3142284154891968,-402.58563808225233,32.01354244520079,86753,86753
1348,607.5125586347675,1,0.31399527192115784,-402.7972451669198,22.726188880425912,86807,86807
1349,604.8923047633087,1,0.31411996483802795,-402.79885537283764,16.729763988937652,86863,86863
1350,605.4821051339919,1,0.3135836124420166,-401.7737864368367,7.308253357995231,86916,86916
1351,610.5407186071384,1,0.3137933611869812,-402.6262864332933,6.462457299232483,86968,86968
1352,607.1019205839636,1,0.31375619769096375,-401.6060304994936,24.779693290039344,87022,87022
1353,607.3721170832632,1,0.31367379426956177,-402.20713571401745,6.087473131143129,87074,87074
1354,607.1562177805145,1,0.31364601850509644,-402.6691080729167,8.533297145808184,87128,87128
1355,596.6499374083809,1,0.3134768009185791,-399.88037442294035,13.045376834002408,87183,87183
1356,605.7746533447712,1,0.31337088346481323,-403.20164078932544,9.536721862279451,87235,87235
1357,606.34825375323,1,0.3128257095813751,-402.8113714147497,15.20290196162683,87289,87289
1358,598.9035276772627,1,0.3124780058860779,-401.56141945167826,10.493873172336155,87343,87343
1359,607.7117954571344,1,0.31164848804473877,-401.82378262606534,24.907577471299604,87398,87398
1360,610.2591279836508,1,0.3115452229976654,-402.19343594637786,16.95333892215382,87453,87453
1361,611.4824032195845,1,0.3117096722126007,-402.4828158291903,7.949943249875849,87508,87508
1362,613.7250599558032,1,0.31142282485961914,-402.7484289316031,20.136646559605232,87560,87560
1363,608.8170288687885,1,0.31107404828071594,-400.3048909505208,3.536968008235649,87614,87614
1364,615.4600834885666,1,0.31110644340515137,-402.8989211748231,26.79731935824988,87667,87667
1365,600.6040128709317,1,0.31142786145210266,-402.4461436878551,23.608523121747105,87722,87722
1366,608.0618473552599,1,0.31219035387039185,-402.4081081814236,24.70692534799929,87776,87776
1367,608.9826256250795,1,0.3122463524341583,-402.1604947176847,32.95049058740789,87831,87831
1368,601.7048662472484,1,0.31217870116233826,-402.86539132254467,9.933661848306656,87887,87887
1369,609.1658759024857,1,0.31241440773010254,-403.2480773925781,8.889597272872924,87942,87942
1370,613.218019854784,1,0.3129352033138275,-400.0087314181858,11.354805904406089,87996,87996
1371,602.7124363392662,1,0.31367677450180054,-401.7736733176491,13.718714982813054,88051,88051
1372,613.9610756411288,1,0.3131267726421356,-402.9172773881392,42.36971773884513,88106,88106
1373,609.1009987311354,1,0.31357619166374207,-402.80498576614093,12.724678694077259,88159,88159
1374,607.2825383441664,1,0.3136012554168701,-402.68193167227287,16.164839854946845,88213,88213
1375,612.374107758441,1,0.3139164447784424,-402.6001381613992,22.67581627585671,88268,88268
1376,618.9174287723529,1,0.3144112229347229,-402.6398536831725,18.33525361033047,88319,88319
1377,609.4577548573349,1,0.31412050127983093,-402.7409190051961,10.352082218763963,88372,88372
1378,608.0040338988968,1,0.31364232301712036,-402.88835991753473,19.723195433616638,88426,88426
1379,609.8782127184098,1,0.31413590908050537,-403.33864621762876,45.75460118717618,88480,88480
1380,610.4987016870613,1,0.3147015869617462,-402.36390829986,19.228594078207916,88533,88533
1381,605.3359884377678,1,0.31519827246665955,-403.6236139470881,9.63411696173928,88588,88588
1382,605.2856807253404,1,0.3145441710948944,-402.3251827784947,17.67973495381219,88644,88644
1383,610.8758842999332,1,0.31501102447509766,-402.6835077459162,12.097793041576038,88699,88699
1384,607.4480786888682,1,0.31527605652809143,-402.95887873722955,28.67365731872045,88751,88751
1385,614.080851958505,1,0.3151327967643738,-403.20533835671165,37.871278030222115,88806,88806
1386,610.053148976814,1,0.31533312797546387,-402.5835430438702,12.590656447869081,88858,88858
1387,609.0538623524011,1,0.31493908166885376,-403.23883056640625,10.348592766848478,88913,88913
1388,606.4344971206991,1,0.31546470522880554,-404.0541775790128,9.087311456420204,88968,88968
1389,614.3245477178134,1,0.3153625726699829,-404.3797341805917,12.419531137854964,89022,89022
1390,602.397579306026,1,0.315475195646286,-403.24677549089705,18.693523751837866,89078,89078
1391,613.7694179144687,1,0.31529390811920166,-403.42129919663915,5.426418335932605,89131,89131
1392,613.6265801999411,1,0.31491079926490784,-402.7951576926491,4.901562027497725,89186,89186
1393,607.184225539745,1,0.314853698015213,-403.7412544533058,20.31082951139521,89240,89240
1394,609.1946111517402,1,0.3148006796836853,-401.58844915426005,26.86098720442574,89293,89293
1395,608.7140573256312,1,0.3148190677165985,-403.40281168619794,7.184004124842192,89350,89350
1396,609.5980715415465,1,0.3148033618927002,-403.560213442202,6.737332176279138,89404,89404
1397,602.7351904650051,1,0.313848614692688,-404.72982842581615,20.967355481215886,89460,89460
1398,607.9682508734506,1,0.31426534056663513,-403.90375216502065,9.975474341860357,89513,89513
1399,607.2948777733475,1,0.31394168734550476,-402.8760128381117,24.825499473877674,89566,89566
1400,609.0709261091278,1,0.31473225355148315,-402.92830729934406,9.046169537418294,89619,89619
1401,613.5931049991802,1,0.3144264221191406,-402.2504136827257,28.03258154789607,89673,89673
1402,605.9336276198378,1,0.3140583634376526,-403.2980521873192,28.983739724865668,89727,89727
1403,611.6643267705794,1,0.3141525685787201,-404.0255477340133,5.944736109839545,89781,89781
1404,606.3756075936543,1,0.3143022954463959,-402.97581951434796,14.039732304903177,89833,89833
1405,610.5639569845955,1,0.31481271982192993,-403.57597667766066,17.640210522795623,89886,89886
1406,601.073430599743,1,0.31504639983177185,-403.9948204888238,26.424721236582155,89940,89940
1407,607.3625741196763,1,0.31516188383102417,-403.78478240966797,18.249736053603037,89996,89996
1408,606.670632483057,1,0.3148677349090576,-403.51304224917766,12.247787067764683,90053,90053
1409,604.5633543118449,1,0.31463658809661865,-403.0094310215541,12.2310418763331,90109,90109
1410,607.3643722927703,1,0.31438910961151123,-402.8020206027561,10.171853332607835,90163,90163
1411,607.4927183703891,1,0.3145067095756531,-403.0930731637137,27.172170196260726,90219,90219
1412,609.5363276986516,1,0.31434500217437744,-404.00598201045284,28.209478603469,90273,90273
1413,605.7455976986839,1,0.31460368633270264,-403.4423607720269,10.748908594802574,90327,90327
1414,603.8732027390893,1,0.3146129548549652,-403.3750158239294,24.80820169713762,90381,90381
1415,610.3295082727215,1,0.3145950734615326,-404.2600884070763,7.061001690534445,90433,90433
1416,605.6849900120666,1,0.3151121437549591,-404.3179331996985,23.977527246140596,90490,90490
1417,593.1119973597914,1,0.31494778394699097,-403.131522195381,14.325403912025585,90547,90547
1418,602.6367506858792,1,0.31489086151123047,-403.08001248341685,24.95538818611289,90600,90600
1419,607.1614147295462,1,0.3149927854537964,-404.28354436700994,46.99879560687325,90655,90655
1420,607.39599688506,1,0.315006285905838,-402.7495145977668,5.265197065641296,90708,90708
1421,597.911401865694,1,0.314945787191391,-403.37174388340543,8.064306731734957,90764,90764
1422,605.86394502467,1,0.3148581385612488,-404.1761324900501,9.655382417282969,90817,90817
1423,609.8236314802195,1,0.3149716556072235,-403.8910059045862,10.515448298719194,90871,90871
1424,605.2809317496345,1,0.31483644247055054,-403.68432956271704,12.098863085110983,90925,90925
1425,601.9814391096711,1,0.3151242434978485,-403.95841019241897,28.83658371369044,90979,90979
1426,608.9272720441932,1,0.31484678387641907,-404.4219538850604,35.761179008573855,91032,91032
1427,609.5072681064402,1,0.31544920802116394,-403.86471670645255,15.184366990018773,91086,91086
1428,602.0732725635145,1,0.3153769373893738,-404.8133976774396,10.162624233173874,91139,91139
1429,606.19189141484,1,0.31481972336769104,-405.7596360692438,18.25046144566446,91192,91192
1430,607.9710411096336,1,0.31508469581604004,-404.2836270419034,8.762216663360595,91247,91247
1431,608.9650881252753,1,0.31486108899116516,-404.73393738944577,17.06153251539986,91300,91300
1432,616.7764574519281,1,0.31563377380371094,-403.9553049915242,10.5090830303588,91353,91353
1433,612.3876303266325,1,0.31533083319664,-403.1948020785463,14.10994226324792,91404,91404
1434,601.5440781281792,1,0.31555208563804626,-404.9363646330657,7.902764821494067,91458,91458
1435,610.1721048004582,1,0.3155350387096405,-404.7967467131438,52.33101565749557,91512,91512
1436,609.6429507671126,1,0.3151436746120453,-405.38550369827834,17.043460417676854,91566,91566
1437,611.9551421378528,1,0.3150448203086853,-404.7907584861473,8.820340984397465,91620,91620
1438,612.618723517667,1,0.3145007789134979,-404.6324935049381,20.483608895877623,91673,91673
1439,610.6093982084828,1,0.31404322385787964,-404.1490772594105,8.971888394789262,91728,91728
1440,611.5925471503291,1,0.31401413679122925,-404.5582364169034,26.435538213903254,91783,91783
1441,607.6791991350802,1,0.3141125440597534,-403.6263139512804,12.784338884883457,91837,91837
1442,605.3025515189393,1,0.3147798180580139,-404.05292745736926,6.15279066333404,91889,91889
1443,604.4057000734149,1,0.3144616484642029,-405.39885887732873,7.294041395187378,91941,91941
1444,602.5986446994305,1,0.3145505487918854,-402.59923798183223,49.66202426406572,91994,91994
1445,610.6035372001086,1,0.3145735561847687,-405.1606844815341,19.283954165198587,92049,92049
1446,610.2633320333158,1,0.3145096004009247,-404.66028926057635,15.298667646803946,92102,92102
1447,606.706205590943,1,0.31406286358833313,-405.38408502542745,19.958120197620033,92155,92155
1448,605.9429325663795,1,0.31400296092033386,-404.5577409852226,13.768301468975139,92208,92208
1449,608.5895646156896,1,0.3137928247451782,-404.53628770360405,18.54383338397404,92261,92261
1450,606.3475463099887,1,0.3132183253765106,-403.8239337273364,13.070506410778693,92314,92314
1451,614.0327046497862,1,0.3130273222923279,-404.24041978368217,25.356462143502146,92367,92367
1452,607.0931393574625,1,0.31283333897590637,-403.740389223452,12.504590144863835,92421,92421
1453,609.5195245728385,1,0.31211036443710327,-404.08189031427554,31.566565422578293,92476,92476
1454,607.7129059615717,1,0.3118906319141388,-405.8807613666241,12.661777624717125,92528,92528
1455,613.2026934010296,1,0.3121580183506012,-404.0286191544443,4.084136474807307,92581,92581
1456,609.4343405118673,1,0.3122389614582062,-405.79646979437933,7.404374718666077,92635,92635
1457,607.351955496214,1,0.3116718530654907,-404.49032759232955,9.43414900519631,92690,92690
1458,607.6558611895667,1,0.31180131435394287,-404.4011973255086,32.75891285122565,92743,92743
1459,607.8706128844068,1,0.3109673261642456,-404.0336587088449,26.64620982323374,92799,92799
1460,602.9001552791988,1,0.3110395073890686,-404.4444580078125,17.676120554959333,92853,92853
1461,605.9992333014391,1,0.3110501766204834,-404.70066113741893,6.373708954397237,92906,92906
1462,612.3998258956944,1,0.31066691875457764,-404.9333846480758,4.1111613489963394,92960,92960
1463,611.3513779456279,1,0.3110564947128296,-404.72159965083284,12.757288201799932,93013,93013
1464,612.930074097404,1,0.31072545051574707,-403.9570566813151,24.82127966262676,93067,93067
1465,613.1713577646962,1,0.3111448884010315,-405.2244149667245,12.748618092801836,93121,93121
1466,608.3213767234292,1,0.3107171356678009,-405.6174986596201,7.526127922768686,93172,93172
1467,603.7006465090003,1,0.3109237551689148,-403.74439832899304,12.574640797244179,93226,93226
1468,611.9004001101966,1,0.311455637216568,-405.29095171082696,13.159168328879014,93279,93279
1469,607.7156523877412,1,0.31202244758605957,-405.4367796699956,16.872611369726794,93332,93332
1470,605.8572651762883,1,0.31208908557891846,-403.34678621112175,48.736406211583116,93385,93385
1471,606.3770260218495,1,0.311445415019989,-404.70836459073155,8.54076260436665,93440,93440
1472,606.3473723508824,1,0.3114190697669983,-403.9588001179245,22.749932779456085,93493,93493
1473,610.6986650976344,1,0.3119099736213684,-404.64395989312067,12.048828299398776,93547,93547
1474,607.5334457631034,1,0.31207776069641113,-404.3122725576725,21.12929857901807,93600,93600
1475,611.8911323256095,1,0.31251201033592224,-405.47740173339844,31.184039670687454,93652,93652
1476,609.6545410354446,1,0.31219053268432617,-404.73324529474434,22.970438332991165,93707,93707
1477,608.571729068667,1,0.31209704279899597,-405.95060201791614,20.48011222940225,93759,93759
1478,611.2507959567808,1,0.31191322207450867,-405.83776007758246,19.77618650374589,93813,93813
1479,615.6780634947758,1,0.311662882566452,-404.8213418813852,6.578396345560368,93865,93865
1480,603.6648374764145,1,0.3119223117828369,-405.68357993071936,12.377608690621718,93918,93918
1481,609.9416529455752,1,0.31185248494148254,-404.8847498010706,7.650572112313023,93972,93972
1482,607.4654756571347,1,0.3116683065891266,-405.4197019181162,26.563882069767647,94025,94025
1483,603.0580923560323,1,0.3110872507095337,-404.3406366521662,24.65548368584026,94080,94080
1484,612.889162478183,1,0.3109492361545563,-404.99537514740564,6.938395126810613,94133,94133
1485,610.821784721926,1,0.3107365369796753,-404.32883899616746,11.250466695371664,94186,94186
1486,609.0326159448776,1,0.31140467524528503,-406.70932352317953,44.165112101806784,94239,94239
1487,609.8707787402167,1,0.3108065128326416,-406.3749578302557,16.260547265139493,94294,94294
1488,607.7179709516288,1,0.311622679233551,-406.79830639178937,12.13626180245326,94346,94346
1489,599.2036332020101,1,0.31105494499206543,-406.0228751046317,39.91219094821385,94402,94402
1490,613.23170059858,1,0.3110925555229187,-405.7765734637225,33.706153470057025,94456,94456
1491,606.4003703036724,1,0.31072574853897095,-406.238937090028,11.836024900652328,94509,94509
1492,606.3425304460893,1,0.3102956712245941,-404.64109802246094,19.703549764774465,94563,94563
1493,613.3114488851234,1,0.31079617142677307,-404.38231903651973,27.457663401117866,94616,94616
1494,610.0060786802101,1,0.3105275630950928,-405.77522421782874,15.058964729309082,94669,94669
1495,609.9427805698239,1,0.3110949695110321,-406.959257305793,8.017695215513122,94722,94722
1496,608.4117948260072,1,0.31153154373168945,-406.94575916637075,3.7457836736332286,94777,94777
1497,611.7176593419541,1,0.3116781413555145,-406.490437057783,4.372155479665072,94830,94830
1498,605.6126782549259,1,0.31174537539482117,-404.84638660358934,25.45594552328002,94883,94883
1499,609.5148404237326,1,0.3112976849079132,-405.2480894844487,10.171958442004222,94936,94936
1500,600.2186944981022,1,0.31154176592826843,-406.60984293619794,15.765258870742938,94990,94990
1501,603.0031743855685,1,0.3109705150127411,-404.9453989664714,8.054818043002376,95044,95044
1502,605.8160704028277,1,0.31106066703796387,-406.5887580284706,5.359846170131977,95096,95096
1503,610.1359837457762,1,0.3110274076461792,-406.4680131392046,49.15218664082614,95151,95151
1504,606.4790764625952,1,0.3112713694572449,-405.5244246049361,11.458576414801858,95206,95206
1505,605.4459782350303,1,0.31164228916168213,-403.6202507738797,18.70594255654317,95259,95259
1506,610.1940628906519,1,0.3114371597766876,-406.21773428287145,16.363304952405535,95312,95312
1507,607.5997254401534,1,0.3111235499382019,-405.4310580166903,29.607785584709863,95367,95367
1508,606.5137095484965,1,0.31170952320098877,-406.4704833984375,8.114532496712425,95422,95422
1509,612.966122455299,1,0.311845064163208,-406.1617719542305,11.394108630576223,95475,95475
1510,607.0597848586651,1,0.3116665780544281,-407.11456468370227,19.38760534701524,95529,95529
1511,607.963016695228,1,0.3118284046649933,-406.1062039975767,27.044989228248596,95583,95583
1512,607.4162667039401,1,0.31191980838775635,-406.16409532079155,5.801101293203966,95636,95636
1513,608.4837186375421,1,0.31221726536750793,-407.0281920256438,13.5633992045014,95690,95690
1514,614.8356567333587,1,0.31159108877182007,-406.3202831340286,4.061922604182981,95743,95743
1515,606.4804204284185,1,0.31124094128608704,-406.51785555752843,5.233033156394958,95798,95798
1516,612.4287303334477,1,0.3111811876296997,-406.29563126474056,45.24413179901411,95851,95851
1517,609.2516814618941,1,0.3109477162361145,-406.7978705640109,4.124017508524768,95904,95904
1518,595.9966617392579,1,0.3116198182106018,-406.819502653899,21.327539613953345,95958,95958
1519,607.2092959600744,1,0.31118637323379517,-405.84320068359375,21.660765745021678,96012,96012
1520,609.8872531454025,1,0.3112238943576813,-407.10999866832384,29.718471037257803,96067,96067
1521,608.7731582910001,1,0.31069594621658325,-406.7965494791667,29.489242012853975,96121,96121
1522,602.947215719295,1,0.3103823661804199,-404.917729695638,5.432854025452225,96175,96175
1523,611.1486252685223,1,0.3101789653301239,-404.5587924021595,4.584394758602358,96228,96228
1524,603.3753345561948,1,0.3105398714542389,-405.6661010742188,4.012477749044245,96283,96283
1525,615.8574904927224,1,0.3106818199157715,-407.15761119914504,22.19176607761743,96336,96336
1526,609.2976126709045,1,0.31006309390068054,-406.6522472034801,14.961037007245151,96391,96391
1527,614.5651470877286,1,0.31037479639053345,-406.33336070667616,4.784383500706066,96446,96446
1528,606.956449163573,1,0.31083953380584717,-406.1982325801143,11.49707144498825,96500,96500
1529,605.0600940788214,1,0.3104977607727051,-406.4264322916667,7.255017669112594,96554,96554
1530,601.563436621929,1,0.31081539392471313,-407.32659024325284,17.91316706484014,96609,96609
1531,609.8450941197154,1,0.3105180561542511,-407.5477352502211,12.480614165090165,96662,96662
1532,608.6489769492042,1,0.3102215528488159,-405.7412618001302,6.3208056667394805,96719,96719
1533,612.2923241778013,1,0.3099752962589264,-405.8186563345102,8.071610558491487,96771,96771
1534,609.6141911862292,1,0.310364305973053,-406.80605330557194,15.630078057073197,96824,96824
1535,610.0011880240934,1,0.31077638268470764,-406.3833652072483,8.921039901397846,96878,96878
1536,612.8328503675092,1,0.3100827634334564,-405.05130695846844,18.212169156884247,96931,96931
1537,605.6347674907806,1,0.310424268245697,-406.16910193101415,5.277955649034032,96984,96984
1538,608.2244315524374,1,0.3105652928352356,-405.77714452203713,51.76817453132485,97037,97037
1539,617.5673041554934,1,0.3107912540435791,-406.27693704458386,16.171182834185085,97089,97089
1540,604.5823482055162,1,0.310726523399353,-406.3317537127801,13.033078686246332,97142,97142
1541,606.0122981054171,1,0.3107936382293701,-406.3851750211896,8.293931065865284,97195,97195
1542,606.4889022664131,1,0.31024718284606934,-406.17242719542304,5.425195196889481,97248,97248
1543,603.5302897359761,1,0.3100234568119049,-407.2723466352983,9.169963401014154,97303,97303
1544,610.2214168765681,1,0.30993354320526123,-405.8559717248987,19.574777715735966,97357,97357
1545,610.3172137613167,1,0.3098437786102295,-407.7591103001645,15.781802183703372,97414,97414
1546,603.3895597508199,1,0.31032395362854004,-406.3738010951451,21.643836919750488,97470,97470
1547,610.0075706398844,1,0.31033217906951904,-406.3645589576577,6.140510966193001,97523,97523
1548,602.3766364977627,1,0.31009119749069214,-406.39349753639914,22.588882996819237,97578,97578
1549,610.8398940087661,1,0.31010860204696655,-407.0166297768647,13.982773760579667,97631,97631
1550,611.7567858974959,1,0.31006869673728943,-406.8516172013193,3.716158628463745,97684,97684
1551,608.6126185425322,1,0.3101015090942383,-407.7233005739608,17.072112054195046,97737,97737
1552,615.1621689747442,1,0.30991435050964355,-406.2907885037936,3.65243798494339,97789,97789
1553,610.0518370241995,1,0.3102260231971741,-407.10017769291716,17.685600460700268,97842,97842
1554,610.7931639679714,1,0.3099820017814636,-406.55924309624567,10.61226072576311,97896,97896
1555,605.870383193982,1,0.3106237053871155,-407.6899255605844,20.894189185821094,97948,97948
1556,604.6199870282976,1,0.31075069308280945,-406.2097858932783,17.50124141630137,98001,98001
1557,608.6528074585674,1,0.31071534752845764,-408.4267152030513,10.583703450436863,98054,98054
1558,610.9208556975462,1,0.3107108473777771,-407.2809692382813,41.1487825978886,98109,98109
1559,612.9184955813643,1,0.3104740083217621,-407.06723598264296,22.53249502182007,98162,98162
1560,609.0530004066787,1,0.31113484501838684,-407.61447087040654,5.241980674090208,98216,98216
1561,606.8650565220732,1,0.31111621856689453,-407.95967982365534,30.764806921665485,98268,98268
1562,611.9094675092681,1,0.31112122535705566,-407.13553720150355,3.1528842269249684,98321,98321
1563,608.0068252135547,1,0.31124722957611084,-407.1592009922243,29.93579008219377,98374,98374
1564,614.4307750280815,1,0.31113526225090027,-407.0338372124566,17.030763063165878,98428,98428
1565,610.2036431769636,1,0.31057000160217285,-406.17880415482955,4.203419971466064,98483,98483
1566,611.9795232088438,1,0.31025782227516174,-406.5891523881392,13.831933374838396,98538,98538
1567,608.304818312651,1,0.31023064255714417,-407.7122136896307,16.733794621987776,98593,98593
1568,610.690148911912,1,0.3102937340736389,-405.6757560143104,37.2803692978162,98645,98645
1569,609.1648400751981,1,0.31043362617492676,-407.06902500368517,19.884238060915244,98698,98698
1570,603.939243280283,1,0.3099421560764313,-407.77415149616746,6.498539866141553,98751,98751
1571,605.0853965465078,1,0.30920082330703735,-406.00638156467016,29.70257886471572,98805,98805
1572,612.7118971115137,1,0.3090088963508606,-407.6672000525133,25.795713678845818,98858,98858
1573,610.6730645093528,1,0.30925318598747253,-407.2471174760298,19.75576097315008,98913,98913
1574,608.0849648345568,1,0.3097380995750427,-408.4636010064019,5.041271887443684,98967,98967
1575,612.1744824599301,1,0.30928608775138855,-407.94082698115596,22.778659361380118,99021,99021
1576,617.1424631194903,1,0.3090623617172241,-407.55407362717847,12.075161246153025,99073,99073
1577,608.581699035755,1,0.30946722626686096,-406.4303175982307,24.29023058274213,99124,99124
1578,604.1361874821131,1,0.30831024050712585,-408.57798526161594,13.123761336008707,99181,99181
1579,607.6014764717956,1,0.3088725209236145,-406.8607454653139,13.068077714354903,99235,99235
1580,606.0069752226018,1,0.3086615800857544,-406.30163689379424,8.862232206002721,99288,99288
1581,608.2977469443439,1,0.3085787296295166,-407.05470747514204,23.91241681575775,99343,99343
1582,612.3605466735453,1,0.30830320715904236,-407.33197597287733,31.11126321216799,99396,99396
1583,609.5537377311475,1,0.30811598896980286,-407.7795809659091,7.4066914103247905,99451,99451
1584,605.8638206572546,1,0.3075702488422394,-407.23385217054835,3.7811034872846783,99504,99504
1585,605.2233998225549,1,0.30761876702308655,-407.24994857222947,23.366892492329633,99558,99558
1586,612.4234374698153,1,0.308089941740036,-408.3904215494792,6.570311477890721,99612,99612
1587,613.2919924320908,1,0.30806323885917664,-408.07855846263743,3.2652162600446633,99666,99666
1588,607.0253152530452,1,0.3078007698059082,-408.3996665261009,19.62660053209825,99721,99721
1589,609.0616195606974,1,0.30766409635543823,-408.3595206782503,14.542381684735137,99774,99774
1590,609.7847099229623,1,0.3075810968875885,-408.5026705759876,6.401632815037134,99827,99827
1591,605.8510878647714,1,0.30747100710868835,-406.8863273033729,11.059091987518164,99879,99879
1592,607.5474705734691,1,0.3073164224624634,-408.35331531871446,15.543844823403791,99934,99934
1593,620.1409039850969,1,0.30749228596687317,-407.80537616081955,22.36042160133146,99987,99987
1594,605.4566645850194,1,0.3071373403072357,-407.4718222878196,3.4814584645358,100042,100042
1595,605.6611569483566,1,0.30681630969047546,-409.1487928118025,37.310552639620646,100098,100098
1596,614.3437839839917,1,0.3067876100540161,-407.29231809220227,7.9256807858089235,100151,100151
1597,611.3658841356189,1,0.3064420819282532,-407.6129871715199,19.565774978290904,100206,100206
1598,610.7841064390497,1,0.3065381348133087,-407.6490636972281,4.045259267091751,100258,100258
1599,609.4139527911506,1,0.3063032329082489,-408.2714585524339,15.263437300920486,100310,100310
1600,610.7679782452242,1,0.3063655197620392,-408.54296695484834,17.506845623839137,100361,100361
1601,613.28624901132,1,0.3061286509037018,-406.78558519151477,14.312003475648385,100415,100415
1602,611.8051060976297,1,0.30621472001075745,-409.37189181345815,23.81483221279,100468,100468
1603,606.4944298039925,1,0.305961549282074,-407.4693744800709,9.023749735620287,100522,100522
1604,609.1927513121686,1,0.3050402104854584,-408.3243447762948,22.633062722506345,100576,100576
1605,609.7151011249802,1,0.30476781725883484,-407.39473769244023,12.079134501662908,100627,100627
1606,603.0028739729953,1,0.3050643801689148,-408.76524089944775,8.357086781797738,100685,100685
1607,609.8539145371367,1,0.30485421419143677,-408.71273334209735,4.769325939508585,100737,100737
1608,608.3981138475045,1,0.30466917157173157,-407.3370211619251,27.243236827400494,100790,100790
1609,606.8357125427132,1,0.3049362599849701,-408.37212524414065,21.89383431998166,100845,100845
1610,603.6956458405642,1,0.30439427495002747,-407.15568485966435,16.77240146972515,100899,100899
1611,609.4539126191988,1,0.3050646483898163,-409.76091229474105,3.486149862960533,100953,100953
1612,604.8073093773218,1,0.3056689202785492,-406.98073822597286,8.465366332036144,101006,101006
1613,608.2687169249016,1,0.3057379424571991,-407.6209524649161,25.84524376966335,101060,101060
1614,605.989641274866,1,0.3060742914676666,-407.3006004050926,50.82688280167403,101114,101114
1615,607.9599705757491,1,0.30678117275238037,-407.21408635919744,11.516344657811251,101169,101169
1616,605.2934855251394,1,0.3065018355846405,-408.7722426194411,23.478969301168735,101221,101221
1617,609.1847785132572,1,0.3061809539794922,-407.09500004695013,17.478888931182716,101273,101273
1618,609.8110404930825,1,0.30539628863334656,-408.6643524169922,21.151812636426516,101329,101329
1619,610.9391192645608,1,0.3053310513496399,-408.4865683096427,24.885943044114995,101383,101383
1620,603.5780192341396,1,0.30576565861701965,-408.0641018849499,16.601973992473674,101436,101436
1621,602.1861577284251,1,0.305207759141922,-407.78947012765065,27.36522809735366,101492,101492
1622,610.4130121740608,1,0.3053053319454193,-409.4657078495732,33.623632080025146,101546,101546
1623,606.0276225526836,1,0.30486786365509033,-408.11291842990454,21.84383119918682,101600,101600
1624,608.7643656443837,1,0.3047013282775879,-407.6120400061974,15.8208832855408,101652,101652
1625,610.3635398838651,1,0.3047247529029846,-408.73346983711673,4.239681050462543,101705,101705
1626,606.5756786196255,1,0.3047061860561371,-407.3926113673619,31.124922590596334,101761,101761
1627,601.6154990764181,1,0.3043072819709778,-408.6976335005327,12.736396345225247,101816,101816
1628,616.1438317968069,1,0.30509698390960693,-409.09151373969183,18.82193456976502,101870,101870
1629,612.2638502109453,1,0.30523866415023804,-407.85068766276044,15.408847150979218,101924,101924
1630,608.699510542087,1,0.3051406741142273,-408.70735369988205,3.140251778206735,101977,101977
1631,602.3804934971063,1,0.3046775460243225,-408.61836299189815,14.714597366474292,102031,102031
1632,611.853630617041,1,0.30434539914131165,-407.88762391288327,12.234602624515318,102084,102084
1633,603.8517504381884,1,0.3045424520969391,-410.02372367427034,24.191819469883757,102137,102137
1634,606.7373704098578,1,0.30428174138069153,-408.6173669223128,9.788288262383691,102195,102195
1635,595.3979328067401,1,0.30368417501449585,-408.31036207411023,11.084634990603835,102249,102249
1636,613.3830282887055,1,0.3033164143562317,-408.52685546875,14.034839272499084,102303,102303
1637,610.2529415791157,1,0.3039790987968445,-408.8847617409446,8.045045375823975,102358,102358
1638,608.1744847105683,1,0.30406537652015686,-407.7572666384139,20.27878130381962,102411,102411
1639,607.2920801142857,1,0.3040027320384979,-409.4590411269874,9.279434551272477,102468,102468
1640,610.1575871031595,1,0.30428996682167053,-409.0318852177373,30.00297362053836,102522,102522
1641,606.7900313072018,1,0.3045521378517151,-408.01976776123047,40.861170278145714,102574,102574
1642,609.8643131799446,1,0.30508068203926086,-409.28095386646413,15.070057292779287,102628,102628
1643,609.433190982456,1,0.3054594397544861,-408.4339806692941,37.32778212002346,102684,102684
1644,610.5640946459077,1,0.3060778081417084,-408.3041963397332,41.1365789489926,102737,102737
1645,614.355540385442,1,0.30619558691978455,-408.95500210848724,13.33989344293421,102792,102792
1646,610.6299219848984,1,0.30655092000961304,-408.37957187868517,3.4463268495955557,102845,102845
1647,609.7365816259482,1,0.30610260367393494,-406.87656848835496,10.31317573223474,102898,102898
1648,614.8568786526039,1,0.3061075508594513,-409.26884949882077,14.964827339604216,102951,102951
1649,603.320095932881,1,0.30559682846069336,-407.36067799159457,3.5745930394956043,103007,103007
1650,607.0891474576367,1,0.3053398132324219,-407.5928482919369,19.770195628112216,103060,103060
1651,609.3084016958919,1,0.30514857172966003,-408.53664839895146,15.291038969106841,103117,103117
1652,611.2713980738497,1,0.3051864802837372,-409.50569066461526,26.110652820119316,103170,103170
1653,615.4767143854046,1,0.3054702877998352,-408.9036000569661,7.683880920763369,103224,103224
1654,613.4187870682063,1,0.30521687865257263,-409.18779769033756,21.843180053638964,103277,103277
1655,606.1249351090146,1,0.3052057921886444,-408.9089660644531,26.216442969610107,103330,103330
1656,601.2708409326782,1,0.30520522594451904,-409.45497413917826,6.765778678434867,103384,103384
1657,604.9076134847896,1,0.3057995140552521,-409.2226279518821,20.953863709623164,103439,103439
1658,606.750342499292,1,0.3062509298324585,-409.55907684901973,18.19726617606181,103492,103492
1659,609.9333651143315,1,0.3059932589530945,-407.9345951786748,4.403480765996156,103546,103546
1660,605.2899399818937,1,0.3049745261669159,-409.85140426070603,8.671993081216458,103600,103600
1661,607.0406178514219,1,0.3052944839000702,-408.21789205299234,34.835907567222165,103653,103653
1662,610.1052863398422,1,0.30508729815483093,-409.0350132694951,16.607546300799758,103707,103707
1663,605.6627111759603,1,0.30573010444641113,-409.220096881573,20.67161223750848,103759,103759
1664,611.611182945521,1,0.3057129681110382,-408.9408959282769,17.683829656353705,103813,103813
1665,607.9454430562636,1,0.30591464042663574,-407.87825972945603,12.012496343365422,103867,103867
1666,606.1691020954815,1,0.30581748485565186,-409.59447303185095,53.36678121410883,103919,103919
1667,607.8843599066112,1,0.30585405230522156,-408.3151953355321,20.626719324093944,103972,103972
1668,614.3437590667997,1,0.3053412437438965,-410.5359191894531,14.941188980031896,104026,104026
1669,609.8916788493369,1,0.304946631193161,-409.9033162043645,10.525256255498299,104078,104078
1670,607.174038822656,1,0.30495738983154297,-409.67100524902344,12.66521347452093,104132,104132
1671,604.782353347022,1,0.30439257621765137,-409.70490010579425,3.6710111366377935,104186,104186
1672,603.119558675322,1,0.3044722080230713,-409.6678938955631,10.34664647984055,104239,104239
1673,607.896137142154,1,0.3044072687625885,-408.86744011773004,21.610488293347537,104293,104293
1674,611.6844546038701,1,0.30455008149147034,-409.8838967377285,8.840704949396962,104346,104346
1675,612.334375333046,1,0.3046879768371582,-409.95094123253455,11.60663817020563,104398,104398
1676,609.9381083807692,1,0.30458664894104004,-409.6004258641657,3.5809749319868267,104451,104451
1677,601.1365566049326,1,0.3042803108692169,-409.53827595260907,14.58700514289568,104504,104504
1678,606.3510896604938,1,0.3037101626396179,-409.2654612614558,41.952515895550064,104556,104556
1679,607.9969709173131,1,0.30394232273101807,-409.92739119619694,8.50127497259176,104609,104609
1680,614.0945532388495,1,0.3043178617954254,-409.1460712139423,17.938013934172115,104661,104661
1681,612.0346798991313,1,0.30444344878196716,-409.48711084436485,13.72361531522539,104715,104715
1682,607.8389847803995,1,0.30426251888275146,-408.6169709425706,11.67966418999892,104767,104767
1683,602.5619817020242,1,0.30424442887306213,-409.7757797241211,9.56747955083847,104823,104823
1684,615.4379542423235,1,0.304574191570282,-408.6772658404182,20.460104769351435,104874,104874
1685,608.1136670554586,1,0.30498799681663513,-408.7395664431014,6.888463186767866,104927,104927
1686,608.3660954753207,1,0.3042198419570923,-409.1481204562717,4.194049819752022,104981,104981
1687,610.6182870338957,1,0.3039088249206543,-409.61285909016925,20.0137050792023,105035,105035
1688,603.5949781713267,1,0.30377715826034546,-411.0243288436026,15.953539522189015,105088,105088
1689,614.2324545702315,1,0.30384376645088196,-411.20034444557047,9.165133345801875,105141,105141
1690,609.4658809596427,1,0.30362001061439514,-409.3619580538768,18.915789543457752,105194,105194
1691,605.9858234421202,1,0.3032263517379761,-410.3086536335495,13.000124436504436,105247,105247
1692,611.4814023751593,1,0.3030630946159363,-409.79006844979745,32.618948494946515,105301,105301
1693,608.2967974170401,1,0.30332282185554504,-408.2226862024378,11.22147630320655,105355,105355
1694,609.7351833741632,1,0.3039068281650543,-409.46988893904773,19.388769356709606,105408,105408
1695,604.3135541716994,1,0.3038085401058197,-409.2459694602273,7.027077854763378,105463,105463
1696,607.6330671484754,1,0.30363360047340393,-409.24706466109666,8.207849038971794,105517,105517
1697,600.3012846026782,1,0.3035399317741394,-410.13077347366897,18.693591786755455,105571,105571
1698,612.9037036157407,1,0.30333566665649414,-409.9122654177108,18.0795338851101,105624,105624
1699,607.5798482273786,1,0.3033934235572815,-410.5043391474971,11.72597853342692,105678,105678
1700,608.7527373345339,1,0.30330780148506165,-409.9354934692383,9.72857652948453,105730,105730
1701,604.3110583881235,1,0.303631067276001,-410.30767544833094,16.01102489124645,105785,105785
1702,609.4768975542279,1,0.30388668179512024,-409.16292613636364,29.314352135224777,105840,105840
1703,609.0649191185967,1,0.303372323513031,-410.0739389095666,8.056184348070397,105893,105893
1704,612.1475033710691,1,0.3031846582889557,-409.4207924896816,8.61959875304744,105946,105946
1705,606.9748666207817,1,0.30321204662323,-409.3194797222431,57.32659653516916,105998,105998
1706,609.110003960517,1,0.3029102385044098,-409.6543351606889,8.503968854383988,106053,106053
1707,604.0737946081497,1,0.30326420068740845,-410.738447966399,19.2020612888866,106107,106107
1708,604.2707133881221,1,0.30354297161102295,-409.75067816840277,15.42623711736114,106161,106161
1709,612.1440372727479,1,0.30377131700515747,-409.09753362482246,8.479129095511002,106216,106216
1710,608.715964707125,1,0.3035646975040436,-409.81535791467735,23.345501045385998,106270,106270
1711,610.3630336820108,1,0.3033066391944885,-411.4880468980321,11.968900298172573,106323,106323
1712,609.330280239837,1,0.3029858469963074,-409.8485994692202,28.93025188092832,106377,106377
1713,611.8226098023705,1,0.30207914113998413,-409.39475696491746,9.347773729630237,106430,106430
1714,612.3147471961249,1,0.30217409133911133,-408.7398910522461,20.60978495157682,106482,106482
1715,611.8611053981274,1,0.30146709084510803,-408.9276727640404,13.040952619516625,106535,106535
1716,607.8334547924393,1,0.3013896048069,-408.9103842681309,27.270161280092204,106588,106588
1717,612.0207396328356,1,0.30190184712409973,-409.96854987511267,11.330312754099186,106640,106640
1718,611.2328671372569,1,0.3023545742034912,-410.0175956443504,20.257370853865588,106694,106694
1719,603.0067774514507,1,0.30262744426727295,-410.96676908220564,12.51592603964465,106750,106750
1720,608.7097828773313,1,0.3030719757080078,-411.07098676573554,6.718089679502091,106803,106803
1721,602.9634995274314,1,0.30313625931739807,-410.0346463290128,5.692421291091225,106858,106858
1722,611.1342533048742,1,0.3030954897403717,-409.5953945583767,11.865406239474261,106912,106912
1723,611.3390215255229,1,0.30342021584510803,-409.01213299786605,4.230193120461923,106966,106966
1724,607.327042501156,1,0.30300474166870117,-409.8760081699916,21.383257380553655,107022,107022
1725,607.7809699867782,1,0.3030813932418823,-410.77264291268807,19.571108670146376,107076,107076
1726,609.4834401978814,1,0.30251121520996094,-411.1297636212043,3.2999864029434494,107129,107129
1727,603.254655421692,1,0.30231890082359314,-409.34207597212355,12.400433707237244,107184,107184
1728,601.7731051954871,1,0.30258965492248535,-411.320480058778,16.500802597909605,107237,107237
1729,610.7038815916228,1,0.30279743671417236,-410.4637745250355,9.88558526689356,107292,107292
1730,610.3259163174979,1,0.30282679200172424,-410.29040009120723,43.53771585788367,107345,107345
1731,613.6240603548483,1,0.30282554030418396,-409.8118631614829,4.344256248114244,107398,107398
1732,610.1488958210209,1,0.30288732051849365,-408.8998758567954,30.325762118933337,107451,107451
1733,607.3443013917192,1,0.3034715950489044,-409.55928586563977,14.467087181109303,107504,107504
1734,615.9879006347097,1,0.30363720655441284,-411.6511428267867,12.851211803930777,107558,107558
1735,606.0339721303005,1,0.30350518226623535,-410.4666987400429,11.24463437351526,107609,107609
1736,612.7827249270148,1,0.30364540219306946,-409.1773393419054,16.39151257718051,107663,107663
1737,607.6811016536922,1,0.303141713142395,-410.9094701696325,12.082832760281033,107717,107717
1738,608.469757020123,1,0.3029605448246002,-409.8460460316051,3.8375850720839066,107772,107772
1739,613.9491708487618,1,0.30319297313690186,-410.49492717239093,3.1426824241314293,107825,107825
1740,609.0508698679516,1,0.3032524585723877,-409.26267976580925,8.185901497894863,107878,107878
1741,607.7539294406064,1,0.30325964093208313,-410.0729142622514,3.5912709387865935,107933,107933
1742,610.0261458279444,1,0.30249646306037903,-411.2579080087167,9.367881048608709,107987,107987
1743,612.6749519795718,1,0.30276283621788025,-410.9534155038687,17.76602844779308,108039,108039
1744,606.5885280022591,1,0.3023831844329834,-410.2705653928361,14.210987752338625,108092,108092
1745,605.3405990250801,1,0.30128008127212524,-409.9851717862216,28.718097812479193,108147,108147
1746,615.2892826870077,1,0.30083250999450684,-409.1352439293495,6.540278359101369,108199,108199
1747,607.3794624515064,1,0.30085882544517517,-410.83008547182436,10.384461149021432,108253,108253
1748,610.2432305201528,1,0.3015766739845276,-409.0515309459758,22.1783293238226,108306,108306
1749,603.8631813286221,1,0.3018145263195038,-409.7258661443537,30.880682849884032,108361,108361
1750,611.7620002945185,1,0.3018360733985901,-410.59593370225696,5.428961926036411,108415,108415
1751,604.1238763913332,1,0.30199891328811646,-410.9063720703125,17.807875043940992,108468,108468
1752,602.618987170742,1,0.30219659209251404,-409.10273121021413,23.92226803082007,108522,108522
1753,604.1481853892981,1,0.3020344376564026,-409.10083526035527,19.242420977016664,108575,108575
1754,611.5464019584657,1,0.3021072447299957,-411.2253089317909,2.6768453946480384,108627,108627
1755,609.4208063910456,1,0.3016100227832794,-409.4905445445668,7.020466568253257,108682,108682
1756,603.5975092510838,1,0.30145198106765747,-410.64400658240686,4.118555706280929,108734,108734
1757,603.7706634585426,1,0.3013518154621124,-410.05975059226705,10.727570085613817,108788,108788
1758,607.5182331453392,1,0.30160394310951233,-409.28315263227984,26.610824433240023,108843,108843
1759,608.9601431517659,1,0.30232682824134827,-410.50426511411314,17.174260055577314,108897,108897
1760,608.8858852014366,1,0.30151546001434326,-408.67353504108934,7.040014219733904,108950,108950
1761,612.3641941452745,1,0.3011349141597748,-410.6827842018821,17.13079658204859,109005,109005
1762,610.8774989538668,1,0.30110985040664673,-411.31158329890326,6.990642923575181,109057,109057
1763,603.7564873364493,1,0.30057984590530396,-410.67512568721065,7.946620228113951,109111,109111
1764,602.7229203366314,1,0.30004656314849854,-409.7059534976357,10.26107730990962,109168,109168
1765,609.9058708859513,1,0.3004162609577179,-411.9959958634287,14.649102991481996,109221,109221
1766,608.0191900648649,1,0.30065351724624634,-409.6493648952908,2.533200857815919,109275,109275
1767,608.011788993706,1,0.30105486512184143,-410.4989230816181,13.5846588405279,109327,109327
1768,608.6146824731837,1,0.3009869158267975,-409.60392233041614,16.30764946800012,109379,109379
1769,601.4974929601827,1,0.30153509974479675,-408.97196125534344,12.21184077577771,109432,109432
1770,610.5785427253749,1,0.3010842800140381,-410.47332470233624,9.82445010313621,109484,109484
1771,606.2548790229475,1,0.3005771040916443,-410.8511217557467,34.41776176599356,109536,109536
1772,605.5576741950017,1,0.3000167906284332,-412.0067884657118,14.525268225758165,109590,109590
1773,609.111142617118,1,0.30021950602531433,-411.45634266246446,34.33341168056835,109645,109645
1774,607.2012462929872,1,0.29975274205207825,-411.1280042860243,10.431192813096223,109699,109699
1775,614.4142499663988,1,0.30020374059677124,-410.0488500055277,9.09698172560278,109752,109752
1776,605.2650554675135,1,0.3001684844493866,-410.48471235795455,7.014829603108493,109807,109807
1777,605.5376513840001,1,0.3004836440086365,-408.9801601193986,19.649095688226087,109860,109860
1778,606.7029064564687,1,0.3002113103866577,-409.65816130461513,26.28628734747569,109914,109914
1779,606.6172450247266,1,0.299997478723526,-411.2357653104342,12.346823843625875,109966,109966
1780,607.088891064246,1,0.29971522092819214,-412.259952545166,20.050218607698167,110022,110022
1781,607.7017500808852,1,0.2997135818004608,-411.65201496628094,12.413545113689494,110075,110075
1782,610.220874349278,1,0.3002306818962097,-410.49469915426005,45.95338936571805,110128,110128
1783,612.0125332322403,1,0.30017346143722534,-411.56665442124853,20.016346384894174,110181,110181
1784,604.801688993351,1,0.30004191398620605,-410.2780040394176,17.40190356427973,110236,110236
1785,606.4530307247785,1,0.3002138137817383,-410.07831787109376,3.6645022368431093,110286,110286
1786,612.5704801442494,1,0.30024921894073486,-411.14607125741463,11.559431963496738,110340,110340
1787,609.352371247103,1,0.3002575933933258,-411.9372541947798,9.450926886905323,110395,110395
1788,610.3776164992067,1,0.30036672949790955,-412.9736305092866,13.404696273353865,110448,110448
1789,605.5575956641636,1,0.2998912036418915,-410.59784914412586,14.314736656422886,110501,110501
1790,612.9817244167238,1,0.30027180910110474,-410.3003338507886,49.95170757680569,110554,110554
1791,611.3878803266364,1,0.3005950450897217,-411.74122936320754,12.004341172722151,110607,110607
1792,604.7224850126325,1,0.3007362484931946,-409.7323902271412,10.853693734716487,110661,110661
1793,607.5568820834133,1,0.3005110025405884,-410.15918986002606,14.732943263318804,110715,110715
1794,615.8009575614992,1,0.30088815093040466,-409.41266848006336,3.6178444039146855,110768,110768
1795,607.9311593820141,1,0.30126285552978516,-411.34624207694577,6.9594103502777385,110821,110821
1796,611.8402138439253,1,0.30151382088661194,-412.40199190027573,11.082790837568396,110872,110872
1797,612.0171916449042,1,0.3006366789340973,-410.7163185706505,6.879908089454357,110924,110924
1798,601.7024043463641,1,0.3005441725254059,-411.9115361993963,13.93288871158253,110979,110979
1799,607.4605688263297,1,0.300150990486145,-410.27448085568983,14.426935958412459,111032,111032
1800,607.6312702728427,1,0.29962414503097534,-411.9626798276548,12.359892692830828,111086,111086
1801,610.4779539751645,1,0.3000257611274719,-412.07436907732927,20.585257709026337,111140,111140
1802,609.9940016863662,1,0.2999805808067322,-410.0240128128617,12.981534463387948,111194,111194
1803,611.5884180408514,1,0.29991865158081055,-410.7844712999132,13.328445006299901,111248,111248
1804,607.8075871054491,1,0.300017386674881,-410.6841137225811,17.467799466389877,111300,111300
1805,611.5767740732316,1,0.30028343200683594,-410.5783950517762,30.04055072001691,111353,111353
1806,607.9417951528076,1,0.30015265941619873,-408.55281210845374,15.808595200754562,111406,111406
1807,616.048542227826,1,0.3000137507915497,-409.74639604676446,10.732193238330337,111459,111459
1808,618.6966472988969,1,0.30010712146759033,-411.47345661667157,15.979681278174779,111512,111512
1809,604.068641181942,1,0.3000619411468506,-412.55412542169745,13.455094302784312,111567,111567
1810,608.2939362942052,1,0.2999158501625061,-410.136251197671,5.817858871423973,111620,111620
1811,610.4348334152529,1,0.3001079261302948,-409.3418166549117,40.985769848028816,111674,111674
1812,609.3081249892109,1,0.29966628551483154,-411.2588840060764,10.854641393378929,111728,111728
1813,604.5803463348582,1,0.29958054423332214,-411.28947279188367,14.09371464340775,111782,111782
1814,613.0700241218351,1,0.2992170751094818,-410.23297401710795,23.469355322696543,111836,111836
1815,605.3224145209673,1,0.29962050914764404,-410.70309720720564,5.387709645288331,111892,111892
1816,614.2674205063455,1,0.2998424172401428,-410.02176959698016,19.020588083909107,111944,111944
1817,606.1268593339413,1,0.3002665340900421,-410.83239146641324,9.386258712836675,112000,112000
1818,606.8701185363868,1,0.2996762990951538,-412.0031359637225,28.645320309533012,112054,112054
1819,610.5524797950643,1,0.29984042048454285,-410.72049654447113,5.879435734106944,112106,112106
1820,605.4972806212247,1,0.2996640205383301,-412.02994638119105,20.709869989809,112159,112159
1821,610.5892551813185,1,0.29952535033226013,-410.16591370780515,22.843326150246387,112212,112212
1822,611.7566277970986,1,0.29936060309410095,-412.3096376814932,20.965278778436048,112265,112265
1823,603.9223096459436,1,0.2995794117450714,-410.7572315144089,30.024437839130186,112318,112318
1824,608.9399817390131,1,0.2994271516799927,-411.22880158600987,27.324859586026932,112372,112372
1825,608.4927335493119,1,0.29919275641441345,-411.8457492005591,8.413023775699092,112423,112423
1826,607.0884779876825,1,0.2991162836551666,-411.2002230043764,25.48909197251002,112477,112477
1827,604.4175990068977,1,0.2996388375759125,-411.2170133237486,6.878253603423083,112531,112531
1828,603.2379593517535,1,0.29958394169807434,-411.0810650416783,3.1927095970937183,112587,112587
1829,606.536624458002,1,0.29955732822418213,-411.20349236254424,18.813836675769878,112640,112640
1830,614.2450695877374,1,0.29967445135116577,-412.0272486760066,29.58303360755627,112692,112692
1831,607.9841339374841,1,0.2996929883956909,-413.1743071933962,9.814914240027374,112745,112745
1832,602.5205327121657,1,0.2986392378807068,-409.24109232200766,13.247243955450237,112798,112798
1833,605.3816259167438,1,0.29899677634239197,-410.77633445046166,12.983635707335038,112853,112853
1834,604.7247735760611,1,0.2987651824951172,-412.0229584830148,12.417526572942734,112909,112909
1835,607.7674509003033,1,0.2994677722454071,-411.71442441587095,14.507570540463483,112963,112963
1836,607.5815343932193,1,0.29904043674468994,-412.0480041503906,8.357791566848755,113018,113018
1837,610.1287575668152,1,0.29911744594573975,-411.38153893607006,29.66298625086035,113074,113074
1838,609.8006052313333,1,0.2995207905769348,-412.8376255741826,6.71994005088453,113128,113128
1839,608.9191464343079,1,0.2992647588253021,-411.41047611943,20.23191210517177,113182,113182
1840,610.2126738159336,1,0.29939699172973633,-412.2675106342022,2.8369104334941277,113234,113234
1841,611.3573300851035,1,0.298828661441803,-410.45203653971356,24.852789454989964,113288,113288
1842,613.4694946299423,1,0.2983304262161255,-411.6120218130258,7.73917843745305,113340,113340
1843,612.0634439234362,1,0.29844048619270325,-412.98174872765173,14.901949495077133,113392,113392
1844,602.136335254871,1,0.2989250719547272,-412.37940835053064,11.231386906695816,113445,113445
1845,607.9378596028525,1,0.2992323040962219,-412.7944721725752,16.767125008241187,113498,113498
1846,611.81073859615,1,0.2984808385372162,-410.8966621985802,5.166090128513483,113550,113550
1847,607.3924600238242,1,0.29845646023750305,-412.2085049715909,2.8515530001033436,113605,113605
1848,610.0500308340123,1,0.29852157831192017,-411.678891318185,11.202357769012451,113661,113661
1849,607.6357757037941,1,0.29871949553489685,-412.19541813777045,13.853385530985319,113713,113713
1850,603.8794607542483,1,0.2981550693511963,-413.0828058416193,17.938782011378894,113768,113768
1851,601.9388323566059,1,0.29792559146881104,-410.50193980823866,17.2355389660055,113823,113823
1852,612.0828917061261,1,0.2981308698654175,-412.34222412109375,27.98739943189441,113876,113876
1853,608.3234294836752,1,0.29819661378860474,-410.3888510244864,5.856613172425164,113930,113930
1854,609.2387686441624,1,0.298088014125824,-410.9409294848172,4.841219173287445,113983,113983
1855,610.2376542009836,1,0.2981412708759308,-412.26292160322083,31.50475656311467,114036,114036
1856,609.5951107125468,1,0.29822278022766113,-412.2415011423939,5.4399347485236405,114089,114089
1857,599.9675086449884,1,0.2987087070941925,-411.55908748081754,7.870427131652832,114145,114145
1858,604.7000585050318,1,0.2986801266670227,-411.9683351869936,15.749017055387851,114199,114199
1859,609.5079902861792,1,0.2984007000923157,-412.15647833687916,12.275973228471619,114255,114255
1860,607.8708681946234,1,0.2986726760864258,-412.5040905070755,11.239514708518982,114308,114308
1861,603.9433140018132,1,0.299125999212265,-411.5182489568537,18.77808284109289,114363,114363
1862,610.4944921872985,1,0.2991674840450287,-412.43545762547905,10.391460144294882,114416,114416
1863,604.3077007604174,1,0.2990683913230896,-411.192394680447,12.608356292600986,114470,114470
1864,605.7348170619159,1,0.29867297410964966,-411.76730798791954,3.4602903105594494,114524,114524
1865,605.6960740284478,1,0.29862889647483826,-412.4416739985628,6.544608662713249,114577,114577
1866,613.0444077414843,1,0.2989860475063324,-412.4179041935847,20.105868896612755,114629,114629
1867,607.1706743441931,1,0.2990301251411438,-411.8202276056463,9.016398618438027,114684,114684
1868,610.6334837334005,1,0.29867875576019287,-411.9643793279474,6.745936250686645,114739,114739
1869,603.679501643851,1,0.2990405857563019,-411.8873074618253,9.162177482518283,114794,114794
1870,614.9903460114508,1,0.2993369698524475,-412.2173721025575,20.103586671487342,114847,114847
1871,608.7117067320034,1,0.2994500994682312,-412.06886800130206,7.140787169045093,114898,114898
1872,606.1432152337721,1,0.29940053820610046,-412.79049037053034,6.922216257223716,114950,114950
1873,608.2123148074526,1,0.2993663549423218,-411.26524635597514,8.772290622746503,115004,115004
1874,609.3505436137494,1,0.29950132966041565,-411.6792129815793,22.39206566062628,115055,115055
1875,610.7364506286509,1,0.2995356619358063,-411.8523118760851,17.173905114332836,115109,115109
1876,600.1665866606343,1,0.29837507009506226,-409.84703868519176,10.957613964514298,115164,115164
1877,604.9070627674134,1,0.29793912172317505,-412.8239774883918,21.23880437635026,115217,115217
1878,608.723841455999,1,0.2984994351863861,-411.0582484492549,2.96198476906176,115271,115271
1879,602.6078257082336,1,0.29889893531799316,-412.1238934552228,8.545985023180643,115325,115325
1880,607.524387812223,1,0.29890304803848267,-411.39091117427034,21.8769208170333,115378,115378
1881,606.9114767645655,1,0.2990534007549286,-412.0876700923128,7.005678788670954,115431,115431
1882,605.9934815565056,1,0.2996041476726532,-412.77318279559796,2.6852558301045346,115483,115483
1883,611.3312262876836,1,0.29918405413627625,-411.86890778718174,16.229186830697238,115537,115537
1884,607.813464904999,1,0.2993829548358917,-411.1472060592086,5.519175604537681,115591,115591
1885,608.0598508997787,1,0.2995908260345459,-412.36451721191406,11.942697761235413,115645,115645
1886,611.7543022019687,1,0.29989153146743774,-412.2929110440341,23.570289876244285,115700,115700
1887,603.7562075615747,1,0.29963764548301697,-411.87946708247347,5.287869336470118,115753,115753
1888,607.5464898021681,1,0.29944896697998047,-412.0709386972281,12.008266132611494,115805,115805
1889,610.96569451604,1,0.2998863458633423,-412.06123438421287,18.724961080641116,115858,115858
1890,609.8246502543457,1,0.30049675703048706,-412.28061930338544,8.247853062770984,115912,115912
1891,610.5490092412103,1,0.30047813057899475,-411.19085002395343,12.554289905530101,115965,115965
1892,605.678062972335,1,0.30027303099632263,-412.58133045543326,20.08384594483809,116020,116020
1893,611.3270197638171,1,0.30057859420776367,-411.9207573656766,8.610688234275242,116073,116073
1894,601.8089951274249,1,0.30102935433387756,-412.90443537785455,11.567841273087721,116125,116125
1895,613.4611631220322,1,0.3009811043739319,-412.0843698007089,10.411121642148053,116179,116179
1896,607.6413270696294,1,0.3008558750152588,-412.03832201687794,3.765185684527991,116232,116232
1897,611.548907147571,1,0.3000260889530182,-412.4469785337095,8.48840351237191,116286,116286
1898,606.0160986622523,1,0.2997450828552246,-412.53518288352274,10.813112590529702,116341,116341
1899,607.5411186737651,1,0.2999356687068939,-411.05951162484973,4.928710304773771,116393,116393
1900,608.3397670477034,1,0.30013972520828247,-413.370787422612,3.4316042009389625,116446,116446
1901,607.5357662731188,1,0.29981186985969543,-413.1614028642762,6.990480162062735,116499,116499
1902,603.5682063850938,1,0.2997327148914337,-411.8799591064453,26.1903698352667,116551,116551
1903,608.8081609577987,1,0.2995113730430603,-411.26476994267216,14.440918781139233,116605,116605
1904,614.9468897408809,1,0.2992214858531952,-412.4540530934053,3.997428854306539,116656,116656
1905,605.3705848469372,1,0.2987142503261566,-410.5414628462358,15.783229569955306,116711,116711
1906,607.2793924107274,1,0.2986583411693573,-413.21052607783565,23.25989321426109,116765,116765
1907,612.407918201287,1,0.29888227581977844,-411.5384982127064,20.298253354036582,116818,116818
1908,604.5586921237623,1,0.29856377840042114,-412.11268733097955,4.551502839877055,116870,116870
1909,606.4296278651499,1,0.2985079884529114,-410.82229162145546,44.70018142461777,116924,116924
1910,602.716380403109,1,0.2981807291507721,-411.42962036132815,9.268979306654497,116979,116979
1911,607.4867164053024,1,0.29831403493881226,-412.58723845305263,6.300867239634196,117033,117033
1912,611.5795006875479,1,0.29869624972343445,-412.4864530743293,3.6931883996387698,117086,117086
1913,608.5649265765009,1,0.29897573590278625,-412.05026590599203,5.8457089257690145,117139,117139
1914,610.3598723761651,1,0.29892876744270325,-413.76336839463977,10.778117773709473,117193,117193
1915,606.6938313492194,1,0.29794424772262573,-412.3653615315755,23.911025259229874,117247,117247
1916,603.1513700936841,1,0.2977408468723297,-413.01751708984375,15.761810538945374,117301,117301
1917,608.5162998482934,1,0.29773083329200745,-411.86858439895343,8.502967589306381,117354,117354
1918,605.4967662722474,1,0.297298401594162,-412.68480710630064,15.77090075722447,117408,117408
1919,605.6244092801819,1,0.2977648377418518,-413.2310422501474,24.69404406592531,117461,117461
1920,606.944781480302,1,0.2974688410758972,-412.89063594026385,17.49880714911335,117514,117514
1921,604.6724529796534,1,0.29779770970344543,-412.61145180150083,33.642827575666864,117571,117571
1922,607.2049228680794,1,0.2976565361022949,-412.09475763494316,13.767448065497659,117626,117626
1923,609.8611978003812,1,0.29782867431640625,-412.188497291421,15.614275759121156,117679,117679
1924,603.9930778996965,1,0.29816943407058716,-413.1542053222656,14.838391830336374,117732,117732
1925,606.5703839799263,1,0.29851940274238586,-413.33118942548646,19.48364340134387,117785,117785
1926,610.5272175648647,1,0.2979724705219269,-412.9341554994936,16.29136832334377,117839,117839
1927,606.2320772921742,1,0.2981475591659546,-410.5407691811616,18.486320731774818,117892,117892
1928,603.7810819058757,1,0.2977246642112732,-412.8471708477668,10.608754065801513,117945,117945
1929,608.521764439247,1,0.2978053092956543,-412.6752383892353,12.919538701956089,117997,117997
1930,600.5650611909895,1,0.2975414991378784,-411.7608470569957,3.3850237824700096,118052,118052
1931,609.9974748710837,1,0.29730167984962463,-411.8969801416937,4.088008869369075,118105,118105
1932,611.2188918281361,1,0.2979714274406433,-413.5223814766362,20.23889467626248,118158,118158
1933,606.9737540538265,1,0.29816892743110657,-411.5805882867777,6.394352542904188,118211,118211
1934,607.8944535018882,1,0.2984153628349304,-413.05963952200756,11.633630184190613,118267,118267
1935,603.7155458916263,1,0.2986777424812317,-413.2530811237839,15.123161671296605,118320,118320
1936,607.3131026557205,1,0.29853665828704834,-413.0228051079644,12.707736463458449,118374,118374
1937,608.0587608010402,1,0.2989090383052826,-413.7236684163411,13.41954877420708,118428,118428
1938,612.6339432012617,1,0.2990776002407074,-411.59856141288327,4.271166149175392,118481,118481
1939,606.0469932669558,1,0.29910504817962646,-412.3808536169664,21.452802669327212,118534,118534
1940,606.3390855570638,1,0.29917293787002563,-412.29399557674634,2.9300969558603622,118585,118585
1941,610.8639178561982,1,0.2991414964199066,-413.3629862467448,6.9731639756096735,118639,118639
1942,608.1886651056583,1,0.29859620332717896,-411.5184234043337,19.906736331165963,118692,118692
1943,608.0112053723583,1,0.29875239729881287,-411.82438515717126,27.95644145641687,118745,118745
1944,609.5931901108246,1,0.29861652851104736,-412.01822553362166,11.786058781402451,118801,118801
1945,616.8745177485031,1,0.29829296469688416,-412.28483955815153,8.59883193924742,118854,118854
1946,607.4756545856669,1,0.2984131872653961,-413.408021171138,22.307392178841358,118907,118907
1947,601.953464978062,1,0.2985944151878357,-412.59056678185095,31.84754577966837,118959,118959
1948,607.5594966359916,1,0.29838356375694275,-411.9507757116247,14.567570553885567,119013,119013
1949,608.6229741270375,1,0.2986239194869995,-412.6050685666642,14.031088662597368,119066,119066
1950,610.058734145704,1,0.2987927198410034,-413.02073962871845,15.735078719946054,119118,119118
1951,610.0709251288163,1,0.2988579571247101,-412.46000527435876,9.342725022783819,119171,119171
1952,608.0620391301247,1,0.29885342717170715,-412.6791969155366,8.145846488340846,119224,119224
1953,611.1327288216585,1,0.2991451323032379,-413.4763373608859,4.196503873141307,119277,119277
1954,609.9799815244546,1,0.29916828870773315,-412.67209610849056,19.68872097978052,119330,119330
1955,616.8587031169733,1,0.2989279627799988,-411.8099297417535,8.603376333360318,119384,119384
1956,609.1033565040028,1,0.29880058765411377,-413.08741364655674,25.974126621528907,119438,119438
1957,610.6494378962017,1,0.2984382212162018,-412.9550562444723,32.99126235269151,119491,119491
1958,603.3530324128454,1,0.29828184843063354,-412.95332172938754,26.360576840383665,119547,119547
1959,605.2594430920084,1,0.2979412078857422,-412.52772262861146,18.01633410858658,119600,119600
1960,607.6127511475602,1,0.29781171679496765,-414.1106889832695,20.95639388516264,119653,119653
1961,610.437869208488,1,0.2977240979671478,-413.25660196940106,24.503181455311953,119707,119707
1962,607.8177753343123,1,0.29701024293899536,-413.5423391836661,8.661469519138336,119761,119761
1963,604.4468340352582,1,0.2970401346683502,-412.45936867042826,15.233901566929287,119815,119815
1964,603.5442023375966,1,0.2978198528289795,-412.9164451316551,29.761459008411126,119869,119869
1965,607.688805856922,1,0.2977924346923828,-414.4464139585142,9.510420106075427,119923,119923
1966,612.2653560778704,1,0.29815009236335754,-411.63831922743054,14.702240272804543,119977,119977
1967,605.0802507558569,1,0.29858821630477905,-413.98127940784804,9.75867169120095,120032,120032
1968,613.5254467941297,1,0.2990974485874176,-411.6739854999617,9.990983600709953,120083,120083
1969,611.4914822365356,1,0.29950085282325745,-411.53682002314815,23.126722768501,120137,120137
1970,609.6091323098002,1,0.2994627058506012,-413.7971232487605,27.68935130880429,120189,120189
1971,612.3706874590439,1,0.2995835244655609,-412.9417240934552,21.383521984208304,120242,120242
1972,610.4035670487165,1,0.29920101165771484,-413.89210623281974,16.390187700589497,120296,120296
1973,602.4740036811614,1,0.2984592318534851,-414.1483470371791,19.773707313197,120352,120352
1974,613.5432826588499,1,0.29910042881965637,-411.4194905982827,16.737994364972383,120405,120405
1975,606.0435755730666,1,0.29962557554244995,-414.3112041766827,19.44572672018638,120457,120457
1976,613.0475709307084,1,0.2998448312282562,-412.7673800486439,5.685180479625486,120510,120510
1977,607.7821551465579,1,0.29999497532844543,-414.83045281304254,7.187768900835955,120564,120564
1978,605.1474891465676,1,0.29933422803878784,-412.9307383411336,9.55017893269377,120617,120617
1979,603.5865585833685,1,0.2997687757015228,-414.4100675229673,5.296574272491314,120671,120671
1980,616.1468835566965,1,0.29918432235717773,-414.00108020710496,14.4210673997987,120724,120724
1981,610.2436690748619,1,0.2992977201938629,-414.11145958533655,8.050521884973232,120776,120776
1982,599.7410766859466,1,0.29891130328178406,-413.4584173029119,13.905371616103432,120831,120831
1983,611.9269269723953,1,0.2988332211971283,-413.9060099675105,9.708238436625553,120883,120883
1984,607.1969868446208,1,0.2985868453979492,-412.45714986549234,19.069969642837094,120936,120936
1985,608.1134063010885,1,0.2987792193889618,-413.466792179988,16.67911899319062,120988,120988
1986,606.3194369875903,1,0.2992461025714874,-412.3368027001097,27.50217296784384,121045,121045
1987,612.0279240261066,1,0.2992727756500244,-411.5125562879774,9.64743395867171,121099,121099
1988,606.1736110531765,1,0.29893410205841064,-412.7095025869516,10.610176017651192,121151,121151
1989,612.5626070122096,1,0.29955101013183594,-412.6356373912883,18.325475861441415,121204,121204
1990,615.7075604306548,1,0.29927679896354675,-413.86861491653156,8.222662565843114,121257,121257
1991,605.914028299142,1,0.29874420166015625,-414.6503044262267,5.9692120803029916,121314,121314
1992,611.7598412137668,1,0.29879260063171387,-412.52653475674714,13.28526801846244,121369,121369
1993,614.5771594962765,1,0.2991254925727844,-413.0032313420222,11.140135771953142,121421,121421
1994,613.3456845131552,1,0.2992928624153137,-412.8296241760254,15.973143345543317,121477,121477
1995,612.0346641221615,1,0.2994057536125183,-412.28029573880707,8.60710182098242,121529,121529
1996,605.7251285709788,1,0.3000723123550415,-413.2446368182147,5.278206169605255,121583,121583
1997,607.9090898652232,1,0.300164133310318,-413.0511700665509,20.327219503897208,121637,121637
1998,612.3114590150067,1,0.3001260757446289,-414.13101665790265,16.697125306496254,121689,121689
1999,605.870404430149,1,0.29997846484184265,-414.1679900547243,11.608267941564884,121742,121742
2000,608.5755575978981,1,0.29942819476127625,-413.24510387073866,14.010416215116328,121797,121797
2001,607.4064055159761,1,0.2990868389606476,-412.07565696022726,12.104260609366676,121852,121852
2002,612.1484447365966,1,0.2989621162414551,-415.5084950373723,10.52532081420605,121904,121904
2003,608.4551634506366,1,0.29911383986473083,-412.31127872107163,9.509904049477488,121957,121957
2004,603.9969215755395,1,0.29944121837615967,-413.5861600008878,2.780098284374584,122012,122012
2005,611.1261470214591,1,0.30016791820526123,-413.6041259765625,8.000468985089716,122065,122065
2006,605.0531480580221,1,0.3002704381942749,-413.093056418679,9.051400631124324,122120,122120
2007,616.0540852654954,1,0.30025359988212585,-414.4562325110802,4.043191648446596,122172,122172
2008,610.9204682290981,1,0.3008323907852173,-413.3045331169577,9.459364304355546,122223,122223
2009,612.2806430523588,1,0.30099356174468994,-412.42118072509766,24.50835205041445,122275,122275
2010,612.7155862853596,1,0.30119553208351135,-414.58903301886795,24.054789617376507,122328,122328
2011,613.232152170262,1,0.30091527104377747,-412.1400099534255,31.031699033883903,122380,122380
2012,609.8086807016525,1,0.3007989227771759,-413.1193026029147,3.3499323404752293,122432,122432
2013,615.0170034842863,1,0.300049364566803,-413.7631547715929,4.712087578243679,122486,122486
2014,608.3495261017036,1,0.29976242780685425,-412.7812754313151,7.5945740474594965,122540,122540
2015,604.9790501484684,1,0.29977890849113464,-414.12278238932294,5.69811913922981,122594,122594
2016,615.740960682864,1,0.30009618401527405,-412.60645059438855,7.858727778379734,122646,122646
2017,608.7182788196814,1,0.29944682121276855,-413.32806103046124,12.185057484186613,122698,122698
2018,611.4561113346872,1,0.2994379997253418,-412.4523804862544,7.666757819787511,122751,122751
2019,610.7608484846522,1,0.29917311668395996,-413.17137289946936,11.919949209915018,122804,122804
2020,608.6368942246451,1,0.29935145378112793,-415.30466813307544,4.837320836690756,122856,122856
2021,606.3101721949226,1,0.2990551292896271,-412.820728443287,12.701182595005742,122910,122910
2022,604.008034150949,1,0.2994094491004944,-413.9114244249132,8.026161470898876,122964,122964
2023,609.8801983242853,1,0.29945212602615356,-414.50472344292535,17.05727329187923,123018,123018
2024,608.5898072975597,1,0.29999321699142456,-414.6848421450014,23.913840532302856,123072,123072
2025,609.0774253207331,1,0.3002046048641205,-413.714619029652,14.357047328081999,123127,123127
2026,610.671762137307,1,0.30061468482017517,-413.67109766546287,39.808016225976765,123180,123180
2027,611.9551236407862,1,0.3006522059440613,-415.82123839180423,12.737535474435338,123233,123233
2028,597.4268758615308,1,0.3007895350456238,-414.1414240056818,22.009680769660257,123288,123288
2029,608.261668491766,1,0.3009491264820099,-415.06517322246845,7.242111063920534,123340,123340
2030,605.7384875469584,1,0.3011084794998169,-414.04175898713885,7.811255972340422,123393,123393
2031,609.8004194882582,1,0.3009616434574127,-413.55617998231133,10.895755684600687,123446,123446
2032,612.9127221131873,1,0.3009115755558014,-414.7956740767867,6.5120734042591515,123500,123500
2033,611.1797649425196,1,0.3004383444786072,-415.3462104077609,13.549845717987925,123553,123553
2034,611.8095811399298,1,0.2996271848678589,-413.58705252188224,3.4725245193198875,123607,123607
2035,608.5693050209024,1,0.2992739975452423,-412.63902693528394,2.541669111985427,123659,123659
2036,606.9399205975864,1,0.2992590665817261,-413.5906233877506,4.284867716285418,123712,123712
2037,607.2665262740032,1,0.29910898208618164,-413.5458529490345,9.78233439517471,123765,123765
2038,606.3035496047635,1,0.29873716831207275,-414.60256223325376,16.185787150153406,123819,123819
2039,611.9798852444742,1,0.2986067235469818,-414.5327557257886,27.796232776821785,123872,123872
2040,613.4239334982622,1,0.298993855714798,-413.38272829409,9.070322237632892,123926,123926
2041,609.6804090300373,1,0.29903897643089294,-413.1828762990124,6.845653243784635,123979,123979
2042,608.9949834794592,1,0.2991877794265747,-414.07004236291954,7.650376322092833,124033,124033
2043,607.617697812743,1,0.29870301485061646,-414.3610269052011,15.69359251304909,124087,124087
2044,608.1457923336883,1,0.2988884747028351,-413.98888631967395,18.49088672720469,124139,124139
2045,609.5525066357098,1,0.29901623725891113,-413.57015012345227,7.756598497336766,124192,124192
2046,607.3030018325195,1,0.2981463372707367,-415.3954190854673,2.945002672848878,124246,124246
2047,608.1033810461101,1,0.2982828617095947,-413.90128542342273,20.402951467711972,124299,124299
2048,607.9519207151955,1,0.29841965436935425,-414.88428137437353,15.811018192543173,124352,124352
2049,606.1613375780462,1,0.29817771911621094,-412.6174713710569,5.262635599892095,124405,124405
2050,612.4128771637012,1,0.29861941933631897,-413.56647406684027,22.399404428623342,124459,124459
2051,613.2667519200385,1,0.2982758581638336,-414.1877224261944,11.090381319706257,124511,124511
2052,608.1456950539872,1,0.2979362905025482,-414.07637376051684,19.42937871813774,124563,124563
2053,601.9001616619289,1,0.2983989417552948,-415.8976474338108,12.847567383889798,124617,124617
2054,607.8352336185284,1,0.2982185482978821,-413.5661603819649,17.654725841756136,124670,124670
2055,619.5378359066108,1,0.2980540990829468,-413.8450820357711,13.668003340562185,124724,124724
2056,610.1613848032624,1,0.2984400987625122,-414.0736846923828,3.9792973619920238,124778,124778
2057,603.5849991150899,1,0.2985720932483673,-414.32607514003536,12.530065948108458,124831,124831
2058,603.61040013541,1,0.2987159490585327,-412.7139259620949,9.33547075589498,124885,124885
2059,608.6063236631712,1,0.2993246614933014,-413.2939384028597,11.727311896827986,124938,124938
2060,610.0457350508432,1,0.29897812008857727,-413.77400970458984,2.8443796932697296,124990,124990
2061,610.3509521090775,1,0.2991229295730591,-414.8638681265024,16.88335619064478,125042,125042
2062,612.4437162656055,1,0.2990976870059967,-414.6460703723836,5.544658798091817,125095,125095
2063,616.109578212277,1,0.2991710901260376,-413.81677020037614,4.700697494877709,125149,125149
2064,606.2676932683938,1,0.29932379722595215,-413.5634523787588,17.303871363963722,125202,125202
2065,614.301329617144,1,0.2997354567050934,-414.4546391413762,14.556203812360764,125254,125254
2066,605.691370045553,1,0.29953229427337646,-415.20018725125294,12.08132926698001,125307,125307
2067,609.8663406242906,1,0.2989296615123749,-414.4856940375434,18.369906730122036,125361,125361
2068,604.6257295652672,1,0.2991652190685272,-414.44023295811246,12.456286724124636,125417,125417
2069,604.0264717597803,1,0.29934248328208923,-414.0731291594329,7.3119500743018255,125471,125471
2070,612.737216568256,1,0.29988256096839905,-413.5434100811298,11.994198776208437,125523,125523
2071,611.1231064080307,1,0.2999303638935089,-414.0565168592665,6.70028081646672,125577,125577
2072,605.7013372277708,1,0.30020037293434143,-414.89679876363505,6.114453135796313,125630,125630
2073,608.0594356922927,1,0.3004234731197357,-413.8915416789505,9.769678576937261,125683,125683
2074,605.6931216522567,1,0.3010113537311554,-414.22091505262586,12.493710648130488,125737,125737
2075,607.9180820506208,1,0.30065619945526123,-413.88026123046876,16.887232611396097,125792,125792
2076,616.2665413102982,1,0.3010280430316925,-414.0739241379958,19.386372754207024,125844,125844
2077,606.9079927293358,1,0.300838828086853,-415.0915973369892,13.479742829616253,125896,125896
2078,609.9102821037964,1,0.30145758390426636,-415.16498493698407,9.961942509660181,125949,125949
2079,611.6620026757203,1,0.30185022950172424,-414.5965242739077,3.888677872993328,126003,126003
2080,602.9701739194055,1,0.30218610167503357,-413.9030739524148,10.158324022726578,126058,126058
2081,614.3481190637237,1,0.3024631440639496,-414.5913057147332,3.463501408415021,126111,126111
2082,612.3630575872477,1,0.30238792300224304,-414.07598704212114,19.952973802134675,126164,126164
2083,609.5117714392479,1,0.301865816116333,-412.84615858545845,6.69785437493954,126217,126217
2084,608.5006801148289,1,0.3018496036529541,-413.2102165941922,10.897148586669058,126270,126270
2085,610.1517357655255,1,0.30235734581947327,-413.6972823232975,17.029387791201753,126323,126323
2086,608.0168850965955,1,0.3024160861968994,-414.4934523446219,24.91847175359726,126379,126379
2087,609.4067501897397,1,0.3022121489048004,-414.73520703585643,9.48962425060992,126432,126432
2088,608.582610435843,1,0.3019305467605591,-414.21879203364534,16.09975036585106,126485,126485
2089,614.6471766000642,1,0.3019346296787262,-414.8530512791054,7.0633048006132535,126536,126536
2090,609.9380085024738,1,0.30132201313972473,-414.160261622015,22.967172732893026,126589,126589
2091,611.2007044697773,1,0.3017648756504059,-415.71259235885907,15.37710836473501,126642,126642
2092,612.8807057509089,1,0.30273064970970154,-414.9979474103009,12.27629988944089,126696,126696
2093,614.3878462555501,1,0.3026503920555115,-414.61964499733665,14.020109282840382,126751,126751
2094,610.3061128286288,1,0.3017909526824951,-414.6837624289773,24.43517665646293,126806,126806
2095,616.5373781414629,1,0.3021744191646576,-415.34863809438855,4.92100418301729,126858,126858
2096,603.3362914439538,1,0.30283495783805847,-416.0228755159198,12.253923605073172,126911,126911
2097,607.7965708085284,1,0.30281534790992737,-416.83726012031985,15.77385801639197,126964,126964
2098,611.1510211089648,1,0.30271032452583313,-413.77831032492895,11.60119739445773,127019,127019
2099,612.5593805244027,1,0.30258411169052124,-413.9121580857497,16.442386358976364,127071,127071
2100,607.6870831985241,1,0.30259087681770325,-415.0673615077757,2.9114341679609046,127124,127124
2101,603.7419315437237,1,0.3019668757915497,-414.34883513274013,20.547284649478065,127178,127178
2102,602.997839264061,1,0.3015165627002716,-414.654862580476,16.835510262736566,127232,127232
2103,607.5157515817539,1,0.3019035756587982,-414.72667635404144,18.145761370658875,127284,127284
2104,613.5054028307708,1,0.3015570342540741,-413.6705437426297,8.149650805401352,127337,127337
2105,606.6689326760863,1,0.30158987641334534,-414.9038871482567,14.300708680241197,127391,127391
2106,609.7529678664141,1,0.30144235491752625,-414.47389537883254,22.766085431260883,127444,127444
2107,610.2873802997268,1,0.3013942241668701,-415.24534372182995,7.309123082802846,127496,127496
2108,605.8107688705611,1,0.3019096553325653,-413.759590287642,23.463382090221753,127551,127551
2109,613.6838518138284,1,0.3021310269832611,-413.5767879845961,4.971661070607743,127604,127604
2110,603.9825524849706,1,0.3019891083240509,-414.4131758256392,17.295832148465244,127659,127659
2111,603.2905028608345,1,0.3014182150363922,-413.3453017900575,13.184966109833628,127712,127712
2112,599.9839135717983,1,0.30147233605384827,-414.5733537153764,2.3418210116299716,127767,127767
2113,604.8728065002182,1,0.3014996349811554,-415.69246438833386,11.092562063382221,127819,127819
2114,610.8337838689041,1,0.3015791177749634,-413.40489372840295,10.420527799771381,127871,127871
2115,615.1717659471535,1,0.3014390766620636,-414.9516918475811,8.123236273343746,127923,127923
2116,607.2163720641136,1,0.3012617528438568,-414.1054591426143,12.286571659423688,127977,127977
2117,607.6400963315223,1,0.30163002014160156,-415.31228119472286,30.699399907633943,128030,128030
2118,608.3359639874215,1,0.3015018701553345,-414.37994208702673,12.574655695603443,128082,128082
2119,608.8001790755237,1,0.30213409662246704,-414.00371926047586,16.757785307277334,128137,128137
2120,615.6093829420632,1,0.3023800253868103,-413.8160787729117,11.606696674456963,128189,128189
2121,602.3243603858107,1,0.30229103565216064,-414.8199612801535,9.02374230455934,128246,128246
2122,587.2948405690104,1,0.30202993750572205,-414.89341227213544,8.418538290157652,128303,128303
2123,602.8892262468344,1,0.30212074518203735,-414.37837388780383,14.810764076533141,128357,128357
2124,607.3839182412376,1,0.3022363781929016,-416.1050268319937,5.73605188039633,128409,128409
2125,609.8931113395847,1,0.3022315502166748,-415.7549622733638,20.3815529976251,128462,128462
2126,608.4889236416385,1,0.3021289110183716,-414.5251086199725,11.946120233447463,128516,128516
2127,610.1426454076114,1,0.30203014612197876,-416.4621998713567,8.780148611618923,128568,128568
2128,609.5593603142282,1,0.3023090660572052,-413.80951040762443,9.436171474280181,128622,128622
2129,601.9104625867083,1,0.3023812472820282,-414.9007517496745,7.786992265118493,128676,128676
2130,607.477745461158,1,0.3023211359977722,-416.2449086507161,10.025786302707813,128730,128730
2131,605.9935708802889,1,0.3022003769874573,-415.2785306063565,15.532901872288097,128785,128785
2132,613.7161532608706,1,0.30268430709838867,-415.2150848987056,12.932182246563482,128836,128836
2133,608.6504068294754,1,0.3022969663143158,-415.9482496729437,8.399485266433572,128889,128889
2134,608.3387076206798,1,0.3022956848144531,-414.33506364088794,14.004473103926731,128941,128941
2135,602.6713334253807,1,0.3018474578857422,-415.20736048771784,10.987723407837061,128993,128993
2136,611.1212920472907,1,0.30112725496292114,-413.9932717377285,6.481689028020175,129046,129046
2137,611.5844888538959,1,0.3010145425796509,-414.5992460430793,21.437847803223807,129099,129099
2138,609.778906956044,1,0.30103978514671326,-413.7347833806818,26.749143674156883,129154,129154
2139,607.7002106036945,1,0.30090418457984924,-415.9146182720478,22.699340996833946,129206,129206
2140,612.3322598086756,1,0.3011443316936493,-414.11993408203125,17.2156012620566,129259,129259
2141,609.8760849321095,1,0.3010396659374237,-415.6695078723836,5.815845289320316,129312,129312
2142,607.2726225523563,1,0.30070793628692627,-414.62110641767396,2.242026146852745,129365,129365
2143,601.4660632280589,1,0.30085209012031555,-414.54364762216244,19.006193583866335,129418,129418
2144,616.4294450312016,1,0.300960898399353,-414.89432420917586,5.008795682121725,129469,129469
2145,604.8202218246549,1,0.3010393977165222,-413.90186903211804,15.742036479490775,129523,129523
2146,606.1517532954103,1,0.30163541436195374,-415.35609925468015,2.46298101038303,129576,129576
2147,609.5075228445503,1,0.3013491928577423,-416.093909934715,17.74009968837102,129630,129630
2148,606.5882857208449,1,0.30096110701560974,-415.07306812427663,8.06280399914141,129684,129684
2149,614.7088466126162,1,0.3007952570915222,-415.6611759977521,14.096221638175676,129737,129737
2150,608.9282784991685,1,0.30047035217285156,-415.4853306523076,20.36705739189077,129791,129791
2151,613.2300104439727,1,0.30022838711738586,-414.2734691478588,6.570960031615363,129845,129845
2152,614.5356225495608,1,0.30016884207725525,-415.68518594595105,6.292655153916432,129897,129897
2153,613.2372823509143,1,0.3006366789340973,-415.90483328012317,7.800922155380249,129949,129949
2154,602.6178868877158,1,0.30023467540740967,-414.5511117611291,7.45765140259041,130002,130002
2155,601.9981479241221,1,0.30033546686172485,-414.474009387898,16.92918490913679,130055,130055
2156,610.6995601024339,1,0.30022045969963074,-413.5584558340219,5.4140072625416975,130107,130107
2157,609.4337398491471,1,0.30013179779052734,-416.1498794555664,13.871569404235252,130159,130159
2158,613.7321605345826,1,0.3000572621822357,-414.935379316222,5.869038066774045,130212,130212
2159,613.8018191455673,1,0.299775093793869,-415.18984250669126,15.287829257823804,130266,130266
2160,602.7437211871968,1,0.29999104142189026,-415.2724417227286,15.889019131660461,130320,130320
2161,602.2065430756049,1,0.2999057471752167,-415.39681328667535,13.81471875641081,130374,130374
2162,606.851150044964,1,0.29969850182533264,-415.1989913076725,6.336956343560849,130427,130427
2163,607.6449337958056,1,0.29967236518859863,-415.84256154186323,26.659920678948456,130480,130480
2164,611.2388133786706,1,0.2996196448802948,-415.59127089556523,11.908990612217025,130531,130531
2165,607.3600411064446,1,0.2993134558200836,-414.6096004909939,2.629694653881921,130585,130585
2166,612.7523248069749,1,0.29907649755477905,-413.5636478000217,16.0912346817829,130639,130639
2167,606.3334861145179,1,0.29913419485092163,-415.90665536556605,2.441224752732043,130692,130692
2168,611.7953940464937,1,0.2996579110622406,-415.1920004790684,14.15521347972582,130745,130745
2169,610.6602878273743,1,0.2998869717121124,-414.1109239110407,11.739627857253236,130798,130798
2170,606.0648444524363,1,0.30005013942718506,-416.0620479943617,6.933234086576498,130851,130851
2171,610.8470577796635,1,0.3003297746181488,-415.48198465200574,8.075109676672863,130903,130903
2172,596.2939432214506,1,0.30071789026260376,-414.5342551491477,12.251767403429204,130958,130958
2173,607.6550311355019,1,0.30055907368659973,-415.77872551812067,15.50688671182703,131012,131012
2174,612.2437962239862,1,0.3003979027271271,-415.1496887207031,7.7164717186581,131067,131067
2175,604.1764351220145,1,0.3006021976470947,-415.56133128978587,6.535717401239607,131121,131121
2176,612.1718265468145,1,0.3006584048271179,-415.3283860948351,14.67603008725025,131175,131175
2177,610.8962087269715,1,0.301604300737381,-415.53942928674087,17.329703286009014,131228,131228
2178,608.3965880314605,1,0.3013591468334198,-415.2164494441106,3.6643634931399274,131280,131280
2179,605.741220878663,1,0.3006923794746399,-414.56768388014575,27.531909505908306,131332,131332
2180,611.8300776474692,1,0.30069029331207275,-417.05354856095227,30.743510882809478,131385,131385
2181,607.5196414723061,1,0.30134326219558716,-416.01376568829573,19.302874911714483,131439,131439
2182,609.0297443288516,1,0.3012617528438568,-414.9757430465133,17.820425976205755,131493,131493
2183,601.4050888592851,1,0.30154183506965637,-414.96205444335936,12.228694198348306,131548,131548
2184,605.9201841094418,1,0.30131009221076965,-415.07076796045845,11.208988377508128,131601,131601
2185,610.3506632634646,1,0.301112562417984,-414.7076773013709,8.923487258407304,131654,131654
2186,616.449621044258,1,0.30066654086112976,-415.68691194974457,18.198717921972275,131706,131706
2187,606.2611310477694,1,0.2999747395515442,-415.90013261274856,3.6497579357840797,131761,131761
2188,614.4420987131659,1,0.2998013198375702,-415.9706256573017,13.377437316454374,131813,131813
2189,610.6491451234053,1,0.299832284450531,-415.37961391233046,10.786287519167054,131866,131866
2190,610.5743522004651,1,0.3000524640083313,-414.4552177146629,20.00828982503326,131920,131920
2191,609.3554164013262,1,0.3002426326274872,-415.6920482494213,7.031485641444171,131974,131974
2192,606.3018345624713,1,0.30023491382598877,-415.2619691071687,9.487924293235496,132028,132028
2193,611.6341757647552,1,0.3003092110157013,-415.29020125777635,3.739411473274231,132082,132082
2194,609.225580914564,1,0.30052193999290466,-414.49521392246464,9.774276753641525,132135,132135
2195,609.2615966135742,1,0.30043017864227295,-415.645595481179,2.7186873544346204,132190,132190
2196,607.8345297449521,1,0.299344003200531,-416.138511940285,6.44625363195384,132244,132244
2197,610.1795185434095,1,0.2996780574321747,-414.3902800937868,6.991703350588961,132297,132297
2198,607.7360990587919,1,0.29951006174087524,-414.71340654481133,8.569494868224522,132350,132350
2199,605.4117926954376,1,0.29953283071517944,-415.5556231804614,7.379923084996781,132403,132403
2200,604.2080829212869,1,0.30019131302833557,-414.7079156728891,9.815641756241138,132455,132455
2201,605.949529361887,1,0.3003557324409485,-415.59393545297473,9.397208284873228,132507,132507
2202,612.9306626242003,1,0.3006758987903595,-416.4947046133188,10.58534861757205,132559,132559
2203,607.5422846296822,1,0.30073878169059753,-415.5646840221477,17.406912682191383,132612,132612
2204,612.6901467717074,1,0.3008214235305786,-415.9793718445976,2.910951947266201,132665,132665
2205,612.137777656213,1,0.30150124430656433,-414.0537766676683,30.35574582677621,132717,132717
2206,611.8030843843574,1,0.30157652497291565,-415.2075907389323,8.627174547425023,132771,132771
2207,612.7152451748951,1,0.3016442060470581,-415.4762021578275,7.024164429077735,132823,132823
2208,607.0173538082713,1,0.3022412359714508,-415.4189183161809,10.892872425226065,132875,132875
2209,612.3000342890342,1,0.30211150646209717,-415.86943543632077,9.05213210717687,132928,132928
2210,607.7261259336759,1,0.30163756012916565,-416.7497172805498,3.1964786592519507,132981,132981
2211,608.2766692089332,1,0.3016118109226227,-415.8520824725811,13.597601743844839,133033,133033
2212,608.051088188914,1,0.3009631335735321,-414.18609043337267,13.385767821995717,133086,133086
2213,607.5744392796344,1,0.30038246512413025,-415.73663330078125,18.76678251999396,133140,133140
2214,613.6475772638969,1,0.30080854892730713,-417.0139992453835,6.604001762650229,133195,133195
2215,610.3053439430358,1,0.30072399973869324,-416.72132477936924,24.250990827878315,133249,133249
2216,606.3863287610866,1,0.30080002546310425,-416.2527667351489,9.06552956914002,133302,133302
2217,609.6582617580674,1,0.30098485946655273,-415.8454840523856,14.640694675701004,133358,133358
2218,610.6368317572437,1,0.30077847838401794,-415.13770378960504,13.17540395922131,133412,133412
2219,609.233574717788,1,0.3003140985965729,-414.7312754505086,5.928447763874845,133465,133465
2220,610.8752843706505,1,0.2998807728290558,-415.19496016068894,7.832409646294334,133520,133520
2221,608.0347906359036,1,0.29950740933418274,-415.28997514832696,15.003059355717784,133573,133573
2222,604.926718179727,1,0.29947784543037415,-415.7576981977983,11.68264540759,133628,133628
2223,614.605991813995,1,0.2999279797077179,-414.3114835298978,13.593657658650326,133680,133680
2224,606.4238757101925,1,0.2995310127735138,-416.3745543281987,3.173445462055926,133733,133733
2225,608.2420904819796,1,0.3000524640083313,-415.9470863342285,8.058545508555003,133789,133789
2226,605.0109620807806,1,0.2999066710472107,-415.969147304319,10.941717336762625,133842,133842
2227,611.0661234840663,1,0.29998746514320374,-416.1046666559183,17.766867052833987,133895,133895
2228,606.168233501513,1,0.29998624324798584,-414.8390486283736,6.595036563006315,133950,133950
2229,599.0563808992719,1,0.2996181845664978,-416.48064033940153,2.3343149007491344,134003,134003
2230,612.035898723645,1,0.298837810754776,-413.49818068284253,17.870594279124187,134055,134055
2231,609.3477305601981,1,0.2989729642868042,-415.9544089988426,5.600682499232115,134109,134109
2232,601.3914486279857,1,0.29880812764167786,-415.7054742986506,7.539094955270941,134164,134164
2233,610.3428168846066,1,0.2993803918361664,-415.9752945809994,4.534653689501421,134217,134217
2234,611.6165538646268,1,0.29920318722724915,-415.2342640269886,11.222714526003058,134272,134272
2235,612.4926243901526,1,0.2992951571941376,-414.9795843386183,12.397374555176379,134323,134323
2236,608.2606554860643,1,0.29910382628440857,-415.06290997199295,16.439296751652122,134376,134376
2237,612.9784801677965,1,0.2991895377635956,-414.9112767633402,13.860116380565572,134429,134429
2238,601.8428118597744,1,0.29918551445007324,-416.15246963500977,13.660666893635478,134485,134485
2239,597.6970390957265,1,0.2998589873313904,-416.27683694022045,11.061367899179459,134541,134541
2240,604.006567421635,1,0.2998156249523163,-417.5884773686247,15.409473590131077,134594,134594
2241,616.3759111097285,1,0.3001258671283722,-415.66088061062794,11.703094088806296,134647,134647
2242,615.9983276532084,1,0.29988858103752136,-416.1165143181296,23.408761964124793,134698,134698
2243,608.6015969279784,1,0.29975831508636475,-415.45617901837386,5.524237517957334,134752,134752
2244,609.9694797040717,1,0.2998989522457123,-415.1431061366819,10.50735803595129,134805,134805
2245,614.4181749408967,1,0.2996441423892975,-415.0716592294198,10.675437971397683,134859,134859
2246,608.7100644838724,1,0.30008363723754883,-417.5796375621449,20.467489064823496,134914,134914
2247,613.9854724505362,1,0.30029937624931335,-416.86954909104566,8.996734137718494,134966,134966
2248,611.6105308181952,1,0.30070608854293823,-414.20554855634583,7.4399514400734095,135019,135019
2249,607.7198410803446,1,0.3012573719024658,-415.77400845614346,4.147904635559429,135074,135074
2250,607.4455348599064,1,0.3009185492992401,-416.1373341878255,30.20048263558635,135128,135128
2251,610.0385042440938,1,0.30134013295173645,-416.3748796570976,5.423458888845624,135181,135181
2252,606.8986742441866,1,0.30130651593208313,-416.10566912956955,10.762850138376344,135234,135234
2253,614.7696297520375,1,0.3011227548122406,-415.6266208864608,3.9644974132753767,135287,135287
2254,609.2968759469953,1,0.30120787024497986,-417.125105372015,7.946229026002704,135340,135340
2255,605.9306665444296,1,0.3013071119785309,-416.4413706461589,10.266713051884263,135394,135394
2256,607.0911563107765,1,0.3009571433067322,-415.98546346028644,3.7599979926038674,135448,135448
2257,613.9858055622234,1,0.3000618815422058,-415.87065237539787,4.497642699215147,135502,135502
2258,610.0227504785912,1,0.2999780476093292,-415.1335357090212,2.613401525425461,135555,135555
2259,606.8678020295899,1,0.29992157220840454,-416.5938720703125,30.36747735413638,135610,135610
2260,597.6262825722386,1,0.30015242099761963,-416.79361131456164,8.337451624649542,135664,135664
2261,613.1748252371228,1,0.29998326301574707,-415.8825935950646,13.527320983318182,135716,135716
2262,610.0797415625418,1,0.2998620271682739,-416.0994138364439,2.514518921022062,135770,135770
2263,608.3914004081178,1,0.2999185621738434,-415.64818932875147,4.911167430427839,135823,135823
2264,614.4641508926809,1,0.2999655306339264,-417.2091461757444,9.951675271088222,135876,135876
2265,608.2583766605495,1,0.2995944917201996,-414.90532034414787,6.523179875479804,135930,135930
2266,608.6778641359116,1,0.2997075617313385,-415.02184943433076,21.554276698040514,135983,135983
2267,607.3485425814544,1,0.29979562759399414,-415.836750736943,10.10915148920483,136037,136037
2268,606.581338735941,1,0.30009809136390686,-415.60583093031397,13.405367774783441,136090,136090
2269,610.0355928517428,1,0.2994014322757721,-415.71019264503764,13.481150145883914,136144,136144
2270,613.3491985207405,1,0.2994544804096222,-415.69840664333765,8.326930968849748,136198,136198
2271,605.519018025781,1,0.29898601770401,-416.2007506234305,12.363564948950495,136254,136254
2272,611.3989724106548,1,0.2987079620361328,-416.33837545142984,10.83241924249901,136307,136307
2273,607.9334750456918,1,0.2986122965812683,-416.5439961751302,12.540959974129995,136361,136361
2274,610.2910827221535,1,0.29911455512046814,-417.6345197237455,10.956191046879841,136413,136413
2275,612.7566107853854,1,0.2994005084037781,-416.6887466142762,6.289457804751846,136466,136466
2276,611.0079317638799,1,0.2992591857910156,-416.0167512160081,18.827157341516934,136518,136518
2277,607.8323100491266,1,0.2995459735393524,-415.59048520601715,2.8663300780149608,136570,136570
2278,616.075134036353,1,0.29859834909439087,-416.8569030761719,4.820162426542352,136624,136624
2279,599.6365540452097,1,0.2993279695510864,-415.91643700232873,8.30582864009417,136676,136676
2280,609.6776848800747,1,0.29898884892463684,-415.60487682414504,17.721952033492755,136729,136729
2281,610.2607358800994,1,0.2994840741157532,-417.69693558304397,2.8043452170160084,136783,136783
2282,603.9947515729048,1,0.299535870552063,-415.38616321705007,16.7244479490651,136837,136837
2283,615.852460189488,1,0.29951050877571106,-414.8093405983665,3.5435666409405795,136892,136892
2284,608.9964033626529,1,0.29934218525886536,-417.1382095049012,10.421241917700138,136945,136945
2285,608.5189997204797,1,0.2989024519920349,-417.5156484750601,10.347051238784424,136997,136997
2286,608.5873232830817,1,0.2987445592880249,-415.3617565227005,14.481746466654652,137050,137050
2287,608.1768890554112,1,0.298594206571579,-414.75198641690343,6.814447253400629,137105,137105
2288,605.0016569485019,1,0.29839950799942017,-415.535321270978,6.513235740087651,137159,137159
2289,604.6296379347459,1,0.29837024211883545,-416.8876164274396,12.023881046277172,137212,137212
2290,612.4627980647432,1,0.298839271068573,-416.0616575996831,13.941433670385829,137265,137265
2291,613.8340440069339,1,0.29917535185813904,-415.18913643315153,6.535014099669906,137318,137318
2292,598.4300432954249,1,0.2992483675479889,-415.83478856969765,17.782326141993206,137372,137372
2293,610.8350847264984,1,0.2987535297870636,-416.1735719953264,16.407455193144934,137428,137428
2294,622.5289004706151,1,0.29932597279548645,-416.84129516601564,4.294943383932114,137478,137478
2295,607.5988391749061,1,0.3000204563140869,-417.54664352704896,11.1605437409203,137531,137531
2296,609.4427242908453,1,0.3000507056713104,-418.3778375696253,6.339999775091807,137585,137585
2297,611.8998112382126,1,0.2998887598514557,-416.3381893451397,13.53442705136079,137637,137637
2298,602.0309063740875,1,0.30063125491142273,-416.35182302969474,8.522637051564676,137691,137691
2299,613.3776026323516,1,0.3008401095867157,-417.1586009837963,3.1397681920616716,137745,137745
2300,606.2872900456434,1,0.30094724893569946,-416.8558545382518,6.625541450842372,137798,137798
2301,608.3811861813226,1,0.30110207200050354,-416.76893421519884,18.03270323710008,137853,137853
2302,612.9203974230302,1,0.3015119433403015,-416.5840459752966,11.991629004478455,137907,137907
2303,607.70124634893,1,0.30172476172447205,-416.0381113688151,3.5834031535519495,137961,137961
2304,602.2783608934933,1,0.3013765811920166,-416.7376280667489,7.132065756279125,138018,138018
2305,605.0733289601118,1,0.30116963386535645,-416.2465398615057,25.890301071513782,138073,138073
2306,611.7277456308917,1,0.30017712712287903,-416.3958786298644,10.356960356235504,138126,138126
2307,607.4887071995238,1,0.2998645305633545,-415.56612763581455,2.8905013468530445,138180,138180
2308,604.6255569232333,1,0.29991811513900757,-415.7433872929326,2.744031716276098,138234,138234
2309,605.4369508993015,1,0.29998326301574707,-418.20574673739344,17.51208902272311,138289,138289
2310,606.760377950504,1,0.2999989986419678,-416.3721376814932,28.579467166144894,138342,138342
2311,607.5342865531404,1,0.30012258887290955,-416.41892976580925,2.4007839211877786,138395,138395
2312,609.1728163546179,1,0.3000212609767914,-417.118659386268,2.1601528158554664,138447,138447
2313,607.545579699561,1,0.30040523409843445,-416.67690291494694,2.5350798267238543,138500,138500
2314,611.3044893493164,1,0.30071407556533813,-416.3401305000737,11.304468086305654,138553,138553
2315,608.9459101156542,1,0.3010420501232147,-416.56885895905674,10.991055133166137,138607,138607
2316,598.764376964702,1,0.3011930584907532,-416.5499445134943,19.830523508245296,138662,138662
2317,611.1646071378524,1,0.3011772930622101,-417.0755471283535,7.3238473838230345,138715,138715
2318,608.1720977347438,1,0.30094239115715027,-417.6127569025213,5.727027992768721,138770,138770
2319,603.9977458513113,1,0.30079150199890137,-416.92839163321037,17.533524451432406,138824,138824
2320,611.1763361487524,1,0.3007676899433136,-418.15319709058076,8.631747290773212,138877,138877
2321,606.0682126237496,1,0.30092278122901917,-416.59339552659253,18.856923706256428,138929,138929
2322,615.8018729358103,1,0.3010067343711853,-416.80787226838885,14.088944455362716,138982,138982
2323,618.1830991059956,1,0.30059191584587097,-415.48786321676005,15.31324374338366,139035,139035
2324,608.3712164576485,1,0.3007330298423767,-415.91924818506783,21.70181242924816,139088,139088
2325,610.3702896099923,1,0.3008900284767151,-415.7103073685258,2.8267303992200783,139142,139142
2326,614.3978095540631,1,0.3003659248352051,-416.18445169700766,4.766277845175761,139195,139195
2327,608.6005545973796,1,0.30080026388168335,-416.6253045999779,5.379809537023868,139248,139248
2328,608.7953841059384,1,0.3005988299846649,-416.9760529654367,16.809560790657997,139304,139304
2329,612.1594384161363,1,0.30030906200408936,-415.47535705566406,9.498262235751518,139356,139356
2330,609.5979141654817,1,0.30022484064102173,-415.210854989511,8.980915906252685,139410,139410
2331,610.1521351023641,1,0.30000898241996765,-417.1940360436073,20.097254347342712,139462,139462
2332,611.660110527666,1,0.30054378509521484,-418.1110605093149,13.101848783401342,139514,139514
2333,607.3138884100298,1,0.3004729449748993,-415.80480730975114,11.241209544517377,139568,139568
2334,611.9940779787448,1,0.3001090884208679,-417.54456199789945,1.9557023295816385,139621,139621
2335,609.6709826376979,1,0.29983654618263245,-417.1452924288236,23.065755447516075,139673,139673
2336,601.9019400826488,1,0.2992679178714752,-417.0955494068287,13.299005252343637,139727,139727
2337,615.8137496055435,1,0.29896828532218933,-416.8636423746745,9.01857695976893,139781,139781
2338,608.2612005611651,1,0.29959335923194885,-416.2879367404514,6.407473666800393,139835,139835
2339,608.9023680950647,1,0.2999722361564636,-416.334443866082,12.944033849914119,139888,139888
2340,611.8313686864847,1,0.29989442229270935,-417.1816803554319,9.141367898797089,139941,139941
2341,615.832305487142,1,0.29969480633735657,-416.1856015763193,17.79916193350306,139994,139994
2342,612.33142250426,1,0.29977187514305115,-416.3477952745226,16.13620596130689,140048,140048
2343,612.8491535737015,1,0.2997303009033203,-417.001499967755,6.796499794384219,140101,140101
2344,608.5845029725567,1,0.29995349049568176,-417.27303681550205,16.192114677694107,140155,140155
2345,615.5686189326005,1,0.3007536828517914,-416.27104214754974,7.850060913779519,140210,140210
2346,606.4279026144964,1,0.301046222448349,-417.9119634454901,15.18700972253626,140265,140265
2347,609.27612795646,1,0.3011450469493866,-416.4671749538845,7.281322575277752,140319,140319
2348,610.113387257924,1,0.30147379636764526,-417.60853576660156,11.823004424571991,140373,140373
2349,609.7021371987446,1,0.3016985058784485,-417.5535255714699,3.5521950743816517,140427,140427
2350,607.2560083758485,1,0.3016306161880493,-417.3883073286577,10.361135052550923,140482,140482
2351,612.8889553221849,1,0.3017653524875641,-416.29455220924234,7.612854751775849,140535,140535
2352,605.2982622487801,1,0.3018125891685486,-416.8676636893794,10.257463252769327,140588,140588
2353,606.1787083048621,1,0.30173152685165405,-416.23779930258695,7.079485762794063,140641,140641
2354,613.4199838185787,1,0.3019654452800751,-417.31869619864005,11.721534076664183,140695,140695
2355,609.4910558880003,1,0.30232998728752136,-416.97137451171875,19.607939918835957,140749,140749
2356,609.7880693394982,1,0.302155077457428,-417.04661754261366,8.861222290992737,140804,140804
2357,608.8730495263563,1,0.30214881896972656,-417.0117271273744,10.939905229736777,140855,140855
2358,613.1533636988327,1,0.30204081535339355,-415.494552324403,2.6124477476443886,140908,140908
2359,609.7591167048037,1,0.3016844391822815,-416.3439483642578,7.738760672233723,140962,140962
2360,608.9927024947914,1,0.3016822040081024,-415.3907954377948,11.58185238433334,141015,141015
2361,597.3632480843844,1,0.301281601190567,-417.01649747576033,13.33335190904992,141071,141071
2362,610.0502742167359,1,0.30093440413475037,-416.26655492242776,17.125559150048023,141124,141124
2363,606.5394603338201,1,0.3013620972633362,-416.92202873949736,3.767955921730905,141177,141177
2364,608.228913849502,1,0.3010541498661041,-417.3354322645399,6.85927446241732,141231,141231
2365,609.8967776767234,1,0.30070608854293823,-415.62177022298175,12.463030793048718,141285,141285
2366,614.7666498342248,1,0.30055680871009827,-417.14647882634944,5.2521937294439835,141340,141340
2367,607.5734845594025,1,0.3008032739162445,-415.8794785985407,17.912023696134675,141393,141393
2368,608.5038548396817,1,0.30074837803840637,-416.6601994352521,5.960389310458921,141446,141446
2369,607.1963682985298,1,0.30058571696281433,-417.270400723544,8.099114216457714,141501,141501
2370,610.536337664301,1,0.3004438579082489,-417.30120966984674,4.077764465258672,141553,141553
2371,606.929938366892,1,0.30018526315689087,-417.27952258991746,11.890288575640264,141606,141606
2372,613.7391301347889,1,0.29996734857559204,-416.3308371084708,12.549203190538618,141660,141660
2373,611.8178206915138,1,0.29966819286346436,-416.14252860591097,24.633071555281585,141713,141713
2374,610.5081344104137,1,0.2992956042289734,-416.8521653661188,16.822273245397604,141766,141766
2375,599.8014090142074,1,0.2987430691719055,-417.4358015580611,20.354268354719334,141821,141821
2376,613.4845716438731,1,0.29923924803733826,-416.77246828432436,7.603225871368691,141875,141875
2377,614.6941646981024,1,0.2992824912071228,-416.6801446878685,15.078366488780615,141928,141928
2378,611.1738885899504,1,0.2994721233844757,-417.4125515919811,6.461983896651358,141981,141981
2379,602.6670330851825,1,0.29938507080078125,-417.2085177334872,4.193144375627691,142036,142036
2380,615.8001419423408,1,0.29957836866378784,-418.37130150428186,12.039781417984228,142088,142088
2381,611.9719064869264,1,0.2992636561393738,-416.4540754838423,12.391165048425847,142143,142143
2382,613.755977496386,1,0.29909631609916687,-418.2636289243345,4.635805173052682,142197,142197
2383,609.9966467733066,1,0.2989353835582733,-417.2442626953125,14.151441057523092,142251,142251
2384,610.1388525151094,1,0.2989804744720459,-416.61259284386267,2.2841859391102424,142303,142303
2385,597.268490564227,1,0.2991982698440552,-417.0365945321542,13.13546132379108,142357,142357
2386,615.1951255087077,1,0.299189031124115,-416.8087307911999,7.369201880580974,142410,142410
2387,609.5068619213678,1,0.2994427978992462,-416.95717001861,11.738849314878571,142463,142463
2388,607.6837126346732,1,0.3000725507736206,-416.6444592745799,6.0054294905572565,142516,142516
2389,605.0487992800304,1,0.30036303400993347,-417.26743786151593,12.796369614509436,142568,142568
2390,610.0891939195217,1,0.30042508244514465,-417.0889656498747,4.960128405184116,142621,142621
2391,606.7459759019662,1,0.300449013710022,-416.3536014197008,8.112583920640766,142674,142674
2392,604.6781124633192,1,0.3005077540874481,-416.3756633254717,12.16193409011049,142727,142727
2393,610.7086444023696,1,0.300214558839798,-416.28385586208765,6.137729388696176,142781,142781
2394,612.013673180827,1,0.30095532536506653,-417.158244582842,2.105218572436639,142834,142834
2395,610.3217393155956,1,0.3007226884365082,-416.81067120587386,4.309423212651853,142888,142888
2396,611.4373393502347,1,0.3005301058292389,-416.84413866726857,7.587286700617592,142941,142941
2397,613.5470468948371,1,0.3005858361721039,-417.7818879347581,10.100779554018608,142993,142993
2398,607.975176118356,1,0.30094990134239197,-416.86945501363505,7.786393599690132,143046,143046
2399,609.3894893037657,1,0.3010414242744446,-417.86602161548757,2.900896826276073,143100,143100
2400,612.1730975260215,1,0.3011162281036377,-416.27122929411115,8.370996515705901,143153,143153
2401,588.4089937916596,1,0.3013770282268524,-418.1479197719641,21.0759644236481,143210,143210
2402,612.2889374736496,1,0.3016617000102997,-416.8294918353741,12.71136803810413,143262,143262
2403,602.1792176382194,1,0.3013867735862732,-418.26720852322046,3.222080162277928,143316,143316
2404,610.6592719733346,1,0.3014099895954132,-415.4203626192533,14.505699157714844,143368,143368
2405,612.1352946580037,1,0.3015557825565338,-417.51153564453125,16.65290563061552,143421,143421
2406,608.3365658188823,1,0.3013787567615509,-417.6136814333358,6.8871851540961355,143474,143474
2407,607.7813617041089,1,0.30099961161613464,-416.0254293588492,3.0486913988223443,143526,143526
2408,612.4900210935723,1,0.30088555812835693,-417.2716799135561,7.5356605660032345,143580,143580
2409,602.0985822173727,1,0.30131274461746216,-417.73021697998047,12.12449236558034,143632,143632
2410,608.2707195961619,1,0.3013329803943634,-417.63980505601415,12.919464172057385,143685,143685
2411,611.1952146774097,1,0.30177488923072815,-415.2329320367777,2.6396539728596524,143738,143738
2412,612.1241992018731,1,0.30170878767967224,-416.1296058067909,6.499458202948937,143790,143790
2413,606.2761343164525,1,0.301645427942276,-417.5152350531684,8.761471216325406,143844,143844
2414,605.4324379362567,1,0.30162492394447327,-417.36646062677556,2.322873501344161,143899,143899
2415,613.1808445972845,1,0.3025300204753876,-417.1234303600383,16.27688178926144,143952,143952
2416,607.5209830905283,1,0.3027684986591339,-416.4888081100752,1.8828992022658295,144005,144005
2417,609.1875711650623,1,0.302877277135849,-418.02776923546423,17.200274077745583,144057,144057
2418,604.4980120516145,1,0.3030269742012024,-416.8992154103405,2.0099688903340756,144110,144110
2419,614.398457338852,1,0.3029308617115021,-416.90968351544075,7.384877184651932,144163,144163
2420,612.9388818829322,1,0.3030032217502594,-417.50596589862175,7.728725896691376,144216,144216
2421,605.730506420264,1,0.3026602268218994,-417.1370659594266,26.498978396631635,144269,144269
2422,612.1609205447978,1,0.30274954438209534,-416.37942857008716,5.348253883994543,144321,144321
2423,607.6679471334406,1,0.3026528060436249,-417.5155662254051,2.224162047659909,144375,144375
2424,611.6773629095228,1,0.30239057540893555,-418.7050769947193,13.714036622533092,144429,144429
2425,603.924319096781,1,0.3024820387363434,-417.14288560399467,7.03558235235934,144482,144482
2426,606.589661085849,1,0.3025716543197632,-416.13156580041954,11.304793936234933,144536,144536
2427,608.3546173755587,1,0.3029845356941223,-417.0573511663473,8.280598102875476,144589,144589
2428,610.3556595997925,1,0.30277103185653687,-417.0926055908203,5.9477291570769415,144643,144643
2429,604.9245375588426,1,0.30329790711402893,-417.43216337981045,8.060688798074368,144697,144697
2430,612.8179864032335,1,0.30303820967674255,-416.8152647752028,7.107015919226867,144749,144749
2431,607.6401886255856,1,0.3026398718357086,-416.79870077279895,16.137954409305866,144801,144801
2432,615.6792120818702,1,0.30187809467315674,-417.38936204176684,10.118619762934172,144853,144853
2433,614.445109905123,1,0.3014906048774719,-417.4114564139888,10.192198495819884,144906,144906
2434,604.2115245865544,1,0.3016487956047058,-418.2168414776142,6.133362379211646,144958,144958
2435,606.4485813647664,1,0.30205148458480835,-417.9687235130454,11.15972984849282,145011,145011
2436,617.3032809891699,1,0.3021273612976074,-416.43034335049714,10.27280935157429,145066,145066
2437,604.8590162105436,1,0.3023546040058136,-417.5315873887804,9.334079596731398,145120,145120
2438,609.7804888695238,1,0.3022546172142029,-416.5327107356145,2.465748314674084,145172,145172
2439,606.5115038444815,1,0.30256855487823486,-417.03939589014595,19.549791619462788,145225,145225
2440,608.0570009100379,1,0.30258238315582275,-416.28376520330255,3.370675312389027,145280,145280
2441,610.102594806665,1,0.3023524880409241,-418.3541514078776,18.09781546283651,145334,145334
2442,606.331147507227,1,0.30230894684791565,-416.2119369506836,23.048827765079643,145386,145386
2443,604.5559651180787,1,0.3016270399093628,-416.1529668634588,10.568242008035833,145441,145441
2444,605.8457538200624,1,0.3014300763607025,-417.35742922182436,12.782107853227192,145495,145495
2445,609.8154861185279,1,0.3015660047531128,-418.2090033765109,2.122370371278727,145548,145548
2446,614.976432603208,1,0.3020508885383606,-417.53052176681217,7.908450100936141,145599,145599
2447,602.9153978966227,1,0.3028157651424408,-417.6973560474537,9.072690237451482,145653,145653
2448,605.8676814614221,1,0.30297014117240906,-418.8223260950159,11.715613031828845,145707,145707
2449,602.7611263936235,1,0.30229535698890686,-416.6006384063185,13.695520898752045,145764,145764
2450,609.4897229324756,1,0.3024166524410248,-415.88298524100827,8.64985964208279,145817,145817
2451,616.3981746444663,1,0.30246827006340027,-418.6133648907697,17.405474656158024,145871,145871
2452,608.3752471025629,1,0.30220720171928406,-416.4046553178267,2.5300036614591424,145926,145926
2453,612.3889503849712,1,0.30201584100723267,-417.6559841449444,6.035561584509336,145978,145978
2454,602.2656550223534,1,0.302053838968277,-418.23602294921875,14.831726116046571,146035,146035
2455,603.0324489553634,1,0.3023053705692291,-416.3565305313974,11.715455592803234,146088,146088
2456,609.2739319689795,1,0.3022996485233307,-416.4642040324661,13.143974268211508,146141,146141
2457,608.1050756518898,1,0.30220845341682434,-417.64758526837386,5.046651003537355,146195,146195
2458,613.4419478325351,1,0.3019328713417053,-418.4685991075304,11.8816566268603,146249,146249
2459,603.5845271776016,1,0.3017372488975525,-417.4795025519605,6.0428461297503056,146302,146302
2460,610.6687428340691,1,0.3020528554916382,-417.5828665274161,7.353664899313891,146356,146356
2461,614.5248921896782,1,0.3021845519542694,-419.14322779728815,4.833645632633796,146408,146408
2462,606.0518502254782,1,0.30260801315307617,-418.3673336322491,13.876427507171265,146460,146460
2463,614.7908765061293,1,0.30314555764198303,-417.4469846329599,6.64065010480161,146513,146513
2464,613.7780945660742,1,0.3029652237892151,-416.2118495725236,12.716853942511216,146566,146566
2465,614.3051228214895,1,0.3029487133026123,-417.20751896610966,8.05637683250286,146620,146620
2466,610.3594644875577,1,0.3032304048538208,-418.97519727023143,13.801298022270203,146673,146673
2467,610.6943156978598,1,0.30288857221603394,-418.0503833912037,8.78845128527394,146727,146727
2468,601.6147458704032,1,0.30280596017837524,-417.32518513997394,16.909131147243357,146781,146781
2469,605.5653925534975,1,0.3026936650276184,-417.73522723162614,10.024457759327358,146835,146835
2470,609.7795124008542,1,0.30266162753105164,-416.79320056621845,14.407917018120106,146887,146887
2471,609.9450086171238,1,0.3023155927658081,-418.1943331117983,2.235146928716589,146941,146941
2472,607.8007976072254,1,0.30192261934280396,-416.48949792250147,1.9110766266876797,146994,146994
2473,605.7991680023877,1,0.30167266726493835,-419.15216064453125,6.64593051649906,147048,147048
2474,612.8515550858641,1,0.30133867263793945,-417.2921084997789,3.3440084783536084,147101,147101
2475,611.9359801983059,1,0.30115851759910583,-417.5274104365596,7.6952152230121476,147155,147155
2476,611.8684898617942,1,0.3009050190448761,-415.4435729980469,11.244309407693368,147209,147209
2477,608.0226578249446,1,0.3007838726043701,-418.84063780541516,2.5728666770691966,147260,147260
2478,607.8322071658996,1,0.3004607558250427,-417.43613903339093,10.700979560613632,147312,147312
2479,614.6840082152887,1,0.30122116208076477,-417.83607130784253,5.80085547383015,147364,147364
2480,605.4719403154438,1,0.301713228225708,-417.1191236707899,13.925026522742378,147418,147418
2481,612.0896939426971,1,0.3019137680530548,-418.7693882694951,25.12533160381847,147472,147472
2482,605.1867392372756,1,0.3014884293079376,-419.3125915527344,7.431386391683058,147527,147527
2483,603.8200982456337,1,0.30178290605545044,-417.8747784649884,15.390274535726618,147581,147581
2484,609.9538483778764,1,0.3021819591522217,-417.5765812711896,9.291783872640357,147634,147634
2485,607.9731567895525,1,0.30203187465667725,-416.4001764470881,7.65832484852184,147689,147689
2486,607.9387156736499,1,0.3020015358924866,-418.6766432276312,5.612563139987442,147742,147742
2487,607.2829159437646,1,0.3013831079006195,-418.02546778265037,18.931940575815595,147795,147795
2488,602.7450211833298,1,0.3008662164211273,-417.78247296368636,4.650185759420748,147849,147849
2489,611.9967854445615,1,0.30098143219947815,-417.4707131019005,17.5214503797201,147901,147901
2490,604.0385505190518,1,0.30080682039260864,-418.73787321867763,5.276887300941679,147955,147955
2491,610.3082260762001,1,0.3012552559375763,-417.89903963529144,11.810988790713823,148007,148007
2492,607.9397600816313,1,0.3010975122451782,-416.409669142503,7.062554522202565,148059,148059
2493,606.4705541762845,1,0.3013620376586914,-418.27131048238505,5.737151622772217,148112,148112
2494,604.2326237271207,1,0.3011777997016907,-418.41864301573554,1.8451623444287282,148165,148165
2495,604.8545572519201,1,0.30114638805389404,-417.9048572887074,17.130210037664934,148220,148220
2496,607.7140462805278,1,0.30080997943878174,-417.89779097945603,8.214045859045452,148274,148274
2497,606.4389858508516,1,0.30185845494270325,-417.7823209409361,7.5975124019163625,148328,148328
2498,612.46193098598,1,0.30195215344429016,-418.62940835053064,8.737819203790629,148381,148381
2499,612.1067728717851,1,0.30217722058296204,-418.47020721435547,13.786428183317184,148433,148433
2500,614.5755519093692,1,0.3022039234638214,-418.1039644129136,4.534419402187946,148484,148484
2501,611.5852108327352,1,0.3022991120815277,-418.1244115289652,19.25195016726008,148537,148537
2502,606.3123900221599,1,0.30266422033309937,-417.66168788693983,6.310034414507308,148590,148590
2503,607.9595520363525,1,0.30229640007019043,-418.56730235706675,10.984212725812739,148645,148645
2504,612.0774888259742,1,0.3019673228263855,-417.96566369398585,11.753013701933735,148698,148698
2505,613.9204632320253,1,0.30170324444770813,-418.550779554579,3.466535238204179,148752,148752
2506,612.0266006359561,1,0.3013626039028168,-417.3561395715784,2.238170671242255,148806,148806
2507,606.1370048079515,1,0.3013315796852112,-417.99735995205964,9.576349557529797,148861,148861
2508,606.4412018680903,1,0.30141064524650574,-417.1838718630233,2.8018634038151435,148914,148914
2509,608.3635802189515,1,0.30180850625038147,-418.18012050412733,6.39092684691807,148967,148967
2510,607.0582717626237,1,0.3012262284755707,-418.3837147838664,13.12665337211681,149020,149020
2511,610.8287399403905,1,0.30147120356559753,-418.73421536959137,19.62467455634704,149072,149072
2512,610.4129441563823,1,0.3015802502632141,-417.5735508181014,8.78450518284204,149125,149125
2513,614.7984074885164,1,0.30143117904663086,-417.93924180516655,20.323756269688875,149178,149178
2514,604.7165902547581,1,0.30140331387519836,-418.2459329458383,8.82521911080067,149230,149230
2515,608.1924697756806,1,0.3010619282722473,-417.5755310058594,14.027098478011364,149283,149283
2516,610.7134514754767,1,0.3012051284313202,-418.64280994121845,8.67557462476767,149335,149335
2517,612.9231036456763,1,0.3008629381656647,-417.4458794227013,8.840761817418612,149387,149387
2518,615.9100310484964,1,0.3004370331764221,-417.8132307572798,23.28973296663978,149442,149442
2519,603.3509923677868,1,0.3006882667541504,-418.0947726267689,7.8072528929080605,149495,149495
2520,612.2908993218648,1,0.30022814869880676,-417.0669920678232,13.188716664033777,149546,149546
2521,610.7122212727047,1,0.3002786934375763,-417.5257954147627,7.502194820709948,149599,149599
2522,609.5366900683557,1,0.3005533814430237,-418.0592041015625,7.4388099908828735,149651,149651
2523,604.5688678046531,1,0.3008734881877899,-417.94122992621527,6.705026286619681,149705,149705
2524,610.1634863414774,1,0.3008061349391937,-418.0271859798791,2.3479196845360524,149758,149758
2525,605.4699487368098,1,0.3010755181312561,-417.91066284179686,1.8281269517811862,149813,149813
2526,604.6708707590192,1,0.3006154000759125,-416.8780412153764,11.049534740231254,149868,149868
2527,606.6989676736675,1,0.300199031829834,-417.9228858947754,18.253770672849246,149924,149924
2528,604.2409095151252,1,0.3001684546470642,-418.0787013791642,2.1002076504365452,149977,149977
2529,610.3883355740884,1,0.3002431392669678,-416.36211006596403,7.318587402127823,150030,150030
2530,611.3791540689617,1,0.30058956146240234,-417.94381374782984,13.318284692587676,150084,150084
2531,614.1625760697535,1,0.30007442831993103,-418.2558961091218,5.682641318550816,150138,150138
2532,604.5087670778018,1,0.30009642243385315,-419.1391895222214,3.6999156677498006,150191,150191
2533,605.2922343204864,1,0.2999219000339508,-418.66301741690006,11.864917719139243,150244,150244
2534,609.8132202899995,1,0.299797385931015,-417.6475121634347,7.036527383540358,150300,150300
2535,610.2448162935193,1,0.30040135979652405,-417.2264461877211,5.5611410568345265,150353,150353
2536,609.5012976067533,1,0.30058762431144714,-416.7727666784216,7.847839948203829,150407,150407
2537,609.4521841366351,1,0.30008143186569214,-418.337946477926,7.516400429437745,150460,150460
2538,607.8497638985192,1,0.2995108366012573,-417.89931418678975,5.683300563422116,150515,150515
2539,608.3947938128329,1,0.299672931432724,-418.5632156671262,6.539949182201834,150566,150566
2540,608.7978044606871,1,0.2998739182949066,-418.31979596173323,11.66461110998083,150620,150620
2541,611.8488931578194,1,0.2999764680862427,-419.5004186090433,4.560485747625243,150673,150673
2542,607.4920152096793,1,0.2999500632286072,-417.80653029221753,6.315494014666631,150725,150725
2543,610.0791204831884,1,0.2995204031467438,-417.2536892361111,3.1739654187802917,150779,150779
2544,607.7973171105874,1,0.3001369535923004,-417.65903444643374,6.33241382793144,150833,150833
2545,608.0702971322041,1,0.29992225766181946,-419.2809559748723,19.681684395441643,150885,150885
2546,610.5363307803764,1,0.2999803125858307,-417.7203885591947,12.350618520608315,150937,150937
2547,610.5402856584728,1,0.29959607124328613,-418.28222995334204,7.614083972242144,150991,150991
2548,616.1567266779361,1,0.29996365308761597,-418.10908018867923,16.815530936673003,151044,151044
2549,609.0642189920057,1,0.30068203806877136,-416.80186601118606,2.4142762509259312,151099,151099
2550,604.2645805087761,1,0.30037227272987366,-418.6378062855114,12.006889622861689,151154,151154
2551,616.5300526075775,1,0.30051007866859436,-418.066115435432,16.234892111198576,151205,151205
2552,607.9041066509358,1,0.300646036863327,-417.4594931862571,11.371070248430426,151260,151260
2553,606.3145683767502,1,0.3009263873100281,-416.97347061722365,16.75103055327027,151314,151314
2554,610.5835124823251,1,0.30137899518013,-418.7774405846229,5.889682504993218,151366,151366
2555,606.0131007464777,1,0.3014500141143799,-416.5411421342329,6.9798792969096795,151421,151421
2556,606.1793122951676,1,0.3012460172176361,-418.53111405806106,14.317077123035084,151476,151476
2557,605.9173372283924,1,0.3011056184768677,-417.52440772866305,17.311047774440837,151529,151529
2558,611.8161737168723,1,0.301268070936203,-418.3097948346819,10.789454166378293,151585,151585
2559,610.4625497907921,1,0.3012225031852722,-418.70739861254424,2.6263926771451844,151638,151638
2560,612.1266193036188,1,0.3011827766895294,-418.0920341059847,3.81007671131278,151691,151691
2561,603.6613396878936,1,0.3018724024295807,-418.4649552778764,6.018005498972806,151746,151746
2562,607.3518687715919,1,0.30196112394332886,-418.07330322265625,9.148363046921217,151798,151798
2563,612.0697158648904,1,0.30202651023864746,-418.4164774968074,12.124255089805676,151850,151850
2564,609.5539972307897,1,0.3022707998752594,-418.0566564706656,7.804825379298284,151902,151902
2565,607.6021146334241,1,0.30272993445396423,-417.96586695257224,14.528549682419255,151955,151955
2566,610.4126153343748,1,0.3024755120277405,-417.92195468478735,13.623809626808873,152009,152009
2567,610.6293020972385,1,0.3028852641582489,-417.25040116743605,3.1007046786221593,152064,152064
2568,613.0835496236283,1,0.30309534072875977,-418.7386572495946,7.8936679284527616,152117,152117
2569,599.0020754634654,1,0.3029263913631439,-418.7670310691551,16.38883578998071,152171,152171
2570,609.8918063083414,1,0.3030073642730713,-416.64183455247144,2.3541154311253476,152223,152223
2571,601.8722939549273,1,0.30250608921051025,-418.9924976695668,12.692515850067139,152278,152278
2572,608.3378572900019,1,0.3029920756816864,-418.87553010163487,40.741896195544136,152332,152332
2573,606.9284088907875,1,0.3031226694583893,-418.58559954607927,13.356551972804246,152386,152386
2574,610.4376121478857,1,0.3031516671180725,-418.8435807138119,8.962217517618862,152439,152439
2575,605.6735379220631,1,0.30332738161087036,-418.76665568801593,3.637729327633696,152492,152492
2576,610.2014232169872,1,0.3032532334327698,-418.78338401100854,20.88480876575817,152547,152547
2577,615.0878418550863,1,0.3026762008666992,-418.3428604691117,11.50901984947699,152601,152601
2578,609.3867935220827,1,0.3022342026233673,-419.15072187943895,19.807932791926643,152656,152656
2579,616.3484811981255,1,0.30220529437065125,-418.0339941884957,7.641318367976768,152707,152707
2580,608.6318632936905,1,0.3021320104598999,-419.2312786395733,10.547921202503717,152759,152759
2581,608.9458445786986,1,0.30197247862815857,-418.19645028744105,3.1497243732776283,152812,152812
2582,609.2922939256462,1,0.3016175329685211,-417.66253273703836,13.83724679513411,152867,152867
2583,610.3280569768217,1,0.30140748620033264,-418.48072725183823,6.726597563893187,152918,152918
2584,612.2106643684285,1,0.30175280570983887,-419.15840235296287,9.53424116575493,152971,152971
2585,605.0670296500714,1,0.3019864857196808,-417.94634501139325,5.82740702231725,153025,153025
2586,612.2613991678915,1,0.30161726474761963,-419.0037287959346,10.838367559291699,153079,153079
2587,610.898701529744,1,0.30168047547340393,-418.93321521465595,10.579950951612913,153131,153131
2588,617.1298045628171,1,0.30199363827705383,-418.8244346762603,9.90539395134404,153184,153184
2589,605.5969900542584,1,0.30185291171073914,-418.83880897804545,20.638688798303956,153238,153238
2590,611.8422524657586,1,0.30179789662361145,-417.5399406001253,15.652474428122899,153291,153291
2591,613.0873417753068,1,0.30159813165664673,-419.016982199929,17.83710169575431,153346,153346
2592,611.2507845393156,1,0.30168843269348145,-418.39793513371393,20.367694799716656,153398,153398
2593,609.2414743730144,1,0.30176717042922974,-418.78640147617887,18.63510893711022,153454,153454
2594,611.506430391057,1,0.30121853947639465,-417.8549775897332,5.070865415177256,153507,153507
2595,609.87834840787,1,0.30123990774154663,-418.398212779652,8.330750249732624,153562,153562
2596,612.308271159375,1,0.30066925287246704,-417.94617965986146,8.65512509615916,153615,153615
2597,608.9153604755163,1,0.30013447999954224,-416.76524635597514,7.886787350530978,153669,153669
2598,609.6761387018463,1,0.2998613119125366,-419.6393410011574,2.776739336826183,153723,153723
2599,609.7915954921523,1,0.3002259433269501,-417.7215388371394,20.989403816369865,153775,153775
2600,608.3482617444324,1,0.30046218633651733,-417.568766841182,7.752064254548815,153829,153829
2601,607.4041252974531,1,0.30042576789855957,-417.3928443060981,7.277855842201798,153883,153883
2602,609.6251317363061,1,0.30055394768714905,-419.1572167738429,2.851485398580443,153936,153936
2603,606.1154179769737,1,0.3006722331047058,-417.835205078125,10.643807180361314,153991,153991
2604,607.5970480238581,1,0.30041614174842834,-418.7243680087003,12.293902124058116,154046,154046
2605,612.7633907409953,1,0.300643652677536,-418.72370997015037,9.963284689300465,154099,154099
2606,612.0241801825605,1,0.30018410086631775,-418.35412304218,7.932503774762154,154151,154151
2607,604.0067051377396,1,0.30033448338508606,-417.0418763337312,9.676752120256424,154205,154205
2608,607.4205592066978,1,0.300412654876709,-417.46113642939815,24.763819259625894,154259,154259
2609,603.9755248465981,1,0.3011932075023651,-419.46191739169035,12.029145031625575,154314,154314
2610,602.9185482876997,1,0.3009684383869171,-418.67988755967883,12.741687149913222,154368,154368
2611,612.5070824591609,1,0.3007464110851288,-419.00351430855545,7.783547095223969,154419,154419
2612,605.5957560809547,1,0.3012146055698395,-417.63162634507665,2.170930695983599,154472,154472
2613,608.429114819053,1,0.3011188209056854,-418.85014256891213,12.375481179300344,154525,154525
2614,608.5149885119026,1,0.300697922706604,-418.163493403682,9.510604959947091,154579,154579
2615,607.0941516376024,1,0.3003893494606018,-417.8970331156029,12.840993502230015,154632,154632
2616,605.4060645939038,1,0.3004762828350067,-418.11363414417616,13.85682318535718,154687,154687
2617,613.7118841059245,1,0.30029726028442383,-418.23215067161703,8.882005414872799,154740,154740
2618,617.4968771051371,1,0.3003247082233429,-418.61624318248823,9.116502677494625,154793,154793
2619,611.1946494648132,1,0.3009019196033478,-418.5463014998526,5.38135524178451,154846,154846
2620,611.7816679508683,1,0.3017393946647644,-419.17693387545074,10.452296979152239,154898,154898
2621,609.3230677747647,1,0.30171313881874084,-418.5481895590728,7.267598410822311,154951,154951
2622,607.6459183849149,1,0.30201202630996704,-418.6942689185049,8.3250500571494,155002,155002
2623,599.6876747887703,1,0.30214956402778625,-419.2659959059495,1.9628867782079256,155054,155054
2624,611.8794556019959,1,0.3022911846637726,-418.38937147608345,6.409553644792089,155107,155107
2625,607.3487554834271,1,0.30251991748809814,-418.3649165315448,5.870216365130442,155160,155160
2626,613.4814666795826,1,0.3020336329936981,-419.1644845638635,5.831883599173348,155213,155213
2627,606.2577767647979,1,0.3022828996181488,-418.992216290168,15.019657860387046,155266,155266
2628,607.9186469656481,1,0.30233171582221985,-418.4081168541542,10.549717289897112,155318,155318
2629,604.3644810124326,1,0.30283263325691223,-418.8494844256707,5.169216559742981,155371,155371
2630,611.0290203341739,1,0.3032531142234802,-418.2402752570386,15.834341463053002,155424,155424
2631,609.1596100201,1,0.30289578437805176,-419.57183146926593,20.88008640847116,155477,155477
2632,606.2872747529059,1,0.3031015694141388,-418.2702303285952,13.104041483667162,155531,155531
2633,608.6476437553516,1,0.30251747369766235,-419.3710115872897,2.5213837577746463,155583,155583
2634,611.1108323610672,1,0.30215251445770264,-418.36418680044324,9.256368450247324,155635,155635
2635,607.2970760992932,1,0.3026118576526642,-419.970158990824,11.366053306831503,155688,155688
2636,612.1171476806053,1,0.3030092418193817,-419.5818516657903,5.642154685579813,155740,155740
2637,617.911841820882,1,0.30327293276786804,-418.4737619253305,3.231188253714488,155792,155792
2638,606.3984391462858,1,0.30352455377578735,-418.6974205603966,12.860623946556679,155844,155844
2639,613.8890927674801,1,0.3035712242126465,-416.7930983057562,7.505593626004345,155897,155897
2640,601.6937521223599,1,0.30336636304855347,-417.67326604669745,9.158124208450317,155952,155952
2641,615.4069934996976,1,0.303302526473999,-418.58835005326705,14.956239060922103,156007,156007
2642,604.7060946879031,1,0.3038021922111511,-418.4671675248579,7.863090604001825,156062,156062
2643,598.2879076565683,1,0.3040425777435303,-419.47495978219166,2.1728334160787717,156118,156118
2644,604.1063102227237,1,0.30384954810142517,-417.7530632738797,8.036305293721973,156171,156171
2645,612.4815850428525,1,0.30365443229675293,-419.99840545654297,6.82148264004634,156223,156223
2646,612.1279226813074,1,0.3036162555217743,-417.86046645220586,9.086166042907566,156274,156274
2647,612.1024826141769,1,0.30391934514045715,-418.77876420454544,11.23178725676103,156329,156329
2648,607.2261927225136,1,0.3035444915294647,-417.5266600388747,25.630960373924328,156381,156381
2649,607.7699249189502,1,0.3036373555660248,-419.2472892174354,3.490112780378415,156433,156433
2650,601.4900849189844,1,0.30338752269744873,-417.6894344753689,17.684673021237057,156487,156487
2651,612.8526133629373,1,0.30293652415275574,-419.22723388671875,2.912881166305182,156540,156540
2652,605.4581778791425,1,0.3029398024082184,-418.9219149076022,10.433564928861765,156592,156592
2653,614.2234623559077,1,0.3028707504272461,-419.0527607844426,18.881362662865566,156644,156644
2654,604.1133433602783,1,0.30286893248558044,-417.98329573411206,7.193610922648356,156696,156696
2655,611.0248921043948,1,0.3023415505886078,-418.7918429904514,16.446456132111727,156750,156750
2656,607.7618495661993,1,0.30107903480529785,-418.85517969671287,2.996143749300039,156803,156803
2657,611.8992840133031,1,0.30125191807746887,-417.8201381976788,14.275137711029787,156855,156855
2658,612.4676112436396,1,0.3017258048057556,-419.85009650464326,6.970598725777752,156908,156908
2659,610.502791319911,1,0.3017651438713074,-418.52656894259985,10.648326794306437,156962,156962
2660,609.9177852187959,1,0.30139774084091187,-418.0447951982606,13.936451898430878,157015,157015
2661,612.2833469790618,1,0.3015111982822418,-418.1937450062145,5.502333768931302,157070,157070
2662,606.0989043619987,1,0.30190038681030273,-417.74368345971203,20.12810652630002,157121,157121
2663,606.4114632164815,1,0.3020176887512207,-420.2015674937855,17.66677031517029,157176,157176
2664,603.1790285503912,1,0.3022456467151642,-418.8742308440032,11.371337438071215,157230,157230
2665,615.372207379052,1,0.3024285137653351,-419.2220061680056,10.926862361296168,157283,157283
2666,608.1783591274318,1,0.30228501558303833,-418.07891054506655,15.102038513731074,157337,157337
2667,605.6322374565251,1,0.30200451612472534,-418.7381569602273,19.211909663677215,157392,157392
2668,614.19115553153,1,0.30230313539505005,-417.7887816252532,11.868155034603896,157446,157446
2669,603.4621889225126,1,0.3024834990501404,-419.4939558549361,9.79207167191939,157501,157501
2670,609.4894870821397,1,0.30242493748664856,-419.05663416935846,15.260063758263222,157553,157553
2671,612.1111325979318,1,0.3022337257862091,-418.80043147160455,8.639426560356068,157605,157605
2672,611.2369972576674,1,0.30193254351615906,-418.8843847204138,7.8610899967175945,157659,157659
2673,603.4279729377135,1,0.3018721640110016,-418.19255631058303,9.846654874307138,157713,157713
2674,610.2481204298414,1,0.30182763934135437,-419.6295517255675,20.914511589509136,157766,157766
2675,614.1728735874381,1,0.30104246735572815,-419.40282870205965,12.21595907644792,157821,157821
2676,609.019630723808,1,0.3009093701839447,-419.74479259144175,15.145312040502375,157876,157876
2677,598.7799773950619,1,0.3006061017513275,-419.6787572790075,6.2704346831198094,157930,157930
2678,600.0769718710242,1,0.2999534010887146,-418.18907956723814,8.335783909868312,157984,157984
2679,609.8108795974242,1,0.3001313805580139,-418.18488297372494,13.377031063133815,158037,158037
2680,599.6682773467933,1,0.3003333806991577,-419.6450327747273,2.8874710078509347,158090,158090
2681,613.1990659973947,1,0.30016210675239563,-418.3317082243146,28.01506579372118,158143,158143
2682,609.904064097277,1,0.29974958300590515,-418.740720960829,13.33691492676735,158197,158197
2683,607.2848453836203,1,0.300181120634079,-419.79907989501953,2.0348527750798633,158253,158253
2684,612.6931582799559,1,0.300449401140213,-419.08331471569136,2.7589878529872536,158306,158306
2685,609.3915922390007,1,0.3000437915325165,-418.4323926653181,9.03825759355511,158362,158362
2686,608.360086386479,1,0.3004319965839386,-418.8756235950398,12.61684701127826,158415,158415
2687,616.8486649252138,1,0.3007640838623047,-419.20281699851705,23.751899666256374,158469,158469
2688,611.161250392445,1,0.30079910159111023,-418.29641780146846,9.193259823101538,158523,158523
2689,609.9372618665891,1,0.3007732331752777,-418.42631558504974,20.478823572939092,158578,158578
2690,619.2781102518927,1,0.3010839521884918,-418.2091738143057,2.327973966328603,158631,158631
2691,615.5457709162812,1,0.3002495765686035,-419.7188195122613,3.0720624769175493,158685,158685
2692,605.5918453309555,1,0.30038297176361084,-419.94899495442706,14.281846192147997,158739,158739
2693,612.2584083826016,1,0.3005148470401764,-418.83833687260466,34.705754660210516,158792,158792
2694,612.4732561357464,1,0.3008761703968048,-418.96899061936597,2.1129393531725955,158844,158844
2695,593.9539572851813,1,0.3012453317642212,-417.55524430184994,4.995418589070158,158897,158897
2696,605.2473906070574,1,0.301148384809494,-419.27941261147555,12.991720571832836,158950,158950
2697,605.037820664283,1,0.3017064034938812,-419.0600775952609,10.81575497478809,159003,159003
2698,605.3407120751945,1,0.3020917475223541,-418.4807439840065,13.019822388325098,159056,159056
2699,602.676315231256,1,0.3014683723449707,-419.05336692116475,17.672877445004204,159111,159111
2700,612.7159701821914,1,0.3009962737560272,-419.30554079541974,9.297697001812505,159162,159162
2701,605.4006158468169,1,0.3007661700248718,-418.8705406188965,12.55895045293229,159218,159218
2702,605.4712191615661,1,0.30034154653549194,-419.55842562588776,20.159492748433895,159273,159273
2703,605.9234101858946,1,0.3001667857170105,-418.6270352450284,7.594636652686379,159328,159328
2704,605.6956008923789,1,0.30009332299232483,-419.5364306414569,16.9372596166752,159382,159382
2705,610.5953045562561,1,0.2996091842651367,-418.91666353665863,7.191548474706137,159434,159434
2706,608.0981330172631,1,0.29976269602775574,-418.9129122647372,20.822644745219836,159489,159489
2707,604.535021112932,1,0.2998957931995392,-419.6491941056162,14.571030196153893,159542,159542
2708,610.4391767351207,1,0.30072349309921265,-419.7276991358343,9.598368594106638,159595,159595
2709,612.2818395340184,1,0.3005991578102112,-418.5245549128606,29.665173210776768,159647,159647
2710,609.7438976966951,1,0.3009549081325531,-418.97383664688977,12.247147109148637,159700,159700
2711,611.8093234174435,1,0.30160021781921387,-418.77767240084137,17.759804504422043,159752,159752
2712,607.8616749064314,1,0.3017892837524414,-418.3374029421339,7.237211146775414,159803,159803
2713,609.4969741894829,1,0.3018750846385956,-419.23403704607927,7.113974130815929,159857,159857
2714,610.4323386528949,1,0.3021354377269745,-418.9255145037616,7.857369082945365,159911,159911
2715,610.1551118229754,1,0.301927387714386,-418.9344493724682,2.3495099897737854,159965,159965
2716,611.7143010138582,1,0.30207568407058716,-418.0269520152699,7.906792551820929,160020,160020
2717,614.5442490857166,1,0.3025461733341217,-418.58422218178805,3.496399814227842,160073,160073
2718,605.8827683790979,1,0.30303511023521423,-419.63064287293633,19.389726223810662,160126,160126
2719,612.4136359021087,1,0.3033697009086609,-418.39910184420074,6.743673161818431,160178,160178
2720,605.9642857187935,1,0.30362120270729065,-420.50312863863434,12.677266652767475,160230,160230
2721,606.989996313608,1,0.3030951917171478,-419.30238425514915,5.357384486631914,160285,160285
2722,607.7483177695603,1,0.30272480845451355,-419.8372779702241,9.741030769528082,160338,160338
2723,605.4673485905828,1,0.3026202917098999,-419.1342387649248,2.120257262913686,160391,160391
2724,612.2667198921373,1,0.3027000427246094,-419.92194582381336,7.682632530635258,160444,160444
2725,609.8310142191503,1,0.30281999707221985,-419.9850769042969,21.57785266637802,160497,160497
2726,608.7774177888867,1,0.30269289016723633,-420.3198547363281,7.871701114707523,160551,160551
2727,613.4320229955844,1,0.30264759063720703,-419.8952249380258,2.863358117066897,160603,160603
2728,607.2660721162208,1,0.30246615409851074,-419.39729453032874,11.56618546427421,160656,160656
2729,611.5559679753267,1,0.30241963267326355,-417.729994863834,6.188273059871961,160709,160709
2730,611.308702138003,1,0.30272579193115234,-419.25936154966,6.377343192144677,160763,160763
2731,609.9442808030071,1,0.303237646818161,-419.3425125985775,2.6652702419263012,160816,160816
2732,606.0001923772563,1,0.30275818705558777,-419.9692354022332,19.01072390686791,160869,160869
2733,615.2081587585977,1,0.30252954363822937,-418.9982996526754,2.198677807484033,160922,160922
2734,610.6948303590855,1,0.3023366332054138,-419.69202178379277,17.423473198458833,160975,160975
2735,608.3927291840483,1,0.3023657500743866,-418.4792972140842,30.984467473295,161029,161029
2736,613.8664203093363,1,0.3029997944831848,-418.57809045179835,20.655589943786836,161082,161082
2737,608.1463581331789,1,0.3030356168746948,-420.4437026977539,8.049874147543541,161134,161134
2738,607.7173466927106,1,0.30300214886665344,-419.43664324725114,2.564360784159766,161188,161188
2739,611.0178681256978,1,0.303618460893631,-419.35115189985794,3.773085342754017,161243,161243
2740,606.2492839081228,1,0.30372047424316406,-419.9462153596698,6.1821873570388215,161296,161296
2741,609.7784686505528,1,0.30321943759918213,-419.38132204328264,8.995264116142478,161352,161352
2742,610.3369996993376,1,0.30303236842155457,-419.6483413408387,6.129995836401886,161405,161405
2743,610.0482153073417,1,0.3033433258533478,-418.2700120458063,3.619299389281363,161458,161458
2744,610.1974419019473,1,0.3026328384876251,-419.1221563165838,14.09498635855588,161513,161513
2745,618.2710262804205,1,0.3028169274330139,-419.66071535506336,11.329579157649347,161566,161566
2746,603.7345476402335,1,0.3025789260864258,-420.0519973466981,4.149328725517921,161619,161619
2747,607.7712485472795,1,0.30224505066871643,-418.2383041381836,12.33282747406226,161671,161671
2748,613.9259910747303,1,0.3023940920829773,-419.2314625866008,7.464965857424826,161724,161724
2749,609.9587339178886,1,0.3024081885814667,-419.70371980487175,8.10167435430131,161777,161777
2750,606.388250965474,1,0.30279141664505005,-420.47042451081455,12.199343979358673,161831,161831
2751,610.2850702965745,1,0.30254849791526794,-419.2704186533012,5.617037247208988,161882,161882
2752,617.5230573778475,1,0.30253395438194275,-420.2339651070389,8.509228741421419,161933,161933
2753,609.6945191355869,1,0.3022923767566681,-419.4436639749779,10.3348123307498,161986,161986
2754,610.0654871800941,1,0.30279672145843506,-419.08394003814124,5.389767642291087,162039,162039
2755,605.4715675048501,1,0.30244049429893494,-420.3445085005327,5.557984456149015,162094,162094
2756,617.2711761019643,1,0.3024413287639618,-419.6913417600236,3.195167644968573,162147,162147
2757,606.3416722613063,1,0.30226439237594604,-420.6103498979048,9.05082784132524,162202,162202
2758,604.6357538256051,1,0.3027014136314392,-419.73741736778845,6.949039780176603,162254,162254
2759,610.4151961443605,1,0.30272534489631653,-418.478603293679,7.922987962852825,162309,162309
2760,609.3564709653621,1,0.3030090928077698,-420.02667236328125,3.612305660292787,162362,162362
2761,614.3088028210071,1,0.3028329908847809,-420.40998523640184,9.833209080516168,162415,162415
2762,612.3594727941246,1,0.3032156825065613,-419.45541088397687,6.149054604081007,162467,162467
2763,607.874454333956,1,0.30297452211380005,-421.23239941866893,13.166969989830593,162520,162520
2764,613.6341743369892,1,0.303276389837265,-419.57747452347365,13.195756318392577,162574,162574
2765,600.1444650397937,1,0.3030991852283478,-419.15694003634985,2.5663503143522473,162628,162628
2766,610.3708386445622,1,0.3031192123889923,-419.6248681410304,10.84310866976684,162681,162681
2767,612.3012500651579,1,0.3033006489276886,-419.6967681308962,2.089022031370199,162734,162734
2768,607.4816457733843,1,0.3035891056060791,-419.2771553626427,10.998799713758322,162786,162786
2769,605.91175236194,1,0.3036298155784607,-419.93490370264595,2.4940966570152425,162839,162839
2770,606.4534345510893,1,0.30291104316711426,-419.62898649992763,2.8346694939666324,162893,162893
2771,608.5853676770544,1,0.301567018032074,-420.7349565613945,8.463354408740997,162946,162946
2772,610.9699978406591,1,0.30114951729774475,-419.7131808411841,5.905187565906375,162997,162997
2773,612.8649465894514,1,0.3014165759086609,-419.54107953917304,2.584858203833958,163050,163050
2774,607.4257264371303,1,0.3021892011165619,-419.52056662819604,5.141448360139673,163105,163105
2775,605.3314027732824,1,0.30226996541023254,-419.3421353940611,14.556535185487181,163159,163159
2776,614.5734826994101,1,0.3026665151119232,-419.0672400132665,22.679642329800803,163212,163212
2777,614.7681947373128,1,0.3026706278324127,-419.7237186072008,1.8423517301397503,163265,163265
2778,605.3547572949435,1,0.3028992712497711,-420.1750030517578,9.5744248021532,163319,163319
2779,606.8218094183808,1,0.30233079195022583,-418.77535247802734,10.934061609781706,163371,163371
2780,612.0190656851779,1,0.30245572328567505,-419.6672939084611,3.1289083305394874,163424,163424
2781,608.4841867026556,1,0.3017849326133728,-419.40389449508103,8.655926879909304,163478,163478
2782,612.3069497270847,1,0.30212560296058655,-419.67608360007955,13.896812541617287,163532,163532
2783,608.9206977260376,1,0.30280429124832153,-419.2922007242839,3.6190472697770155,163586,163586
2784,603.9564420333686,1,0.3025626540184021,-419.28763094815343,7.53673101013357,163641,163641
2785,607.9263286340517,1,0.3023589849472046,-419.169351083261,6.594348392000905,163695,163695
2786,603.5903075021471,1,0.3024075925350189,-419.76343225549766,14.366204731994205,163749,163749
2787,612.5200564267028,1,0.30300116539001465,-420.3564527979437,21.067065351414232,163802,163802
2788,612.5463941599922,1,0.30261102318763733,-419.4028026652786,15.532476814288014,163855,163855
2789,611.0768261882768,1,0.30202731490135193,-418.10162353515625,2.2942015022601723,163908,163908
2790,614.60507587264,1,0.3023754060268402,-420.45271675541716,17.466855157096433,163961,163961
2791,605.9902178626784,1,0.30265775322914124,-419.47822254108934,8.439373144563639,164014,164014
2792,606.5238772943454,1,0.3020147979259491,-418.80580916494694,10.322334487483186,164067,164067
2793,608.9210193329366,1,0.30222299695014954,-418.99979224571814,11.22365847000709,164119,164119
2794,608.3222163689386,1,0.3026597499847412,-419.8729132886203,3.3361427289135053,164172,164172
2795,607.444834677849,1,0.3028445839881897,-419.7700840876653,6.221466611211117,164224,164224
2796,607.7636062362847,1,0.3028821647167206,-420.30514026988635,5.416160335324028,164279,164279
2797,607.9977530129618,1,0.30319422483444214,-419.4797937729779,26.288476547774145,164330,164330
2798,612.1760663757344,1,0.30348631739616394,-419.70755885197565,7.304174532110874,164382,164382
2799,608.6974750133168,1,0.30315977334976196,-420.28562472159405,14.544115330043592,164439,164439
2800,607.6327232472536,1,0.30316367745399475,-418.72130330403644,21.69930609288039,164493,164493
2801,602.4374549382837,1,0.30321699380874634,-418.7045537775213,11.527922754937952,164548,164548
2802,612.2328190286689,1,0.30343374609947205,-418.65621891728154,8.37311030206857,164602,164602
2803,610.413190543877,1,0.30326250195503235,-419.89515177408856,7.1083642564438,164656,164656
2804,607.0071867993793,1,0.30338457226753235,-419.5075585707179,11.900411536108773,164709,164709
2805,615.25062093228,1,0.30364441871643066,-419.1920940257885,13.97790311994376,164763,164763
2806,605.5973271069435,1,0.30385226011276245,-418.575165904652,10.488794077526439,164818,164818
2807,615.1459231026712,1,0.3037894070148468,-418.68193993201623,12.78041800398093,164870,164870
2808,610.351541334795,1,0.30370888113975525,-419.1829856178977,1.7795555916699497,164925,164925
2809,603.7271901111128,1,0.30360734462738037,-419.63646827553805,8.986463889760792,164978,164978
2810,609.7091625614486,1,0.30350738763809204,-419.61373671045845,14.814279185151154,165031,165031
2811,606.1675246096436,1,0.3034804165363312,-420.14970221886267,8.585136686380093,165083,165083
2812,611.0172379845394,1,0.3034307658672333,-418.7570071750217,8.484940144750807,165137,165137
2813,610.8137428340706,1,0.3036072850227356,-419.1103869846889,6.598265051841736,165193,165193
2814,615.1238753634782,1,0.30331310629844666,-420.2749904416642,12.370142628561776,165246,165246
2815,607.507241769059,1,0.30267390608787537,-419.1995760830966,2.593347400968725,165301,165301
2816,610.2362548925151,1,0.30300843715667725,-419.0675037090595,5.689951928762289,165353,165353
2817,610.2426277814574,1,0.30302590131759644,-420.0723450858638,18.856332892516875,165406,165406
2818,610.2066565941489,1,0.30359500646591187,-421.00023170753764,6.808407964529814,165460,165460
2819,605.9188637753233,1,0.3032918870449066,-419.2152139169198,15.47011755903562,165514,165514
2820,611.5025104483094,1,0.30279695987701416,-419.439970814098,7.438759758255698,165569,165569
2821,602.2766217590324,1,0.302752286195755,-418.9227481418186,2.513317044134493,165623,165623
2822,619.0127443930908,1,0.30264636874198914,-420.6665367713341,8.089749166598686,165675,165675
2823,613.9747926729299,1,0.3032568395137787,-419.58309763782427,23.107405365638012,165728,165728
2824,606.6864849784447,1,0.3028915524482727,-419.951000072338,3.6559373912987887,165782,165782
2825,609.6990880014836,1,0.3025408387184143,-419.9521570745504,6.4127797551874846,165835,165835
2826,607.8425357437818,1,0.3026185929775238,-419.5815740621315,6.277310989937693,165888,165888
2827,607.8056955487716,1,0.3019869029521942,-420.7472861550071,24.989297223091125,165943,165943
2828,608.8599081248378,1,0.30178290605545044,-420.4186706542969,9.619081335247687,165996,165996
2829,610.1668753696742,1,0.30129048228263855,-419.6594975309552,8.53298615509609,166049,166049
2830,605.7781285945864,1,0.30145949125289917,-420.56804728957843,8.605795213636362,166102,166102
2831,609.9238337376796,1,0.3012215793132782,-419.9678235323924,5.806274770565753,166155,166155
2832,607.8757973641261,1,0.301102876663208,-419.61334446498324,11.737511868987765,166211,166211
2833,605.7684920295885,1,0.3002886176109314,-420.1834787222055,12.483630109291811,166263,166263
2834,609.5922041325211,1,0.30062925815582275,-419.0796344463642,8.334242970897602,166315,166315
2835,605.8500080536146,1,0.30151113867759705,-419.84956959315707,5.927989566964762,166371,166371
2836,602.1771093979831,1,0.3015822470188141,-419.64167672616463,7.46931309832467,166425,166425
2837,611.8816296208147,1,0.3012353181838989,-419.89205345740686,11.525337565403719,166477,166477
2838,612.7017924346655,1,0.3018677830696106,-418.4799012404222,15.081209225150255,166529,166529
2839,611.7979109925207,1,0.3020385205745697,-419.2474698667173,8.843595046688009,166583,166583
2840,606.2263701059835,1,0.3024340569972992,-419.3784443781926,10.746167283791761,166635,166635
2841,602.0548597674472,1,0.30301621556282043,-419.94751609946195,13.348004134196156,166688,166688
2842,609.1894189734057,1,0.3027271330356598,-420.0910265887225,3.0615564308784626,166742,166742
2843,609.4565544654694,1,0.3028217852115631,-419.50573202279895,7.850140014520059,166794,166794
2844,612.1937015517638,1,0.3027059733867645,-420.09142348345586,13.518436720558242,166845,166845
2845,614.0269504649071,1,0.30257537961006165,-418.37543334960935,14.646844573454423,166900,166900
2846,610.0450813192689,1,0.30274081230163574,-419.74553665460326,15.708543636050878,166951,166951
2847,609.1789547808021,1,0.30293893814086914,-419.57376861572266,6.842589294681182,167003,167003
2848,603.6110473465052,1,0.30269113183021545,-420.3841431815669,1.7990508945483081,167056,167056
2849,611.5224969912892,1,0.30254650115966797,-420.5040473218234,11.834627928598872,167109,167109
2850,607.6402920390394,1,0.3026939034461975,-419.696671971735,10.942413774301421,167162,167162
2851,601.6549097693495,1,0.3019745945930481,-419.93694780457696,8.790123818055639,167215,167215
2852,610.995490408786,1,0.302178293466568,-419.6847607647931,11.671032826105753,167269,167269
2853,606.7442434380037,1,0.30261653661727905,-420.4607025722288,9.37101087255298,167322,167322
2854,607.9865760386864,1,0.3017243444919586,-420.45855536827673,10.473981694533276,167374,167374
2855,609.0488377099151,1,0.30190911889076233,-420.2482460715554,2.0894466042518616,167429,167429
2856,611.1680356012257,1,0.30200445652008057,-419.75463464125147,8.824217239640793,167482,167482
2857,608.5253984824146,1,0.3024194836616516,-420.2587242126465,5.738919456090246,167538,167538
2858,604.3652975956455,1,0.3025895059108734,-421.3370423493562,3.5394082875163466,167592,167592
2859,607.6360451182471,1,0.3026488721370697,-420.24991823592273,6.327086431800194,167645,167645
2860,616.0351693773514,1,0.3027322292327881,-419.148365162037,6.449994034237331,167699,167699
2861,610.1098208502302,1,0.3032112717628479,-420.6234994564416,14.091301001467794,167752,167752
2862,601.4691143530251,1,0.3036271035671234,-418.84363007127195,3.2598118290566562,167809,167809
2863,599.3426181394772,1,0.3035328984260559,-420.1056656747494,1.9604194681599456,167862,167862
2864,609.9004900449271,1,0.30341219902038574,-420.43220356532504,12.329958396298546,167918,167918
2865,610.3357358427871,1,0.3031693696975708,-419.8420277721477,8.803202535746232,167971,167971
2866,606.3736883199412,1,0.3035178780555725,-419.1521561234086,15.286585314406288,168025,168025
2867,611.8356287526498,1,0.3033929169178009,-421.0824866661659,8.38440254330635,168077,168077
2868,613.8941310919938,1,0.30344244837760925,-420.56963823426446,1.689500980782059,168130,168130
2869,608.3546673625674,1,0.30374687910079956,-419.6156990483122,14.28434717092874,168183,168183
2870,606.3677423917103,1,0.30384889245033264,-420.39964877041905,14.67710991447622,168238,168238
2871,613.5458981504216,1,0.3041652739048004,-419.3949190027574,1.9354347668442071,168289,168289
2872,611.048344425142,1,0.3045796751976013,-419.7143963507886,5.354612332470012,168342,168342
2873,609.3760842891477,1,0.3038327693939209,-420.0731465266301,6.1964170932769775,168394,168394
2874,610.1375599664043,1,0.3040143847465515,-420.3533518864558,3.2675753350441274,168446,168446
2875,599.026669200075,1,0.30359429121017456,-419.39748818533764,7.419675035136087,168502,168502
2876,611.3960129838363,1,0.3036877512931824,-419.7607167561849,5.277807591138063,168556,168556
2877,610.2899121813662,1,0.3034743070602417,-420.695802476671,1.5295240978399913,168610,168610
2878,607.4870586054095,1,0.30364683270454407,-419.9939031427557,14.38709980466149,168665,168665
2879,605.7015866387035,1,0.3033950626850128,-420.92853819649173,8.513799676355326,168718,168718
2880,611.2963165020692,1,0.3025531768798828,-418.45340435321515,3.3475090654996724,168770,168770
2881,607.7270520953655,1,0.3024001121520996,-419.56877222600974,10.435173466520489,168823,168823
2882,611.8606008880992,1,0.302570104598999,-419.49907871462267,3.2247286270249567,168876,168876
2883,614.1208913157524,1,0.302937388420105,-418.21137611538757,8.226172613162621,168927,168927
2884,603.8856898326053,1,0.30305415391921997,-418.83757335734816,5.163195261415446,168980,168980
2885,617.7581937943044,1,0.3035774827003479,-419.43613016380453,5.135129875731918,169033,169033
2886,612.7002434704197,1,0.30300453305244446,-419.4036746554905,17.24634187861725,169087,169087
2887,613.9823005695907,1,0.30263519287109375,-420.51239243993217,14.163930777108893,169140,169140
2888,608.3001884449169,1,0.3030047118663788,-420.387827747273,2.5540406152887165,169193,169193
2889,608.8287666423687,1,0.30270129442214966,-421.44555261000147,5.376750380363104,169246,169246
2890,605.795404649821,1,0.3026162385940552,-419.80829366048175,8.68397096572099,169300,169300
2891,615.8084854361944,1,0.30237480998039246,-420.6044688831676,3.4078872843222183,169355,169355
2892,617.3955783840844,1,0.302503377199173,-420.17523193359375,11.14286865569927,169409,169409
2893,611.6732951793858,1,0.3024938702583313,-419.21902759258563,13.386302058513348,169461,169461
2894,611.3532097310417,1,0.3022938668727875,-419.85489739312067,18.94958390129937,169515,169515
2895,613.9710991648153,1,0.30154937505722046,-420.28405206853694,11.044555177471855,169570,169570
2896,608.0323493071796,1,0.3011928200721741,-418.9829003675929,9.359237833967748,169623,169623
2897,604.8504762376438,1,0.3008212745189667,-419.48943204012784,4.514848084883257,169678,169678
2898,605.049212046456,1,0.30063360929489136,-419.61547361101424,4.7150809062378745,169734,169734
2899,613.9180027337916,1,0.3004167079925537,-419.73614501953125,11.142746701023796,169789,169789
2900,619.2790782658604,1,0.3009854257106781,-419.31872213111734,9.799071945109457,169842,169842
2901,608.5095579871762,1,0.30129456520080566,-421.65887623912886,21.377914701992612,169895,169895
2902,618.5350463613067,1,0.3017117381095886,-421.37315877278644,6.433775368858786,169946,169946
2903,611.5601907182705,1,0.30187031626701355,-419.192947675597,11.14518502073468,169999,169999
2904,609.194685764943,1,0.30233150720596313,-420.17178403414215,11.344139475088854,170051,170051
2905,606.2687579590804,1,0.3022881746292114,-419.8925623010706,5.58174607819981,170105,170105
2906,602.131341093233,1,0.3023051917552948,-420.20111083984375,13.267676952812407,170159,170159
2907,610.5408427637872,1,0.30206114053726196,-420.4342604417067,12.055425788347538,170211,170211
2908,608.4249192274451,1,0.30222827196121216,-420.0867703524503,8.483062860098752,170266,170266
2909,605.4904687415445,1,0.30204927921295166,-419.96255992542615,13.165226506103169,170321,170321
2910,607.9514595763334,1,0.30172058939933777,-420.64420995172463,14.46400179503099,170374,170374
2911,609.5530358897445,1,0.30140089988708496,-420.7239939371745,2.123895231220457,170428,170428
2912,609.581561872852,1,0.3009222149848938,-419.70087946111505,1.7656104857271369,170483,170483
2913,608.8971584212904,1,0.3010157346725464,-420.9401389382102,5.982113527167927,170538,170538
2914,607.3496983535274,1,0.30119872093200684,-420.0769215709758,9.564117607080712,170591,170591
2915,594.2182356078185,1,0.30141711235046387,-419.4781194513494,13.874637344750491,170646,170646
2916,604.3678257258958,1,0.3015953004360199,-419.9345369692202,2.7155519083694175,170700,170700
2917,616.718383306307,1,0.3013799786567688,-420.4645449080557,10.509125860232228,170753,170753
2918,606.5925703577071,1,0.30140459537506104,-419.8673034667969,5.639250112663616,170808,170808
2919,610.6275601866755,1,0.3013382852077484,-420.639887883113,2.0166986607588253,170860,170860
2920,612.2627286394957,1,0.30167749524116516,-419.99164095791906,7.522219207070091,170915,170915
2921,604.4995757632194,1,0.30177927017211914,-420.2399891040943,18.69802427843765,170969,170969
2922,605.0687932961436,1,0.3015689253807068,-420.15687267596905,16.967247118170445,171021,171021
2923,609.2884566500663,1,0.3017210066318512,-419.61619450495795,7.034036136590517,171073,171073
2924,605.3996080568999,1,0.30228713154792786,-419.5072309386055,8.849219974481835,171126,171126
2925,608.2852701484085,1,0.30239808559417725,-419.79314897645196,12.035558296824401,171179,171179
2926,608.1425542869694,1,0.3026689291000366,-420.1595693734976,13.632527319284586,171231,171231
2927,603.1622359773368,1,0.3021709620952606,-419.1129831586565,11.220807437385831,171287,171287
2928,610.4643415857583,1,0.3021067976951599,-419.2406872340611,12.900771952101163,171343,171343
2929,611.807331483104,1,0.3024131655693054,-421.3253127763856,19.56772396249591,171396,171396
2930,602.5692623001703,1,0.30237340927124023,-419.8627428738576,8.61376952000384,171449,171449
2931,606.2780894433511,1,0.3029720187187195,-420.1200821487992,6.6668758844887765,171503,171503
2932,607.6930146023902,1,0.30277296900749207,-420.13876112452095,4.959919895765917,171556,171556
2933,611.1939177838785,1,0.30277687311172485,-419.2772617714078,19.670945190915873,171607,171607
2934,605.7087632509932,1,0.3030562400817871,-420.2777577526164,8.875862792977747,171660,171660
2935,607.3753654259195,1,0.30311134457588196,-419.63052720289966,2.2460850465756197,171712,171712
2936,610.1357725370166,1,0.30367711186408997,-419.8499278675426,19.527706652337855,171767,171767
2937,611.0395365137504,1,0.3032997250556946,-421.65897009507665,9.355807888057997,171820,171820
2938,607.8214498786597,1,0.30301302671432495,-420.4648598724941,4.2489888600583345,171873,171873
2939,615.9685192861301,1,0.3034241795539856,-421.26715318211967,13.528956637067616,171926,171926
2940,612.4156948230856,1,0.30317381024360657,-419.75751480966244,2.094600458190126,171979,171979
2941,611.6434438924034,1,0.30293387174606323,-419.9607383034446,2.837017798423767,172034,172034
2942,618.1608669607971,1,0.3029135465621948,-421.01563347710504,5.58222500483195,172088,172088
2943,608.3989704592444,1,0.30298641324043274,-419.75373523640184,13.68442781466358,172141,172141
2944,605.9030511964671,1,0.30278462171554565,-418.4122888901654,2.505712214638205,172192,172192
2945,603.7581368782969,1,0.30311548709869385,-420.4313925283927,11.210721044628709,172246,172246
2946,605.7557185734889,1,0.3031228482723236,-421.3235893969266,12.539112522916973,172299,172299
2947,605.4560029999138,1,0.3024258315563202,-420.4277827424823,6.814523651914777,172352,172352
2948,607.8976108467892,1,0.30195820331573486,-420.252177845348,8.488194639032537,172407,172407
2949,612.1185374486306,1,0.30164724588394165,-420.0815687913161,13.44445069019611,172459,172459
2950,606.5101450287212,1,0.30166858434677124,-420.98810735738505,8.970917368834874,172512,172512
2951,614.30566591552,1,0.30189841985702515,-420.47531415831367,6.760808214826404,172565,172565
2952,610.7367440341171,1,0.30192795395851135,-420.20694263164813,1.7281547360695326,172617,172617
2953,608.1553246255347,1,0.30186784267425537,-419.0153730912642,5.16024424162778,172672,172672
2954,609.512748598211,1,0.30148500204086304,-420.7101496943721,7.868735721817723,172726,172726
2955,610.172206668793,1,0.30161628127098083,-420.7993907581676,14.455587190931494,172781,172781
2956,606.3480470139718,1,0.3015308678150177,-421.1522165934245,7.181960527543668,172835,172835
2957,608.7633422048881,1,0.30118799209594727,-420.5977915637898,1.9710840796524625,172888,172888
2958,604.1492053323059,1,0.30161622166633606,-420.96125821200286,8.204315103184094,172943,172943
2959,604.7021387169416,1,0.3015754222869873,-420.1431020100911,18.52005538565141,172997,172997
2960,612.9052983161248,1,0.30229905247688293,-419.80150519476996,2.078950923902017,173051,173051
2961,610.6022066733677,1,0.3026449978351593,-420.35769307838297,13.95021614938412,173104,173104
2962,604.4723530707769,1,0.30250829458236694,-420.6688526081589,12.574802342450843,173157,173157
2963,613.7056086851748,1,0.3022973835468292,-420.5085816559968,5.1375018645215915,173211,173211
2964,611.8034712759771,1,0.3025924563407898,-419.3070485041692,14.452219146948595,173263,173263
2965,609.3234100426994,1,0.3029595911502838,-420.6286942618234,19.886679785592214,173319,173319
2966,612.0172126680675,1,0.302335262298584,-419.30488787956955,10.147084546539018,173372,173372
2967,612.7600445365302,1,0.30305781960487366,-420.40240766417304,9.885186366315159,173425,173425
2968,588.0765200950079,1,0.3031645715236664,-420.5291193181818,5.62899365641854,173480,173480
2969,612.7315922193436,1,0.3035569190979004,-420.87796711471844,7.835876598673047,173533,173533
2970,605.7616224718025,1,0.30339616537094116,-420.10136885209516,10.25248705257069,173588,173588
2971,616.7382245636583,1,0.30380430817604065,-419.72470870672487,3.5030000513675166,173639,173639
2972,611.1621976031495,1,0.3037548363208771,-420.85260687934027,15.035962938158601,173693,173693
2973,612.1720793412533,1,0.3033421039581299,-420.1742090295862,6.216853494997378,173747,173747
2974,606.3376888351445,1,0.3033936321735382,-419.85487483097955,8.655513731332926,173799,173799
2975,607.814490332828,1,0.3031306862831116,-419.9018138005183,6.320883214473724,173851,173851
2976,607.0546056383221,1,0.3023627996444702,-419.14728393554685,7.678756083141674,173906,173906
2977,612.3498292827652,1,0.3023492097854614,-419.78671875,6.091726766933094,173961,173961
2978,608.6112859945043,1,0.3026997447013855,-419.1796017052992,7.424785245139644,174014,174014
2979,616.4905651467914,1,0.3033922612667084,-420.77027893066406,3.7902551809182534,174066,174066
2980,605.7820399585897,1,0.3035448491573334,-420.2290564643012,16.481654285280793,174120,174120
2981,610.0954418893878,1,0.30329468846321106,-419.6601775547243,14.51682590988447,174173,174173
2982,613.3975027642144,1,0.303346186876297,-419.86356551558885,1.868405626879798,174227,174227
2983,608.0415030839092,1,0.3029332458972931,-419.2049796626253,27.673135821549398,174280,174280
2984,610.1276620100209,1,0.302444726228714,-419.7792739868164,17.901921204649486,174332,174332
2985,610.4501360265469,1,0.30202797055244446,-419.8609055739183,13.833847080285732,174384,174384
2986,605.8513662718767,1,0.3021111786365509,-420.09267284252024,6.274679957716553,174438,174438
2987,602.0702548639864,1,0.30154305696487427,-419.75003108271846,7.436955323925725,174492,174492
2988,608.1698980963439,1,0.3014208972454071,-420.5299815051961,8.05552764658658,174545,174545
2989,614.3138430002992,1,0.30181950330734253,-420.36553250826324,12.22881593154027,174597,174597
2990,611.9920496617405,1,0.3019199073314667,-420.8735193323206,8.562440624943486,174651,174651
2991,611.6280550282636,1,0.301218718290329,-420.73597208658856,12.784739423681188,174705,174705
2992,609.8518741785477,1,0.30057045817375183,-420.0877097800926,16.473554149821954,174759,174759
2993,613.371251895197,1,0.30028000473976135,-420.2258512056791,4.893616476884255,174811,174811
2994,611.6585572155873,1,0.30071085691452026,-420.35161892872935,5.768049034307587,174864,174864
2995,610.3774067165095,1,0.3011070191860199,-419.37916593731575,5.652136333708493,174917,174917
2996,614.4985907540296,1,0.3014090955257416,-420.0071433738426,16.682758469272542,174971,174971
2997,610.5528244601289,1,0.3012253940105438,-420.83147444815006,15.959799754169753,175024,175024
2998,612.3960383420911,1,0.30114755034446716,-420.9497944758489,6.746004793506402,175076,175076
2999,609.6189506143323,1,0.30121323466300964,-419.52813611711775,5.270849025675228,175132,175132
3000,613.4325312911117,1,0.3012829124927521,-421.08309056208685,2.055885999248578,175184,175184
