episode,reward,success,epsilon,ep_avg_loss,buffer_size
1,-242.7299999999999,0,0.999,10.310886189341545,95
2,-318.89999999999986,0,0.998001,17.94665894707044,200
3,-233.01999999999998,0,0.997002999,17.265347923273627,292
4,-195.07,0,0.996005996001,18.742747302713067,379
5,-284.14999999999986,0,0.995009990004999,16.945034190861865,478
6,-195.03999999999988,0,0.994014980014994,16.02354364984491,567
7,-248.40999999999985,0,0.993020965034979,18.78814818884464,661
8,-250.4200000000001,0,0.9920279440699441,20.260584774116676,757
9,-451.5599999999997,0,0.9910359161258742,20.5356522517756,878
10,-350.4199999999998,0,0.9900448802097482,16.537178563105094,989
11,-239.43,0,0.9890548353295385,22.65447007561778,1080
12,-211.86999999999992,0,0.988065780494209,18.019257766670652,1170
13,-314.75,0,0.9870777147137147,18.687386790911358,1275
14,-176.95999999999992,0,0.986090636999001,15.05261932962081,1360
15,-260.03999999999996,0,0.9851045463620021,19.04500083947919,1457
16,-174.7,0,0.98411944181564,16.561012634918804,1541
17,-194.26999999999992,0,0.9831353223738244,20.318469015400062,1630
18,-196.68999999999997,0,0.9821521870514506,17.001567269419574,1721
19,-228.49999999999997,0,0.9811700348643991,15.232856195964171,1810
20,-223.0999999999999,0,0.9801888648295347,17.83560135629442,1900
21,-186.14999999999992,0,0.9792086759647052,16.918428163418824,1987
22,-216.22999999999996,0,0.9782294672887405,15.65126454697715,2077
23,-259.65,0,0.9772512378214517,14.353078363443675,2172
24,-206.30999999999995,0,0.9762739865836303,16.093888024265848,2261
25,-262.2,0,0.9752977125970467,14.582264199535897,2355
26,-165.07,0,0.9743224148844496,13.34727803018035,2437
27,-248.98999999999998,0,0.9733480924695651,16.31467104655631,2531
28,-192.84,0,0.9723747443770956,12.77309306789847,2616
29,-154.80999999999995,0,0.9714023696327185,12.592404502920989,2698
30,-184.02999999999997,0,0.9704309672630859,14.80096971434216,2784
31,-256.59000000000003,0,0.9694605362958227,11.041660932203134,2880
32,-212.2,0,0.9684910757595269,10.437901777299968,2968
33,-167.26999999999995,0,0.9675225846837673,12.319832535393267,3051
34,-217.44999999999993,0,0.9665550620990835,8.267919421195984,3140
35,-338.99999999999994,0,0.9655885070369844,8.189568099017455,3247
36,-337.9799999999999,0,0.9646229185299474,8.436398724523874,3351
37,-161.61999999999995,0,0.9636582956114175,6.718247799611673,3433
38,-336.40999999999985,0,0.9626946373158061,6.611940077372959,3538
39,-183.26,0,0.9617319426784903,5.783969454551011,3627
40,-333.6000000000001,0,0.9607702107358118,5.25431240077066,3728
41,-143.87999999999997,0,0.959809440525076,4.480070314183831,3808
42,-295.6299999999999,0,0.9588496310845509,4.34737625837326,3908
43,-169.25999999999996,0,0.9578907814534664,5.339336780180414,3991
44,-149.48000000000002,0,0.9569328906720129,4.846396642702597,4072
45,-304.94,0,0.9559759577813409,2.6983754053564355,4173
46,-235.0899999999999,0,0.9550199818235596,2.3884052342913122,4262
47,-216.34000000000003,0,0.9540649618417361,2.259300501159068,4351
48,-195.67000000000002,0,0.9531108968798944,2.414125317472151,4438
49,-366.97999999999996,0,0.9521577859830145,2.0434879843794973,4547
50,-294.95,0,0.9512056281970315,1.6583930777043712,4645
51,-194.25,0,0.9502544225688344,1.184931955618017,4730
52,-174.00999999999993,0,0.9493041681462656,1.1287546536501716,4815
53,-288.7799999999999,0,0.9483548639781193,1.0698715939964216,4912
54,-212.88999999999993,0,0.9474065091141411,1.1657828997040904,4998
55,-159.95,0,0.946459102605027,1.0868822578565185,5081
56,-199.26999999999998,0,0.9455126435024219,0.8639113680346981,5172
57,-179.04999999999995,0,0.9445671308589195,0.7043099423129875,5255
58,-218.6199999999999,0,0.9436225637280606,0.7419071917453509,5344
59,-143.18999999999997,0,0.9426789411643326,0.8365730771794915,5424
60,-217.63999999999987,0,0.9417362622231683,0.7402343857352451,5517
61,-195.2,0,0.9407945259609451,0.812558687183746,5603
62,-169.51999999999998,0,0.9398537314349842,0.807999238192317,5686
63,-194.77,0,0.9389138777035492,0.7286073008463496,5770
64,-287.08000000000015,0,0.9379749638258457,0.7516818306963853,5869
65,-332.52999999999975,0,0.9370369888620198,0.6462069033430173,5973
66,-225.79999999999995,0,0.9360999518731578,0.6553086983353904,6062
67,-230.32,0,0.9351638519212846,1.219250923843794,6155
68,-191.16999999999993,0,0.9342286880693633,0.8570227522489636,6241
69,-58.559999999999974,0,0.933294459381294,0.8222122013568878,6321
70,-280.16999999999996,0,0.9323611649219127,2.9032903438319964,6419
71,-201.46,0,0.9314288037569908,1.9488291814086143,6508
72,-161.96999999999997,0,0.9304973749532338,1.1154324419527168,6591
73,-273.81,0,0.9295668775782806,0.9876628962098336,6689
74,-164.04,0,0.9286373107007023,1.1037614100119646,6774
75,-87.18999999999994,0,0.9277086733900016,1.2087462574598336,6858
76,-188.77999999999997,0,0.9267809647166116,4.8536659184543565,6945
77,-190.60000000000002,0,0.925854183751895,3.46992540890458,7032
78,-174.23999999999995,0,0.9249283295681431,5.167838342400158,7117
79,-253.65999999999985,0,0.9240034012385749,2.829791001809968,7207
80,-252.85999999999999,0,0.9230793978373364,1.4324944145404375,7298
81,-182.1,0,0.9221563184394991,3.851809338591565,7385
82,-226.84999999999988,0,0.9212341621210596,6.06409101707212,7474
83,-232.26999999999992,0,0.9203129279589385,7.080651962562747,7566
84,-54.37999999999995,0,0.9193926150309796,1.7744742809999279,7648
85,-240.2399999999999,0,0.9184732224159486,4.901523347230667,7742
86,-261.9399999999998,0,0.9175547491935327,6.025431056288963,7836
87,-244.48999999999995,0,0.9166371944443392,4.887804480250349,7933
88,-314.2699999999999,0,0.9157205572498949,3.621407180428505,8033
89,-209.06000000000006,0,0.914804836692645,3.9457016946239905,8121
90,-199.89999999999998,0,0.9138900318559524,3.837633092584235,8210
91,-202.1800000000001,0,0.9129761418240965,1.5618407431651244,8298
92,-196.06999999999988,0,0.9120631656822724,2.5126439048333116,8387
93,-222.8099999999999,0,0.9111511025165902,2.5341721729121427,8475
94,-176.02,0,0.9102399514140735,4.973107837740032,8562
95,-198.39999999999995,0,0.9093297114626595,1.5221454691748286,8648
96,-235.88000000000005,0,0.9084203817511969,1.6244053645906122,8736
97,-234.29999999999995,0,0.9075119613694457,5.92909143946983,8827
98,-177.23000000000002,0,0.9066044494080763,1.3630043513008527,8911
99,-187.07999999999998,0,0.9056978449586682,3.730324595114764,8996
100,-175.75,0,0.9047921471137096,2.8048861875253563,9081
101,-225.92999999999995,0,0.9038873549665959,2.533692523502232,9170
102,-167.29,0,0.9029834676116293,2.6792279994342385,9252
103,-228.23999999999995,0,0.9020804841440176,2.448907292960735,9341
104,-135.06999999999996,0,0.9011784036598737,2.582509465423631,9422
105,-181.84999999999997,0,0.9002772252562138,3.5310682219617506,9507
106,-201.37999999999994,0,0.8993769480309576,4.060904312201521,9595
107,-194.93999999999994,0,0.8984775710829266,3.454818293452263,9681
108,-257.3,0,0.8975790935118436,2.344009437665497,9778
109,-231.90999999999997,0,0.8966815144183318,1.259728980752138,9869
110,-294.1899999999998,0,0.8957848329039134,3.1406286017216267,9963
111,-134.85999999999999,0,0.8948890480710096,3.381424319247405,10053
112,-202.2199999999999,0,0.8939941590229386,2.316452504841836,10144
113,-142.12,0,0.8931001648639156,4.715824278071523,10224
114,-144.49,0,0.8922070646990518,3.6132107939985065,10305
115,-222.06,0,0.8913148576343527,5.546386311898071,10394
116,-255.97999999999996,0,0.8904235427767183,2.0956758638011648,10488
117,-254.49999999999994,0,0.8895331192339416,3.1791669450079403,10584
118,-182.57999999999993,0,0.8886435861147077,1.1383751774771829,10673
119,-237.73999999999995,0,0.887754942528593,2.9595932237645415,10767
120,-179.20999999999998,0,0.8868671875860644,6.59529492684773,10851
121,-149.95999999999998,0,0.8859803203984784,2.070394781668012,10933
122,-306.86000000000007,0,0.88509434007808,3.955309993496128,11035
123,-185.47999999999993,0,0.8842092457380019,4.547448088090087,11121
124,-223.18999999999988,0,0.8833250364922639,2.084804481837187,11210
125,-174.87999999999997,0,0.8824417114557717,1.0003917740569228,11294
126,-262.2799999999998,0,0.8815592697443159,2.1623897568175665,11389
127,-66.55999999999995,0,0.8806777104745716,1.98037749419852,11471
128,-182.92000000000002,0,0.8797970327640969,2.351756704028915,11556
129,-252.18999999999997,0,0.8789172357313328,2.9283692917746045,11648
130,-134.11999999999992,0,0.8780383184956015,1.6947465987633104,11740
131,-129.42,0,0.8771602801771059,6.011620403467854,11819
132,-164.57999999999998,0,0.8762831198969288,0.8243309954203755,11902
133,-155.99999999999997,0,0.8754068367770318,3.335008693359247,11984
134,-315.6399999999999,0,0.8745314299402548,1.9563362008454848,12082
135,-156.43999999999994,0,0.8736568985103146,5.750545559518309,12165
136,-231.35999999999996,0,0.8727832416118043,7.489691339598762,12255
137,-199.09999999999997,0,0.8719104583701925,5.563398484054,12341
138,-337.9099999999998,0,0.8710385479118223,6.437511930018664,12441
139,-274.31,0,0.8701675093639105,6.038742011331993,12533
140,-151.97999999999993,0,0.8692973418545467,5.165055402155433,12617
141,-249.10999999999984,0,0.8684280445126921,4.801643603918504,12715
142,-227.51999999999998,0,0.8675596164681794,4.904131287074351,12806
143,-263.16999999999985,0,0.8666920568517111,0.5029498178822299,12902
144,-194.67999999999995,0,0.8658253647948594,1.5151845929636196,12990
145,-64.31999999999996,0,0.8649595394300645,0.5194782554564705,13073
146,-214.8,0,0.8640945798906344,4.499482667680537,13162
147,-249.91999999999993,0,0.8632304853107438,4.719699493325923,13254
148,-169.07,0,0.862367254825433,3.9137811135678064,13338
149,-165.88999999999993,0,0.8615048875706075,3.8776572633938615,13421
150,-178.05999999999997,0,0.8606433826830369,0.432941276146922,13507
151,-221.96999999999994,0,0.8597827393003539,1.6582251274111597,13595
152,-344.2499999999998,0,0.8589229565610536,3.133809034067851,13699
153,-208.99999999999991,0,0.8580640336044925,3.7497307678748824,13786
154,-252.36999999999992,0,0.857205969570888,5.608707268256694,13882
155,-170.23999999999995,0,0.8563487636013172,3.7793861688619637,13965
156,-82.59999999999997,0,0.8554924148377159,4.150143364000888,14049
157,-202.30999999999983,0,0.8546369224228781,6.868610660819447,14134
158,-220.85999999999993,0,0.8537822855004553,4.207617595791817,14226
159,-134.29,0,0.8529285032149548,5.946448676571062,14305
160,-127.41999999999999,0,0.8520755747117399,1.8505478663535058,14384
161,-190.65999999999997,0,0.8512234991370281,1.4008988019298105,14469
162,-145.51,0,0.8503722756378911,3.8457409759483685,14551
163,-184.20999999999992,0,0.8495219033622532,3.9765909545561846,14636
164,-180.11000000000004,0,0.8486723814588909,3.465888955137309,14721
165,-127.63999999999996,0,0.847823709077432,1.733432665844507,14800
166,-129.32999999999998,0,0.8469758853683546,1.3517446583962138,14879
167,-208.37999999999994,0,0.8461289094829862,2.556804999366574,14966
168,-51.669999999999945,0,0.8452827805735033,5.459369705244899,15046
169,-63.43999999999996,0,0.8444374977929298,6.167146869730659,15128
170,-265.0799999999998,0,0.8435930602951368,3.5095517037778485,15226
171,-300.40999999999985,0,0.8427494672348417,0.3730902386339087,15321
172,-202.90000000000003,0,0.8419067177676068,2.7503944151969844,15407
173,-124.16999999999996,0,0.8410648110498392,7.409276224290713,15485
174,-165.54999999999998,0,0.8402237462387894,5.842108920396092,15568
175,-69.50999999999993,0,0.8393835224925505,3.519685275942446,15651
176,-121.27999999999994,0,0.838544138970058,4.569853400079052,15740
177,-126.73999999999998,0,0.8377055948310879,2.870761487346429,15818
178,-281.6099999999998,0,0.8368678892362568,3.1989722932639877,15913
179,-187.02000000000007,0,0.8360310213470206,3.0298282236215615,15997
180,-159.37999999999997,0,0.8351949903256736,5.953622602554689,16080
181,-75.99999999999993,0,0.8343597953353479,1.5389989572690754,16162
182,-175.56,0,0.8335254355400126,2.463372179972274,16246
183,-163.23999999999998,0,0.8326919101044725,0.3014201314710989,16328
184,-209.05,0,0.831859218194368,2.4828334267843855,16416
185,-180.10999999999996,0,0.8310273589761736,4.220690250935324,16499
186,-157.27,0,0.8301963316171974,2.357495392481965,16582
187,-266.35,0,0.8293661352855802,2.7538871314096194,16675
188,-90.07999999999996,0,0.8285367691502946,6.396621681662166,16760
189,-155.97999999999996,0,0.8277082323811443,4.159494542649814,16844
190,-252.63999999999996,0,0.8268805241487632,2.1169466195588416,16938
191,-196.66,0,0.8260536436246144,2.2957144167688157,17028
192,-177.58999999999997,0,0.8252275899809898,2.3722453178411507,17111
193,-186.73000000000002,0,0.8244023623910088,3.5227982441699783,17197
194,-184.98999999999992,0,0.8235779600286178,2.2325634764528823,17284
195,-221.78999999999996,0,0.8227543820685892,4.027269429299566,17374
196,-86.74999999999993,0,0.8219316276865206,5.655762899981205,17457
197,-198.06,0,0.8211096960588341,4.990788217173534,17546
198,-128.04,0,0.8202885863627752,4.481971913423294,17624
199,-209.70999999999987,0,0.8194682977764125,3.2475871925552684,17714
200,-175.85,0,0.818648829478636,4.005767670920096,17797
201,-144.70999999999992,0,0.8178301806491574,4.476031874497253,17880
202,-102.26999999999997,0,0.8170123504685082,4.975709340852849,17965
203,-164.39,0,0.8161953381180397,4.093472804739533,18048
204,-38.50999999999997,0,0.8153791427799216,5.293678814097296,18127
205,-222.4199999999999,0,0.8145637636371417,4.8633925839421455,18216
206,-144.21999999999997,0,0.8137491998735046,2.9175736720179333,18297
207,-131.59,0,0.812935450673631,4.705810733884573,18377
208,-142.99999999999997,0,0.8121225152229574,3.5239932064603017,18459
209,-188.01000000000002,0,0.8113103927077344,3.163599677120938,18544
210,-205.92999999999995,0,0.8104990823150267,6.711032094674952,18629
211,-261.98999999999995,0,0.8096885832327116,5.93115834233008,18724
212,-165.00999999999993,0,0.8088788946494789,12.453559643611676,18806
213,-163.84999999999997,0,0.8080700157548294,5.668376376047546,18887
214,-202.8599999999999,0,0.8072619457390746,6.672456854304602,18973
215,-184.02999999999992,0,0.8064546837933355,7.184268542166267,19057
216,-142.35999999999996,0,0.8056482291095421,6.902383049950004,19137
217,-141.63999999999996,0,0.8048425808804326,4.466189577085216,19219
218,-203.51,0,0.8040377382995522,4.417373024435206,19307
219,-160.76,0,0.8032337005612527,2.505523623809928,19391
220,-153.19999999999996,0,0.8024304668606914,4.20126744777691,19473
221,-267.86999999999983,0,0.8016280363938307,5.444788668657604,19568
222,-180.70999999999998,0,0.8008264083574369,4.704707248771892,19653
223,-189.94999999999993,0,0.8000255819490795,6.294848116913012,19737
224,-233.02999999999994,0,0.7992255563671304,2.5557320908214267,19826
225,-170.92999999999992,0,0.7984263308107633,7.829146167420479,19909
226,-135.32999999999987,0,0.7976279044799526,3.8313323850487615,20000
227,-202.70999999999998,0,0.7968302765754727,6.0449275174601516,20088
228,-142.96999999999997,0,0.7960334462988972,4.868747232136903,20169
229,-127.68999999999994,0,0.7952374128525983,7.364324493147433,20249
230,-81.69999999999997,0,0.7944421754397457,4.9530821061205295,20333
231,-169.76999999999998,0,0.7936477332643059,6.286289360867926,20416
232,-64.87999999999991,0,0.7928540855310416,7.439194841149413,20497
233,-265.09,0,0.7920612314455105,7.699975734228616,20588
234,-184.83999999999997,0,0.7912691702140651,6.6795824854856445,20672
235,-103.50999999999996,0,0.790477901043851,3.907396629628013,20757
236,-210.7299999999999,0,0.7896874231428072,4.731543373616263,20844
237,-109.99999999999999,0,0.7888977357196644,3.3543367647118383,20921
238,-164.80999999999997,0,0.7881088379839447,5.445964285694972,21003
239,-96.39999999999995,0,0.7873207291459607,5.231229351022664,21088
240,-137.71999999999994,0,0.7865334084168147,3.8703161788943374,21169
241,-88.38,0,0.7857468750083979,6.133498660950775,21252
242,-82.10999999999996,0,0.7849611281333895,3.066428648779191,21335
243,-95.39999999999998,0,0.784176167005256,5.743205910637265,21419
244,-151.78999999999994,0,0.7833919908382508,6.97009332914178,21501
245,-94.47999999999999,0,0.7826085988474126,3.918580115688118,21589
246,-42.239999999999974,0,0.7818259902485653,6.225134559348225,21669
247,-25.299999999999986,0,0.7810441642583167,4.476629143341993,21747
248,-94.99999999999994,0,0.7802631200940584,5.734282062334173,21832
249,-179.4499999999999,0,0.7794828569739644,5.138093790376042,21915
250,-152.89000000000001,0,0.7787033741169904,3.3101361186766045,21997
251,-158.66000000000003,0,0.7779246707428734,5.432381204452859,22080
252,-113.38,0,0.7771467460721305,8.350585198173157,22158
253,-55.84999999999995,0,0.7763695993260584,7.154730855301023,22238
254,-207.6099999999999,0,0.7755932297267324,6.795664198696613,22326
255,-153.31,0,0.7748176364970056,7.370122089430138,22407
256,-154.56999999999996,0,0.7740428188605086,5.349574995477025,22489
257,-171.50999999999996,0,0.7732687760416481,3.9980152802294997,22572
258,-144.98,0,0.7724955072656065,6.121574106067419,22652
259,-192.2999999999999,0,0.7717230117583408,5.229642459925484,22737
260,-123.63999999999996,0,0.7709512887465825,2.0030630207978763,22815
261,-22.659999999999954,0,0.7701803374578359,1.5720068598404908,22893
262,-121.01999999999995,0,0.7694101571203781,4.082174770439727,22972
263,-94.00999999999993,0,0.7686407469632577,4.97215068083385,23059
264,-141.29999999999995,0,0.7678721062162944,6.033364356318606,23138
265,-167.77999999999994,0,0.7671042341100781,2.739347193255482,23221
266,-182.52999999999997,0,0.766337129875968,3.9629935962813243,23305
267,-47.19999999999996,0,0.7655707927460921,3.451062582614945,23387
268,-262.51,0,0.764805221953346,5.5890994178860085,23479
269,-103.45999999999995,0,0.7640404167313927,6.970198669059332,23565
270,-69.11999999999995,0,0.7632763763146613,5.288289687883707,23646
271,-58.579999999999956,0,0.7625130999383466,4.38991301626335,23727
272,-116.81999999999998,0,0.7617505868384082,5.560995810873369,23812
273,-140.89999999999998,0,0.7609888362515699,4.14117116753648,23894
274,-184.13999999999996,0,0.7602278474153183,3.7729944336688384,23981
275,-26.619999999999965,0,0.759467619567903,5.088646629801044,24058
276,-164.19,0,0.7587081519483351,6.241849192905994,24142
277,-15.599999999999966,0,0.7579494437963867,3.5713043285486026,24220
278,-128.10999999999996,0,0.7571914943525904,4.463349098678339,24308
279,-150.97999999999993,0,0.7564343028582378,2.563210736427988,24392
280,-91.58999999999993,0,0.7556778685553796,5.001990796199867,24476
281,-136.00999999999993,0,0.7549221906868242,5.34004621990025,24556
282,-73.21999999999996,0,0.7541672684961374,2.1082202464710047,24637
283,326.40000000000003,1,0.7534131012276413,4.628291317607675,24707
284,-171.24999999999997,0,0.7526596881264136,5.524771788190393,24792
285,-187.72,0,0.7519070284382872,5.482969729737802,24880
286,-59.75999999999992,0,0.7511551214098489,6.251183569431305,24961
287,-93.46999999999994,0,0.750403966288439,6.038777059032803,25045
288,-151.89999999999995,0,0.7496535623221505,4.839916280856946,25127
289,-21.599999999999966,0,0.7489039087598284,5.943286187850036,25204
290,-69.00999999999996,0,0.7481550048510686,5.183505493329792,25286
291,-160.64999999999995,0,0.7474068498462175,5.587317816367963,25368
292,-161.33999999999992,0,0.7466594429963713,27.423824551234762,25451
293,-27.82999999999998,0,0.745912783553375,4.85406670322666,25528
294,-43.01999999999998,0,0.7451668707698216,5.900457832217216,25608
295,-176.52,0,0.7444217038990517,5.323878540879204,25692
296,-68.44999999999995,0,0.7436772821951526,3.397526214762432,25774
297,-157.0,0,0.7429336049129575,3.737866657899647,25856
298,-117.70999999999997,0,0.7421906713080445,4.452486226843162,25944
299,-23.559999999999974,0,0.7414484806367364,6.925621252942395,26021
300,-55.66999999999996,0,0.7407070321560997,2.8517453350126742,26101
301,-131.79999999999993,0,0.7399663251239436,3.816679236563769,26189
302,-71.68999999999994,0,0.7392263587988196,5.296472655721457,26272
303,-191.29999999999993,0,0.7384871324400207,21.85754261449689,26356
304,-175.82,0,0.7377486453075807,6.075254012786207,26440
305,-76.37999999999994,0,0.737010896662273,22.526253359955412,26526
306,-240.40999999999983,0,0.7362738857656108,5.393722229459312,26615
307,-199.26999999999998,0,0.7355376118798452,6.657375523071179,26702
308,-154.28999999999996,0,0.7348020742679654,6.625718575200917,26783
309,-176.79999999999995,0,0.7340672721936974,2.8699587502900292,26868
310,-130.7399999999999,0,0.7333332049215037,5.793419957495807,26957
311,-139.74999999999994,0,0.7325998717165821,25.16944747157395,27037
312,-101.23999999999995,0,0.7318672718448656,6.066242098808289,27123
313,-135.20999999999998,0,0.7311354045730207,3.135283759236336,27203
314,-109.87999999999997,0,0.7304042691684477,5.291572362877602,27289
315,-92.29999999999995,0,0.7296738648992792,3.997878627762908,27373
316,-65.40999999999994,0,0.7289441910343799,6.655122114390862,27455
317,-127.94999999999993,0,0.7282152468433455,6.279849476512822,27542
318,-165.22999999999993,0,0.7274870315965022,4.715433718569307,27625
319,-126.55999999999997,0,0.7267595445649057,25.15510539366649,27703
320,-75.84999999999994,0,0.7260327850203407,5.259294538638171,27788
321,-34.419999999999966,0,0.7253067522353204,5.677922869407678,27867
322,302.89000000000004,1,0.724581445483085,5.914862790336348,27940
323,-6.7799999999999585,0,0.723856864037602,5.819036988051314,28016
324,-191.45999999999992,0,0.7231330071735643,25.901129567272523,28101
325,-146.70999999999998,0,0.7224098741663908,21.749609284284638,28183
326,-92.13,0,0.7216874642922244,20.155702480248042,28267
327,-291.17,0,0.7209657768279322,20.31474445672596,28369
328,240.68000000000004,0,0.7202448110511043,4.320229662627709,28451
329,-166.85999999999999,0,0.7195245662400531,5.5085124715072356,28533
330,-31.939999999999966,0,0.7188050416738131,25.71481167930591,28612
331,-40.01999999999997,0,0.7180862366321393,38.51652395876148,28691
332,-131.17,0,0.7173681503955072,5.733704508841038,28771
333,-43.00999999999995,0,0.7166507822451117,6.85277904048562,28851
334,-139.85,0,0.7159341314628666,4.79175020493567,28931
335,-125.63999999999996,0,0.7152181973314037,17.831076701705374,29020
336,-183.06999999999994,0,0.7145029791340722,8.055947997289545,29105
337,-77.04999999999998,0,0.7137884761549381,24.241318672536366,29188
338,-86.09999999999998,0,0.7130746876787832,38.28013834783009,29272
339,-70.27,0,0.7123616129911045,24.573412686945446,29355
340,-182.25999999999996,0,0.7116492513781133,6.724798072661672,29439
341,-51.60999999999996,0,0.7109376021267352,23.057706642895937,29519
342,-55.63999999999997,0,0.7102266645246085,7.699686394061572,29600
343,-63.729999999999976,0,0.7095164378600839,22.964371572180493,29682
344,-63.85999999999997,0,0.7088069214222238,19.26292099651084,29765
345,-71.52999999999997,0,0.7080981145008015,20.33836810981355,29847
346,-114.37999999999998,0,0.7073900163863007,30.78906182731901,29924
347,-25.349999999999948,0,0.7066826263699144,17.244030721676655,30002
348,-142.28999999999996,0,0.7059759437435444,20.715118172727983,30083
349,-159.29000000000002,0,0.7052699677998009,5.557333565184048,30167
350,-37.249999999999964,0,0.704564697832001,5.686477296146346,30248
351,-165.98999999999998,0,0.7038601331341691,6.559224452598985,30331
352,-51.60999999999996,0,0.7031562730010349,5.0348664537072185,30411
353,-126.38,0,0.7024531167280339,5.782492092138605,30490
354,-28.379999999999942,0,0.7017506636113059,39.59552060182278,30568
355,-42.779999999999966,0,0.7010489129476946,5.4810139997096,30647
356,-48.78999999999998,0,0.7003478640347469,19.096558142453432,30727
357,-110.30999999999997,0,0.6996475161707122,5.001833567371616,30804
358,-132.67999999999995,0,0.6989478686545415,6.136203067004681,30884
359,-34.02999999999997,0,0.698248920785887,6.785505919120251,30962
360,-106.75999999999993,0,0.6975506718651011,5.727999696310829,31047
361,-173.20999999999998,0,0.6968531211932361,19.895439442424546,31131
362,-51.49999999999996,0,0.6961562680720428,17.09444240182638,31211
363,-200.1299999999999,0,0.6954601118039707,24.262030844771584,31297
364,-162.27999999999994,0,0.6947646516921667,4.01856828094965,31380
365,-37.14999999999998,0,0.6940698870404746,5.379360123148447,31459
366,-37.62999999999997,0,0.6933758171534341,8.032919811297067,31538
367,-44.649999999999956,0,0.6926824413362807,16.67954036667943,31618
368,-72.07999999999993,0,0.6919897588949444,5.643406985009589,31700
369,-103.72999999999993,0,0.6912977691360495,16.948384969040404,31786
370,-12.579999999999956,0,0.6906064713669134,8.899546875765449,31862
371,-40.01999999999996,0,0.6899158648955466,4.91761333203014,31941
372,-76.16999999999996,0,0.689225949030651,22.143896847963333,32023
373,-49.08999999999994,0,0.6885367230816204,6.552029809619807,32102
374,-78.21999999999996,0,0.6878481863585387,8.519478855336585,32184
375,-138.38999999999996,0,0.6871603381721801,14.705916341440178,32265
376,-55.859999999999964,0,0.686473177834008,14.66798957924784,32346
377,-199.82,0,0.685786704656174,9.449646249238182,32431
378,-37.31999999999996,0,0.6851009179515178,7.331549985706806,32511
379,-119.22999999999996,0,0.6844158170335664,25.05252653428878,32598
380,-64.98999999999995,0,0.6837314012165328,15.546351849314679,32681
381,-60.08999999999995,0,0.6830476698153162,14.401783847227328,32763
382,-58.10999999999995,0,0.6823646221455009,7.678545855445626,32844
383,-239.93999999999986,0,0.6816822575233553,8.439429571447166,32936
384,-30.86999999999995,0,0.6810005752658319,6.245576861577156,33014
385,-57.09999999999995,0,0.680319574690566,5.926457378922439,33096
386,-50.24999999999999,0,0.6796392551158754,5.68093120372748,33175
387,-170.59999999999997,0,0.6789596158607596,7.413091938670089,33257
388,-22.33999999999996,0,0.6782806562448989,15.354826883836227,33334
389,-60.499999999999964,0,0.677602375588654,28.029168131910723,33415
390,-162.89999999999998,0,0.6769247732130653,9.739355724699356,33500
391,-80.80999999999996,0,0.6762478484398523,5.794557158436094,33584
392,-62.589999999999954,0,0.6755716005914124,6.491714251328664,33667
393,-44.76999999999997,0,0.674896028990821,7.894435639622845,33746
394,-12.619999999999962,0,0.6742211329618302,15.194625915665375,33822
395,-37.42,0,0.6735469118288684,9.003569799355972,33900
396,-77.45999999999998,0,0.6728733649170395,5.274281082763558,33984
397,-160.57999999999996,0,0.6722004915521225,13.758618470372223,34066
398,-82.19999999999995,0,0.6715282910605703,11.93615013863667,34149
399,-66.60999999999999,0,0.6708567627695098,8.247028174170529,34232
400,-44.60999999999994,0,0.6701859060067403,25.620401760935785,34312
401,-41.929999999999964,0,0.6695157201007336,19.133137942869453,34391
402,-141.86,0,0.6688462043806328,18.08338206410408,34471
403,-104.00999999999995,0,0.6681773581762521,8.161491213125341,34556
404,-58.6,0,0.6675091808180759,7.766396913999393,34637
405,-36.509999999999984,0,0.6668416716372578,9.294108129000362,34716
406,-65.77999999999996,0,0.6661748299656206,9.04613674189671,34799
407,-76.49999999999993,0,0.6655086551356549,9.866263219997997,34883
408,-57.98999999999997,0,0.6648431464805192,7.703191644698381,34963
409,-100.14999999999998,0,0.6641783033340387,8.673453909429638,35051
410,-168.04999999999993,0,0.6635141250307047,8.936581046808334,35135
411,-238.77999999999992,0,0.662850610905674,18.017301480637656,35225
412,-62.119999999999955,0,0.6621877602947683,5.877979007032183,35306
413,-145.83999999999997,0,0.6615255725344735,19.49833598434925,35386
414,-65.87999999999997,0,0.660864046961939,16.741814246991787,35468
415,-33.87999999999995,0,0.660203182914977,12.641639007797725,35547
416,-201.6499999999999,0,0.6595429797320621,9.844186117140096,35636
417,-119.59,0,0.6588834367523301,10.416364553647163,35714
418,-82.98999999999997,0,0.6582245533155777,7.193573368150134,35800
419,-61.35999999999996,0,0.6575663287622622,7.551844271612756,35881
420,-102.66999999999997,0,0.6569087624334999,12.229726801199071,35966
421,-72.85999999999996,0,0.6562518536710664,9.07801704363125,36048
422,-65.07999999999996,0,0.6555956018173954,11.973607114803643,36129
423,-129.63999999999996,0,0.654940006215578,9.6139717400074,36209
424,311.37,1,0.6542850662093624,10.56345061330419,36285
425,-46.83999999999995,0,0.6536307811431531,15.961218968222413,36364
426,-56.82999999999997,0,0.65297715036201,14.075173656145731,36445
427,-97.72999999999995,0,0.6523241732116479,8.999860933948966,36530
428,-38.98999999999998,0,0.6516718490384363,8.774585834786862,36609
429,-84.49999999999997,0,0.6510201771893979,7.716479254056172,36692
430,-21.449999999999953,0,0.6503691570122084,10.077523841486348,36769
431,-72.79999999999995,0,0.6497187878551962,9.528807476714805,36850
432,-97.34999999999997,0,0.649069069067341,10.406071886766789,36936
433,-135.50999999999996,0,0.6484199999982736,14.505051960051059,37016
434,-166.42,0,0.6477715799982753,17.132750354093663,37101
435,-64.48999999999997,0,0.647123808418277,13.97494254877538,37182
436,-40.54999999999997,0,0.6464766846098587,20.25660222619772,37262
437,-50.14999999999998,0,0.6458302079252489,9.514192709439918,37341
438,-115.90999999999994,0,0.6451843777173236,19.890318570512065,37430
439,-68.63999999999997,0,0.6445391933396063,13.691575119294315,37513
440,-81.54999999999995,0,0.6438946541462667,17.214953059241886,37597
441,321.59000000000003,1,0.6432507594921204,14.55609279530389,37667
442,-53.309999999999945,0,0.6426075087326283,6.469668594002724,37747
443,-25.429999999999964,0,0.6419649012238956,6.365873726931485,37824
444,-32.239999999999995,0,0.6413229363226717,9.4173400585468,37902
445,-19.069999999999954,0,0.640681613386349,21.0268083826288,37979
446,-37.55999999999999,0,0.6400409317729626,12.881792243522934,38058
447,-31.92999999999997,0,0.6394008908411897,19.029559760154047,38137
448,-97.78999999999996,0,0.6387614899503485,9.810090656890425,38223
449,-52.44999999999993,0,0.6381227284603982,25.299231788258492,38304
450,303.15000000000003,1,0.6374846057319378,18.44375245365096,38385
451,-56.599999999999945,0,0.6368471211262058,11.30346303810308,38466
452,-77.85,0,0.6362102740050796,18.36899743939555,38552
453,-64.50999999999996,0,0.6355740637310745,13.904320159076173,38633
454,-33.84999999999998,0,0.6349384896673435,10.181584078588603,38714
455,-163.02999999999994,0,0.6343035511776761,12.058158264102707,38797
456,-32.30999999999995,0,0.6336692476264985,21.27975352051892,38876
457,-58.39999999999997,0,0.6330355783788719,24.120688185634382,38959
458,-124.57999999999998,0,0.632402542800493,20.072351736900135,39037
459,-23.029999999999962,0,0.6317701402576925,11.655599857305551,39114
460,-156.6699999999999,0,0.6311383701174348,21.818734774618974,39195
461,-143.78999999999996,0,0.6305072317473174,16.540228253602983,39275
462,-69.42999999999996,0,0.6298767245155701,14.832627296447754,39357
463,-28.71999999999995,0,0.6292468477910546,16.950372839585327,39435
464,-70.34999999999998,0,0.6286176009432635,16.884315641914927,39517
465,248.78000000000006,1,0.6279889833423202,21.118806125135983,39602
466,-57.29999999999996,0,0.6273609943589779,10.932893823087216,39682
467,326.07000000000005,1,0.6267336333646188,16.048993520922476,39759
468,320.8,1,0.6261068997312542,17.793900671932434,39831
469,-69.87999999999997,0,0.6254807928315229,21.40296418637764,39913
470,345.15000000000003,1,0.6248553120386914,26.08185305346304,39980
471,-22.879999999999946,0,0.6242304567266527,11.73417870203654,40058
472,-23.30999999999994,0,0.623606226269926,23.501959144295036,40135
473,-81.46999999999996,0,0.6229826200436561,10.975997740963855,40218
474,-22.689999999999955,0,0.6223596374236124,10.673801813806806,40295
475,320.86,1,0.6217372777861888,25.49989618029859,40367
476,365.32000000000005,1,0.6211155405084027,23.781287324428558,40427
477,-145.19999999999996,0,0.6204944249678943,28.134031413513938,40508
478,-18.549999999999976,0,0.6198739305429264,19.187085910276934,40585
479,-40.049999999999955,0,0.6192540566123834,21.540271211553502,40666
480,-136.52999999999992,0,0.6186348025557711,26.8378689262,40754
481,-39.29999999999997,0,0.6180161677532153,25.170841586589813,40834
482,-98.85999999999994,0,0.6173981515854621,18.732909849110772,40919
483,-14.829999999999984,0,0.6167807534338766,19.881822177342006,40996
484,344.23,1,0.6161639726804428,24.18083853427678,41069
485,-26.14999999999996,0,0.6155478087077623,17.525263034380398,41147
486,353.19,1,0.6149322608990545,26.82536817419118,41205
487,-19.06999999999997,0,0.6143173286381555,16.422217362966293,41283
488,336.2,1,0.6137030113095173,15.07440693284336,41359
489,-53.10999999999994,0,0.6130893082982078,15.822707222729194,41441
490,-165.21999999999994,0,0.6124762189899097,12.19056962766955,41534
491,-39.14999999999994,0,0.6118637427709198,18.221193953405454,41613
492,-10.119999999999955,0,0.6112518790281489,21.48424852051233,41689
493,-87.14999999999995,0,0.6106406271491208,19.150361978864094,41772
494,-83.57999999999996,0,0.6100299865219717,22.940890296584083,41856
495,-51.30999999999996,0,0.6094199565354498,20.4755231436388,41937
496,-34.80999999999998,0,0.6088105365789144,28.19647421414339,42016
497,-76.32999999999997,0,0.6082017260423355,11.328370128769473,42099
498,-67.14999999999998,0,0.6075935243162931,45.35674744408305,42181
499,-94.56999999999996,0,0.6069859307919768,22.239033560420193,42267
500,-85.68999999999997,0,0.6063789448611848,21.78022074138417,42352
501,-68.08999999999997,0,0.6057725659163237,29.793323313317646,42434
502,-67.50999999999996,0,0.6051667933504074,27.122522526476757,42517
503,-61.51999999999998,0,0.6045616265570569,22.09229626015919,42599
504,-35.26999999999997,0,0.6039570649304998,24.634243590922296,42678
505,-121.98999999999995,0,0.6033531078655693,28.258168417831946,42765
506,252.53000000000003,1,0.6027497547577038,31.455667297507443,42851
507,-32.85999999999998,0,0.602147005002946,34.47188585317588,42930
508,327.19000000000005,1,0.6015448579979431,22.412051385243732,43005
509,-11.279999999999959,0,0.6009433131399452,19.950194924305645,43083
510,-5.619999999999969,0,0.6003423698268052,39.46311610395258,43160
511,-101.56999999999996,0,0.5997420274569785,41.9893674289479,43245
512,256.13000000000005,1,0.5991422854295215,37.39607825404719,43321
513,-60.43999999999994,0,0.598543143144092,19.774299815849023,43402
514,-35.779999999999966,0,0.5979446000009478,20.66054747376261,43481
515,-67.36999999999998,0,0.5973466554009469,37.212298843918774,43563
516,-98.22999999999993,0,0.596749308745546,40.180912935870815,43650
517,-92.65999999999997,0,0.5961525594368005,34.97782973448435,43734
518,-56.29999999999994,0,0.5955564068773637,31.789500248141405,43816
519,-40.59999999999998,0,0.5949608504704863,27.906707792747312,43898
520,-143.31999999999994,0,0.5943658896200158,33.43937398086894,43986
521,302.25000000000006,1,0.5937715237303958,34.804832022984826,44061
522,-129.06,0,0.5931777522066654,23.819625005293428,44150
523,-62.19999999999997,0,0.5925845744544587,34.52272113358102,44232
524,355.43000000000006,1,0.5919919898800042,30.790726095882814,44299
525,-172.9599999999999,0,0.5913999978901242,18.89086038963769,44392
526,-45.199999999999974,0,0.590808597892234,17.53862104886844,44473
527,-175.46,0,0.5902177892943418,39.870844425224675,44555
528,-36.959999999999965,0,0.5896275715050474,31.89705710471431,44634
529,241.85000000000002,0,0.5890379439335424,20.301775391508894,44716
530,252.45000000000005,0,0.5884489059896089,27.1456966738642,44797
531,-60.87999999999996,0,0.5878604570836192,25.138019640271256,44879
532,-43.90999999999995,0,0.5872725966265356,39.5822276353836,44959
533,-70.12999999999997,0,0.5866853240299091,40.68053890136351,45042
534,-26.359999999999953,0,0.5860986387058792,33.343442430863014,45120
535,-51.33999999999996,0,0.5855125400671733,25.519664281606673,45200
536,323.28000000000003,1,0.5849270275271061,32.901798702575064,45274
537,-131.45999999999995,0,0.584342100499579,35.32956917411403,45369
538,-36.23999999999997,0,0.5837577583990794,39.44352148473263,45449
539,284.83000000000004,1,0.5831740006406804,38.57730428377787,45527
540,309.86,1,0.5825908266400397,22.327187381573577,45594
541,-57.59999999999996,0,0.5820082358133997,30.358398101947927,45675
542,-46.97999999999997,0,0.5814262275775862,43.31566162705421,45755
543,-30.689999999999966,0,0.5808448013500086,24.461564872838274,45834
544,-39.18999999999994,0,0.5802639565486586,26.899216014146806,45914
545,-48.69999999999997,0,0.57968369259211,19.333591690659524,45994
546,288.3,1,0.5791040088995179,46.21933316882652,46073
547,315.13000000000005,1,0.5785249048906184,43.91467201531823,46140
548,-26.45999999999997,0,0.5779463799857277,26.004108178464673,46219
549,-29.359999999999975,0,0.577368433605742,28.867961621284486,46299
550,345.57000000000005,1,0.5767910651721362,25.26926950974898,46354
551,-50.48999999999998,0,0.576214274106964,34.232452519146015,46435
552,301.65000000000003,1,0.5756380598328571,24.66634590374796,46511
553,-25.63999999999997,0,0.5750624217730242,25.94083887185806,46589
554,-82.85999999999997,0,0.5744873593512512,22.646385360331763,46673
555,319.65000000000003,1,0.5739128719918999,24.099164051887318,46751
556,309.91,1,0.573338959119908,35.920004458138436,46817
557,-110.93999999999997,0,0.572765620160788,28.93896793771064,46904
558,-58.87999999999997,0,0.5721928545406272,24.19715231297964,46987
559,-38.72999999999999,0,0.5716206616860866,23.659141514036392,47068
560,-37.62999999999997,0,0.5710490410244006,57.096266341209414,47148
561,-50.54999999999998,0,0.5704779919833761,28.7987330943346,47228
562,-70.89999999999998,0,0.5699075139913927,27.0842328243945,47311
563,-93.51999999999995,0,0.5693376064774013,40.893506969724385,47395
564,-140.32999999999996,0,0.5687682688709239,24.974335567925564,47488
565,350.51000000000005,1,0.5681995006020529,22.460048610513862,47543
566,235.91000000000003,0,0.5676313011014509,28.438821298530303,47626
567,-71.22999999999996,0,0.5670636698003494,31.401773990654362,47708
568,-40.41999999999997,0,0.5664966061305491,30.1157168418169,47788
569,-25.99999999999996,0,0.5659301095244186,26.568632786090557,47866
570,-78.27999999999994,0,0.5653641794148941,33.55063372347728,47949
571,328.43,1,0.5647988152354793,43.97177911872294,48016
572,-30.379999999999956,0,0.5642340164202437,37.77423526690556,48094
573,-59.73999999999998,0,0.5636697824038235,18.130977189099347,48175
574,-28.21999999999998,0,0.5631061126214196,38.87377938137779,48254
575,-96.00999999999996,0,0.5625430065087982,28.727941740260405,48339
576,-9.239999999999974,0,0.5619804635022894,28.426111478554574,48415
577,-43.11999999999995,0,0.561418483038787,19.793369703655003,48494
578,293.32000000000005,1,0.5608570645557482,34.35258436806594,48573
579,-41.73999999999995,0,0.5602962074911925,41.30266281962395,48653
580,-68.72999999999995,0,0.5597359112837013,34.68644977197415,48735
581,331.77000000000004,1,0.5591761753724176,22.15908672307667,48811
582,-47.179999999999964,0,0.5586169991970452,21.916793723165252,48892
583,-41.55999999999996,0,0.5580583821978482,24.984634475943484,48973
584,-88.64999999999998,0,0.5575003238156504,31.075134886316505,49056
585,317.96000000000004,1,0.5569428234918348,47.67627702741062,49124
586,-96.28999999999996,0,0.5563858806683429,23.81679885414825,49211
587,-5.679999999999964,0,0.5558294947876746,24.86352882887188,49287
588,-108.20999999999997,0,0.5552736652928869,27.729122805040937,49373
589,-55.38999999999996,0,0.5547183916275941,54.316959463519815,49454
590,335.94,1,0.5541636732359665,24.716279600707576,49525
591,-48.329999999999956,0,0.5536095095627305,22.691322773694992,49605
592,-24.299999999999972,0,0.5530559000531677,31.554631976338175,49682
593,-39.05999999999995,0,0.5525028441531146,35.98254946213734,49761
594,328.67,1,0.5519503413089615,23.277373698220323,49828
595,352.79,1,0.5513983909676525,28.114784117402703,49886
596,316.51000000000005,1,0.5508469925766849,35.908632046297974,49962
597,288.15000000000003,1,0.5502961455841082,37.216848510503766,50042
598,-12.859999999999964,0,0.5497458494385241,27.812128895207454,50118
599,252.50000000000003,0,0.5491961035890855,31.454944080776638,50199
600,-38.969999999999985,0,0.5486469074854965,29.164959530287152,50278
601,337.14000000000004,1,0.548098260578011,44.0224771295275,50348
602,344.98,1,0.547550162317433,23.961118066814585,50419
603,-87.23999999999998,0,0.5470026121551156,26.796417659871718,50504
604,-94.27999999999994,0,0.5464556095429605,37.830306022307454,50589
605,-79.85999999999996,0,0.5459091539334175,21.10787506850369,50672
606,-44.409999999999975,0,0.5453632447794842,29.36880232691765,50752
607,-76.70999999999997,0,0.5448178815347047,31.11124885649908,50836
608,269.63,0,0.54427306365317,28.9487004581886,50915
609,328.68,1,0.5437287905895168,31.28298641020252,50977
610,-3.859999999999978,0,0.5431850617989273,25.631208997023734,51053
611,261.73,0,0.5426418767371284,37.67476174533367,51133
612,-79.24999999999997,0,0.5420992348603912,23.280767670596937,51216
613,-61.18999999999996,0,0.5415571356255309,35.75510209362681,51298
614,-70.53999999999996,0,0.5410155784899053,38.8161409191969,51380
615,-36.679999999999964,0,0.5404745629114154,29.523039796684362,51459
616,-123.28,0,0.539934088348504,25.601784760438942,51538
617,349.37,1,0.5393941542601555,24.4218392602859,51600
618,-71.28999999999994,0,0.5388547601058953,40.41097467916983,51681
619,311.23,1,0.5383159053457894,32.91951473135697,51757
620,-38.47999999999993,0,0.5377775894404436,26.963127866575988,51836
621,301.51000000000005,1,0.5372398118510032,30.558641477064654,51913
622,340.88,1,0.5367025720391522,47.88645511203342,51985
623,-82.47999999999995,0,0.536165869467113,29.07483641854648,52072
624,-11.43999999999997,0,0.5356297035976458,26.954345385233562,52150
625,258.95000000000005,0,0.5350940738940482,39.463991248607634,52230
626,-37.44999999999997,0,0.5345589798201541,21.824726931656464,52309
627,330.93,1,0.534024420840334,27.696691124779836,52379
628,-37.16999999999997,0,0.5334903964194936,28.569301949271672,52458
629,263.62000000000006,0,0.5329569060230741,41.68400526046753,52538
630,-21.149999999999956,0,0.532423949117051,44.33323243376496,52615
631,357.27,1,0.531891525167934,25.239855010168892,52685
632,-83.67999999999995,0,0.5313596336427661,31.029969091875007,52768
633,-79.92999999999995,0,0.5308282740091232,36.940387283463075,52851
634,350.26000000000005,1,0.5302974457351142,32.55763860259737,52907
635,327.32,1,0.5297671482893791,22.60591537243611,52981
636,303.19000000000005,1,0.5292373811410898,34.58732560840813,53055
637,-11.109999999999957,0,0.5287081437599487,23.914947314140125,53133
638,336.33000000000004,1,0.5281794356161887,33.36264883188101,53198
639,-119.33999999999997,0,0.5276512561805725,30.316198524387403,53285
640,-48.94999999999995,0,0.5271236049243919,34.726394328474996,53365
641,357.53000000000003,1,0.5265964813194676,49.901885468384314,53423
642,-26.259999999999962,0,0.5260698848381481,25.07189097159948,53501
643,-55.569999999999965,0,0.5255438149533099,35.291400124387046,53583
644,-37.64999999999994,0,0.5250182711383566,34.002533441782,53663
645,-16.269999999999968,0,0.5244932528672183,42.58625519120848,53740
646,344.72,1,0.5239687596143511,41.83101258512403,53801
647,323.86000000000007,1,0.5234447908547367,38.328461019960166,53874
648,-18.09999999999996,0,0.522921346063882,48.624576940164935,53951
649,-26.54999999999996,0,0.522398424717818,39.63919041095636,54029
650,313.28000000000003,1,0.5218760262931003,32.78408880491514,54103
651,-42.76999999999997,0,0.5213541502668072,36.57306849360466,54183
652,319.89000000000004,1,0.5208327961165404,25.225401195127574,54250
653,344.08000000000004,1,0.5203119633204238,51.32360285606937,54319
654,311.83,1,0.5197916513571034,51.259525424555726,54395
655,348.0,1,0.5192718597057463,29.24987572517948,54464
656,301.90000000000003,1,0.5187525878460405,20.92546952565511,54539
657,-90.27999999999999,0,0.5182338352581944,54.378099158752796,54625
658,335.23,1,0.5177156014229363,28.26303864237088,54692
659,252.41000000000003,1,0.5171978858215134,30.992157453649185,54777
660,-38.74999999999995,0,0.5166806879356919,42.987967424754856,54856
661,239.48000000000002,0,0.5161640072477562,38.223997035658506,54939
662,-212.18999999999997,0,0.5156478432405085,42.016904025401885,55042
663,-34.45999999999998,0,0.515132195397268,47.598011034953444,55121
664,-36.07999999999994,0,0.5146170632018707,47.317752820027025,55200
665,-32.11999999999995,0,0.5141024461386688,32.293108487431006,55279
666,339.11,1,0.5135883436925301,39.40520061663727,55346
667,-50.25999999999996,0,0.5130747553488376,40.39041960835457,55426
668,-33.39999999999995,0,0.5125616805934888,24.677097111940384,55506
669,331.94000000000005,1,0.5120491189128954,27.26777727539475,55580
670,-34.80999999999996,0,0.5115370697939825,38.40462628006935,55660
671,-34.41999999999999,0,0.5110255327241885,27.310014793276785,55740
672,-128.71999999999997,0,0.5105145071914643,30.54000924508783,55819
673,-50.539999999999964,0,0.5100039926842729,32.7160833114531,55901
674,339.14000000000004,1,0.5094939886915886,29.01033890247345,55973
675,-47.21999999999997,0,0.508984494702897,29.773053729534148,56053
676,323.6,1,0.508475510208194,30.327540378047996,56126
677,-55.819999999999965,0,0.5079670346979859,40.08418614187358,56207
678,329.33000000000004,1,0.5074590676632879,26.354755427156174,56263
679,-48.449999999999974,0,0.5069516085956246,32.61868512034416,56343
680,327.72,1,0.506444656987029,23.99298262914022,56418
681,297.56,1,0.505938212330042,41.465775436825226,56499
682,324.29,1,0.505432274117712,28.98652978139381,56572
683,337.1,1,0.5049268418435943,54.38232645912776,56635
684,326.23,1,0.5044219150017507,34.93406538235939,56694
685,-74.83999999999999,0,0.5039174930867489,40.9653248389562,56778
686,-117.68999999999997,0,0.5034135755936622,23.754787753789852,56856
687,294.01000000000005,1,0.5029101620180685,36.5443000793457,56923
688,-35.95999999999995,0,0.5024072518560504,60.147323813619494,57002
689,278.19,1,0.5019048446041944,41.22301036470077,57070
690,305.82000000000005,1,0.5014029397595902,36.71806766646249,57140
691,323.64000000000004,1,0.5009015368198305,32.614527460646954,57213
692,343.64,1,0.5004006352830107,34.0589127771316,57275
693,-26.40999999999996,0,0.4999002346477277,44.44166235434703,57353
694,-34.19999999999996,0,0.49940033441307996,36.41238770303847,57432
695,310.83000000000004,1,0.49890093407866687,32.06584515370114,57503
696,282.46000000000004,1,0.4984020331445882,32.69569609916373,57576
697,-46.659999999999954,0,0.4979036311114436,43.184466020560556,57657
698,-40.91999999999996,0,0.4974057274803321,33.8160631075138,57739
699,-54.759999999999955,0,0.49690832175285177,48.11198244443754,57821
700,331.92,1,0.4964114134310989,42.57434147801892,57879
701,-85.58999999999997,0,0.4959150020176678,41.33017825512659,57963
702,-14.869999999999969,0,0.49541908701565013,40.955710002354216,58040
703,-45.59999999999998,0,0.49492366792863446,32.29758266210556,58120
704,-29.089999999999964,0,0.4944287442607058,47.02216107935845,58199
705,-28.659999999999965,0,0.4939343155164451,27.371283126782767,58278
706,287.4100000000001,1,0.4934403812009287,41.271783484688285,58357
707,346.65000000000003,1,0.4929469408197278,41.6809207201004,58421
708,297.27,1,0.49245399387890804,40.8507112215643,58494
709,263.31000000000006,0,0.4919615398850291,45.51766527434926,58575
710,297.07000000000005,1,0.4914695783451441,51.177252949895085,58649
711,272.29,1,0.4909781087667989,66.43429386766651,58728
712,-74.63999999999993,0,0.4904871306580321,34.248049859439625,58813
713,78.04000000000005,1,0.4899966435273741,32.08653433214534,58901
714,288.07000000000005,1,0.4895066468838467,32.398640882968905,58981
715,-68.74999999999996,0,0.48901714023696286,39.6355544357765,59063
716,280.29,1,0.4885281230967259,51.691735495983714,59134
717,322.85,1,0.48803959497362914,47.77268632253011,59209
718,-61.459999999999965,0,0.4875515553786555,41.23340913548189,59294
719,292.72,1,0.48706400382327686,29.126698680826134,59368
720,307.44,1,0.4865769398194536,25.659493342689846,59437
721,-31.609999999999957,0,0.48609036287963414,40.58053496556404,59515
722,-27.529999999999973,0,0.48560427251675453,40.80145665926811,59593
723,279.01,1,0.48511866824423777,39.1827276856152,59660
724,-23.819999999999972,0,0.4846335495759935,29.800935105432437,59739
725,-33.22999999999996,0,0.4841489160264175,32.88447591322887,59818
726,-18.109999999999946,0,0.4836647671103911,39.582360708260836,59897
727,337.03000000000003,1,0.4831811023432807,28.100986998421806,59967
728,314.56000000000006,1,0.4826979212409374,31.823565748002792,60039
729,-67.21999999999996,0,0.48221522331969646,37.49734708241054,60123
730,216.83000000000004,0,0.48173300809637676,39.50286348006305,60208
731,329.48,1,0.48125127508828036,37.65646267590458,60281
732,279.88000000000005,0,0.48077002381319206,26.432034456277197,60360
733,-25.899999999999963,0,0.48028925378937887,28.63177928557763,60438
734,322.14000000000004,1,0.47980896453558947,38.36041342417399,60513
735,330.98,1,0.4793291555710539,43.482440854563855,60579
736,336.85,1,0.47884982641548285,29.255532411428597,60644
737,350.6,1,0.47837097658906735,37.87140261576726,60709
738,330.13000000000005,1,0.47789260561247826,34.748309122191536,60781
739,268.48,0,0.4774147130068658,27.515454524755476,60861
740,-27.509999999999977,0,0.4769372982938589,35.20825296793229,60939
741,284.23,0,0.47646036099556505,42.60758407910665,61017
742,319.45000000000005,1,0.47598390063456947,31.291170535943447,61095
743,-77.59999999999994,0,0.4755079167339349,34.83367524495939,61177
744,-65.25999999999996,0,0.47503240881720094,38.36378204531786,61259
745,281.32000000000005,1,0.47455737640838375,41.08575782022978,61335
746,337.08000000000004,1,0.47408281903197536,39.46564252035959,61405
747,-41.66999999999996,0,0.47360873621294336,30.40868989727165,61484
748,-42.969999999999956,0,0.4731351274767304,39.80333088338375,61564
749,322.21000000000004,1,0.4726619923492537,44.07791749954224,61639
750,319.57000000000005,1,0.47218933035690447,24.10228893336128,61707
751,338.38,1,0.47171714102654755,31.353993877287834,61769
752,240.78,1,0.471245423885521,42.76468610127767,61844
753,-58.71999999999996,0,0.47077417846163544,26.58238121315285,61925
754,278.63,1,0.4703034042831738,49.526547875669266,61997
755,313.38000000000005,1,0.46983310087889063,25.11342114987581,62066
756,239.44000000000003,0,0.46936326777801174,38.68421472411558,62149
757,202.65000000000003,1,0.4688939045102337,41.677905868839574,62223
758,338.09000000000003,1,0.4684250106057235,33.60254240792895,62286
759,-132.89,0,0.46795658559511777,32.89412875608964,62374
760,225.51000000000002,1,0.46748862900952265,23.94470641520116,62451
761,256.57000000000005,0,0.4670211403805131,28.933829713750768,62532
762,276.32000000000005,1,0.4665541192401326,38.08074578371915,62609
763,258.75,1,0.4660875651208925,42.074019916022,62676
764,-48.17999999999998,0,0.4656214775557716,34.92648636853254,62757
765,308.54,1,0.46515585607821586,40.320734534944805,62827
766,350.91,1,0.46469070022213765,31.515931955973308,62887
767,216.45000000000005,1,0.4642260095219155,36.58011108636856,62967
768,-48.519999999999975,0,0.4637617835123936,30.14419030547142,63047
769,223.43000000000004,1,0.46329802172888124,45.928468981875646,63126
770,-131.28999999999994,0,0.46283472370715234,33.44003125212409,63214
771,332.45000000000005,1,0.46237188898344517,28.510757166998726,63284
772,279.55000000000007,0,0.4619095170944617,36.86537622794127,63362
773,337.41,1,0.46144760757736725,36.658210739256845,63425
774,259.6,1,0.46098615996978987,22.834163188934326,63497
775,305.28000000000003,1,0.46052517380982005,28.757011615054708,63568
776,156.81000000000003,1,0.4600646486360102,30.711307172422057,63649
777,323.48,1,0.4596045839873742,31.969271859607183,63723
778,341.92,1,0.45914497940338683,32.705765276688794,63788
779,350.51000000000005,1,0.4586858344239834,34.07670144301194,63853
780,314.59000000000003,1,0.45822714858955943,29.00791851679484,63931
781,317.57000000000005,1,0.45776892144096987,28.766028093255084,64000
782,-14.799999999999969,0,0.4573111525195289,23.15498791731797,64077
783,329.14000000000004,1,0.4568538413670094,40.38529471497038,64144
784,342.06000000000006,1,0.4563969875256424,37.25595020881066,64209
785,337.5,1,0.45594059053811675,44.90514254936805,64274
786,336.47,1,0.45548464994757865,30.37648296356201,64345
787,360.13000000000005,1,0.45502916529763104,37.76072999297595,64406
788,192.32000000000002,1,0.45457413613233344,38.16140866279602,64486
789,352.24,1,0.4541195619962011,47.67546497566113,64555
790,224.58000000000004,0,0.4536654424342049,36.821080565452576,64639
791,-133.84,0,0.45321177699177073,28.564810395240784,64727
792,-72.77999999999997,0,0.452758565214779,43.35525070078233,64812
793,220.92000000000002,1,0.4523058066495642,32.70921835233999,64898
794,-147.51999999999995,0,0.45185350084291465,36.43283322036907,64991
795,235.29000000000002,1,0.4514016473420717,42.255593061447144,65063
796,243.09000000000003,1,0.45095024569472963,40.236783913203645,65147
797,-137.52999999999997,0,0.4504992954490349,36.77106994870065,65234
798,323.4,1,0.45004879615358584,44.904719317660614,65302
799,239.47,1,0.44959874735743227,36.06395603389275,65384
800,208.96000000000004,1,0.4491491486100748,40.302626544778995,65472
801,266.23,1,0.44869999946146477,28.51028238972531,65551
802,204.66000000000003,1,0.4482512994620033,40.198159967150005,65649
803,256.99,0,0.4478030481625413,34.879574964075914,65730
804,-79.37999999999998,0,0.44735524511437874,33.969486447267755,65816
805,-85.94999999999999,0,0.4469078898692644,41.7707234450749,65900
806,333.20000000000005,1,0.4464609819793951,21.39002828728663,65973
807,288.59000000000003,1,0.44601452099741573,27.011199186926017,66046
808,230.44000000000005,1,0.4455685064764183,32.879158081946436,66123
809,214.32000000000005,0,0.4451229379699419,41.53659913653419,66207
810,311.57000000000005,1,0.44467781503197196,29.88137484940005,66278
811,322.00000000000006,1,0.44423313721693997,30.28055393854777,66353
812,318.56000000000006,1,0.44378890407972305,28.47004869404961,66421
813,-125.86999999999995,0,0.44334511517564335,37.56249040172946,66514
814,-33.329999999999956,0,0.4429017700604677,40.54465710965893,66593
815,326.91,1,0.44245886829040726,23.681171147719674,66662
816,348.57000000000005,1,0.44201640942211684,28.96323351929153,66731
817,361.3,1,0.44157439301269474,24.830740854144096,66795
818,270.58000000000004,1,0.44113281861968207,31.127320470944255,66866
819,333.19000000000005,1,0.4406916858010624,50.424190156600055,66934
820,344.87,1,0.4402509941152613,35.790850018801756,67007
821,-12.909999999999947,0,0.43981074312114604,38.26963999364283,67084
822,358.64000000000004,1,0.4393709323780249,31.283214323660907,67152
823,295.37000000000006,1,0.4389315614456469,32.905330380397054,67219
824,346.57000000000005,1,0.43849262988420123,34.1642794162035,67283
825,261.39000000000004,1,0.438054137254317,34.92686525980631,67358
826,315.05000000000007,1,0.4376160831170627,35.74355103419377,67436
827,-29.54999999999997,0,0.43717846703394564,35.10881180099294,67515
828,290.66,0,0.4367412885669117,33.605271110286964,67592
829,309.93,1,0.4363045472783448,28.068474534270052,67669
830,336.90000000000003,1,0.43586824273106645,36.1735902932974,67734
831,336.23,1,0.4354323744883354,31.33210678100586,67799
832,343.57000000000005,1,0.43499694211384704,34.334812471943515,67861
833,273.74,1,0.4345619451717332,30.471008410820595,67939
834,-37.379999999999974,0,0.43412738322656147,35.48297255552268,68018
835,358.5,1,0.4336932558433349,44.245332072762885,68086
836,256.5,1,0.43325956258749154,32.42468032130488,68167
837,-24.629999999999978,0,0.43282630302490405,31.615057926911575,68245
838,261.57000000000005,0,0.43239347672187917,30.389418268203734,68325
839,322.54,1,0.4319610832451573,33.546111688017845,68389
840,318.76000000000005,1,0.43152912216191214,35.02969570302252,68456
841,345.66,1,0.4310975930397502,42.954386747244634,68522
842,288.38,1,0.43066649544671043,26.794446969334082,68601
843,352.34000000000003,1,0.4302358289512637,32.22001399993896,68666
844,274.89000000000004,1,0.4298055931223125,27.82480718840414,68733
845,340.37,1,0.42937578752919014,32.05740010377133,68799
846,286.0,1,0.4289464117416609,36.619973711851166,68881
847,362.38,1,0.42851746532991924,27.387740433216095,68945
848,301.79,1,0.42808894786458934,29.800592568715413,69020
849,271.24,1,0.42766085891672473,38.12559425203424,69096
850,285.25,1,0.427233198057808,38.85330354393302,69173
851,269.17,0,0.4268059648597502,28.233213871340208,69252
852,243.88000000000005,0,0.4263791588948904,37.49085339580674,69335
853,314.56000000000006,1,0.42595277973599555,22.033821205594645,69402
854,350.28000000000003,1,0.42552682695625954,23.130981577359712,69467
855,340.44,1,0.4251013001293033,29.450496399041377,69533
856,339.90000000000003,1,0.424676198829174,32.265614138709175,69605
857,330.6,1,0.4242515226303448,31.69408831229577,69670
858,330.53000000000003,1,0.42382727110771445,23.992433287880637,69736
859,-69.43999999999996,0,0.4234034438366067,31.47780031692691,69818
860,318.00000000000006,1,0.4229800403927701,32.589750079547656,69886
861,-205.44999999999993,0,0.42255706035237733,35.55937916470557,69983
862,-16.66999999999998,0,0.42213450329202495,27.544258741232063,70061
863,304.13000000000005,1,0.4217123687887329,41.589001062588814,70139
864,-69.88999999999994,0,0.4212906564199442,31.51649018031795,70221
865,314.91,1,0.42086936576352424,42.49808327356974,70293
866,171.07000000000002,1,0.4204484963977607,33.91963218387804,70369
867,139.41000000000003,0,0.42002804790136294,28.729714714962505,70461
868,292.76000000000005,1,0.4196080198534616,27.614311418017827,70535
869,277.16,1,0.4191884118336081,40.40344799428746,70604
870,352.30000000000007,1,0.41876922342177453,39.4621846228838,70668
871,308.33000000000004,1,0.41835045419835276,31.270978927612305,70741
872,348.55,1,0.4179321037441544,36.59906827586971,70814
873,318.76000000000005,1,0.41751417164041027,28.743144680471982,70882
874,340.69000000000005,1,0.41709665746876984,23.178023771806195,70948
875,329.46000000000004,1,0.4166795608113011,24.046220836354724,71015
876,252.21000000000004,0,0.41626288125048977,26.77586428712054,71097
877,350.01,1,0.41584661836923925,38.969281424008884,71162
878,311.5,1,0.41543077175087,34.15338292439779,71237
879,308.64000000000004,1,0.41501534097911913,33.39385084909936,71310
880,287.37,1,0.41460032563814003,36.433539751413704,71384
881,342.52000000000004,1,0.4141857253125019,49.647136590060065,71452
882,-80.86999999999998,0,0.41377153958718943,43.81468879899313,71538
883,356.48,1,0.4133577680476022,45.462226559565615,71603
884,313.95,1,0.4129444102795546,43.92890482682448,71681
885,320.62,1,0.412531465869275,49.08253526051839,71756
886,307.33000000000004,1,0.41211893440340575,49.35130991617839,71831
887,260.25000000000006,1,0.41170681546900234,34.65219810210078,71914
888,-22.749999999999957,0,0.41129510865353336,40.10419696956486,71991
889,238.75000000000003,0,0.41088381354487985,42.54344580813152,72073
890,356.02000000000004,1,0.410472929731335,32.51626843214035,72145
891,-16.919999999999966,0,0.41006245680160364,28.735945047476353,72223
892,305.85,1,0.40965239434480205,32.66830727751826,72294
893,321.64,1,0.40924274195045723,27.81573446246161,72363
894,321.75000000000006,1,0.40883349920850676,28.180667146046957,72438
895,323.88000000000005,1,0.40842466570929825,23.116046281421887,72506
896,274.45,1,0.40801624104358897,33.94412609818694,72583
897,338.20000000000005,1,0.4076082248025454,51.35871884936378,72646
898,319.29,1,0.4072006165777428,43.9220358984811,72723
899,338.90000000000003,1,0.4067934159611651,33.32736378245883,72795
900,-90.59999999999995,0,0.4063866225452039,37.20862296649388,72879
901,367.11,1,0.4059802359226587,24.392289605633966,72937
902,355.53000000000003,1,0.40557425568673605,44.015785283308766,73002
903,355.23,1,0.40516868143104934,28.783061497028058,73067
904,351.95,1,0.4047635127496183,37.592908020677235,73125
905,-12.629999999999974,0,0.4043587492368687,27.002429234675873,73203
906,-12.399999999999991,0,0.4039543904876318,28.9927645534664,73280
907,307.32000000000005,1,0.4035504360971442,23.90516110915172,73359
908,343.25,1,0.40314688566104706,27.223581105062408,73432
909,-56.45999999999996,0,0.402743738775386,32.024292155009945,73514
910,315.8,1,0.4023409950366106,20.720490556014212,73590
911,348.63,1,0.401938654041574,41.459289401324824,73657
912,304.18,1,0.4015367153875324,31.508774995803833,73729
913,341.27,1,0.4011351786721449,41.97022012563852,73794
914,351.76,1,0.40073404349347275,25.895453702486478,73859
915,340.08000000000004,1,0.40033330944997925,36.0093009038405,73925
916,345.13,1,0.39993297614052925,45.1995937983195,73985
917,323.26,1,0.3995330431643887,36.83533246176584,74062
918,299.69,1,0.39913351012122433,33.453227856220344,74140
919,353.20000000000005,1,0.3987343766111031,34.19835961754642,74207
920,360.11,1,0.398335642234492,39.872323007294625,74273
921,-27.129999999999963,0,0.3979373065922575,34.08467562382038,74351
922,361.39000000000004,1,0.39753936928566525,27.648860979888397,74410
923,-39.20999999999995,0,0.3971418299163796,41.623364189003084,74489
924,362.66,1,0.3967446880864632,32.2635311037302,74553
925,323.45000000000005,1,0.3963479433983767,36.35362456940316,74627
926,350.84000000000003,1,0.3959515954549783,32.5188596872183,74692
927,252.78000000000003,0,0.39555564385952335,37.53226940131482,74773
928,339.24,1,0.39516008821566384,32.459655024788596,74839
929,312.77000000000004,1,0.3947649281274482,27.836583351743393,74908
930,329.27000000000004,1,0.3943701631993207,39.15228692578598,74979
931,308.06000000000006,1,0.3939757930361214,29.70439602533976,75054
932,335.48,1,0.3935818172430853,29.669791493150925,75126
933,321.55,1,0.3931882354258422,34.20654391598057,75200
934,332.08000000000004,1,0.39279504719041636,43.69737294316292,75264
935,348.20000000000005,1,0.39240225214322594,35.38083592583151,75332
936,336.70000000000005,1,0.39200984989108273,36.83043432235718,75401
937,-4.039999999999971,0,0.39161784004119166,32.15964193093149,75477
938,322.74,1,0.39122622220115044,23.08323854558608,75545
939,322.68,1,0.3908349959789493,23.58179499351815,75618
940,310.63000000000005,1,0.3904441609829703,26.755254001993883,75694
941,-0.4800000000000111,0,0.3900537168219873,27.564509787057574,75770
942,354.3,1,0.3896636631051653,21.730299918377987,75831
943,351.20000000000005,1,0.38927399944206015,19.872739109626185,75896
944,343.2,1,0.3888847254426181,22.116508896671125,75963
945,356.39000000000004,1,0.38849584071717547,32.141220569610596,76028
946,361.35,1,0.3881073448764583,29.127470727694238,76087
947,-46.29999999999998,0,0.3877192375315819,27.787139600515367,76167
948,318.70000000000005,1,0.3873315182940503,22.94871201780107,76239
949,318.20000000000005,1,0.38694418677575626,42.883555236984705,76307
950,320.05,1,0.3865572425889805,26.25748493454673,76373
951,321.54,1,0.38617068534639154,34.77993329614401,76437
952,-57.60999999999996,0,0.38578451466104513,30.80174876982907,76520
953,365.36,1,0.3853987301463841,22.473237713177998,76580
954,349.27000000000004,1,0.3850133314162377,28.33368250095483,76646
955,322.90000000000003,1,0.3846283180848215,19.469259115114603,76719
956,332.38,1,0.3842436897667367,18.302853213416206,76782
957,351.29,1,0.3838594460769699,29.237883083636945,76847
958,300.7300000000001,1,0.38347558663089293,39.496865299012924,76919
959,323.95,1,0.38309211104426205,28.78382919115179,76987
960,329.46000000000004,1,0.3827090189332178,24.313275493987618,77060
961,-16.739999999999966,0,0.38232630991428457,34.386615146290175,77137
962,309.13000000000005,1,0.38194398360437026,22.397790249079875,77210
963,319.83000000000004,1,0.3815620396207659,27.609015211914524,77276
964,341.33000000000004,1,0.38118047758114515,29.503460973501205,77340
965,339.20000000000005,1,0.380799297103564,29.59594812658098,77412
966,341.53000000000003,1,0.3804184978064605,29.715294813705704,77471
967,361.58000000000004,1,0.380038079308654,27.04247086495161,77535
968,303.63,1,0.3796580412293454,26.023356215594568,77608
969,327.51000000000005,1,0.379278383188116,25.333573650568724,77672
970,357.31,1,0.3788991048049279,36.802190031324116,77742
971,339.66,1,0.37852020570012296,23.013665574969668,77808
972,341.97,1,0.37814168549442284,25.68429019791739,77878
973,353.46000000000004,1,0.3777635438089284,24.158311859009757,77941
974,344.95000000000005,1,0.3773857802651195,32.69551239013672,78001
975,341.56,1,0.37700839448485435,23.41368339245136,78066
976,322.8,1,0.3766313860903695,27.23050843968111,78134
977,322.69000000000005,1,0.37625475470427916,24.768037178937128,78202
978,327.80000000000007,1,0.3758784999495749,21.905322710673016,78271
979,356.5,1,0.3755026214496253,31.994082572096485,78330
980,196.56000000000006,1,0.3751271188281757,21.975717267872376,78411
981,348.5400000000001,1,0.3747519917093475,31.69003167081235,78478
982,327.66,1,0.37437723971763814,22.319289540543277,78546
983,347.85,1,0.37400286247792053,27.581276921664966,78614
984,354.15000000000003,1,0.3736288596154426,21.556991561514433,78675
985,334.43000000000006,1,0.37325523075582717,19.4595195428649,78742
986,298.18,1,0.37288197552507135,23.00764616096721,78810
987,332.47,1,0.37250909354954626,32.178735971450806,78874
988,351.23,1,0.37213658445599673,33.885516768235426,78939
989,326.90000000000003,1,0.3717644478715407,27.350737864176434,79014
990,340.16,1,0.3713926834236692,20.564840237299602,79080
991,352.48,1,0.37102129074024554,22.126930547139,79143
992,333.22,1,0.3706502694495053,27.84017515182495,79211
993,330.07,1,0.3702796191800558,20.430457898040316,79278
994,339.91,1,0.36990933956087574,30.87234859755545,79344
995,-39.179999999999986,0,0.36953943022131486,28.40666124488734,79423
996,-38.029999999999944,0,0.3691698907910935,25.04960795044899,79503
997,326.19000000000005,1,0.3688007209003024,26.785392973158096,79575
998,348.46000000000004,1,0.36843192017940213,22.24123857445913,79648
999,336.46000000000004,1,0.36806348825922275,32.81351037706648,79718
1000,288.08000000000004,1,0.3676954247709635,30.451265596363644,79791
1001,329.12,1,0.36732772934619257,30.341123737506013,79858
1002,341.35,1,0.3669604016168464,32.0864491255387,79927
1003,339.61000000000007,1,0.3665934412152296,30.70981005888719,79992
1004,342.49,1,0.3662268477740143,20.147080442484686,80060
1005,332.85,1,0.36586062092624033,32.360778514076685,80128
1006,330.24,1,0.3654947603053141,33.2067523589501,80193
1007,338.35,1,0.36512926554500874,23.84272941190805,80260
1008,325.26000000000005,1,0.36476413627946375,18.89345871925354,80335
1009,294.88000000000005,1,0.3643993721431843,24.789628920007925,80396
1010,326.26000000000005,1,0.36403497277104113,23.756156605733953,80467
1011,322.18000000000006,1,0.3636709377982701,26.455414635794504,80537
1012,337.51000000000005,1,0.3633072668604718,24.02495110981048,80600
1013,322.73,1,0.36294395959361136,28.103251104485498,80673
1014,348.22,1,0.36258101563401773,35.86833855685066,80741
1015,323.70000000000005,1,0.3622184346183837,23.705318128361423,80809
1016,336.08000000000004,1,0.36185621618376534,24.725218975182734,80875
1017,362.48,1,0.36149435996758156,22.272073220461607,80939
1018,335.28000000000003,1,0.361132865607614,32.9206683030769,81006
1019,313.0,1,0.36077173274200636,20.620174583266763,81074
1020,310.97,1,0.36041096100926434,20.606312091533955,81139
1021,300.57,1,0.3600505500482551,27.480003111703056,81209
1022,-54.92999999999998,0,0.35969049949820686,29.738548418370687,81291
1023,342.32,1,0.3593308089987087,25.716350520358365,81359
1024,331.78000000000003,1,0.35897147818971,28.9823999264661,81427
1025,338.44,1,0.3586125067115203,24.399697507128995,81495
1026,326.93,1,0.35825389420480874,19.820904672145844,81559
1027,354.19000000000005,1,0.35789564031060395,25.515094541734264,81621
1028,352.54,1,0.35753774467029337,21.95400689897083,81684
1029,361.78000000000003,1,0.3571802069256231,18.212929755449295,81748
1030,-50.72999999999997,0,0.3568230267186975,32.268087453958465,81830
1031,337.63000000000005,1,0.3564662036919788,12.646667347234839,81898
1032,242.77000000000004,1,0.35610973748828684,19.625426903749123,81976
1033,277.27000000000004,0,0.35575362775079855,25.415487641096114,82056
1034,362.04,1,0.35539787412304774,14.703269954770803,82120
1035,334.06,1,0.3550424762489247,17.94572534023876,82191
1036,366.63000000000005,1,0.3546874337726758,14.565615538893075,82249
1037,353.51,1,0.35433274633890316,25.977246102832613,82312
1038,323.21000000000004,1,0.35397841359256427,37.107776052422,82384
1039,-20.77999999999996,0,0.3536244351789717,22.865813750487106,82462
1040,352.23,1,0.35327081074379274,21.086595794250226,82520
1041,351.31000000000006,1,0.352917539933049,34.84381360274095,82585
1042,358.35,1,0.3525646223931159,32.10757201815408,82648
1043,347.65000000000003,1,0.3522120577707228,21.80956032696892,82716
1044,337.32,1,0.3518598457129521,39.25268530500108,82785
1045,319.02000000000004,1,0.35150798586723914,24.776513750873395,82852
1046,357.87,1,0.3511564778813719,31.0383056156219,82915
1047,365.30000000000007,1,0.3508053214034905,29.834035817782084,82975
1048,327.82000000000005,1,0.35045451608208705,25.34868433855582,83044
1049,313.66,1,0.350104061566005,25.8631073873337,83117
1050,349.65000000000003,1,0.349753957504439,25.960423726301926,83182
1051,336.36,1,0.3494042035469346,28.180180577264316,83251
1052,341.37,1,0.3490547993433876,24.975935995578766,83315
1053,347.38000000000005,1,0.34870574454404424,16.079524800397348,83384
1054,256.64000000000004,1,0.3483570387995002,25.615258367438067,83460
1055,348.22,1,0.3480086817607007,31.79753377157099,83528
1056,301.40000000000003,1,0.34766067307894,28.760333912713186,83598
1057,348.87,1,0.34731301240586104,31.52098394162727,83664
1058,329.77000000000004,1,0.3469656993934552,22.75135666887525,83735
1059,315.07000000000005,1,0.3466187336940617,21.09969376050509,83800
1060,346.65000000000003,1,0.34627211496036764,31.435966303650762,83871
1061,317.32000000000005,1,0.3459258428454073,15.904992359271947,83940
1062,319.47,1,0.34557991700256185,22.633920458496593,84001
1063,312.74,1,0.3452343370855593,31.37415044895117,84070
1064,321.77000000000004,1,0.34488910274847373,31.75392170685988,84135
1065,345.71000000000004,1,0.34454421364572524,16.936360637346905,84195
1066,326.97,1,0.3441996694320795,22.039057590067387,84259
1067,353.85,1,0.34385546976264747,27.447560538106888,84326
1068,358.77,1,0.34351161429288485,22.274666426611727,84387
1069,316.68000000000006,1,0.34316810267859194,20.470617410114833,84457
1070,326.89000000000004,1,0.34282493457591334,15.94506911188364,84521
1071,334.06000000000006,1,0.3424821096413374,27.09868446114945,84594
1072,346.65000000000003,1,0.3421396275316961,32.02150606659224,84647
1073,312.0,1,0.34179748790416437,28.301921991201546,84712
1074,341.87,1,0.3414556904162602,18.53374397529746,84765
1075,273.82000000000005,0,0.34111423472584396,23.897803403154203,84844
1076,362.99000000000007,1,0.34077312049111813,25.131685033921272,84906
1077,339.98,1,0.340432347370627,28.617093830397636,84972
1078,352.59000000000003,1,0.34009191502325636,23.714657150465868,85030
1079,317.74,1,0.3397518231082331,24.377845279101667,85088
1080,353.13,1,0.33941207128512485,24.2030297171685,85150
1081,322.58000000000004,1,0.3390726592138397,20.30613241195679,85220
1082,340.54,1,0.3387335865546259,24.967942027722376,85279
1083,217.92000000000004,1,0.33839485296807126,19.829189824533987,85370
1084,336.31,1,0.3380564581151032,18.046982231786696,85429
1085,304.52000000000004,1,0.33771840165698813,21.227427807119156,85501
1086,354.58000000000004,1,0.33738068325533116,18.486745592023507,85562
1087,311.21000000000004,1,0.3370433025720758,26.30173565684885,85631
1088,306.1,1,0.33670625926950376,18.126783276947453,85702
1089,332.59000000000003,1,0.33636955301023425,24.87655991521375,85760
1090,354.09000000000003,1,0.336033183457224,21.541745146767038,85821
1091,355.78000000000003,1,0.3356971502737668,20.522265713093645,85880
1092,340.3,1,0.335361453123493,20.075293671001088,85946
1093,320.49000000000007,1,0.3350260916703695,22.79554539222222,86023
1094,321.93000000000006,1,0.33469106557869915,29.590468378628003,86091
1095,311.22,1,0.33435637451312045,19.35416007041931,86165
1096,340.31000000000006,1,0.3340220181386073,19.51147210257394,86235
1097,233.67000000000004,1,0.33368799612046873,26.48999786937938,86320
1098,336.62,1,0.33335430812434824,22.21272159723135,86385
1099,319.80000000000007,1,0.3330209538162239,21.39620094567957,86456
1100,353.24,1,0.33268793286240766,20.482720040563326,86523
1101,279.69,1,0.33235524492954527,26.128548946645523,86595
1102,345.96000000000004,1,0.33202288968461574,19.284151628613472,86659
1103,349.07000000000005,1,0.33169086679493115,23.7932562436143,86732
1104,276.17,1,0.33135917592813624,23.033061334065028,86802
1105,344.09000000000003,1,0.3310278167522081,28.078241434964266,86868
1106,367.0,1,0.3306967889354559,24.880846571415027,86915
1107,329.12,1,0.33036609214652046,19.152359498690252,86988
1108,320.11,1,0.3300357260543739,20.58116173021721,87054
1109,336.86,1,0.32970569032831953,20.979945260125238,87128
1110,332.89,1,0.3293759846379912,22.93526740659747,87185
1111,355.20000000000005,1,0.3290466086533532,21.039271785153282,87257
1112,331.05,1,0.3287175620446999,17.552710073965567,87311
1113,331.47,1,0.32838884448265515,17.54854002551756,87380
1114,336.49,1,0.3280604556381725,17.303656305585587,87450
1115,339.91,1,0.32773239518253433,20.707734475817,87520
1116,352.74,1,0.3274046627873518,19.34282581622784,87572
1117,322.0,1,0.32707725812456445,19.861344067946725,87641
1118,350.6,1,0.32675018086643987,19.51588152105158,87696
1119,339.44000000000005,1,0.32642343068557345,20.45800642533736,87762
1120,333.6,1,0.3260970072548879,16.89628981832248,87829
1121,362.16,1,0.325770910247633,18.6385999917984,87893
1122,347.11,1,0.32544513933738534,16.634866406177654,87951
1123,355.99,1,0.3251196941980479,21.157361789985938,88005
1124,362.91,1,0.32479457450384985,20.97337346810561,88057
1125,345.27000000000004,1,0.324469779929346,27.422497019623265,88123
1126,339.71000000000004,1,0.32414531014941667,31.588618011185616,88189
1127,338.99,1,0.32382116483926726,17.11465944846471,88261
1128,331.53000000000003,1,0.323497343674428,30.582325388835027,88326
1129,340.45000000000005,1,0.3231738463307536,26.48679699557168,88396
1130,350.87,1,0.32285067248442284,15.488378818218525,88461
1131,338.01000000000005,1,0.3225278218119384,32.5341737130109,88529
1132,330.28000000000003,1,0.3222052939901265,19.63600568368401,88600
1133,350.29,1,0.32188308869613635,24.573386958151154,88666
1134,306.65000000000003,1,0.3215612056074402,30.086499977111817,88741
1135,305.0,1,0.3212396444018328,19.737017302445963,88812
1136,325.14000000000004,1,0.32091840475743094,27.774022405797783,88867
1137,343.45,1,0.3205974863526735,28.56647713979085,88918
1138,333.41999999999996,1,0.32027688886632083,22.94649785312254,88985
1139,343.37,1,0.3199566119774545,19.715216747701984,89058
1140,329.67,1,0.31963665536547703,17.98761115308668,89119
1141,-39.77999999999995,0,0.31931701871011153,23.374380892515184,89199
1142,336.73,1,0.3189977016914014,18.085313352487855,89258
1143,327.1,1,0.31867870398971,21.930667123932768,89327
1144,339.57,1,0.31836002528572027,17.62918376200127,89393
1145,348.90000000000003,1,0.31804166526043454,27.976460421263283,89460
1146,344.64000000000004,1,0.3177236235951741,21.02617426785556,89515
1147,374.47,1,0.3174058999715789,21.990602641105653,89565
1148,320.66,1,0.31708849407160733,20.382160861675555,89630
1149,320.21000000000004,1,0.31677140557753575,19.83408498764038,89696
1150,322.99,1,0.31645463417195824,23.424344220582178,89764
1151,332.52000000000004,1,0.3161381795377863,27.896822155385777,89833
1152,278.62,0,0.3158220413582485,15.477398933508457,89911
1153,338.45000000000005,1,0.3155062193168902,23.193859156440286,89979
1154,374.85,1,0.31519071309757335,29.911327714920045,90029
1155,368.16,1,0.3148755223844758,16.005025134367102,90080
1156,328.44,1,0.31456064686209134,21.38769350682988,90148
1157,353.05000000000007,1,0.31424608621522926,17.28285397423638,90211
1158,364.70000000000005,1,0.31393184012901404,19.09520795995539,90266
1159,326.71000000000004,1,0.31361790828888503,20.8577492064324,90335
1160,369.32000000000005,1,0.31330429038059615,27.45764853273119,90391
1161,238.04000000000002,1,0.31299098609021553,18.834211890837725,90476
1162,332.95000000000005,1,0.3126779951041253,18.133336006648957,90539
1163,341.04,1,0.31236531710902116,24.73411092417581,90609
1164,358.06,1,0.3120529517919121,22.57047976945576,90666
1165,351.36,1,0.3117408988401202,17.58149591088295,90714
1166,330.40000000000003,1,0.31142915794128007,19.55298321994383,90781
1167,361.3,1,0.31111772878333877,16.86250776052475,90845
1168,328.24,1,0.3108066110545554,22.948573766216153,90907
1169,346.6,1,0.3104958044435009,16.496522589006286,90976
1170,376.80000000000007,1,0.3101853086390574,13.122087960441908,91024
1171,338.14,1,0.30987512333041833,27.627453385737905,91081
1172,346.35,1,0.3095652482070879,22.355356125996032,91139
1173,367.31,1,0.30925568295888084,19.563230251443798,91197
1174,332.59000000000003,1,0.308946427275922,25.97128775348402,91270
1175,351.63,1,0.30863748084864606,15.971556186676025,91341
1176,347.28000000000003,1,0.3083288433677974,17.446900342373137,91388
1177,348.41,1,0.30802051452442963,22.72070358048624,91455
1178,352.04,1,0.3077124940099052,24.714745690082683,91513
1179,338.31000000000006,1,0.3074047815158953,19.306782596251544,91581
1180,336.53000000000003,1,0.30709737673437937,12.258693210149216,91640
1181,355.37,1,0.30679027935764497,19.83254442840326,91701
1182,338.63,1,0.3064834890782873,15.874287479802183,91758
1183,337.78000000000003,1,0.306177005589209,14.09318378993443,91821
1184,355.09000000000003,1,0.3058708285836198,21.039126865899384,91888
1185,364.74,1,0.30556495775503617,22.53848556171764,91943
1186,374.39,1,0.30525939279728115,17.36527850151062,91993
1187,361.71000000000004,1,0.30495413340448385,16.467111038711835,92046
1188,371.15000000000003,1,0.3046491792710794,23.69915160354303,92095
1189,367.69,1,0.3043445300918083,24.94952826253299,92153
1190,350.71000000000004,1,0.30404018556171647,17.191259304682415,92207
1191,332.37000000000006,1,0.30373614537615473,25.495698754851883,92281
1192,262.36,0,0.3034324092307786,18.227668377757073,92361
1193,332.41,1,0.3031289768215478,24.063163212367467,92424
1194,350.82,1,0.30282584784472627,26.380230643131114,92478
1195,302.89000000000004,1,0.3025230219968815,17.965003108978273,92553
1196,321.12000000000006,1,0.3022204989748846,21.832163990318,92630
1197,343.08,1,0.30191827847590974,26.09578237198947,92687
1198,339.42,1,0.3016163601974338,29.991934459600877,92754
1199,347.65000000000003,1,0.3013147438372364,14.69267695000831,92801
1200,341.73,1,0.3010134290933992,18.99845826966422,92871
1201,360.33,1,0.3007124156643058,23.974324841932816,92926
1202,-32.61999999999995,0,0.30041170324864147,20.60526361948327,93005
1203,346.03000000000003,1,0.30011129154539284,23.37624705677301,93076
1204,341.8,1,0.29981118025384745,27.554409623146057,93140
1205,-65.27999999999994,0,0.2995113690735936,21.153748247681595,93222
1206,314.2300000000001,1,0.29921185770452,27.163675766724808,93300
1207,343.55,1,0.2989126458468155,23.727646032969158,93351
1208,368.65,1,0.2986137332009687,20.62169791202919,93402
1209,354.03,1,0.29831511946776773,22.426383595466614,93452
1210,360.03000000000003,1,0.29801680434829997,24.417268347740173,93502
1211,347.85,1,0.29771878754395165,25.36604222758063,93560
1212,356.19000000000005,1,0.29742106875640767,26.035145933345213,93619
1213,352.94,1,0.29712364768765126,18.790111019497825,93682
1214,357.16,1,0.2968265240399636,18.40056634353379,93741
1215,360.34000000000003,1,0.2965296975159237,18.68399653001265,93796
1216,365.39,1,0.29623316781840775,18.577384335654124,93845
1217,374.41,1,0.29593693465058934,22.1608234500885,93895
1218,307.36,1,0.29564099771593877,17.579231466565812,93965
1219,333.11,1,0.2953453567182228,17.11266230113471,94032
1220,333.56,1,0.2950500113615046,21.326334179424848,94093
1221,323.99,1,0.2947549613501431,17.43356868665512,94166
1222,359.8,1,0.294460206388793,19.854677252335982,94221
1223,376.46000000000004,1,0.2941657461824042,16.692170505722363,94269
1224,330.50000000000006,1,0.2938715804362218,24.64146311659562,94345
1225,347.68000000000006,1,0.2935777088557856,15.174993362277746,94409
1226,356.26,1,0.2932841311469298,19.46714840111909,94463
1227,340.34000000000003,1,0.2929908470157829,20.47154595635154,94529
1228,357.8,1,0.2926978561687671,22.123461876275403,94582
1229,313.27000000000004,1,0.29240515831259833,28.888459933109772,94660
1230,326.97,1,0.29211275315428575,24.57611130285954,94729
1231,330.03000000000003,1,0.2918206404011315,17.231355268305,94784
1232,332.24,1,0.29152881976073036,23.21815670967102,94859
1233,344.15000000000003,1,0.2912372909409696,17.996087504214927,94920
1234,319.41,1,0.2909460536500286,20.94706619448132,94992
1235,354.61,1,0.2906551075963786,21.92003915559,95059
1236,317.37,1,0.2903644524887822,24.102383015647767,95122
1237,341.17,1,0.2900740880362934,14.349257537874125,95181
1238,339.50000000000006,1,0.28978401394825715,16.71218475037151,95253
1239,366.97,1,0.2894942299343089,16.708235288488453,95311
1240,353.86,1,0.2892047357043746,14.745885008259824,95368
1241,376.52,1,0.28891553096867023,16.821665301918983,95416
1242,362.3,1,0.2886266154377016,20.772042139521186,95469
1243,364.59000000000003,1,0.28833798882226386,16.230784381519666,95524
1244,350.58000000000004,1,0.2880496508334416,21.587171466533956,95589
1245,351.77,1,0.28776160118260813,18.827076940923124,95663
1246,369.2,1,0.2874738395814255,14.230904144900185,95719
1247,347.33000000000004,1,0.2871863657418441,14.624955375239534,95772
1248,346.01000000000005,1,0.28689917937610226,17.02442182813372,95821
1249,350.34000000000003,1,0.2866122801967262,16.137943519245493,95876
1250,345.66,1,0.28632566791652947,17.254381905139333,95947
1251,311.83000000000004,1,0.28603934224861294,19.157455908285606,96021
1252,349.12,1,0.2857533029063643,19.81467466694968,96077
1253,365.4200000000001,1,0.28546754960345794,18.7141334864558,96126
1254,366.57000000000005,1,0.2851820820538545,12.219027690167698,96179
1255,347.34000000000003,1,0.2848968999718006,13.429707494832702,96238
1256,368.36,1,0.2846120030718288,27.51168395791735,96294
1257,354.37,1,0.284327391068757,18.918917600597656,96350
1258,344.69,1,0.2840430636776882,13.223783159255982,96400
1259,344.6,1,0.28375902061401054,14.635916749636332,96460
1260,332.0,1,0.28347526159339653,17.53741044276639,96536
1261,334.02000000000004,1,0.28319178633180314,20.004373713715434,96609
1262,330.41,1,0.28290859454547135,15.727541979876431,96664
1263,374.59000000000003,1,0.28262568595092585,31.766147794723512,96714
1264,362.05,1,0.2823430602649749,18.214109609711844,96767
1265,353.78000000000003,1,0.28206071720470993,19.525390140345838,96828
1266,335.67,1,0.2817786564875052,22.04529112815857,96903
1267,350.89000000000004,1,0.28149687783101773,20.008114580248222,96964
1268,361.72,1,0.2812153809531867,16.66256758851825,97017
1269,350.75,1,0.28093416557223355,19.950110030174255,97077
1270,348.66,1,0.2806532314066613,14.717435897565355,97128
1271,327.6,1,0.2803725781752547,18.0177375819232,97202
1272,364.29,1,0.2800922055970794,14.841385611620817,97257
1273,346.58000000000004,1,0.2798121133914823,15.068823658901712,97326
1274,294.64000000000004,1,0.2795323012780908,21.04387202629676,97404
1275,363.43,1,0.2792527689768127,15.714695745898831,97466
1276,329.90000000000003,1,0.2789735162078359,17.937434720270563,97532
1277,318.51,1,0.2786945426916281,18.745549985340663,97588
1278,365.57000000000005,1,0.27841584814893644,32.657986319794944,97637
1279,365.22,1,0.2781374323007875,17.5245305408131,97692
1280,332.70000000000005,1,0.27785929486848676,17.484897750697723,97765
1281,338.72,1,0.27758143557361825,16.44654387340211,97822
1282,278.12,0,0.27730385413804465,17.032130788534115,97900
1283,354.05,1,0.2770265502839066,22.49959773313804,97961
1284,334.20000000000005,1,0.2767495237336227,19.41980003648334,98033
1285,359.61,1,0.2764727742098891,21.886556902798738,98088
1286,363.89,1,0.2761963014356792,28.818913674354555,98128
1287,335.18,1,0.27592010513424353,27.678584906789993,98200
1288,375.03000000000003,1,0.2756441850291093,14.991921963691711,98250
1289,331.85,1,0.2753685408440802,19.779959682105243,98319
1290,332.33000000000004,1,0.2750931723032361,16.743634572104803,98382
1291,358.19000000000005,1,0.27481807913093287,23.480687572405888,98434
1292,367.0,1,0.27454326105180193,16.605523766211743,98487
1293,338.78,1,0.2742687177907501,19.444092213217893,98554
1294,372.5,1,0.2739944490729594,15.371791819308667,98601
1295,349.43,1,0.27372045462388644,15.993747149573432,98646
1296,346.01,1,0.2734467341692626,13.48782804718724,98700
1297,369.23,1,0.27317328743509334,16.40563941001892,98751
1298,318.32000000000005,1,0.27290011414765825,19.093088485099173,98825
1299,358.15000000000003,1,0.2726272140335106,15.501274255605844,98877
1300,333.63000000000005,1,0.27235458681947705,19.41506383870099,98951
1301,351.21000000000004,1,0.2720822322326576,16.09704771908847,99006
1302,347.25,1,0.2718101500004249,11.792302674260633,99064
1303,360.17,1,0.27153833985042447,15.424208623712714,99119
1304,334.92,1,0.27126680151057403,22.441835641860962,99169
1305,328.34000000000003,1,0.27099553470906346,18.547963703000867,99243
1306,344.66,1,0.2707245391743544,15.124432954631867,99304
1307,368.62,1,0.27045381463518003,11.880221193911982,99355
1308,341.67,1,0.27018336082054484,18.2851657351932,99429
1309,342.57000000000005,1,0.2699131774597243,13.953706182845652,99502
1310,289.33000000000004,1,0.2696432642822646,15.5377768727092,99579
1311,348.93,1,0.26937362101798235,15.36434528874416,99630
1312,354.5,1,0.26910424739696437,21.153348298072814,99680
1313,356.03000000000003,1,0.2688351431495674,16.353249576356674,99734
1314,353.22,1,0.26856630800641784,17.97004856997066,99806
1315,368.57000000000005,1,0.2682977416984114,15.016298892451267,99857
1316,348.63,1,0.268029443956713,15.193158907048842,99908
1317,350.61000000000007,1,0.2677614145127563,18.893713318217884,99963
1318,362.78000000000003,1,0.2674936530982436,17.94287359505369,100000
1319,339.82,1,0.26722615944514533,20.578622317704998,100000
1320,361.49,1,0.2669589332857002,19.566323604223864,100000
1321,347.31,1,0.2666919743524145,18.816744601025302,100000
1322,357.39000000000004,1,0.26642528237806207,21.270730651658155,100000
1323,375.11,1,0.266158857095684,18.080716943740846,100000
1324,360.04,1,0.2658926982385883,22.684630957516756,100000
1325,370.67,1,0.26562680554034973,23.774593141343857,100000
1326,313.36,1,0.26536117873480936,15.746513492021805,100000
1327,374.81000000000006,1,0.26509581755607453,12.375937385559082,100000
1328,-105.69999999999999,0,0.26483072173851846,14.783380000822005,100000
1329,339.84000000000003,1,0.26456589101677996,21.18891364097595,100000
1330,331.81,1,0.2643013251257632,20.142919310208026,100000
1331,350.54,1,0.2640370238006374,21.251404519434328,100000
1332,361.45000000000005,1,0.2637729867768368,20.562132300070996,100000
1333,369.14,1,0.26350921379006,20.252921273973254,100000
1334,374.11,1,0.26324570457626995,15.366027079688179,100000
1335,353.58000000000004,1,0.2629824588716937,20.43188964619356,100000
1336,340.42,1,0.262719476412822,18.145772491801868,100000
1337,359.94,1,0.2624567569364092,14.902580227170672,100000
1338,356.67,1,0.26219430017947276,19.219418426729597,100000
1339,327.38,1,0.2619321058792933,18.65212561986218,100000
1340,346.57000000000005,1,0.261670173773414,21.023006821672123,100000
1341,349.83000000000004,1,0.2614085035996406,16.67646211277355,100000
1342,370.81,1,0.26114709509604095,14.230606697223804,100000
1343,361.59000000000003,1,0.2608859480009449,12.54156186445704,100000
1344,332.7800000000001,1,0.26062506205294395,16.690660599115734,100000
1345,342.96000000000004,1,0.260364436990891,16.75047964049924,100000
1346,359.54,1,0.2601040725539001,14.80279317855835,100000
1347,371.03000000000003,1,0.2598439684813462,14.458637361173276,100000
1348,354.92,1,0.2595841245128649,13.017790066112171,100000
1349,359.0,1,0.259324540388352,18.02881990227045,100000
1350,351.97,1,0.25906521584796366,19.34175677119561,100000
1351,378.01,1,0.2588061506321157,12.662664978400521,100000
1352,199.34,0,0.2585473444814836,18.375511466815908,100000
1353,338.12,1,0.2582887971370021,21.102260715083073,100000
1354,370.54,1,0.2580305083398651,21.858716740900157,100000
1355,348.83000000000004,1,0.2577724778315252,24.71405225566455,100000
1356,342.3,1,0.25751470535369364,23.425798811324654,100000
1357,347.64,1,0.25725719064833996,15.565306717349637,100000
1358,370.77000000000004,1,0.2569999334576916,21.732116115336517,100000
1359,349.70000000000005,1,0.25674293352423394,20.22674564520518,100000
1360,359.56000000000006,1,0.2564861905907097,19.116211687434802,100000
1361,332.30000000000007,1,0.256229704400119,20.346358482902115,100000
1362,367.52,1,0.25597347469571885,18.29678413553058,100000
1363,316.56,1,0.25571750122102316,15.68702924453606,100000
1364,358.92,1,0.25546178371980216,16.3810136645448,100000
1365,326.90000000000003,1,0.25520632193608234,17.1734117825826,100000
1366,-13.799999999999997,0,0.25495111561414624,18.66391802143741,100000
1367,371.41,1,0.2546961644985321,16.942570549470407,100000
1368,353.88,1,0.2544414683340336,17.950580060482025,100000
1369,360.0,1,0.25418702686569955,15.922257536107844,100000
1370,374.35,1,0.25393283983883386,18.577079734802247,100000
1371,360.36,1,0.25367890699899504,13.971702127456664,100000
1372,357.61,1,0.253425228091996,17.076608097344113,100000
1373,345.24,1,0.253171802863904,15.174442935997332,100000
1374,370.67,1,0.2529186310610401,15.822014146921585,100000
1375,369.0,1,0.2526657124299791,13.166479804686137,100000
1376,368.77000000000004,1,0.2524130467175491,21.623304245518703,100000
1377,368.62,1,0.2521606336708316,14.633888389383044,100000
1378,297.17,1,0.25190847303716074,17.333150629013304,100000
1379,322.27000000000004,1,0.25165656456412355,22.425684213638306,100000
1380,329.83000000000004,1,0.25140490799955945,16.852697493813256,100000
1381,371.65000000000003,1,0.25115350309155987,21.82003610222428,100000
1382,357.71000000000004,1,0.2509023495884683,13.986318161613063,100000
1383,347.67,1,0.25065144723887983,14.199633376351718,100000
1384,372.20000000000005,1,0.25040079579164093,18.88906062566317,100000
1385,325.44000000000005,1,0.2501503949958493,20.45871556599935,100000
1386,369.36,1,0.24990024460085344,17.681238778999873,100000
1387,333.57000000000005,1,0.24965034435625258,16.33696021956782,100000
1388,360.12,1,0.24940069401189632,15.107138152555986,100000
1389,342.73,1,0.24915129331788444,13.803089919843172,100000
1390,352.77000000000004,1,0.24890214202456656,23.607428174752457,100000
1391,371.07000000000005,1,0.248653239882542,19.14297580718994,100000
1392,328.2900000000001,1,0.24840458664265946,22.078301763534547,100000
1393,272.61,0,0.2481561820560168,17.216832903367056,100000
1394,354.04,1,0.2479080258739608,16.449427332878113,100000
1395,376.5400000000001,1,0.24766011784808684,21.75507423778375,100000
1396,372.58000000000004,1,0.24741245773023876,18.389888286590576,100000
1397,335.57000000000005,1,0.24716504527250852,16.972178019268412,100000
1398,361.88,1,0.24691788022723601,17.919279629329466,100000
1399,359.66,1,0.24667096234700878,15.08504141027277,100000
1400,316.11,1,0.24642429138466176,16.13212391779973,100000
1401,342.94,1,0.2461778670932771,19.01186786618149,100000
1402,-329.03,0,0.24593168922618383,16.098493348877383,100000
1403,354.59000000000003,1,0.24568575753695765,13.494383101463319,100000
1404,346.87,1,0.2454400717794207,13.715885891104644,100000
1405,374.83000000000004,1,0.24519463170764128,17.830830144882203,100000
1406,338.26000000000005,1,0.24494943707593364,17.67810578513564,100000
1407,372.72,1,0.24470448763885772,14.48844132056603,100000
1408,316.53000000000003,1,0.24445978315121886,13.946907539116708,100000
1409,372.48,1,0.24421532336806764,17.1259637690605,100000
1410,331.77000000000004,1,0.24397110804469957,19.526778034261756,100000
1411,354.13,1,0.24372713693665488,16.34892822265625,100000
1412,370.69000000000005,1,0.24348340979971822,15.999864604738024,100000
1413,375.45000000000005,1,0.2432399263899185,14.978401508331299,100000
1414,325.89,1,0.2429966864635286,15.790171958632389,100000
1415,363.24,1,0.24275368977706507,20.543361178615637,100000
1416,351.91,1,0.24251093608728802,28.452197893610542,100000
1417,351.24,1,0.24226842515120073,21.369023817556876,100000
1418,350.98,1,0.24202615672604952,19.08852731740033,100000
1419,358.23,1,0.24178413056932346,19.495807372606716,100000
1420,367.52,1,0.24154234643875414,16.88244590860732,100000
1421,368.02000000000004,1,0.24130080409231539,18.13642477054222,100000
1422,348.61,1,0.24105950328822306,13.408864530862546,100000
1423,363.81,1,0.24081844378493483,18.415624861623726,100000
1424,363.34000000000003,1,0.2405776253411499,19.452788063124114,100000
1425,334.26,1,0.24033704771580874,19.747722425976313,100000
1426,350.8,1,0.24009671066809293,26.195929333015723,100000
1427,363.87,1,0.23985661395742483,14.240268238129154,100000
1428,352.8,1,0.2396167573434674,15.42303144473296,100000
1429,337.37,1,0.23937714058612394,22.504633256367274,100000
1430,365.63,1,0.23913776344553783,23.879809350383525,100000
1431,373.44,1,0.2388986256820923,14.712887355914482,100000
1432,361.20000000000005,1,0.2386597270564102,13.160021096467972,100000
1433,380.04,1,0.23842106732935378,16.410834935578432,100000
1434,370.77000000000004,1,0.23818264626202443,25.581067394327235,100000
1435,362.01000000000005,1,0.2379444636157624,26.468982192705262,100000
1436,357.22,1,0.23770651915214663,17.724594043473065,100000
1437,361.3,1,0.2374688126329945,16.15721390382299,100000
1438,374.53000000000003,1,0.23723134382036148,22.616762008666992,100000
1439,355.90000000000003,1,0.23699411247654112,23.909234483363264,100000
1440,365.91,1,0.23675711836406457,18.444772574366354,100000
1441,344.78000000000003,1,0.2365203612457005,21.32924865668928,100000
1442,375.90000000000003,1,0.2362838408844548,22.525211001435917,100000
1443,365.27000000000004,1,0.23604755704357036,13.952917098999023,100000
1444,322.11,1,0.2358115094865268,20.23064881260112,100000
1445,376.74000000000007,1,0.23557569797704025,17.97045122583707,100000
1446,379.78000000000003,1,0.2353401222790632,15.42153193733909,100000
1447,338.96000000000004,1,0.23510478215678413,17.23064824062235,100000
1448,341.95000000000005,1,0.23486967737462733,10.027985319495201,100000
1449,369.99,1,0.2346348076972527,12.825402948591444,100000
1450,374.49,1,0.23440017288955545,26.421244344711305,100000
1451,312.88000000000005,1,0.2341657727166659,29.290871696594433,100000
1452,364.76,1,0.2339316069439492,21.42637232867154,100000
1453,369.34000000000003,1,0.23369767533700525,15.110501404319491,100000
1454,371.39,1,0.23346397766166824,22.021676628677934,100000
1455,376.54,1,0.23323051368400657,17.561219602823257,100000
1456,364.34000000000003,1,0.23299728317032256,17.15673475265503,100000
1457,366.31,1,0.23276428588715223,13.27019709210063,100000
1458,353.07000000000005,1,0.23253152160126508,17.7502751992299,100000
1459,351.13000000000005,1,0.23229899007966381,21.119477360935534,100000
1460,376.82000000000005,1,0.23206669108958414,18.478957414627075,100000
1461,378.49,1,0.23183462439849456,17.755243384319805,100000
1462,367.22,1,0.23160278977409607,11.068765193858045,100000
1463,358.41,1,0.23137118698432196,13.145773486087197,100000
1464,317.39000000000004,1,0.23113981579733764,15.62207730859518,100000
1465,347.05,1,0.2309086759815403,19.36683868912031,100000
1466,357.53000000000003,1,0.23067776730555875,18.3906721335191,100000
1467,377.99,1,0.23044708953825319,17.07735382473987,100000
1468,365.06000000000006,1,0.23021664244871493,12.88975417137146,100000
1469,351.7,1,0.22998642580626621,17.49387956898788,100000
1470,349.55,1,0.22975643938045995,17.626889492784226,100000
1471,376.37,1,0.2295266829410795,19.617474389630694,100000
1472,374.13,1,0.22929715625813843,25.720032930374146,100000
1473,376.4,1,0.2290678591018803,16.575260947148006,100000
1474,370.55,1,0.22883879124277842,19.192607826656765,100000
1475,371.35,1,0.22860995245153565,15.787302793458451,100000
1476,360.34000000000003,1,0.22838134249908412,23.726689160880397,100000
1477,371.06,1,0.22815296115658504,20.42645718126881,100000
1478,359.22,1,0.22792480819542846,24.190782743030123,100000
1479,316.24000000000007,1,0.22769688338723304,17.24397780531544,100000
1480,372.45000000000005,1,0.22746918650384582,11.012740485211635,100000
1481,-92.89999999999998,0,0.22724171731734197,17.370514959759184,100000
1482,376.56,1,0.22701447560002463,17.366271009047825,100000
1483,376.24,1,0.2267874611244246,14.103262121478716,100000
1484,349.43,1,0.22656067366330018,12.55407452583313,100000
1485,372.84000000000003,1,0.22633411298963688,24.9625100172483,100000
1486,363.72,1,0.22610777887664724,21.08874272365196,100000
1487,321.8,1,0.22588167109777058,12.406429137823716,100000
1488,375.01,1,0.2256557894266728,12.095091819763184,100000
1489,364.13000000000005,1,0.22543013363724612,13.562169551849365,100000
1490,371.02,1,0.22520470350360888,20.770061004993526,100000
1491,350.11,1,0.2249794988001053,12.500959936453372,100000
1492,361.97,1,0.2247545193013052,17.218801390449954,100000
1493,340.94000000000005,1,0.22452976478200387,14.593633183726558,100000
1494,348.15000000000003,1,0.22430523501722185,16.93857899205438,100000
1495,372.31,1,0.22408092978220462,20.140597226771902,100000
1496,339.12,1,0.2238568488524224,18.978444629245335,100000
1497,349.12,1,0.22363299200356998,13.42332757688036,100000
1498,361.98,1,0.22340935901156642,14.030141848438191,100000
1499,365.21000000000004,1,0.22318594965255484,20.846625182093405,100000
1500,368.98,1,0.22296276370290227,16.3233588069093,100000
1501,367.04,1,0.22273980093919937,13.73829991766747,100000
1502,373.16,1,0.22251706113826017,12.29551948950841,100000
1503,351.55,1,0.2222945440771219,15.656536572416064,100000
1504,362.84000000000003,1,0.22207224953304477,15.379726627416778,100000
1505,372.84000000000003,1,0.22185017728351172,12.172296620332277,100000
1506,359.87,1,0.2216283271062282,12.163831606778231,100000
1507,367.5,1,0.22140669877912197,11.96370223988878,100000
1508,361.41,1,0.22118529208034285,13.410404862097973,100000
1509,359.43000000000006,1,0.2209641067882625,19.684744846625406,100000
1510,374.29,1,0.22074314268147424,20.45655760765076,100000
1511,356.28000000000003,1,0.22052239953879277,18.721046641721564,100000
1512,372.88,1,0.22030187713925398,17.94729078733004,100000
1513,356.02000000000004,1,0.22008157526211472,19.26286568884122,100000
1514,360.14,1,0.2198614936868526,20.05289225578308,100000
1515,359.64000000000004,1,0.21964163219316574,19.324073152542113,100000
1516,356.33000000000004,1,0.21942199056097256,23.026148065924644,100000
1517,317.8,1,0.2192025685704116,21.70429281530709,100000
1518,369.66,1,0.21898336600184118,13.828261005026954,100000
1519,372.64000000000004,1,0.21876438263583933,17.737901100745567,100000
1520,367.5,1,0.21854561825320348,20.487730645118877,100000
1521,352.83000000000004,1,0.21832707263495027,14.510290356782766,100000
1522,343.95000000000005,1,0.21810874556231533,23.229683927461213,100000
1523,361.25000000000006,1,0.217890636816753,16.864478266516397,100000
1524,380.72,1,0.21767274617993623,16.170006529851392,100000
1525,354.61,1,0.2174550734337563,18.55091788254532,100000
1526,348.40999999999997,1,0.21723761836032254,13.418938582943332,100000
1527,350.68,1,0.21702038074196223,18.892510786923495,100000
1528,341.1,1,0.21680336036122028,12.05003301447088,100000
1529,371.99,1,0.21658655700085905,16.59062949140021,100000
1530,369.51000000000005,1,0.2163699704438582,16.582217073440553,100000
1531,374.57000000000005,1,0.21615360047341434,19.984284701347352,100000
1532,350.21000000000004,1,0.21593744687294092,17.13303310341305,100000
1533,374.41,1,0.21572150942606796,18.381305141448976,100000
1534,366.91,1,0.2155057879166419,17.839584512015183,100000
1535,367.63,1,0.21529028212872525,16.877273695222264,100000
1536,377.99,1,0.21507499184659654,14.697072360826576,100000
1537,361.78000000000003,1,0.21485991685474995,23.056598504384358,100000
1538,372.57000000000005,1,0.2146450569378952,19.234955594894735,100000
1539,361.26,1,0.21443041188095732,13.398979529738426,100000
1540,363.51,1,0.21421598146907636,20.134938784267593,100000
1541,332.22,1,0.21400176548760727,17.102894733692036,100000
1542,334.05,1,0.21378776372211966,15.3453625175688,100000
1543,358.72,1,0.21357397595839755,12.908516218787746,100000
1544,345.08000000000004,1,0.21336040198243916,14.78891140460968,100000
1545,339.18,1,0.21314704158045672,14.344621034102007,100000
1546,354.11,1,0.21293389453887626,19.409506942544663,100000
1547,370.89000000000004,1,0.21272096064433738,15.03406705238201,100000
1548,376.32000000000005,1,0.21250823968369303,13.507398014267286,100000
1549,360.62,1,0.21229573144400934,16.42819447204715,100000
1550,374.45000000000005,1,0.21208343571256533,15.90541208744049,100000
1551,378.15,1,0.21187135227685275,21.355115250843326,100000
1552,382.03,1,0.2116594809245759,9.95231058484032,100000
1553,374.53,1,0.21144782144365132,20.049134583473204,100000
1554,366.52000000000004,1,0.21123637362220768,17.364058782656986,100000
1555,348.84000000000003,1,0.21102513724858546,19.2093492863225,100000
1556,361.63,1,0.21081411211133688,19.65010223748549,100000
1557,367.66,1,0.21060329799922556,19.1935739669394,100000
1558,368.94000000000005,1,0.21039269470122635,19.994888556855066,100000
1559,369.3,1,0.21018230200652513,12.60490051905314,100000
1560,372.59000000000003,1,0.2099721197045186,17.023093728308982,100000
1561,377.97,1,0.20976214758481407,19.98138735605323,100000
1562,366.15,1,0.20955238543722926,12.707102377459687,100000
1563,363.03,1,0.20934283305179202,15.013829721594757,100000
1564,380.04,1,0.20913349021874023,10.097783749753779,100000
1565,378.39,1,0.2089243567285215,15.036528380020805,100000
1566,370.34000000000003,1,0.20871543237179296,12.671484605832534,100000
1567,367.12,1,0.20850671693942116,15.03582219282786,100000
1568,380.3,1,0.20829821022248174,16.577996866269544,100000
1569,361.04,1,0.20808991201225926,14.75518117576349,100000
1570,337.75,1,0.207881822100247,19.196127246166096,100000
1571,371.1,1,0.20767394027814676,20.043647311454595,100000
1572,355.94,1,0.2074662663378686,12.747091657024319,100000
1573,365.67,1,0.20725880007153075,16.927969922824783,100000
1574,374.44000000000005,1,0.20705154127145922,10.222597583134968,100000
1575,326.85,1,0.20684448973018776,16.435583268602688,100000
1576,359.99,1,0.20663764524045758,17.420437602996827,100000
1577,366.87,1,0.20643100759521713,12.1003783694629,100000
1578,372.13,1,0.20622457658762192,22.639312460067423,100000
1579,383.94000000000005,1,0.2060183520110343,13.852346223592757,100000
1580,368.97,1,0.20581233365902327,18.567287669462317,100000
1581,382.05,1,0.20560652132536425,11.253472123827253,100000
1582,362.74,1,0.20540091480403888,14.995323713009174,100000
1583,369.14,1,0.20519551388923485,17.38754981171851,100000
1584,372.08000000000004,1,0.20499031837534562,20.43915703956117,100000
1585,365.12,1,0.20478532805697028,17.73431334690172,100000
1586,367.31000000000006,1,0.2045805427289133,16.61938175241998,100000
1587,379.94000000000005,1,0.20437596218618437,16.979724125428632,100000
1588,365.63,1,0.2041715862239982,12.531954444184596,100000
1589,378.31000000000006,1,0.2039674146377742,13.156076845915422,100000
1590,380.22,1,0.20376344722313644,16.39677788994529,100000
1591,360.0,1,0.2035596837759133,12.50359690839594,100000
1592,358.05,1,0.20335612409213738,19.137352233347684,100000
1593,339.52000000000004,1,0.20315276796804524,16.531984571550712,100000
1594,383.82000000000005,1,0.2029496152000772,18.495910423994065,100000
1595,350.61,1,0.20274666558487714,14.78703334154906,100000
1596,351.90000000000003,1,0.20254391891929227,13.336707660130092,100000
1597,350.51,1,0.20234137500037297,16.843910036263644,100000
1598,345.65000000000003,1,0.20213903362537258,17.75560813744863,100000
1599,354.25,1,0.2019368945917472,14.078189849853516,100000
1600,372.76,1,0.20173495769715546,14.591626694569221,100000
1601,371.39,1,0.2015332227394583,14.982856931509795,100000
1602,355.97,1,0.20133168951671884,14.014156499151456,100000
1603,374.65,1,0.20113035782720212,10.259994049072265,100000
1604,357.72,1,0.20092922746937492,11.984973899105139,100000
1605,374.69000000000005,1,0.20072829824190555,11.203829445838927,100000
1606,338.31000000000006,1,0.20052756994366364,20.79587055507459,100000
1607,360.56000000000006,1,0.20032704237371998,12.607318274828852,100000
1608,349.31,1,0.20012671533134627,14.704354652336665,100000
1609,364.7900000000001,1,0.19992658861601492,13.578135238994252,100000
1610,376.62,1,0.19972666202739892,11.618092755476633,100000
1611,369.32000000000005,1,0.19952693536537153,14.662572712368435,100000
1612,364.65000000000003,1,0.19932740843000615,14.728918994556773,100000
1613,350.95000000000005,1,0.19912808102157614,19.011869218614365,100000
1614,354.41,1,0.19892895294055457,18.37253221443721,100000
1615,372.35,1,0.19873002398761402,16.875180690846545,100000
1616,357.62,1,0.1985312939636264,16.054703776652996,100000
1617,367.18,1,0.19833276266966277,17.177764902723595,100000
1618,349.82000000000005,1,0.1981344299069931,16.701352552572885,100000
1619,364.92,1,0.1979362954770861,14.822745752334594,100000
1620,370.94000000000005,1,0.197738359181609,19.326753952065292,100000
1621,361.98,1,0.1975406208224274,21.102980063075112,100000
1622,379.94000000000005,1,0.197343080201605,14.91666754809293,100000
1623,357.29,1,0.19714573712140337,13.696992366871935,100000
1624,382.19000000000005,1,0.19694859138428197,11.586224056425548,100000
1625,378.39,1,0.1967516427928977,12.296258314796116,100000
1626,366.59000000000003,1,0.1965548911501048,19.037812754792988,100000
1627,356.62,1,0.19635833625895469,13.908515186633094,100000
1628,370.87,1,0.19616197792269574,17.539701489515082,100000
1629,372.95000000000005,1,0.19596581594477305,15.466626353380157,100000
1630,376.6,1,0.19576985012882828,16.336144993702572,100000
1631,376.0,1,0.19557408027869944,12.688157757123312,100000
1632,382.13,1,0.19537850619842073,10.56821634655907,100000
1633,376.13,1,0.19518312769222232,16.855052681856378,100000
1634,374.53000000000003,1,0.19498794456453009,13.090139813423157,100000
1635,370.69000000000005,1,0.19479295661996557,15.189657224549187,100000
1636,374.31000000000006,1,0.1945981636633456,17.977773592207168,100000
1637,378.55000000000007,1,0.19440356549968224,16.70060174361519,100000
1638,381.95000000000005,1,0.19420916193418256,15.936477879683176,100000
1639,370.16,1,0.19401495277224837,15.778737772594798,100000
1640,374.28000000000003,1,0.19382093781947612,14.578445302115547,100000
1641,361.81000000000006,1,0.19362711688165665,14.043123173263838,100000
1642,365.37,1,0.193433489764775,12.545186962400164,100000
1643,373.03000000000003,1,0.19324005627501023,17.547797528708852,100000
1644,365.05,1,0.1930468162187352,12.74671164967797,100000
1645,382.03000000000003,1,0.19285376940251647,13.716392653329033,100000
1646,349.16,1,0.19266091563311397,9.22249512345183,100000
1647,359.76,1,0.19246825471748086,18.72348922252655,100000
1648,360.37,1,0.1922757864627634,20.623745826157656,100000
1649,378.51,1,0.1920835106763006,18.76485474731611,100000
1650,353.08000000000004,1,0.19189142716562432,12.419783431750078,100000
1651,353.21000000000004,1,0.1916995357384587,15.824237566727858,100000
1652,374.43,1,0.19150783620272022,13.486203188896178,100000
1653,358.51,1,0.1913163283665175,10.874890970147174,100000
1654,378.91,1,0.19112501203815097,12.248875198156938,100000
1655,372.97,1,0.1909338870261128,11.05151096204432,100000
1656,372.66,1,0.19074295313908668,12.699323383661417,100000
1657,372.83000000000004,1,0.1905522101859476,16.190408584548205,100000
1658,378.47,1,0.19036165797576166,11.348141711691152,100000
1659,366.57000000000005,1,0.1901712963177859,16.674029012521107,100000
1660,365.36,1,0.1899811250214681,12.511167803589178,100000
1661,361.91,1,0.18979114389644663,14.088639434778466,100000
1662,350.28000000000003,1,0.1896013527525502,15.666332402012564,100000
1663,346.63,1,0.18941175139979763,12.096953670183817,100000
1664,365.26000000000005,1,0.18922233964839782,11.79997313564474,100000
1665,365.95000000000005,1,0.18903311730874942,8.806199317075768,100000
1666,359.89,1,0.18884408419144066,15.268933472633362,100000
1667,356.26000000000005,1,0.1886552401072492,11.059248730193737,100000
1668,356.17,1,0.18846658486714196,12.76538516550648,100000
1669,367.70000000000005,1,0.1882781182822748,13.72467163268556,100000
1670,381.97,1,0.18808984016399252,15.32740090574537,100000
1671,374.23,1,0.18790175032382853,18.49076954841614,100000
1672,363.0,1,0.1877138485735047,14.94800973406025,100000
1673,362.02,1,0.1875261347249312,12.49140856850822,100000
1674,361.40000000000003,1,0.1873386085902063,13.02812210470438,100000
1675,374.62,1,0.18715126998161608,10.837204154332479,100000
1676,367.1,1,0.18696411871163446,13.875915299070643,100000
1677,369.21000000000004,1,0.18677715459292282,11.78991060256958,100000
1678,361.65000000000003,1,0.1865903774383299,17.469799667034508,100000
1679,370.6,1,0.18640378706089158,21.510345089192292,100000
1680,368.21000000000004,1,0.1862173832738307,17.30268547327622,100000
1681,384.0,1,0.18603116589055688,18.6286289870739,100000
1682,376.5,1,0.18584513472466632,16.48685824374358,100000
1683,376.20000000000005,1,0.18565928958994166,10.700768758853277,100000
1684,382.15,1,0.18547363030035172,15.744732220967611,100000
1685,368.62,1,0.18528815667005136,16.7297232057534,100000
1686,385.61,1,0.1851028685133813,19.294911259099056,100000
1687,377.83000000000004,1,0.18491776564486792,14.499427961266559,100000
1688,363.42,1,0.18473284787922306,14.48527255265609,100000
1689,341.13000000000005,1,0.18454811503134383,12.1330711223461,100000
1690,366.97,1,0.18436356691631248,19.11557476293473,100000
1691,385.61,1,0.18417920334939616,17.49239851299085,100000
1692,373.91,1,0.18399502414604677,9.634436678886413,100000
1693,376.23,1,0.18381102912190073,17.06202574663384,100000
1694,371.69000000000005,1,0.18362721809277882,17.079334007369148,100000
1695,381.91,1,0.18344359087468604,16.36637528737386,100000
1696,369.79,1,0.18326014728381135,15.719825331370036,100000
1697,379.84000000000003,1,0.18307688713652753,21.84856493906541,100000
1698,375.01,1,0.182893810249391,13.632102642059326,100000
1699,374.99,1,0.1827109164391416,12.812830805778503,100000
1700,371.36,1,0.18252820552270246,17.34607761405235,100000
1701,361.38,1,0.18234567731717977,19.939861675103504,100000
1702,363.25,1,0.1821633316398626,14.665776698485665,100000
1703,362.24,1,0.18198116830822272,16.506482029954594,100000
1704,379.94000000000005,1,0.1817991871399145,17.091965090144765,100000
1705,376.58000000000004,1,0.18161738795277457,20.338410173853237,100000
1706,356.47,1,0.1814357705648218,13.170564845204353,100000
1707,381.91,1,0.18125433479425698,12.887817030861264,100000
1708,328.90000000000003,1,0.18107308045946272,12.512604330267225,100000
1709,370.77,1,0.18089200737900324,21.000254419114853,100000
1710,370.88,1,0.18071111537162424,15.243101801983146,100000
1711,361.84000000000003,1,0.1805304042562526,9.901913222812471,100000
1712,374.97,1,0.18034987385199636,13.612263402938844,100000
1713,378.57000000000005,1,0.18016952397814437,10.776454671569493,100000
1714,362.65000000000003,1,0.17998935445416622,11.917796171628511,100000
1715,371.20000000000005,1,0.17980936509971204,14.72759199142456,100000
1716,376.66,1,0.17962955573461234,22.261698414882023,100000
1717,355.8,1,0.17944992617887773,17.350623354619863,100000
1718,374.41,1,0.17927047625269885,14.950025124549866,100000
1719,365.12,1,0.17909120577644616,20.254752467979085,100000
1720,359.41,1,0.17891211457066972,19.759604088465373,100000
1721,380.46000000000004,1,0.17873320245609906,11.380069347945126,100000
1722,349.32000000000005,1,0.17855446925364296,17.509377723269992,100000
1723,364.43,1,0.17837591478438933,16.33050077569251,100000
1724,354.62,1,0.17819753886960493,17.846198511123657,100000
1725,356.58000000000004,1,0.17801934133073533,18.648964228729408,100000
1726,361.96000000000004,1,0.17784132198940458,10.034215529759726,100000
1727,350.8,1,0.1776634806674152,16.140208108084543,100000
1728,378.47,1,0.17748581718674777,12.634353326714557,100000
1729,362.1,1,0.17730833136956103,10.069456266907027,100000
1730,370.83000000000004,1,0.17713102303819148,8.636265516281128,100000
1731,371.15000000000003,1,0.1769538920151533,16.919303443696762,100000
1732,364.38,1,0.17677693812313813,14.929779580995149,100000
1733,367.58000000000004,1,0.17660016118501498,19.414211719594103,100000
1734,341.67,1,0.17642356102382997,12.22775914534083,100000
1735,350.92,1,0.17624713746280615,13.681670449398181,100000
1736,374.33000000000004,1,0.17607089032534334,14.864536447525024,100000
1737,381.93000000000006,1,0.175894819435018,10.559562617824191,100000
1738,376.66,1,0.17571892461558297,13.345342889428139,100000
1739,354.94000000000005,1,0.1755432056909674,12.671265966892243,100000
1740,367.58000000000004,1,0.17536766248527644,17.359826483625046,100000
1741,380.54,1,0.17519229482279117,11.280042604966598,100000
1742,340.1,1,0.17501710252796837,11.849034010280262,100000
1743,380.46000000000004,1,0.1748420854254404,15.47460287809372,100000
1744,365.17,1,0.17466724334001496,11.757493809777863,100000
1745,376.64,1,0.17449257609667496,16.40186180671056,100000
1746,376.19000000000005,1,0.1743180835205783,12.050622019656869,100000
1747,352.91,1,0.1741437654370577,9.025238356939177,100000
1748,373.03000000000003,1,0.17396962167162064,15.220896406871516,100000
1749,379.62,1,0.173795652049949,11.005693930845995,100000
1750,369.45000000000005,1,0.17362185639789907,14.429454395506117,100000
1751,358.51,1,0.17344823454150116,12.459052915158479,100000
1752,371.34000000000003,1,0.17327478630695967,12.840835876243059,100000
1753,362.33000000000004,1,0.1731015115206527,10.733551614689377,100000
1754,380.36,1,0.17292841000913206,11.849675465713847,100000
1755,379.90000000000003,1,0.17275548159912293,19.97190478173169,100000
1756,355.5,1,0.17258272611752382,11.961806783870776,100000
1757,372.79,1,0.17241014339140628,9.283806556608619,100000
1758,359.92,1,0.1722377332480149,11.28346125125885,100000
1759,382.21000000000004,1,0.17206549551476688,12.464494029680887,100000
1760,380.14,1,0.1718934300192521,8.901566792618144,100000
1761,365.32000000000005,1,0.17172153658923286,13.469207330183549,100000
1762,359.98,1,0.17154981505264363,11.932278312336315,100000
1763,383.66,1,0.17137826523759098,11.659013229608536,100000
1764,370.97,1,0.1712068869723534,13.910878408786862,100000
1765,361.72,1,0.17103568008538103,10.08400179976124,100000
1766,371.12,1,0.17086464440529564,10.602078764937644,100000
1767,354.76,1,0.17069377976089034,15.916291365623474,100000
1768,372.38,1,0.17052308598112945,12.703476309776306,100000
1769,371.12,1,0.17035256289514833,15.300573493159094,100000
1770,349.48,1,0.17018221033225317,7.114709382587009,100000
1771,365.35,1,0.17001202812192093,9.829444877126,100000
1772,366.97,1,0.169842016093799,10.829647998015085,100000
1773,357.92,1,0.1696721740777052,9.272407028986061,100000
1774,350.07000000000005,1,0.1695025019036275,11.335590759913126,100000
1775,378.06000000000006,1,0.1693329994017239,10.077992276447576,100000
1776,379.84000000000003,1,0.16916366640232217,8.166734857992692,100000
1777,365.55,1,0.16899450273591984,10.426077901100626,100000
1778,376.20000000000005,1,0.16882550823318393,13.35915458202362,100000
1779,369.67,1,0.16865668272495074,16.00938745604621,100000
1780,369.0,1,0.1684880260422258,8.650672478146022,100000
1781,378.27000000000004,1,0.16831953801618357,9.041320894075477,100000
1782,378.63,1,0.16815121847816739,10.084241022234378,100000
1783,381.75,1,0.16798306725968923,6.978434505916777,100000
1784,374.63,1,0.16781508419242955,12.82200653553009,100000
1785,380.12,1,0.16764726910823713,10.875230339440433,100000
1786,363.33,1,0.1674796218391289,12.664794024299173,100000
1787,365.79,1,0.16731214221728977,9.502020694771591,100000
1788,366.03000000000003,1,0.16714483007507247,11.889738832201276,100000
1789,374.66,1,0.1669776852449974,11.930719704098172,100000
1790,378.55000000000007,1,0.1668107075597524,9.117250162622202,100000
1791,380.08000000000004,1,0.16664389685219266,13.811706990003586,100000
1792,365.76,1,0.16647725295534047,13.854932265281677,100000
1793,368.64,1,0.16631077570238512,11.734357855149678,100000
1794,376.76,1,0.16614446492668272,16.79115543762843,100000
1795,370.88,1,0.16597832046175603,13.388588727906694,100000
1796,352.89,1,0.16581234214129428,11.66342318058014,100000
1797,369.45000000000005,1,0.16564652979915298,12.648640831311544,100000
1798,367.45000000000005,1,0.16548088326935384,10.65978175528506,100000
1799,378.59000000000003,1,0.1653154023860845,9.5960184076558,100000
1800,378.45,1,0.1651500869836984,9.614356717337733,100000
1801,380.24,1,0.1649849368967147,10.493953425775874,100000
1802,356.61,1,0.164819951959818,13.421876626710096,100000
1803,356.77000000000004,1,0.16465513200785817,12.424730658531189,100000
1804,361.29,1,0.1644904768758503,10.019494083692443,100000
1805,383.84000000000003,1,0.16432598639897444,12.158637219667435,100000
1806,367.09000000000003,1,0.16416166041257546,10.519867800651713,100000
1807,357.63,1,0.16399749875216288,19.287826692848874,100000
1808,380.0,1,0.16383350125341073,13.075295372442765,100000
1809,376.9,1,0.16366966775215733,9.076136159400145,100000
1810,380.3,1,0.16350599808440516,14.59320429238406,100000
1811,378.33000000000004,1,0.16334249208632076,12.324593870536141,100000
1812,369.36,1,0.16317914959423443,7.786763575341967,100000
1813,370.44000000000005,1,0.1630159704446402,12.261652557217346,100000
1814,372.93,1,0.16285295447419557,11.74201140171144,100000
1815,372.95000000000005,1,0.16269010151972138,8.841102384939425,100000
1816,353.92,1,0.16252741141820165,12.063059455582074,100000
1817,383.84000000000003,1,0.16236488400678345,10.822058883309364,100000
1818,354.5,1,0.16220251912277667,12.34155928293864,100000
1819,383.96000000000004,1,0.1620403166036539,20.691894781589507,100000
1820,383.64,1,0.16187827628705023,10.792811226844787,100000
1821,352.71000000000004,1,0.16171639801076318,7.539705810638575,100000
1822,383.98,1,0.1615546816127524,14.21736832857132,100000
1823,377.98,1,0.16139312693113966,12.035710163232757,100000
1824,380.3,1,0.16123173380420852,13.869153028184718,100000
1825,367.15000000000003,1,0.16107050207040433,10.1082508847827,100000
1826,345.17,1,0.16090943156833393,12.38468533146138,100000
1827,356.44000000000005,1,0.1607485221367656,16.089840094248455,100000
1828,380.68,1,0.16058777361462884,9.220606630498713,100000
1829,376.19000000000005,1,0.1604271858410142,13.332798647326092,100000
1830,380.5,1,0.16026675865517317,8.890325009822845,100000
1831,383.96000000000004,1,0.160106491896518,10.319513237476349,100000
1832,361.44,1,0.15994638540462147,10.058459607263407,100000
1833,370.91,1,0.15978643901921685,16.591718669290895,100000
1834,369.47,1,0.15962665258019765,16.060148832533095,100000
1835,363.52000000000004,1,0.15946702592761744,10.896089703428979,100000
1836,371.05,1,0.15930755890168982,8.891665649968525,100000
1837,368.52000000000004,1,0.15914825134278812,11.772666013759116,100000
1838,378.65,1,0.15898910309144534,12.003977236540422,100000
1839,374.64,1,0.1588301139883539,7.905895599952111,100000
1840,369.18000000000006,1,0.15867128387436555,11.270570606655545,100000
1841,376.94000000000005,1,0.15851261259049118,11.997252757350603,100000
1842,362.03,1,0.1583540999779007,12.167539637043792,100000
1843,378.23,1,0.1581957458779228,10.380092232123665,100000
1844,372.70000000000005,1,0.15803755013204487,10.07951003749196,100000
1845,365.34000000000003,1,0.15787951258191282,10.175015273419293,100000
1846,383.96000000000004,1,0.1577216330693309,11.433920925855636,100000
1847,341.47,1,0.15756391143626158,9.878190219402313,100000
1848,371.0,1,0.15740634752482532,13.097352288490118,100000
1849,380.12,1,0.1572489411773005,11.291075923226096,100000
1850,372.76,1,0.1570916922361232,11.019827594148351,100000
1851,383.86,1,0.15693460054388708,8.634590280055999,100000
1852,378.33000000000004,1,0.1567776659433432,12.58185921544614,100000
1853,376.15000000000003,1,0.15662088827739984,9.864891257396964,100000
1854,354.87,1,0.15646426738912245,9.736154975891113,100000
1855,372.69,1,0.1563078031217333,8.367377432381234,100000
1856,380.12,1,0.15615149531861158,10.461718375032598,100000
1857,357.8,1,0.15599534382329297,11.074976105439035,100000
1858,365.73,1,0.15583934847946967,11.982274415541669,100000
1859,360.07,1,0.15568350913099022,12.130832726305181,100000
1860,376.04,1,0.15552782562185924,12.642647557480391,100000
1861,367.03,1,0.15537229779623737,10.66256145974423,100000
1862,380.24,1,0.15521692549844113,13.750880355184728,100000
1863,366.89,1,0.15506170857294269,16.120222829637072,100000
1864,385.61,1,0.15490664686436975,9.054648339748383,100000
1865,336.69,1,0.15475174021750537,10.119168219467005,100000
1866,374.24,1,0.15459698847728787,12.228646092944675,100000
1867,369.14000000000004,1,0.1544423914888106,12.009086851562772,100000
1868,372.13000000000005,1,0.15428794909732177,10.328688422838846,100000
1869,363.17,1,0.15413366114822444,11.275852027146712,100000
1870,359.24,1,0.15397952748707622,13.254366355472142,100000
1871,369.29,1,0.15382554795958914,10.048068939314948,100000
1872,366.8,1,0.15367172241162955,7.716416606363261,100000
1873,359.94,1,0.15351805068921792,9.645915361967953,100000
1874,365.22,1,0.1533645326385287,12.456411811438473,100000
1875,341.56,1,0.15321116810589017,10.849071741104126,100000
1876,382.01000000000005,1,0.1530579569377843,8.863347961789085,100000
1877,376.14,1,0.1529048989808465,10.194510606427988,100000
1878,380.64,1,0.15275199408186566,11.254665537313981,100000
1879,374.25,1,0.15259924208778378,8.770907727877299,100000
1880,385.61,1,0.15244664284569598,15.076716837130094,100000
1881,365.63,1,0.15229419620285028,9.696542279286819,100000
1882,377.87,1,0.15214190200664743,9.56266870149752,100000
1883,381.95000000000005,1,0.15198976010464077,10.547508475326357,100000
1884,383.68,1,0.15183777034453613,9.335821688175201,100000
1885,368.9,1,0.1516859325741916,9.681944099068641,100000
1886,380.28000000000003,1,0.1515342466416174,8.804919148033315,100000
1887,374.84000000000003,1,0.1513827123949758,8.671092891693116,100000
1888,358.21000000000004,1,0.15123132968258082,16.65821769444839,100000
1889,378.08000000000004,1,0.15108009835289823,10.158254373364333,100000
1890,360.15,1,0.15092901825454533,9.750009856440805,100000
1891,365.81000000000006,1,0.15077808923629077,14.454086186934491,100000
1892,374.43,1,0.15062731114705447,12.701178312301636,100000
1893,374.76,1,0.1504766838359074,5.381174980065762,100000
1894,367.70000000000005,1,0.15032620715207148,6.106888517420343,100000
1895,381.81,1,0.1501758809449194,9.936144692557198,100000
1896,355.83000000000004,1,0.15002570506397447,15.448579316236534,100000
1897,382.07000000000005,1,0.1498756793589105,12.7928227186203,100000
1898,354.82000000000005,1,0.14972580367955157,13.379264769554139,100000
1899,380.24,1,0.14957607787587202,11.106158283623783,100000
1900,356.53,1,0.14942650179799613,8.559140017739049,100000
1901,354.51000000000005,1,0.14927707529619813,7.1259510040283205,100000
1902,373.03000000000003,1,0.14912779822090194,6.2516146578439855,100000
1903,367.28000000000003,1,0.14897867042268104,12.445095686202354,100000
1904,372.79,1,0.14882969175225835,6.635053413670238,100000
1905,365.75,1,0.1486808620605061,8.604075733496218,100000
1906,380.02000000000004,1,0.14853218119844558,9.42507416009903,100000
1907,383.72,1,0.14838364901724713,7.444602379202843,100000
1908,385.61,1,0.14823526536822987,16.694151225842926,100000
1909,344.1,1,0.14808703010286164,11.47345072147893,100000
1910,373.99,1,0.1479389430727588,11.518819037079812,100000
1911,379.90000000000003,1,0.14779100412968604,9.788645722649314,100000
1912,374.71000000000004,1,0.14764321312555637,11.105350573857626,100000
1913,385.61,1,0.14749556991243082,10.135084007915697,100000
1914,372.90000000000003,1,0.1473480743425184,11.757683121241056,100000
1915,381.73,1,0.14720072626817587,10.654021033218928,100000
1916,380.44000000000005,1,0.1470535255419077,9.029610070315274,100000
1917,380.48,1,0.1469064720163658,15.177854348312724,100000
1918,380.08000000000004,1,0.14675956554434944,17.603905894539572,100000
1919,378.43000000000006,1,0.14661280597880508,12.418907131837761,100000
1920,381.97,1,0.14646619317282628,11.328780829906464,100000
1921,358.42,1,0.14631972697965345,14.310383584188378,100000
1922,358.3,1,0.1461734072526738,13.113143040583683,100000
1923,381.97,1,0.14602723384542113,10.82230890364874,100000
1924,380.52,1,0.14588120661157572,12.420057648962194,100000
1925,371.05,1,0.14573532540496414,13.446919358053872,100000
1926,368.79,1,0.14558959007955918,10.983755532433005,100000
1927,373.66,1,0.1454440004894796,10.236954060196876,100000
1928,380.3,1,0.14529855648899012,8.563131741502069,100000
1929,385.61,1,0.14515325793250114,11.041478685642543,100000
1930,383.94000000000005,1,0.14500810467456865,10.673468869924545,100000
1931,360.01,1,0.14486309656989407,11.21716620271856,100000
1932,367.82000000000005,1,0.1447182334733242,7.754289421629398,100000
1933,383.78000000000003,1,0.14457351523985087,13.019637781381608,100000
1934,383.76,1,0.14442894172461102,8.531817996501923,100000
1935,371.48,1,0.1442845127828864,9.457864664321722,100000
1936,358.08000000000004,1,0.1441402282701035,15.873897231143454,100000
1937,382.09000000000003,1,0.1439960880418334,10.132342840944018,100000
1938,370.92,1,0.14385209195379156,6.715821138648099,100000
1939,369.05,1,0.14370823986183776,13.645289784007602,100000
1940,370.67,1,0.1435645316219759,8.880329428886881,100000
1941,385.61,1,0.14342096709035393,8.618229828382793,100000
1942,373.05,1,0.14327754612326357,13.144205791194265,100000
1943,383.98,1,0.14313426857714032,10.231787848472596,100000
1944,375.94000000000005,1,0.14299113430856317,9.24834780637608,100000
1945,382.19000000000005,1,0.1428481431742546,7.323872219948542,100000
1946,378.11,1,0.14270529503108034,7.350281816461812,100000
1947,372.93,1,0.14256258973604927,6.738093602948073,100000
1948,378.14,1,0.14242002714631322,5.7541769452211335,100000
1949,360.44,1,0.1422776071191669,8.671507282690568,100000
1950,374.76,1,0.14213532951204774,7.916077821682661,100000
1951,381.99,1,0.1419931941825357,11.368530307497297,100000
1952,354.72,1,0.14185120098835316,9.791774673461914,100000
1953,380.24,1,0.1417093497873648,7.007203703576868,100000
1954,378.45000000000005,1,0.14156764043757744,14.154568356016409,100000
1955,383.68,1,0.14142607279713987,6.984200483560562,100000
1956,385.61,1,0.14128464672434274,13.037325444974398,100000
1957,374.07000000000005,1,0.1411433620776184,6.923976103464763,100000
1958,361.52000000000004,1,0.14100221871554078,14.578753697375456,100000
1959,382.29,1,0.14086121649682523,9.068114967573257,100000
1960,362.26000000000005,1,0.14072035528032842,9.845883731572133,100000
1961,378.69000000000005,1,0.1405796349250481,8.081955090813015,100000
1962,367.73,1,0.14043905529012304,15.47763618763457,100000
1963,382.19000000000005,1,0.14029861623483292,11.32614378702073,100000
1964,383.84000000000003,1,0.1401583176185981,5.833595576882362,100000
1965,358.33000000000004,1,0.1400181593009795,12.012207213201021,100000
1966,369.61,1,0.1398781411416785,9.836354883511861,100000
1967,368.90000000000003,1,0.13973826300053682,10.273942727668613,100000
1968,381.99,1,0.13959852473753628,9.228058363710131,100000
1969,361.28000000000003,1,0.13945892621279873,13.656641562779745,100000
1970,381.87,1,0.13931946728658592,7.885633451598031,100000
1971,357.97,1,0.13918014781929933,7.492588252351995,100000
1972,369.05,1,0.13904096767148003,11.408413439326816,100000
1973,361.83,1,0.13890192670380855,9.995190373488835,100000
1974,378.15000000000003,1,0.13876302477710473,10.44445840301721,100000
1975,352.59000000000003,1,0.13862426175232762,9.205348159404512,100000
1976,372.51,1,0.1384856374905753,7.921699353989134,100000
1977,383.90000000000003,1,0.13834715185308472,8.535424461960792,100000
1978,372.93,1,0.13820880470123162,6.324199897486989,100000
1979,356.85,1,0.1380705958965304,4.869209381441276,100000
1980,372.90000000000003,1,0.13793252530063388,7.240274704419649,100000
1981,383.78000000000003,1,0.13779459277533324,5.211614836752415,100000
1982,375.99,1,0.1376567981825579,11.043905061344768,100000
1983,369.69,1,0.13751914138437535,7.189053519566854,100000
1984,360.21000000000004,1,0.13738162224299097,6.375467866659164,100000
1985,367.22,1,0.13724424062074797,7.759359889842094,100000
1986,346.3,1,0.13710699638012722,8.297982379541558,100000
1987,374.01000000000005,1,0.1369698893837471,11.73104988998837,100000
1988,385.61,1,0.13683291949436335,10.091580710913005,100000
1989,329.48,1,0.13669608657486898,8.522930116422716,100000
1990,372.24,1,0.1365593904882941,8.025834815299257,100000
1991,383.94000000000005,1,0.1364228310978058,8.550068157911301,100000
1992,362.37,1,0.13628640826670801,6.806350240167582,100000
1993,363.87,1,0.1361501218584413,6.784463539719582,100000
1994,371.11,1,0.13601397173658286,11.833372709363006,100000
1995,380.22,1,0.1358779577648463,7.225886355746876,100000
1996,363.22,1,0.13574207980708144,13.275469440480936,100000
1997,372.91,1,0.13560633772727437,10.202476667194832,100000
1998,369.67,1,0.1354707313895471,11.151837632391189,100000
1999,379.62,1,0.13533526065815754,11.806020718354445,100000
2000,380.18,1,0.1351999253974994,8.105800425464457,100000
2001,363.6,1,0.13506472547210188,8.692800115136539,100000
2002,373.24,1,0.1349296607466298,8.100745366169857,100000
2003,367.28000000000003,1,0.13479473108588316,11.708516926992507,100000
2004,356.18,1,0.13465993635479728,5.254959544470144,100000
2005,376.44000000000005,1,0.13452527641844247,10.052841757619104,100000
2006,378.67,1,0.13439075114202403,6.570670050123463,100000
2007,369.58000000000004,1,0.134256360390882,7.156409631882395,100000
2008,373.30000000000007,1,0.13412210403049113,7.524359794763418,100000
2009,374.69000000000005,1,0.13398798192646064,8.609466292919256,100000
2010,382.07000000000005,1,0.13385399394453418,13.53298830134528,100000
2011,382.11,1,0.13372013995058965,6.943716361409142,100000
2012,358.44,1,0.13358641981063907,9.048379035099693,100000
2013,374.70000000000005,1,0.13345283339082842,7.331401791328039,100000
2014,383.76,1,0.13331938055743758,4.91959707736969,100000
2015,381.93000000000006,1,0.13318606117688014,10.93046076808657,100000
2016,380.56000000000006,1,0.13305287511570327,6.779591655189341,100000
2017,381.87,1,0.13291982224058757,4.055457698447364,100000
2018,373.01,1,0.13278690241834698,7.9400515992467,100000
2019,359.83000000000004,1,0.13265411551592862,12.442096219062805,100000
2020,381.87,1,0.13252146140041268,7.629775132451739,100000
2021,371.04,1,0.13238893993901227,8.836643565532773,100000
2022,380.66,1,0.13225655099907327,7.225981969725002,100000
2023,372.59000000000003,1,0.1321242944480742,13.50965357080419,100000
2024,358.38000000000005,1,0.13199217015362613,3.531160453091497,100000
2025,358.46,1,0.1318601779834725,8.492177857005078,100000
2026,374.72,1,0.13172831780548902,4.24339457658621,100000
2027,371.26,1,0.13159658948768352,9.20450807310814,100000
2028,377.93000000000006,1,0.13146499289819583,11.102629347545344,100000
2029,367.88,1,0.13133352790529762,7.0835698868365995,100000
2030,361.87,1,0.13120219437739233,8.565944999456406,100000
2031,385.61,1,0.13107099218301493,4.781964703610069,100000
2032,381.95000000000005,1,0.13093992119083192,6.3424749204090665,100000
2033,360.41,1,0.13080898126964108,8.68983490228653,100000
2034,356.07000000000005,1,0.13067817228837145,10.35424087693294,100000
2035,363.90000000000003,1,0.13054749411608307,5.877860662983913,100000
2036,381.77,1,0.13041694662196698,8.937006802785964,100000
2037,377.90000000000003,1,0.13028652967534501,8.73489982035102,100000
2038,377.68,1,0.13015624314566968,7.278216632401071,100000
2039,372.34000000000003,1,0.130026086902524,5.611048378842942,100000
2040,377.85,1,0.1298960608156215,9.646696961444357,100000
2041,374.49,1,0.12976616475480587,9.957401831944784,100000
2042,383.70000000000005,1,0.12963639859005108,9.161944015324115,100000
2043,374.69000000000005,1,0.12950676219146104,10.716437158584595,100000
2044,381.67,1,0.1293772554292696,7.052149128346216,100000
2045,353.13,1,0.1292478781738403,7.84205638216092,100000
2046,380.22,1,0.12911863029566648,4.752899625084617,100000
2047,377.14,1,0.12898951166537082,10.747206250826517,100000
2048,361.28000000000003,1,0.12886052215370544,8.455151474753091,100000
2049,376.9,1,0.12873166163155172,9.298089933892092,100000
2050,376.88,1,0.12860292996992018,6.501981717844804,100000
2051,378.45000000000005,1,0.12847432703995026,6.988199018913766,100000
2052,365.07000000000005,1,0.12834585271291032,7.528768359398355,100000
2053,363.88,1,0.12821750686019742,6.993221752021624,100000
2054,383.96000000000004,1,0.12808928935333722,7.261953258514405,100000
2055,367.19000000000005,1,0.12796120006398387,10.388602444466125,100000
2056,383.70000000000005,1,0.1278332388639199,5.862200725078583,100000
2057,380.08000000000004,1,0.12770540562505597,11.383547010746868,100000
2058,383.68,1,0.1275777002194309,17.268427902460097,100000
2059,356.81,1,0.12745012251921148,9.997512670854727,100000
2060,365.03000000000003,1,0.12732267239669226,7.277755066156387,100000
2061,383.68,1,0.12719534972429558,9.467549142241477,100000
2062,378.51,1,0.12706815437457128,9.8947717676992,100000
2063,371.07000000000005,1,0.1269410862201967,6.344441455464031,100000
2064,376.78000000000003,1,0.1268141451339765,9.152406332393488,100000
2065,379.96000000000004,1,0.12668733098884255,10.714998711239208,100000
2066,385.61,1,0.12656064365785372,9.345788999607688,100000
2067,372.69000000000005,1,0.12643408301419587,7.5992796471778385,100000
2068,378.05,1,0.12630764893118168,10.142159552677818,100000
2069,380.20000000000005,1,0.1261813412822505,9.943496597084133,100000
2070,379.88000000000005,1,0.12605515994096825,6.467853012410077,100000
2071,383.72,1,0.12592910478102728,8.167427897453308,100000
2072,372.98,1,0.12580317567624627,8.215246842457699,100000
2073,365.39000000000004,1,0.12567737250057,6.465947235172445,100000
2074,378.27000000000004,1,0.12555169512806943,9.01667759988619,100000
2075,369.39,1,0.12542614343294137,7.564141249656677,100000
2076,382.19000000000005,1,0.12530071728950842,8.637828588485718,100000
2077,376.20000000000005,1,0.12517541657221892,11.6675180169039,100000
2078,365.16,1,0.1250502411556467,4.461912772872231,100000
2079,375.19000000000005,1,0.12492519091449104,7.6519980192184445,100000
2080,366.93000000000006,1,0.12480026572357655,10.92668764931815,100000
2081,371.1,1,0.12467546545785298,10.94231293367785,100000
2082,360.26,1,0.12455078999239512,7.556138156489893,100000
2083,371.0,1,0.12442623920240273,5.401698761208113,100000
2084,378.65,1,0.12430181296320032,6.7786051294078,100000
2085,370.09000000000003,1,0.12417751115023712,7.660040137442675,100000
2086,383.66,1,0.12405333363908688,6.651079186797142,100000
2087,385.61,1,0.1239292803054478,6.687854939385464,100000
2088,380.06000000000006,1,0.12380535102514234,6.958059237761931,100000
2089,356.61,1,0.1236815456741172,6.31207334001859,100000
2090,380.36,1,0.12355786412844308,6.7710264921188354,100000
2091,377.92,1,0.12343430626431463,9.026280501993691,100000
2092,372.99,1,0.12331087195805032,7.696049722229562,100000
2093,374.83000000000004,1,0.12318756108609227,7.664713833332062,100000
2094,380.06000000000006,1,0.12306437352500618,9.042425551197745,100000
2095,374.63,1,0.12294130915148117,8.219864563941956,100000
2096,382.19,1,0.12281836784232969,7.4820768265497115,100000
2097,383.68,1,0.12269554947448735,3.9630091398954392,100000
2098,381.75,1,0.12257285392501287,11.898783486513864,100000
2099,371.8,1,0.12245028107108785,7.557955091907864,100000
2100,371.39,1,0.12232783079001676,5.047906610700819,100000
2101,381.71000000000004,1,0.12220550295922675,5.545730423359644,100000
2102,367.01,1,0.12208329745626752,12.03855276107788,100000
2103,380.24,1,0.12196121415881125,6.320187021385539,100000
2104,376.13,1,0.12183925294465245,5.205440069353858,100000
2105,385.61,1,0.1217174136917078,10.058535409601111,100000
2106,383.78000000000003,1,0.12159569627801609,10.85584028363228,100000
2107,378.73,1,0.12147410058173808,6.884818465813346,100000
2108,383.78000000000003,1,0.12135262648115634,6.421347598731518,100000
2109,367.3,1,0.12123127385467519,9.12884911951029,100000
2110,385.61,1,0.12111004258082052,5.271728490528307,100000
2111,380.14,1,0.1209889325382397,6.0830633802847425,100000
2112,378.75,1,0.12086794360570145,5.932197683531305,100000
2113,380.36,1,0.12074707566209575,4.154650915752757,100000
2114,383.76,1,0.12062632858643366,6.858559535443783,100000
2115,375.86,1,0.12050570225784722,9.959066443665083,100000
2116,374.65,1,0.12038519655558938,5.363471262454986,100000
2117,374.69000000000005,1,0.12026481135903379,5.420762165387472,100000
2118,385.61,1,0.12014454654767476,6.321741195101487,100000
2119,361.53,1,0.12002440200112709,7.429744179050128,100000
2120,369.19,1,0.11990437759912596,6.9743425687154135,100000
2121,385.61,1,0.11978447322152684,6.696342810204155,100000
2122,374.76,1,0.11966468874830531,10.584732822882824,100000
2123,381.67,1,0.11954502405955701,8.060734797091712,100000
2124,381.77,1,0.11942547903549745,7.835331539312999,100000
2125,377.85,1,0.11930605355646196,5.702927140201011,100000
2126,372.97,1,0.11918674750290549,9.817934327009247,100000
2127,363.59000000000003,1,0.11906756075540259,7.445872865471185,100000
2128,381.87,1,0.11894849319464719,9.904748541968209,100000
2129,385.61,1,0.11882954470145254,5.322953122226815,100000
2130,380.54,1,0.11871071515675109,3.730512251908129,100000
2131,383.92,1,0.11859200444159435,7.865590167045593,100000
2132,359.74,1,0.11847341243715274,8.029876232147217,100000
2133,383.68,1,0.1183549390247156,5.7731282114982605,100000
2134,361.73,1,0.11823658408569088,8.24516229579846,100000
2135,385.61,1,0.11811834750160519,4.353212315785258,100000
2136,378.63,1,0.11800022915410358,7.284411458865456,100000
2137,381.77,1,0.11788222892494947,10.524126223155431,100000
2138,381.99,1,0.11776434669602452,7.344018998600188,100000
2139,369.14,1,0.1176465823493285,5.51604755587048,100000
2140,381.99,1,0.11752893576697916,5.701967175517764,100000
2141,383.88,1,0.11741140683121218,8.485442948341369,100000
2142,385.61,1,0.11729399542438097,7.469517994868128,100000
2143,383.86,1,0.11717670142895659,10.290717339515686,100000
2144,382.19000000000005,1,0.11705952472752763,7.368996434268498,100000
2145,381.97,1,0.1169424652028001,7.567594922724224,100000
2146,378.67,1,0.1168255227375973,7.530508559683095,100000
2147,372.95000000000005,1,0.1167086972148597,6.928847103584103,100000
2148,383.68,1,0.11659198851764484,5.110689586400985,100000
2149,380.14,1,0.1164753965291272,5.183605462312698,100000
2150,383.82000000000005,1,0.11635892113259806,12.450008568167686,100000
2151,371.0,1,0.11624256221146546,8.08585601351982,100000
2152,374.07000000000005,1,0.116126319649254,4.495248688591851,100000
2153,376.18,1,0.11601019332960474,8.611979069809118,100000
2154,374.43000000000006,1,0.11589418313627514,6.706783602237701,100000
2155,372.83000000000004,1,0.11577828895313887,7.20582695995889,100000
2156,383.64,1,0.11566251066418573,9.249664406478406,100000
2157,382.21000000000004,1,0.11554684815352155,6.947837511698405,100000
2158,370.97,1,0.11543130130536802,4.85851835650067,100000
2159,372.73,1,0.11531587000406265,9.835443961911086,100000
2160,371.08000000000004,1,0.1152005541340586,10.347932638123979,100000
2161,383.84000000000003,1,0.11508535357992454,9.292447075247765,100000
2162,385.61,1,0.11497026822634461,5.275492255624972,100000
2163,380.6,1,0.11485529795811826,7.41671633855863,100000
2164,362.14,1,0.11474044266016015,5.523722126370385,100000
2165,370.15000000000003,1,0.11462570221749999,5.1201042691055605,100000
2166,376.86,1,0.11451107651528249,10.450030303249756,100000
2167,379.84000000000003,1,0.11439656543876721,8.509873880581422,100000
2168,372.38000000000005,1,0.11428216887332844,5.195727538555227,100000
2169,385.61,1,0.11416788670445512,6.664144842248214,100000
2170,380.06000000000006,1,0.11405371881775066,7.502146674828096,100000
2171,381.69000000000005,1,0.11393966509893291,5.734445021266029,100000
2172,369.03000000000003,1,0.11382572543383399,5.611608792675866,100000
2173,378.33000000000004,1,0.11371189970840015,7.656900291857512,100000
2174,367.58000000000004,1,0.11359818780869176,4.754849705290287,100000
2175,382.15000000000003,1,0.11348458962088306,4.826236429668608,100000
2176,378.09000000000003,1,0.11337110503126219,4.4879909714926844,100000
2177,382.01,1,0.11325773392623092,6.224857811416898,100000
2178,374.78000000000003,1,0.1131444761923047,5.183121005694072,100000
2179,374.72,1,0.11303133171611239,5.567704212971223,100000
2180,383.78000000000003,1,0.11291830038439628,5.534878306090832,100000
2181,383.72,1,0.11280538208401188,6.468442186713219,100000
2182,380.48,1,0.11269257670192787,5.772694425149397,100000
2183,378.77,1,0.11257988412522593,7.875119014926579,100000
2184,385.61,1,0.1124673042411007,5.067102225203263,100000
2185,356.69,1,0.1123548369368596,5.614804727335771,100000
2186,383.82000000000005,1,0.11224248209992274,7.187936997413635,100000
2187,372.91,1,0.11213023961782281,5.398256124519721,100000
2188,378.77000000000004,1,0.11201810937820499,6.6115570845811265,100000
2189,382.01,1,0.11190609126882678,5.542647662616911,100000
2190,380.62,1,0.11179418517755796,8.496271507306533,100000
2191,381.87,1,0.1116823909923804,10.836054989269801,100000
2192,385.61,1,0.11157070860138803,9.596901615983562,100000
2193,381.87,1,0.11145913789278664,5.288307698000045,100000
2194,378.37,1,0.11134767875489385,4.543200586153113,100000
2195,385.61,1,0.11123633107613895,6.774683282563561,100000
2196,382.29,1,0.11112509474506281,5.230832309949966,100000
2197,385.61,1,0.11101396965031775,5.084353671262138,100000
2198,383.64,1,0.11090295568066744,5.267462369799614,100000
2199,376.3,1,0.11079205272498677,6.633180995782216,100000
2200,378.23,1,0.11068126067226178,10.154935448066048,100000
2201,372.93000000000006,1,0.11057057941158951,5.195136548542395,100000
2202,380.42,1,0.11046000883217792,6.44206440448761,100000
2203,371.42,1,0.11034954882334574,5.0136409956355426,100000
2204,382.25,1,0.1102391992745224,6.261314924274172,100000
2205,379.78000000000003,1,0.11012896007524788,3.9868226403539833,100000
2206,383.90000000000003,1,0.11001883111517263,8.365748754143715,100000
2207,378.06000000000006,1,0.10990881228405747,9.61042195558548,100000
2208,376.32000000000005,1,0.10979890347177342,4.813149559001128,100000
2209,380.26,1,0.10968910456830164,8.898586343635213,100000
2210,381.83000000000004,1,0.10957941546373333,6.816012771356673,100000
2211,383.72,1,0.1094698360482696,7.006954653561115,100000
2212,374.99,1,0.10936036621222132,7.160885121822357,100000
2213,383.94000000000005,1,0.10925100584600911,3.941145196557045,100000
2214,356.89,1,0.1091417548401631,6.8438011184334755,100000
2215,385.61,1,0.10903261308532293,12.594940094571365,100000
2216,378.14,1,0.1089235804722376,7.758862200306683,100000
2217,370.95000000000005,1,0.10881465689176537,4.1791067469951715,100000
2218,365.87,1,0.1087058422348736,6.104517853989893,100000
2219,381.77,1,0.10859713639263872,10.7382367508752,100000
2220,383.98,1,0.10848853925624609,8.603587773442268,100000
2221,374.72,1,0.10838005071698985,7.039625962575276,100000
2222,377.87,1,0.10827167066627286,4.2825561514714865,100000
2223,383.74,1,0.10816339899560658,6.88124361038208,100000
2224,358.71000000000004,1,0.10805523559661097,4.901146734538286,100000
2225,381.97,1,0.10794718036101436,3.9066412448883057,100000
2226,378.17,1,0.10783923318065335,3.3110545329425647,100000
2227,370.84000000000003,1,0.10773139394747269,4.143521983956182,100000
2228,383.8,1,0.10762366255352522,6.617656177282333,100000
2229,383.88,1,0.1075160388909717,4.570163314044476,100000
2230,380.1,1,0.10740852285208072,5.547158910469576,100000
2231,381.83000000000004,1,0.10730111432922863,3.8607915256704604,100000
2232,382.19000000000005,1,0.1071938132148994,3.7949044512850896,100000
2233,379.8,1,0.1070866194016845,5.169069244311406,100000
2234,362.02,1,0.10697953278228281,5.357133601393018,100000
2235,380.48,1,0.10687255324950053,3.1268413215875626,100000
2236,368.86,1,0.10676568069625103,5.016588771343232,100000
2237,381.93,1,0.10665891501555477,3.605231367406391,100000
2238,378.37,1,0.10655225610053921,3.469657780683559,100000
2239,383.70000000000005,1,0.10644570384443867,5.286425480246544,100000
2240,371.01,1,0.10633925814059424,3.900307053743407,100000
2241,383.90000000000003,1,0.10623291888245365,4.791507937759161,100000
2242,381.75,1,0.1061266859635712,4.795713766699746,100000
2243,385.61,1,0.10602055927760762,7.004908238586626,100000
2244,381.91,1,0.10591453871833001,11.646670904897508,100000
2245,381.71000000000004,1,0.10580862417961168,7.059711931716828,100000
2246,365.58000000000004,1,0.10570281555543207,6.009845525026321,100000
2247,379.63,1,0.10559711273987664,2.596166811692409,100000
2248,378.45000000000005,1,0.10549151562713677,5.426153458978819,100000
2249,382.17,1,0.10538602411150963,8.768577152774448,100000
2250,373.07000000000005,1,0.10528063808739813,5.38644400020925,100000
2251,372.9,1,0.10517535744931072,4.73609962405228,100000
2252,382.03000000000003,1,0.10507018209186142,7.455285909630003,100000
2253,382.01,1,0.10496511190976955,11.32544119585128,100000
2254,383.68,1,0.10486014679785978,5.427613690495491,100000
2255,385.61,1,0.10475528665106192,6.413813049855985,100000
2256,381.73,1,0.10465053136441085,8.054081445648556,100000
2257,385.61,1,0.10454588083304645,5.410985272181661,100000
2258,382.05,1,0.1044413349522134,4.617053849356515,100000
2259,385.61,1,0.10433689361726119,6.336399236792012,100000
2260,385.61,1,0.10423255672364393,8.387325487638774,100000
2261,365.28000000000003,1,0.10412832416692028,3.599146394567056,100000
2262,371.34000000000003,1,0.10402419584275335,4.472047744795334,100000
2263,369.14,1,0.1039201716469106,7.773472856150733,100000
2264,380.3,1,0.10381625147526369,8.829498667608608,100000
2265,371.02000000000004,1,0.10371243522378842,5.6566824635794,100000
2266,377.06,1,0.10360872278856463,7.4466860716541605,100000
2267,385.61,1,0.10350511406577606,6.353153300912757,100000
2268,383.86,1,0.10340160895171029,5.78196105659008,100000
2269,380.4,1,0.10329820734275857,2.4251325970346276,100000
2270,383.94000000000005,1,0.10319490913541582,5.439714814722538,100000
2271,380.46000000000004,1,0.1030917142262804,4.277574120597406,100000
2272,376.42,1,0.10298862251205412,4.377672504633665,100000
2273,385.61,1,0.10288563388954207,5.458160950949318,100000
2274,361.98,1,0.10278274825565252,5.864064317374003,100000
2275,382.11,1,0.10267996550739687,4.937202277637663,100000
2276,382.23,1,0.10257728554188948,15.24583448256765,100000
2277,360.38,1,0.1024747082563476,8.222407452084802,100000
2278,380.18,1,0.10237223354809125,4.5018549493768,100000
2279,378.25,1,0.10226986131454316,5.32094536786494,100000
2280,380.16,1,0.10216759145322861,3.960940082642165,100000
2281,371.96000000000004,1,0.10206542386177538,6.364008470660164,100000
2282,383.74,1,0.1019633584379136,3.620080144703388,100000
2283,385.61,1,0.10186139507947568,10.112378779210543,100000
2284,379.84000000000003,1,0.1017595336843962,5.24317479133606,100000
2285,368.88,1,0.10165777415071181,4.191345819830895,100000
2286,382.03,1,0.1015561163765611,4.614390106428237,100000
2287,380.0,1,0.10145456026018454,4.18097969415513,100000
2288,378.23,1,0.10135310569992435,2.7270423510800237,100000
2289,385.61,1,0.10125175259422443,4.282042373167841,100000
2290,378.16,1,0.10115050084163021,3.5611265418006153,100000
2291,385.61,1,0.10104935034078859,3.2288067309479964,100000
2292,363.75,1,0.1009483009904478,3.869396971166134,100000
2293,358.36,1,0.10084735268945735,2.758328109331753,100000
2294,383.92,1,0.10074650533676789,1.8580763727426528,100000
2295,385.61,1,0.10064575883143112,2.789199926351246,100000
2296,365.41,1,0.1005451130725997,2.918266482499181,100000
2297,374.76,1,0.1004445679595271,3.3451394133078747,100000
2298,361.15000000000003,1,0.10034412339156756,3.058719355006551,100000
2299,363.85,1,0.100243779268176,2.8734966844320295,100000
2300,373.11,1,0.10014353548890782,8.2359925464886,100000
2301,372.70000000000005,1,0.10004339195341891,4.412570435950097,100000
2302,383.86,1,0.09994334856146549,4.034763672947884,100000
2303,369.28000000000003,1,0.09984340521290402,7.072469602690803,100000
2304,377.88,1,0.09974356180769112,2.308399991291325,100000
2305,383.92,1,0.09964381824588342,7.235021854937076,100000
2306,374.76,1,0.09954417442763754,4.125738088901226,100000
2307,383.8,1,0.0994446302532099,4.056770464777946,100000
2308,373.01,1,0.09934518562295669,6.211179452698405,100000
2309,374.70000000000005,1,0.09924584043733373,4.914540585799095,100000
2310,382.17,1,0.0991465945968964,2.7643896426473344,100000
2311,381.99,1,0.0990474480022995,5.022104839483897,100000
2312,372.93,1,0.09894840055429721,3.4966730191940214,100000
2313,385.61,1,0.09884945215374291,5.360147016613107,100000
2314,383.92,1,0.09875060270158917,3.8260129392147064,100000
2315,370.88000000000005,1,0.09865185209888758,6.948262358820716,100000
2316,381.99,1,0.0985532002467887,5.004161052760624,100000
2317,340.3,1,0.0984546470465419,2.487932959740812,100000
2318,383.64,1,0.09835619239949536,5.55921084433794,100000
2319,382.13,1,0.09825783620709587,7.685743004083633,100000
2320,367.67,1,0.09815957837088878,4.171704909268846,100000
2321,380.5,1,0.09806141879251788,4.647404051639817,100000
2322,361.87,1,0.09796335737372537,6.141497360808509,100000
2323,376.41,1,0.09786539401635165,3.2554018698459446,100000
2324,380.02,1,0.0977675286223353,3.3039171533151106,100000
2325,369.01,1,0.09766976109371296,4.687457957532671,100000
2326,378.65000000000003,1,0.09757209133261925,5.276715545550637,100000
2327,381.85,1,0.09747451924128663,3.896101657833372,100000
2328,374.72,1,0.09737704472204534,4.660073997118534,100000
2329,382.09000000000003,1,0.0972796676773233,4.602762521732421,100000
2330,381.89,1,0.09718238800964597,3.995787345227741,100000
2331,378.83000000000004,1,0.09708520562163633,3.382778333581012,100000
2332,380.14,1,0.09698812041601469,4.08808875896714,100000
2333,383.96000000000004,1,0.09689113229559868,6.356975312530994,100000
2334,383.74,1,0.09679424116330308,4.992318406701088,100000
2335,385.61,1,0.09669744692213977,10.258233100175858,100000
2336,383.94000000000005,1,0.09660074947521763,3.720192824304104,100000
2337,380.3,1,0.09650414872574241,4.502604159441861,100000
2338,381.73,1,0.09640764457701667,8.908809837840852,100000
2339,382.13,1,0.09631123693243965,3.9551283603622798,100000
2340,382.13,1,0.09621492569550721,8.185389720258259,100000
2341,382.09000000000003,1,0.09611871076981171,3.8367927897544134,100000
2342,383.84000000000003,1,0.0960225920590419,5.601404397189617,100000
2343,382.03,1,0.09592656946698286,3.2304573513212658,100000
2344,371.04,1,0.09583064289751587,6.118641903234082,100000
2345,383.92,1,0.09573481225461836,7.205442668497563,100000
2346,376.30000000000007,1,0.09563907744236373,4.139304216517958,100000
2347,371.14000000000004,1,0.09554343836492137,2.281135765619056,100000
2348,383.66,1,0.09544789492655645,2.838076949119568,100000
2349,383.82000000000005,1,0.09535244703162989,4.733720492571592,100000
2350,383.86,1,0.09525709458459826,10.223904384672641,100000
2351,370.96000000000004,1,0.09516183749001367,8.227340832699177,100000
2352,383.76,1,0.09506667565252365,3.0263109773397447,100000
2353,374.72,1,0.09497160897687112,3.912648549446693,100000
2354,376.08000000000004,1,0.09487663736789426,9.61908696834431,100000
2355,381.95000000000005,1,0.09478176073052637,4.940219256139937,100000
2356,371.14000000000004,1,0.09468697896979585,2.9152212045913517,100000
2357,370.90000000000003,1,0.09459229199082606,2.779232445151307,100000
2358,383.82000000000005,1,0.09449769969883523,5.16548992395401,100000
2359,382.09000000000003,1,0.09440320199913639,3.1600581478504908,100000
2360,380.04,1,0.09430879879713726,2.324315073815259,100000
2361,365.58000000000004,1,0.09421448999834012,3.023131843732328,100000
2362,381.93000000000006,1,0.09412027550834177,2.275728545018605,100000
2363,385.61,1,0.09402615523283343,2.695932647115306,100000
2364,372.81,1,0.0939321290776006,5.597670100084165,100000
2365,383.8,1,0.093838196948523,2.320442135632038,100000
2366,385.61,1,0.09374435875157447,4.810916459874103,100000
2367,371.11,1,0.09365061439282289,4.852224345817122,100000
2368,371.35,1,0.09355696377843006,3.3302817843681156,100000
2369,381.89,1,0.09346340681465164,3.764700161559241,100000
2370,363.82,1,0.09336994340783698,3.347444087266922,100000
2371,379.96000000000004,1,0.09327657346442915,4.385482243516228,100000
2372,363.08000000000004,1,0.09318329689096472,4.380286768442247,100000
2373,379.79,1,0.09309011359407375,3.1924455219354386,100000
2374,379.82,1,0.09299702348047968,5.8652205670421775,100000
2375,381.69,1,0.0929040264569992,2.9295630753040314,100000
2376,383.96000000000004,1,0.09281112243054221,5.157366182655096,100000
2377,383.78000000000003,1,0.09271831130811167,4.347427843511104,100000
2378,381.91,1,0.09262559299680356,3.1300640986079262,100000
2379,383.68,1,0.09253296740380676,3.767352868616581,100000
2380,381.91,1,0.09244043443640296,4.480662968896684,100000
2381,381.95000000000005,1,0.09234799400196655,3.8945763139497664,100000
2382,366.97,1,0.09225564600796458,5.970525402398336,100000
2383,382.15000000000003,1,0.09216339036195662,4.863903157767796,100000
2384,376.72,1,0.09207122697159466,7.629042504976193,100000
2385,370.93,1,0.09197915574462306,10.916324767955514,100000
2386,385.61,1,0.09188717658887845,5.783757547014638,100000
2387,378.45000000000005,1,0.09179528941228957,6.032529281533283,100000
2388,383.82000000000005,1,0.09170349412287727,3.018955112993717,100000
2389,377.3,1,0.0916117906287544,4.304738011211157,100000
2390,383.92,1,0.09152017883812565,2.1240460582077505,100000
2391,381.85,1,0.09142865865928752,9.108289739915303,100000
2392,385.61,1,0.09133723000062824,2.7245032442243478,100000
2393,383.76,1,0.09124589277062761,2.606838422268629,100000
2394,372.86,1,0.09115464687785699,4.6677103958478785,100000
2395,380.32000000000005,1,0.09106349223097913,5.796989446336573,100000
2396,370.83000000000004,1,0.09097242873874815,6.743875974832579,100000
2397,385.61,1,0.0908814563100094,6.302873889082356,100000
2398,383.88,1,0.0907905748536994,2.169627679884434,100000
2399,383.90000000000003,1,0.0906997842788457,4.334496304392815,100000
2400,383.64,1,0.09060908449456685,5.917525336146355,100000
2401,376.5,1,0.09051847541007228,3.497700390716394,100000
2402,371.03000000000003,1,0.09042795693466221,3.920610942812853,100000
2403,381.85,1,0.09033752897772755,5.169257765724545,100000
2404,385.61,1,0.09024719144874982,7.044971000207098,100000
2405,385.61,1,0.09015694425730107,6.443914582854823,100000
2406,373.02,1,0.09006678731304377,4.995903362588185,100000
2407,383.76,1,0.08997672052573072,5.864027185738086,100000
2408,381.93,1,0.08988674380520499,3.623981400614693,100000
2409,354.99,1,0.08979685706139978,3.6672267162799836,100000
2410,380.12,1,0.08970706020433838,4.129235924644903,100000
2411,378.31,1,0.08961735314413405,3.747177395483722,100000
2412,374.76,1,0.08952773579098991,5.278576908967434,100000
2413,381.89,1,0.08943820805519892,4.201543328307924,100000
2414,383.68,1,0.08934876984714372,2.340242198109627,100000
2415,383.96000000000004,1,0.08925942107729658,2.4988061875104903,100000
2416,381.73,1,0.08917016165621929,2.092686109599613,100000
2417,360.39000000000004,1,0.08908099149456307,3.3603136706352235,100000
2418,383.64,1,0.08899191050306851,3.5298756554722788,100000
2419,385.61,1,0.08890291859256544,3.8229240210432756,100000
2420,382.17,1,0.08881401567397287,3.5121943404277167,100000
2421,382.07000000000005,1,0.0887252016582989,2.6283788163037527,100000
2422,383.98,1,0.0886364764566406,2.2167108677327634,100000
2423,374.85,1,0.08854783998018396,6.168602393865585,100000
2424,382.03000000000003,1,0.08845929214020377,2.1996463260480335,100000
2425,383.98,1,0.08837083284806357,4.2980960085988045,100000
2426,383.82000000000005,1,0.08828246201521552,2.9764652490615844,100000
2427,370.96000000000004,1,0.0881941795532003,3.644103759943053,100000
2428,378.69000000000005,1,0.0881059853736471,3.488143133080524,100000
2429,381.89,1,0.08801787938827345,4.54029367012637,100000
2430,370.82000000000005,1,0.08792986150888517,3.022207213002582,100000
2431,381.87,1,0.08784193164737629,3.2259809452862966,100000
2432,382.01,1,0.08775408971572891,7.34746343039331,100000
2433,378.02000000000004,1,0.08766633562601318,2.2751910134059625,100000
2434,366.98,1,0.08757866929038717,3.4282562541110173,100000
2435,378.35,1,0.08749109062109678,2.61405536921128,100000
2436,382.19000000000005,1,0.08740359953047568,2.3597847535496665,100000
2437,385.61,1,0.0873161959309452,3.2505177910390652,100000
2438,379.94000000000005,1,0.08722887973501425,5.763443742286075,100000
2439,378.65000000000003,1,0.08714165085527924,2.72884306376395,100000
2440,371.15,1,0.08705450920442395,3.442320531883905,100000
2441,365.47,1,0.08696745469521953,4.366575955736394,100000
2442,360.02000000000004,1,0.08688048724052432,3.1525539708408443,100000
2443,381.85,1,0.08679360675328379,4.881028588329043,100000
2444,383.78000000000003,1,0.0867068131465305,3.2148031063377855,100000
2445,372.4,1,0.08662010633338398,1.739784599060104,100000
2446,378.05,1,0.0865334862270506,2.980370120509811,100000
2447,385.61,1,0.08644695274082355,2.422195818863417,100000
2448,372.92,1,0.08636050578808273,5.348964211417408,100000
2449,376.46000000000004,1,0.08627414528229464,5.030296094715595,100000
2450,374.31000000000006,1,0.08618787113701235,3.0765243053436278,100000
2451,385.61,1,0.08610168326587533,4.708821838623599,100000
2452,363.83000000000004,1,0.08601558158260945,3.2866043969988823,100000
2453,382.19,1,0.08592956600102684,9.953095559562955,100000
2454,385.61,1,0.08584363643502582,4.893673979922345,100000
2455,383.70000000000005,1,0.08575779279859079,4.138674739003181,100000
2456,383.90000000000003,1,0.0856720350057922,2.7450675532221793,100000
2457,385.61,1,0.0855863629707864,3.4063400367372916,100000
2458,371.05,1,0.0855007766078156,3.06920411905577,100000
2459,369.78999999999996,1,0.08541527583120778,3.0161232590675353,100000
2460,383.66,1,0.08532986055537657,3.893867181241512,100000
2461,369.11,1,0.0852445306948212,5.066971587472492,100000
2462,383.98,1,0.08515928616412638,2.564764653146267,100000
2463,374.76,1,0.08507412687796226,4.514502322062468,100000
2464,361.31,1,0.0849890527510843,3.865024288495382,100000
2465,382.19000000000005,1,0.08490406369833321,3.649662510270164,100000
2466,369.51,1,0.08481915963463488,3.5797919816441004,100000
2467,378.08000000000004,1,0.08473434047500024,2.791372688805185,100000
2468,385.61,1,0.08464960613452524,2.900215959078387,100000
2469,383.92,1,0.08456495652839072,2.5107938200235367,100000
2470,380.20000000000005,1,0.08448039157186232,1.8060734136538072,100000
2471,385.61,1,0.08439591118029047,3.166042875302465,100000
2472,379.62,1,0.08431151526911018,8.894643599406267,100000
2473,381.79,1,0.08422720375384107,4.550426038957777,100000
2474,385.61,1,0.08414297655008723,6.826585855923201,100000
2475,374.28000000000003,1,0.08405883357353715,2.1714783271153766,100000
2476,379.98,1,0.0839747747399636,3.306791689585556,100000
2477,374.64,1,0.08389079996522364,2.063152016737522,100000
2478,374.47,1,0.08380690916525842,2.838060066435072,100000
2479,378.47,1,0.08372310225609315,3.968907075083774,100000
2480,378.13,1,0.08363937915383707,4.666478346033794,100000
2481,383.70000000000005,1,0.08355573977468322,3.372565533965826,100000
2482,375.41,1,0.08347218403490854,4.9532494437694545,100000
2483,374.70000000000005,1,0.08338871185087363,2.1120342375376286,100000
2484,380.06000000000006,1,0.08330532313902275,4.366488486528397,100000
2485,372.52000000000004,1,0.08322201781588373,2.3284868938991656,100000
2486,372.87,1,0.08313879579806785,2.192893334278246,100000
2487,374.70000000000005,1,0.08305565700226979,4.268848654551384,100000
2488,378.57000000000005,1,0.08297260134526752,5.642294264358023,100000
2489,381.95000000000005,1,0.08288962874392225,3.5718436489502587,100000
2490,382.07000000000005,1,0.08280673911517833,4.37401148109209,100000
2491,385.61,1,0.08272393237606315,7.217962195998744,100000
2492,380.42,1,0.0826412084436871,9.041240828958424,100000
2493,385.61,1,0.08255856723524341,7.411134387317457,100000
2494,380.28000000000003,1,0.08247600866800817,2.463753116401759,100000
2495,384.0,1,0.08239353265934016,1.894325888156891,100000
2496,372.08000000000004,1,0.08231113912668082,2.9434145355508443,100000
2497,377.86,1,0.08222882798755414,1.3118530301059164,100000
2498,383.72,1,0.08214659915956658,4.152208448946476,100000
2499,362.13,1,0.08206445256040702,3.583122791988509,100000
2500,383.74,1,0.08198238810784661,5.291601318120956,100000
