episode,reward,success,policy_loss,value_loss,entropy,learning_rate
1,-462.39921003470016,0,-0.030626821587793528,247.6776092529297,0.8305917322635651,0.0002999625
2,-502.22613476685933,0,-0.015662626398261638,308.2572057723999,0.8213583767414093,0.000299925
3,-305.0088447315368,0,-0.01855951452162117,248.3870512843132,0.8227467268705368,0.0002998875
4,-187.309197823131,0,-0.008175293622272355,34.62854134014675,0.827677948985781,0.00029985
5,-263.8325471064818,0,-0.029802326086376396,74.0444958278111,0.8413484530789511,0.0002998125
6,-126.24015183585064,0,-0.022623296191782823,90.76779667990549,0.8482504086835044,0.00029977499999999995
7,-313.3627260900752,0,-0.020006011181976646,81.89532933916364,0.8517953787531172,0.00029973749999999996
8,-262.3680403171228,0,-0.030587616546212563,57.19659001486642,0.8565870361668723,0.00029969999999999997
9,-136.2348690377933,0,-0.01594648342579603,49.88696929386684,0.8451104044914246,0.00029966249999999997
10,-289.84669091744036,0,-0.025749368127435446,63.57082001822335,0.8356438934803009,0.000299625
11,-187.6014989110027,0,-0.015459312445351056,110.36715390341622,0.8389043586594718,0.0002995875
12,-126.1766710272535,0,-0.003126337858183043,89.60632004737855,0.8333209199564797,0.00029955
13,-216.68017789839294,0,-0.03282880753810916,43.87784656797137,0.8271796754428319,0.0002995125
14,-65.5220356838507,0,-0.015975568257272244,38.38024382591247,0.8247586182185582,0.00029947499999999995
15,-291.0149622730862,0,-0.01027530703161444,48.74020143236433,0.8228634323392595,0.0002994375
16,-242.26018674782222,0,-0.012710964387016637,42.27821393864495,0.8184449655669076,0.00029939999999999996
17,-262.05084587677953,0,-0.017851518280804158,31.549355220794677,0.8260052136012486,0.00029936249999999996
18,-219.1271834231677,0,-0.019634275670562473,81.62320344107492,0.8366312963621957,0.00029932499999999997
19,-338.09576541349054,0,-0.025150932291788716,79.11665210723876,0.8428703308105469,0.0002992875
20,-285.32985599629603,0,-0.06948506486202989,57.989226831708635,0.8393622040748596,0.00029925
21,-162.2469706038333,0,-0.012695902133626598,107.98018832887922,0.8376729241439275,0.0002992125
22,-67.86970489035703,0,-0.033137062318356975,100.45820038659232,0.8378253315176283,0.00029917499999999994
23,30.933809654833418,0,-0.015986245948200424,105.94337590535481,0.8337423443794251,0.0002991375
24,-113.35457076518726,0,-0.01220524970974241,49.13207548686436,0.8301992663315364,0.00029909999999999995
25,-310.4042698230673,0,-0.02491675197545971,83.54999354226248,0.82642628295081,0.00029906249999999996
26,-90.16162312585436,0,-0.011025275910894076,52.48099131584168,0.8296264032522838,0.00029902499999999996
27,-85.59617634626461,0,-0.010283381150414547,35.912946144739784,0.8307676712671915,0.00029898749999999997
28,-126.4876863608709,0,-0.03876687372103334,53.65134982211249,0.8423457179750715,0.00029895
29,-89.67080004010215,0,-0.011898897827735969,27.59302559750421,0.8465967927660261,0.0002989125
30,-97.6726336767125,0,-0.05088313052962933,16.438085160936627,0.8592104537146432,0.000298875
31,-130.5351057914779,0,-0.046960045397281644,33.87951297078814,0.8547831697123391,0.0002988375
32,-85.92783484241751,0,-0.014994573895819485,165.1969205856323,0.8562588904585157,0.0002988
33,-145.76654338325818,0,-0.02753286613151431,78.53528744379679,0.8569000740845998,0.00029876249999999995
34,32.024905468066095,0,-0.018116353591904045,46.01261078516642,0.8567223648230234,0.00029872499999999996
35,-210.87817036506823,0,-0.02770367651246488,106.45956192016601,0.857371007402738,0.00029868749999999996
36,-30.190251607155005,0,-0.018691814178600906,76.11232713063558,0.8563589056332906,0.00029864999999999997
37,-24.14986895473693,0,-0.016812326774622004,60.770386441548666,0.8554302662611007,0.0002986125
38,-172.96188727931317,0,-0.01011262140236795,68.75934519767762,0.8514390726884206,0.000298575
39,-230.5690907267429,0,0.023784575771008218,56.6628843988691,0.8496457040309906,0.0002985375
40,-40.761683227216665,0,-0.009468454095379759,114.33513689041138,0.8490800907214483,0.0002985
41,-138.4718135836033,0,-0.003210570796259812,79.4992165020534,0.8455793363707406,0.00029846249999999994
42,499.54208214013795,1,-0.037280397738019624,4192.8089108785,0.8435692012310028,0.000298425
43,-120.83894791450987,0,-0.0076689202072364945,51.82715869631086,0.8457800652299609,0.00029838749999999995
44,-109.35749520919532,0,-0.006807888586384554,37.06779416402181,0.8466826071341832,0.00029835
45,-211.60472105179917,1,0.047863627690821885,8320.23701171875,0.8390319794416428,0.00029831249999999997
46,-182.4061710844016,0,-0.011851581799176832,148.28000144958497,0.8352230131626129,0.00029827499999999997
47,-103.06997517470091,0,-0.021794053291281066,131.01592140197755,0.8226474930842718,0.0002982375
48,-224.77206468536787,0,-0.02292162792509771,140.19542083740234,0.8158676058053971,0.0002982
49,-192.6231412499298,0,-0.019800432988752923,61.146334934234616,0.815738316377004,0.00029816249999999994
50,-147.24291380237906,0,-0.02028197116839389,35.85764818191528,0.8180183003346125,0.000298125
51,-214.05146333050385,0,-0.019847079242269198,38.26407299836477,0.812174932161967,0.00029808749999999995
52,-228.33251827035073,0,0.012121675895260912,26.692383023670743,0.8017682952540262,0.00029805
53,-168.71366058571763,0,-0.02265651324497802,19.64965263094221,0.793664070538112,0.00029801249999999996
54,457.32453983709036,1,0.017923765927553178,5030.829207458496,0.791131386756897,0.00029797499999999997
55,-210.1346507305333,0,-0.025020563788712025,86.24700400034587,0.790787101785342,0.00029793749999999997
56,-178.43104390290756,0,-0.017444190305347242,122.81870009104411,0.7900783330202102,0.0002979
57,-65.47329625231981,0,-0.011380390295137962,28.82968884309133,0.7919563035170237,0.0002978625
58,-110.4709910859574,0,-0.013884432179232438,43.29910717010498,0.7973469237486521,0.000297825
59,-90.30532224111198,0,-0.019305896859926484,15.540506915251415,0.7876940945784251,0.0002977875
60,-335.2289645578487,0,-0.004076509907220801,229.39109382629394,0.7784893890221913,0.00029775
61,545.3006596414253,1,-0.03725753224765261,9146.859993489583,0.7791243394215902,0.00029771249999999995
62,407.7978834718094,1,-0.01827273382805288,2928.5611328125,0.7790216823418935,0.00029767499999999996
63,-116.52834182777075,0,-0.015190146459887425,41.838266555468245,0.7775217394034067,0.00029763749999999996
64,-115.0902173334373,0,-0.028097422265758117,36.02796856562296,0.7754231611887614,0.00029759999999999997
65,557.0989469274605,1,-0.006660813527802626,5208.397493489583,0.7757044593493144,0.0002975625
66,-77.88239414806282,0,-0.006037215981632471,57.33649328549703,0.7758098393678665,0.000297525
67,371.4123091926646,1,-0.028303821850568057,3334.3792636108396,0.7766637468338012,0.0002974875
68,-202.978960599257,0,-0.010678735589802575,130.09613583882648,0.7753186752398809,0.00029745
69,46.66519543143719,0,-0.013955384182433287,376.53241844177245,0.7747264713048935,0.0002974125
70,-99.53735034158161,0,-0.017165599262079924,201.6988868713379,0.776306672890981,0.00029737499999999995
71,-145.57344800037254,0,-0.015230810269713402,248.20330028533937,0.7806056886911392,0.0002973375
72,397.59021652425565,1,-0.011816810700111091,5532.5907928466795,0.7765287533402443,0.00029729999999999996
73,-14.613620136766002,0,-0.011372267291881144,155.76378739674885,0.7777240365743637,0.00029726249999999997
74,-109.37990553164913,0,-0.013293893992279966,177.3448965390523,0.7799136052529018,0.000297225
75,-385.8226537242653,0,-0.016417087606775262,386.8409474690755,0.7763856252034506,0.0002971875
76,-54.40096348962196,0,-0.010736770322546363,93.78689066569011,0.7721685886383056,0.00029715
77,413.57588401537333,1,-0.0032811380612353482,4360.173794809977,0.7597175945838293,0.0002971125
78,5.793395643122459,0,-0.012304217461496592,137.65508359273275,0.7535987198352814,0.00029707499999999994
79,-30.75514443693344,0,-0.0048033029151459536,88.58479725519815,0.744692854086558,0.0002970375
80,-190.53171452597505,0,-0.01789746857151234,111.2839827855428,0.7454329719146092,0.00029699999999999996
81,-140.64377119214214,0,-0.03145062299445271,91.4051426070077,0.743883660861424,0.00029696249999999996
82,18.780570124376382,0,-0.016050248717268307,52.00378165245056,0.7527462661266326,0.00029692499999999997
83,-151.55697279897527,0,-0.005187657754868269,73.63403120040894,0.7621204564968745,0.00029688749999999997
84,-64.71147867800417,0,-0.007671993932065865,34.18601342837016,0.7630673935015996,0.00029685
85,-13.716621998105936,0,-0.009559437772259117,74.53091328938802,0.7563991765181224,0.0002968125
86,32.74373589169169,0,-0.025673998861263196,54.16977651913961,0.7455611536900203,0.00029677499999999994
87,32.07013330847097,0,0.0002862374453494946,18.66856571038564,0.7476145565509796,0.0002967375
88,-36.58750167835622,0,-0.028201240999624132,47.77951011657715,0.7537648856639863,0.00029669999999999995
89,-81.28655936606634,0,-0.017091829733302196,57.42940230369568,0.746593584616979,0.00029666249999999995
90,1.5012880565164721,0,-0.008830761754264433,51.59461727142334,0.7514470130205154,0.00029662499999999996
91,35.773898971310025,0,-0.012722211011818477,17.776445538657054,0.7344902208873204,0.00029658749999999997
92,-2.791412117626656,0,0.04835210312157869,36.410658970262325,0.7065822652408055,0.00029654999999999997
93,21.258063669131147,0,-0.0022891743374722343,19.529541686603,0.702208273751395,0.0002965125
94,-17.681950749547212,0,-0.03363440662312011,75.19574799537659,0.7002083748579025,0.000296475
95,51.66420307877034,0,-0.027074741510053475,12.534395631154378,0.6923342287540436,0.0002964375
96,58.21252708596422,0,-0.03796257475124938,11.731635659294469,0.6819911650248937,0.0002964
97,-50.32087496984182,0,-0.004696080507710576,81.80794480641683,0.6729822506507238,0.00029636249999999995
98,-94.9235258278033,0,-0.021529344482613462,86.26679946354457,0.6716468206473759,0.00029632499999999995
99,-97.32611652189377,0,0.019308136350342207,69.2114189684391,0.6717411654336112,0.00029628749999999996
100,50.456938920865404,0,-0.009691849319885175,51.17601478099823,0.663730671008428,0.00029624999999999996
101,-77.15417351824257,0,-0.018070183453770976,54.41693696975708,0.6636199742555619,0.00029621249999999997
102,26.545219373189006,0,-0.010236319402853649,31.551064801216125,0.6636715441942215,0.000296175
103,-142.2692928729902,0,-0.008712054075052341,58.93631361325582,0.6627311329046885,0.0002961375
104,13.194292059441473,0,-0.017423978199561437,56.04152553876241,0.6582322468360265,0.0002961
105,38.87593485447549,0,-0.015713648203139505,35.377269728978476,0.6536275774240494,0.00029606249999999994
106,41.18122379923879,0,-0.01088510345046719,30.029041973749795,0.6503169049819311,0.000296025
107,-55.11166990684848,0,-0.004665057095033782,54.60855594362531,0.6663710798536028,0.00029598749999999995
108,18.86868281058605,0,-0.02546000403041641,48.97100385030111,0.6591846227645874,0.00029595
109,42.83241954101742,0,-0.008031934577350816,20.453182224432627,0.6546790152788162,0.00029591249999999996
110,67.11596319742095,0,-0.020328953769057988,11.820643134911855,0.6464086294174194,0.00029587499999999997
111,-74.1796740380122,0,0.0005643981508910656,108.14399534861246,0.630546568830808,0.0002958375
112,-163.01059206575653,0,-0.029976260156503745,105.76826932089669,0.6329567228044782,0.0002958
113,-533.9436881386773,0,-0.013491291739046573,761.5983151027134,0.6311618311064584,0.00029576249999999993
114,-117.49407311993625,0,-0.01304985051586603,73.76620055834452,0.6355872521797816,0.000295725
115,70.73933310198635,0,-0.02251756767121454,16.853709336121877,0.6239014486471812,0.00029568749999999994
116,-25.013592304663305,0,-0.020725166394064822,22.42420601050059,0.5978596160809199,0.00029565
117,-182.3572150333081,0,-0.013842803206560866,118.97557806287493,0.5807443099362509,0.00029561249999999996
118,-212.85105757743034,0,-0.010412048393239578,82.76423988342285,0.577973481019338,0.00029557499999999996
119,-380.2426612159513,0,-0.018470752305750335,144.5591296195984,0.5761970520019531,0.00029553749999999997
120,-261.3575020807513,0,-0.01977736596018076,108.64831861087254,0.5746289610862731,0.00029549999999999997
121,-232.2369311723994,0,-0.0010772804596594402,21.626356976372854,0.5696073446955,0.0002954625
122,-297.35331400594174,0,0.027643217026655162,111.04864843913487,0.5626440908227648,0.000295425
123,-97.32473732394854,0,-0.018716460652649404,105.27000646591186,0.5583233833312988,0.0002953875
124,132.899860069101,1,-0.021711230863417898,5242.401810782297,0.5537710206849235,0.00029535
125,-249.53938992953013,0,-0.011260552411632879,69.89228206021446,0.5498304179736546,0.00029531249999999995
126,-84.23433953701509,0,-0.013488784179623637,70.37156532577106,0.5437915086746216,0.00029527499999999995
127,-295.6920548139712,0,-0.003215721622109413,74.71665628978184,0.5434099325111934,0.00029523749999999996
128,-15.936928596526663,0,-0.013444605243525335,19.859058448246547,0.5421727010181971,0.00029519999999999997
129,15.415639826556792,0,-0.011206794095536073,27.886640787124634,0.5440181950728099,0.00029516249999999997
130,-375.30099812660364,0,-0.02370314531560455,236.25476788112096,0.5366662902491434,0.000295125
131,31.213680584386296,0,-0.014839888443904263,27.16401502064296,0.5342555352619716,0.0002950875
132,-98.84346203626502,0,-0.007609934878668615,112.04534063339233,0.531641800062997,0.00029505
133,-91.80840593234103,0,-0.01834817741598402,37.119988845927374,0.5275314458778926,0.0002950125
134,-264.0287071127373,0,-0.007494497665071062,55.94530479567391,0.5234959789684841,0.00029497499999999995
135,-265.8676035617417,0,-0.026481635642371007,27.358829045295714,0.5204713131700244,0.0002949375
136,15.0747579912438,0,-0.014883584769753119,63.63619276682536,0.5042603433132171,0.00029489999999999996
137,55.82020108835539,0,-0.017768946117056268,16.44098653112139,0.481856444478035,0.00029486249999999996
138,-149.90391315677093,0,-0.005596587567457131,58.41296439852033,0.4545365197317941,0.00029482499999999997
139,-258.4568754379801,0,-0.003114182209329946,200.7021748951503,0.44924349188804624,0.0002947875
140,-95.26870783818622,0,-0.014954262506216764,18.421725800633432,0.4466661013662815,0.00029475
141,-289.0568219156842,0,-0.019046050030738115,101.6813709122794,0.4371718019247055,0.0002947125
142,-87.36691152956627,0,-0.01821175611444882,10.407434947150094,0.43615888612610954,0.00029467499999999994
143,-55.39983364421926,0,-0.019897650820868355,9.217504262924194,0.4325902559927532,0.0002946375
144,-67.25040370917914,0,0.02694018625188619,5.976164173334837,0.4160159662365913,0.00029459999999999995
145,-275.0021721706556,0,-0.010731533848281417,71.79740871701922,0.4116457402706146,0.0002945625
146,-461.1110136939282,0,-0.022134951525367798,380.6488588947803,0.41440192610025406,0.00029452499999999996
147,-516.8706535924047,0,-0.020955119388444084,526.0856812613351,0.41593818579401287,0.00029448749999999997
148,-307.11316607070097,0,-0.015266117919236422,38.60498736245292,0.41394772018705095,0.00029445
149,-91.12822153976136,0,-0.010640298501987543,26.82631536211286,0.40927013243947713,0.0002944125
150,-50.03931307501777,0,-0.00043638208881020547,11.233709654770792,0.4115965336561203,0.000294375
151,-278.0848353218794,0,-0.009713908045419625,44.112747764587404,0.40074426914964406,0.0002943375
152,-127.25259660956328,0,-0.01957974445873073,62.01694371359689,0.3991148327078138,0.00029429999999999994
153,-186.34163764424483,0,-0.010464997816234245,16.461754918843507,0.39552986696362497,0.0002942625
154,-345.87557251817907,0,-0.018879615527112037,84.4189084649086,0.38776458129286767,0.00029422499999999996
155,-272.59541889380654,0,-0.014091964741237462,36.252818489074706,0.3925344105809927,0.00029418749999999996
156,-236.4849803217179,0,-0.02000284208250897,20.410283497401647,0.39764838431562693,0.00029414999999999997
157,-133.64080482231793,0,-0.014742518379352986,7.648046340048313,0.3896134734153748,0.0002941125
158,-188.57490714864986,0,-0.006252325145760551,13.358078189194202,0.372705839946866,0.000294075
159,-156.83420642806522,0,-0.008688956924847195,3.77225699786629,0.3659528638635363,0.0002940375
160,-217.89397539845692,0,-0.01812262168386951,6.052207878232002,0.34807574301958083,0.000294
161,-94.15621631776011,0,-0.019253215027440873,33.19287365504673,0.33690182651792255,0.0002939625
162,-267.4405849902093,0,-0.010230990525867258,33.327238368988034,0.33015439084598,0.000293925
163,-374.76377999432964,0,-0.01196125391870737,79.1356457574027,0.3251092344522476,0.00029388749999999995
164,-116.92355305870973,0,-0.019845711626112462,23.17180839947292,0.32255529931613375,0.00029384999999999996
165,-107.85331432035821,0,-0.027486713496702057,10.419925202642169,0.30514445219721115,0.00029381249999999997
166,-110.7975174351416,0,0.0022364255506545304,4.7561419425532225,0.2875651534646749,0.00029377499999999997
167,-21.155396772471228,0,-0.014585127192549407,70.3798709988594,0.2945870481431484,0.0002937375
168,-114.3988032742714,0,0.003914362378418445,60.437282755970955,0.3034383848309517,0.0002937
169,-208.16925621805117,0,0.049767441023141144,40.45736549879657,0.3103455826640129,0.0002936625
170,-311.1237766574687,0,-0.019757996898676668,127.92748644692557,0.3153782325131553,0.000293625
171,-223.92506985166176,0,-0.019918340505371036,28.661558236394608,0.3141201687710626,0.00029358749999999995
172,-75.82910951923328,0,-0.012071291942681585,16.167410598482405,0.30717904908316473,0.00029355
173,-98.43754844598375,0,-0.006035045853682927,10.142486362797873,0.2925397753715515,0.00029351249999999996
174,18.183436221816137,0,-0.022351890110543796,59.59835265023368,0.285898300579616,0.00029347499999999996
175,-95.80904455776925,0,-0.01674631663481705,3.7265924006700515,0.2869686588644981,0.00029343749999999997
176,-191.0980304158782,0,0.0062618188676424325,19.7470476731658,0.2923140101134777,0.0002934
177,-120.15001290925,0,-0.012133024039212615,15.701530364155769,0.2915404662489891,0.0002933625
178,-257.9604795966246,0,0.02287889183498919,31.99122467637062,0.2870361089706421,0.000293325
179,-130.20228793647635,0,-0.019580043785806214,13.304420995712281,0.2875765481165477,0.00029328749999999994
180,-50.57969471126515,0,-0.013790479701544558,4.466595843860081,0.28432421897138865,0.00029325
181,-197.34230615744244,0,-0.02010840525617823,14.734797623753547,0.27264408469200135,0.00029321249999999995
182,-184.7731833276227,0,0.003818514668091666,6.342641376703978,0.2640701744705439,0.00029317499999999996
183,-309.4914350551527,0,-0.0015947377043110983,45.15409785679409,0.26216839722224644,0.00029313749999999996
184,-88.59239529592323,0,-0.013701227842830122,6.630375991761684,0.2568993140012026,0.00029309999999999997
185,35.88068666657167,0,-0.010830524610355496,42.75480138361454,0.24363414272665979,0.0002930625
186,-293.02651894702996,0,-0.01921864408068359,44.423864614963534,0.23538580387830735,0.000293025
187,-127.110948019575,0,-0.02225393005646765,15.86849391758442,0.23135756850242614,0.0002929875
188,45.238314388794954,0,-0.006351380408159457,29.158349561691285,0.23245176263153552,0.00029295
189,-236.97106390548265,0,-0.015506571962032468,32.53674072921276,0.23710824586451054,0.0002929125
190,-117.88802582452115,0,-0.008178054581263236,45.86301297460284,0.23646058589220048,0.00029287499999999995
191,-253.6804153978598,0,-0.010441472637467086,12.393113051354884,0.2361554006114602,0.00029283749999999996
192,-137.58983595178273,0,-0.005049670003063511,46.746950161457065,0.2352028712630272,0.00029279999999999996
193,-131.20634099276856,0,-0.00880063404329121,32.072369295358655,0.2318598125129938,0.00029276249999999997
194,-117.91622479774858,0,-0.022074246499687433,25.919212590157986,0.23530748039484023,0.000292725
195,-194.98615990445177,0,0.00439785891212523,38.84008079469204,0.2351009739562869,0.0002926875
196,-139.55517783488642,0,-0.013359355455031618,22.882394835352898,0.24403906166553496,0.00029265
197,-4.34565131046697,0,-0.01010982402949594,45.42873640656471,0.2489526079967618,0.0002926125
198,-25.051668968114612,0,-0.008642599359154702,15.946189686655998,0.24528236147016286,0.00029257499999999994
199,-238.14235443781212,0,-0.009120816923677921,154.5889623641968,0.23816733080893754,0.0002925375
200,-159.1731363267332,0,-0.00406565754674375,28.06550463438034,0.2368880059570074,0.00029249999999999995
201,5.5809018491489155,0,-0.016559050872456283,51.068247532844545,0.23471048325300217,0.0002924625
202,-58.34272690525498,0,-0.00719904531724751,40.37047505378723,0.2339099394157529,0.00029242499999999997
203,-90.26929641882958,0,-0.01528085647150874,40.452196311950686,0.23276039510965346,0.00029238749999999997
204,-184.52233050070242,0,-0.01615559154888615,151.75272591114043,0.22912440542131662,0.00029235
205,22.224719780420628,0,-0.014554112614132465,34.20430566966534,0.22646565474569796,0.0002923125
206,-31.556648631411136,0,-0.01375896775862202,13.904648780822754,0.21548881176859142,0.00029227499999999994
207,-82.51342489179497,0,-0.00028820820152759553,26.783705058693887,0.2076544573530555,0.0002922375
208,-133.37527352310295,0,-0.011788643931504339,38.315618455410004,0.2033528733998537,0.00029219999999999995
209,-170.49919040606957,0,-0.02844150232267566,26.287751147150992,0.19976939558982848,0.0002921625
210,-361.68836351766697,0,-0.019192603626288475,204.14073083400726,0.19704421758651733,0.00029212499999999996
211,-69.45473308296329,0,-0.015240846341475845,10.513688265532256,0.1983015328645706,0.00029208749999999996
212,-39.45416870050677,0,-0.007380603207275271,80.6702673792839,0.195420884154737,0.00029204999999999997
213,-65.19009610236743,0,-0.003891752962954342,7.851684911549091,0.18929792195558548,0.0002920125
214,-93.51421539800607,0,-0.003970563306938857,3.658257483690977,0.1802390068769455,0.000291975
215,-86.03660668580281,0,0.018292938033118843,21.543257412314414,0.17212991490960122,0.0002919375
216,-103.2806244939227,0,-0.010111940652132034,17.066151574254036,0.15878253299742937,0.0002919
217,-82.95580555965287,0,-0.008395828818902374,15.020079809427262,0.14501243233680725,0.0002918625
218,-72.41068283238019,0,0.002244003675878048,4.702282840758562,0.1442354828119278,0.00029182499999999995
219,-111.06399157545437,0,-0.00462362258695066,3.573147594183683,0.16067172605544328,0.00029178749999999996
220,-1.808714100261433,0,-0.009762749448418618,52.04781736731529,0.15556197781115771,0.00029174999999999996
221,-385.6719931388175,0,-0.022882058574921555,325.6555590662691,0.15556011464860703,0.00029171249999999997
222,-122.21633309909235,0,-0.004957052506506443,42.97501400262117,0.16351818926632405,0.000291675
223,-127.45928846415433,0,0.03648135885596275,56.25557336434722,0.15818389654159545,0.0002916375
224,-186.0151942876441,0,0.01840079826199346,286.3106653637356,0.15624668598175048,0.0002916
225,33.497630030007905,0,-0.018385880487039687,39.285796189308165,0.1594697332009673,0.0002915625
226,45.39298116438307,0,-0.021030304912710563,15.709201146662235,0.1544177757576108,0.000291525
227,-212.44101684482777,0,-0.008879270960460418,63.40782617330551,0.14777738004922866,0.00029148749999999995
228,-165.97957252357293,0,-0.0019271167693659663,35.272439914941785,0.14084991719573736,0.00029145
229,-136.02993839839957,0,-0.010002630509968314,23.124155964170182,0.13730899947030203,0.00029141249999999996
230,-697.163498265582,0,-0.008191183126635021,1355.0806762695313,0.14367783731884426,0.00029137499999999997
231,-103.28925568734253,0,-0.00959132043644786,46.85583611130714,0.1462858071550727,0.0002913375
232,28.682644686394013,0,-0.016247949145326856,18.57693592905998,0.14469936341047288,0.0002913
233,-104.83175533493153,0,-0.008240651851519943,13.920689238607883,0.14742591921240092,0.0002912625
234,-856.2535186391505,0,0.10819145672023296,1983.5511804936455,0.14855128169059753,0.000291225
235,-194.30183712008125,0,-0.0012117605307139455,123.15243563055992,0.14850056767463685,0.00029118749999999994
236,-90.35800114688885,0,-0.013757612253539265,15.4459742218256,0.14661929588764905,0.00029115
237,-99.47540027787969,0,-0.003705741511657834,15.32527270913124,0.14553988575935364,0.00029111249999999995
238,-269.6584910154431,0,-0.01803215861436911,79.24646817445755,0.14020809084177016,0.000291075
239,40.28721880087266,0,-0.019513442553579806,37.32402462278094,0.14150837340525219,0.00029103749999999997
240,-87.00563955167851,0,0.020172410079976544,10.141367730684578,0.13567763119935988,0.00029099999999999997
241,-201.8963954360944,0,-0.015119753009639681,40.89703118801117,0.11842570947483182,0.0002909625
242,-167.70216545542684,0,-0.022338882694020866,21.006535667181016,0.11622170982882381,0.000290925
243,51.27065460049128,0,-0.01799488959950395,28.274425667524337,0.11567779658362269,0.00029088749999999994
244,-137.93596299647095,0,0.027500362166514,10.56207558148437,0.1116839263174269,0.00029085
245,88.90015606909076,0,-0.01027154412586242,18.850783263146877,0.10698846327140928,0.00029081249999999995
246,57.424561617270804,0,-0.023649986367672682,9.090570440888404,0.09553272426128387,0.00029077499999999995
247,-271.35649411818594,0,-0.01718530504440423,405.5452013015747,0.09097757488489151,0.00029073749999999996
248,-110.57275456592153,0,-0.009283986303489655,15.533091007173061,0.09218506515026093,0.00029069999999999996
249,-100.28061614886411,0,-0.0074951809539925305,9.405539353191852,0.08903386443853378,0.00029066249999999997
250,-267.6387910390756,0,0.0041126304888166485,332.7820037126541,0.09192874561995268,0.000290625
251,-22.262996554938425,0,-0.035536521521862596,17.814127537608147,0.08783508539199829,0.0002905875
252,-115.95056056844427,0,-0.008492072275839747,8.43980813473463,0.07839449942111969,0.00029055
253,-661.7269177246438,0,0.02512988968648844,678.2192696889241,0.08689235713746812,0.0002905125
254,-125.2757494595734,0,-0.009901349851861595,28.93324558734894,0.0890493243932724,0.000290475
255,-136.87410224059403,0,-0.0019066368346102535,12.318369247019291,0.08755294084548951,0.0002904375
256,-18.628183150723704,0,-0.007833523256704212,15.971026027202607,0.09114469150081277,0.00029039999999999996
257,-128.43561444135608,0,-0.012205155729316176,42.115503481030466,0.08671548962593079,0.00029036249999999996
258,16.754036943125826,0,-0.006372595514403656,16.933382162451743,0.08267584294080735,0.00029032499999999997
259,-122.63564668708307,0,-0.01985247347620316,21.559059700369836,0.070437294524163,0.0002902875
260,-115.04262013222993,0,-0.02098007102031261,143.61506123542785,0.06251968904398382,0.00029025
261,-152.61513205052375,0,-0.010989921260625124,69.84753044843674,0.06524913758039474,0.0002902125
262,-134.36155219884796,0,-0.021689335922045368,105.4369458607265,0.06583141599382673,0.00029017499999999994
263,-81.95636884870532,0,0.0033351438585668804,33.98165150284767,0.064534230530262,0.0002901375
264,-9.587281174067392,0,0.029327764082700013,30.7226092427969,0.07306109964847565,0.00029009999999999995
265,-9.91534675787468,0,-0.008728427147226674,23.51024349757603,0.08460451992494719,0.0002900625
266,-41.828177909639564,0,-0.006717661919537932,36.6177758038044,0.08415211141109466,0.00029002499999999996
267,-113.9124739832886,0,-0.013897549919784069,29.456096029281618,0.07639944721013307,0.00028998749999999997
268,-317.561942288626,0,-0.009310143475886434,262.6176304181417,0.06434657921393712,0.00028995
269,-7.239956206338391,0,-0.0046165690291672945,12.831385813819038,0.06661808888117472,0.0002899125
270,-236.7803985669404,0,-0.011699436488561333,50.028353196382525,0.06703716218471527,0.000289875
271,51.19003054020017,0,-0.01623125933110714,22.53878866881132,0.06911500841379166,0.0002898375
272,34.12914098788964,0,-0.012437688722275197,13.039035572111606,0.07301238477230072,0.00028979999999999994
273,-218.57831492947622,0,-0.010508759575895966,32.924719393253326,0.08722632527351379,0.0002897625
274,-352.57327506178206,0,-0.002709234436042607,179.1908334493637,0.07536581922322512,0.00028972499999999995
275,-215.15134057488183,0,-0.02081023525679484,60.70366365909577,0.07183629125356675,0.00028968749999999996
276,29.841080623603837,0,-0.013383777891950948,27.006616153035846,0.0675575275506292,0.00028964999999999997
277,-113.00621557623467,0,-0.019148374116048215,91.60131320953369,0.07578924136857192,0.00028961249999999997
278,21.59125859395742,0,-0.010743522324732371,33.08197109358651,0.07841531676905496,0.000289575
279,-88.26984077685272,0,-0.007642550713249615,32.315673405783514,0.08138251921960286,0.0002895375
280,-953.4892523869627,0,-0.013234811348633633,964.0809036254883,0.0756742450926039,0.0002895
281,-133.5846839623373,0,-0.005929158418439329,54.65657397806645,0.08343279231339693,0.0002894625
282,-230.5439494945627,0,-0.008751065696456603,111.8558935710362,0.07944950812629291,0.00028942499999999995
283,-10.378735788089244,0,-0.007586810528300703,77.0565347035726,0.07640122771263122,0.00028938749999999995
284,-126.48601757352033,0,-0.015435727022122592,9.237388497591018,0.06872798772528768,0.00028934999999999996
285,-18.438883268788345,0,-0.012777186708990484,45.79308609962463,0.060424992442131044,0.00028931249999999996
286,-2.8065438067774693,0,0.006362625118345022,24.988960736989974,0.05913263559341431,0.00028927499999999997
287,-47.351097675529516,0,0.008248896125171866,42.884382125309536,0.06297598906925746,0.0002892375
288,-1721.689845741024,0,0.007282742289826274,1125.1494882965087,0.07563841104507446,0.0002892
289,-947.7156013955198,0,-0.010161680728197097,979.1139943440755,0.0842931628227234,0.0002891625
290,29.41663301821285,0,-0.010095449284251247,85.41608340399605,0.09046032279729843,0.000289125
291,-23.198131536888564,0,-0.028321758005768062,25.03173133805394,0.08958729449659586,0.00028908749999999995
292,14.091866327894543,0,-0.0012915453341390405,33.496158831460136,0.07526296861469746,0.00028905
293,46.71681144200061,0,-0.011320380261167884,4.067475026473403,0.054060420393943785,0.00028901249999999996
294,39.94993988459932,0,-0.003365121776005253,6.643394280970097,0.056056071817874906,0.00028897499999999996
295,-159.67401316786132,0,-0.008373793294387205,167.88234108516147,0.04044926187821797,0.00028893749999999997
296,-386.045239459277,0,-0.001993596012471244,289.3738597393036,0.04341869205236435,0.0002889
297,42.92111289911294,0,-0.013288391393143684,21.139857228845358,0.04161435216665268,0.0002888625
298,-7.527897136414481,0,0.009527066897135228,11.244698125496507,0.02987132966518402,0.000288825
299,20.253777468901525,0,-0.01644878771954349,45.25903652054923,0.027434672468474933,0.00028878749999999994
300,-137.3352605180766,0,-0.0008902419125661254,52.319354847073555,0.034671221673488614,0.00028875
301,-134.99429287065118,0,-0.012288806110154838,27.82724484205246,0.0300375834107399,0.00028871249999999995
302,18.972232636782685,0,-0.033597025938797744,11.34190196916461,0.018185173044912517,0.000288675
303,-345.3095241678027,0,-0.005717235198244452,548.4798034667969,0.02697359472513199,0.00028863749999999996
304,25.057023196251464,0,-0.005657847411930561,50.28776468634605,0.0331915557384491,0.00028859999999999997
305,-174.30137561450758,0,-0.002233948972490099,266.49804566701255,0.037378757529788545,0.0002885625
306,33.33980996657916,0,-0.008267647004686296,16.696273671463132,0.043686358630657195,0.000288525
307,-99.75633280982504,0,-0.0029757941141724587,62.69191948771477,0.036337314546108244,0.0002884875
308,-125.84442293204364,0,-0.014384747808799147,26.11463969796896,0.017346674215514214,0.00028845
309,-532.6867850030249,0,-0.018534198781061502,808.6347028096517,0.004363429546356201,0.00028841249999999994
310,37.90302121434122,0,-0.016106242302339525,25.33844164144248,0.00716249349352438,0.000288375
311,64.21327582292597,0,-0.017496491712518037,19.56954565607011,-0.009912322461605071,0.00028833749999999995
312,-90.13096972834597,0,-0.008449037849075264,71.64071570502387,-0.03993564049402873,0.00028829999999999996
313,42.177619529070654,0,-0.04223618306633499,5.928982841016518,-0.045117072264353436,0.00028826249999999997
314,-81.64919022161583,0,0.004889526164957456,78.64572535923548,-0.06538177728652954,0.00028822499999999997
315,32.55732357186337,0,0.006915286229923367,28.873240473866463,-0.06787100732326508,0.0002881875
316,76.42994727565261,0,-0.004408270749263465,10.905858287774027,-0.0709425002336502,0.00028815
317,72.54494306782541,0,-0.01342484081396833,2.902790163457394,-0.08683273047208787,0.0002881125
318,-49.36070558848847,0,-0.02161536874482408,40.846349728107455,-0.09035093355923891,0.000288075
319,94.44103915695749,0,-0.007625144091434777,8.971361154317856,-0.09744067341089249,0.0002880375
320,82.18713139954849,0,-0.012886449665529653,7.482830929756164,-0.1150188360363245,0.00028799999999999995
321,58.2125347851402,0,-0.0038884189911186696,24.638400757312773,-0.12107280315831304,0.00028796249999999996
322,48.41317018048094,0,-0.013273822818882763,23.829779808223247,-0.11580982077866793,0.00028792499999999996
323,-280.09942512524236,0,-0.007485626032575965,127.45205979347229,-0.11515117585659027,0.00028788749999999997
324,102.5455484391854,0,-0.017929628572892396,6.628140715137124,-0.11837326753884554,0.00028785
325,-112.66029761832468,0,-0.0012711547108160124,19.15913152694702,-0.13430828203757603,0.0002878125
326,64.95265124251023,0,-0.007998557538828915,4.758124881982804,-0.14679465310441123,0.000287775
327,52.77092745111363,0,-0.01966998467428817,13.153910246325864,-0.14906803104612562,0.0002877375
328,-139.36206506207193,0,-0.005514287238474936,36.164681144058704,-0.15245239324867726,0.00028769999999999995
329,93.9459236560709,0,-0.011712533235549927,4.954052437841892,-0.16237578801810743,0.0002876625
330,143.21222634137018,0,-0.009964380890596657,3.7586247749626636,-0.16626216806471347,0.00028762499999999996
331,12.217266598221855,0,-0.005246802279725671,45.530405515432356,-0.1781953739002347,0.00028758749999999996
332,133.06108978363966,0,-0.02311294140527025,4.739795742928981,-0.16730208545923234,0.00028754999999999997
333,92.98731486863375,0,-0.022284310756044257,7.3528630064593425,-0.16577937619553673,0.0002875125
334,106.35721642895916,0,-0.008900887821801007,7.484028033912182,-0.1697251683101058,0.000287475
335,124.40018340007022,0,-0.01905889303307049,3.7969827029854057,-0.17201838344335557,0.0002874375
336,145.69151775036045,0,-0.010578406943629185,1.646555284327931,-0.18003672626283435,0.00028739999999999994
337,-324.50698927525184,0,0.001098096482261705,277.90533237457277,-0.18932758371035258,0.0002873625
338,-226.40882653131325,0,0.028400098904967308,91.35120168179273,-0.18913589268922806,0.00028732499999999995
339,-67.06651027808448,0,-0.03349561502691358,135.8009640455246,-0.188199745118618,0.00028728749999999996
340,98.71272666969439,0,-0.012908179638907313,31.038598455488682,-0.1876634206622839,0.00028724999999999996
341,65.90026536481503,0,0.002734099169902038,20.722887897491454,-0.19706926085054874,0.00028721249999999997
342,103.89809035803762,0,-0.0151836768620544,9.156760648555226,-0.20397391849093968,0.000287175
343,79.69555934094802,0,0.007063149515953329,11.225118080774942,-0.20122342573271856,0.0002871375
344,-74.43871684854626,0,0.0023287209623958915,23.73800572156906,-0.20049264635890723,0.0002871
345,-165.15228447313186,0,-0.004328913875441584,18.522297604878744,-0.20318276882171632,0.0002870625
346,114.06272114653045,0,-0.004586632187581725,9.047935178544787,-0.19263247781329684,0.000287025
347,37.1805581551482,0,0.02407360505248006,18.37523127131992,-0.190605328977108,0.0002869875
348,70.46294785651992,0,-0.02463257627354728,18.443786120414735,-0.19304182943370607,0.00028694999999999995
349,73.43018627400785,0,0.0031335466127428743,22.98586818906996,-0.20068492889404296,0.00028691249999999996
350,32.71674016172681,0,-0.015532484278082848,17.29025981558694,-0.20529424018330045,0.00028687499999999997
351,-32.75458076389119,0,-0.005467944123989178,127.65187420447667,-0.2030099449886216,0.00028683749999999997
352,-1190.8954109721078,0,-0.005173227516934276,1916.3297420501708,-0.200574654340744,0.0002868
353,96.7294766359802,0,-0.01848854453613361,16.40589590999815,-0.19490692151917352,0.0002867625
354,-339.1735381544906,0,-0.009552192884600824,113.91231544282701,-0.18629799965355132,0.000286725
355,-173.31744072802,0,-0.01574203491743122,53.16106356212071,-0.18761638637099948,0.00028668749999999994
356,125.82590532776558,0,-0.016753047634847463,12.378731146454811,-0.19201423823833466,0.00028665
357,82.90526095472514,0,0.02334743972039885,9.784449850850635,-0.19277481502956814,0.00028661249999999995
358,155.7095085259923,0,0.015652834924549098,7.149747111068832,-0.18636704070700538,0.000286575
359,17.366297921021655,0,-0.017685491467515628,40.809769401947655,-0.18146947489844428,0.00028653749999999996
360,-5.379159087132614,0,-0.016266380782638278,47.10239738736834,-0.17794583929436547,0.00028649999999999997
361,118.95045278027894,0,-0.020459330920130015,11.994366402179002,-0.1789039544761181,0.0002864625
362,-722.420742883984,0,-0.007607294598387347,773.7350579155816,-0.1895968582895067,0.000286425
363,-299.93481641922637,0,-0.020363839933027823,303.23863220214844,-0.19025501037637393,0.0002863875
364,-61.91194692530499,0,-0.10021024097998937,32.003888539680176,-0.1949538124932183,0.00028635
365,140.55389350113333,0,-0.01711765670010613,9.43108956573738,-0.21205096658733155,0.00028631249999999995
366,133.00079671925528,0,-0.0035764951491728423,5.8520445168018345,-0.230107013694942,0.000286275
367,62.8330294284399,0,-0.009565027358217373,35.5085852795177,-0.24208683239089118,0.00028623749999999996
368,-405.41326412446085,0,-0.004221477297445138,141.74205824534098,-0.24185924844609366,0.00028619999999999996
369,177.06699119567958,0,-0.01056507362259759,11.579398100905948,-0.2412734881043434,0.00028616249999999997
370,-532.2923169514759,0,-0.008036904430223837,514.9929218716092,-0.2532049920823839,0.000286125
371,-149.74270778742516,0,-0.01273874994367361,36.670803218417696,-0.2517309668991301,0.0002860875
372,133.78202610530934,0,0.0028148741978738043,10.13456539163987,-0.25572484069400364,0.00028605
373,121.13700138112752,0,-0.006437325136115154,9.990559354093339,-0.25942820906639097,0.0002860125
374,-281.1473996245652,0,0.006711977885829078,61.09093893104129,-0.26372889710797204,0.000285975
375,63.8599671735179,0,-0.006882256455719471,41.653108769655226,-0.2658789183944464,0.00028593749999999995
376,155.79717461753557,0,-0.015982769918628036,12.858766362071037,-0.26820712834596633,0.00028589999999999996
377,-273.26699009620563,0,-0.009167394207583533,54.6406029370096,-0.2809151844845878,0.00028586249999999996
378,-280.5680721469088,0,0.010713120494037866,27.265325131416322,-0.28126551032066344,0.00028582499999999997
379,150.90381229762474,0,-0.0021534038914574516,13.441729485988617,-0.2695762405792872,0.0002857875
380,156.03408819187587,0,-0.012209946496619118,5.5950462388495605,-0.2908810204929776,0.00028575
381,-271.94369863882565,0,0.002302386201918125,41.96065163075924,-0.3209680807590485,0.0002857125
382,39.761391557715015,0,0.014694522559228871,44.163597824838426,-0.3207297960917155,0.000285675
383,-259.03911736248205,0,0.006835887897759676,19.794310477674006,-0.3247078162431717,0.0002856375
384,-144.06849983859684,0,0.004826868884265423,54.15322113633156,-0.3402980986982584,0.00028559999999999995
385,-156.2784228962118,0,-0.008690544755922423,19.26959073808458,-0.3360244890054067,0.0002855625
386,-1450.3230944858744,0,-0.0073363584699109195,1578.7712341944377,-0.3329663892587026,0.00028552499999999996
387,-723.1477876665683,0,-0.00739409234892163,449.13397403293186,-0.3288934952682919,0.00028548749999999997
388,-129.6608263952795,0,-0.006022779477967156,298.9017127143012,-0.3275312867429521,0.00028544999999999997
389,-344.17946649941,0,-0.005336104077287018,275.5520035982132,-0.32756616175174713,0.0002854125
390,-1371.6653028915453,0,0.015631979554891585,1123.069972000122,-0.32650874376296996,0.000285375
391,-156.9513504327768,0,-0.021274960092786285,40.87206165525648,-0.32376310361756216,0.0002853375
392,-12047.24011406095,0,0.00807214258728843,3897.9561789261666,-0.3238355975402029,0.00028529999999999994
393,-237.49195047634834,0,-0.00858320001926687,250.6964166853163,-0.324328245388137,0.0002852625
394,-151.4863008338976,0,-0.02019760955332054,23.190643617841932,-0.32626522249645656,0.00028522499999999995
395,-150.49856100241647,0,-0.01032938143859307,8.912149098184374,-0.33073379993438723,0.0002851875
396,-690.7846227220944,0,-0.004375144336372614,896.4158126831055,-0.3323765191435814,0.00028514999999999997
397,14.100119525117961,0,-0.015250508338212967,15.505176975131034,-0.3324247109889984,0.00028511249999999997
398,11.09832143846323,0,-0.008445378355681897,10.986293271780013,-0.329995895922184,0.000285075
399,-22.378042363540644,0,-0.007144287048140541,164.35367918014526,-0.3203924153000116,0.0002850375
400,-154.32836619114107,0,-0.004694720806437545,38.309814054965976,-0.320979725420475,0.000285
401,-168.3311681730808,0,-0.0021766329287654824,40.868617702855005,-0.3250072833564546,0.0002849625
402,-206.76237799069253,0,-0.009672702429816127,9.894237133264541,-0.3279831874370575,0.00028492499999999995
403,0.4680270059683451,0,-0.008076182369970613,31.17444525294834,-0.3317946930726369,0.00028488749999999995
404,198.17519333703618,0,-0.0005902813023163213,24.659732517931197,-0.33723149531417423,0.00028484999999999996
405,243.91017883175402,0,0.008606448417736424,6.510146697693401,-0.34684408638212416,0.00028481249999999996
406,-156.14882796172776,0,-0.012850359450094401,46.23148682117462,-0.3527215340733528,0.00028477499999999997
407,-19.072310984901918,0,-0.008225812017917633,26.78237663904826,-0.3584987418519126,0.0002847375
408,-36.56282394224359,0,-0.012532805196113057,22.687866507636176,-0.3666687604453829,0.0002847
409,251.68206836832002,0,0.010005969926714898,11.240685753561557,-0.3694376826286316,0.0002846625
410,-184.54456009830096,0,-0.005507195880636573,208.91975518332586,-0.3808732400337855,0.000284625
411,24.219171227601038,0,-0.010327225191415185,30.083233157793682,-0.379447505209181,0.0002845875
412,-39.94806941396223,0,-0.01120336680776543,23.019194226794774,-0.37687458528412715,0.00028455
413,184.52113134898113,0,-0.0072869629081752565,17.15980079438951,-0.37561909092797174,0.00028451249999999996
414,178.3611906170418,0,-0.008856560265283205,9.644782031906976,-0.3892311122682359,0.00028447499999999996
415,145.95576289990413,0,-0.006789999682870176,44.87427709897359,-0.3976755830976698,0.00028443749999999997
416,251.16781212079485,0,-0.016838612770597037,4.962823104196125,-0.4037801414728165,0.0002844
417,-1.0218887330912807,0,-0.004596105083409283,110.39354596667819,-0.40884321100182003,0.0002843625
418,86.85411927435975,0,-0.012492400640621782,25.196503035227458,-0.40135770969920687,0.000284325
419,105.70988164147187,0,-0.01106152506545186,24.972730023413895,-0.3903906174004078,0.0002842875
420,208.58828628140577,0,-0.010876688506040308,4.615908408164978,-0.3987563461065292,0.00028425
421,-49.706232618118435,0,-0.0022016722476109864,65.18057126700879,-0.417682234570384,0.00028421249999999995
422,167.9415887542463,0,-0.00775559714064002,14.08278228610754,-0.4110429647564888,0.000284175
423,-880.3191378193096,0,0.06051111664623022,1120.2138425266742,-0.3964372944831848,0.00028413749999999996
424,110.03784441711304,0,-0.013249364197771582,21.26077221069071,-0.39556330309973825,0.00028409999999999997
425,-90.41604676000435,0,-0.01995975116474761,46.06536680857341,-0.3932509111033546,0.00028406249999999997
426,-74.12607590272653,0,-0.0006245868280529976,16.099913758039474,-0.39312605791621735,0.000284025
427,-92.43491880486908,0,-0.0014045170566532761,25.501277592033148,-0.3967047676444054,0.0002839875
428,128.16197021431788,0,-0.009099284540732494,11.348843212591277,-0.403540692726771,0.00028395
429,148.73613997365322,0,0.012263466375879944,2.927190123051405,-0.4030430746078491,0.00028391249999999994
430,-206.18631800589276,0,-1.4545608104930984e-05,55.28838712639279,-0.4135921623971727,0.000283875
431,37.4210986716698,0,-0.023774026684695856,13.688680465817452,-0.4164199289679527,0.00028383749999999995
432,56.95629872557919,0,-0.022372203823179008,13.058906177282333,-0.4133956551551819,0.00028379999999999996
433,-136.05218667342876,0,-0.007320333768924077,44.539284255769516,-0.4087902976406945,0.00028376249999999997
434,-193.51890089861053,0,-0.006351241904000441,148.41004212697348,-0.4022775921556685,0.00028372499999999997
435,-107.24364878007853,0,-0.008071255316026508,22.370412514209747,-0.40361596763134,0.0002836875
436,60.940887987142254,0,-0.02013023397885263,5.120657311975956,-0.42202868580818176,0.00028365
437,25.864123126901205,0,-0.012368251639418303,29.186671431859335,-0.4275030106306076,0.0002836125
438,88.38006636368907,0,-0.008642339368816466,8.150757610797882,-0.43219832666218283,0.000283575
439,-51.07115857581866,0,0.042405020375736055,26.973765257000924,-0.4546923145651817,0.00028353749999999995
440,-68.9918207868428,0,0.005472621414810419,60.817060527801516,-0.45989444851875305,0.00028349999999999995
441,-360.9738946396592,0,-0.0014219799544662238,450.9033136367798,-0.47160944193601606,0.00028346249999999996
442,-3077.3821795834815,0,-0.005065055417695216,1211.4835320064,-0.46826288934264865,0.00028342499999999996
443,94.0749444075102,0,-0.01145814032190376,55.66646893951628,-0.4654651015996933,0.00028338749999999997
444,-3.726808136658022,0,-0.016615468831732868,3.4591657927632333,-0.46389959812164305,0.00028335
445,-134.3741615600693,0,0.04131526615884569,102.76203293270535,-0.45530953142378067,0.0002833125
446,-131.47289419938124,0,-0.002092841781106674,63.324182473288644,-0.4503023793299993,0.000283275
447,-140.9034176506769,0,-0.009195379566933427,81.00637414114816,-0.4586961695126125,0.0002832375
448,-372.4815298202145,0,0.03184410254047675,468.36862149780444,-0.456908625906164,0.00028319999999999994
449,-54.28666726684314,0,-0.01873598013073206,49.51408873319626,-0.4538431388139725,0.0002831625
450,-89.47980242720107,0,-0.01663261748229464,63.63245301246643,-0.4534877523779869,0.00028312499999999996
451,-130.8452987583083,0,-0.018395133018493652,20.82249251127243,-0.45828854858875273,0.00028308749999999996
452,-93.30657857027043,0,-0.016312464547809213,4.902983377575874,-0.46389724910259245,0.00028304999999999997
453,-154.99194521174846,0,-0.011351997051388025,29.82133030295372,-0.4762689897418022,0.0002830125
454,-196.9233986120078,0,-0.013208799143987043,66.9338413136346,-0.47920255490711755,0.000282975
455,-6603.052400342989,0,-0.0056186230902216935,1291.8313514006766,-0.4766869279899095,0.0002829375
456,-229.8888117968801,0,-0.004749767926775597,12.576742541654543,-0.474451419711113,0.00028289999999999994
457,-257.9638566383622,0,-0.0123020374300805,6.771424139765176,-0.4882477868687023,0.0002828625
458,54.24860310603121,0,-0.005977584682404995,34.75970803260803,-0.5071088236570358,0.00028282499999999995
459,80.38696232620177,0,0.011235662939196284,12.889681678062136,-0.5258773695338856,0.0002827875
460,-12018.837196244345,0,0.01156596230637086,2073.5382444431907,-0.5302806873070566,0.00028274999999999996
461,-12040.626519730757,0,0.047795540221819754,2357.670825549176,-0.5246177491388823,0.00028271249999999997
462,-3802.0527935589034,0,-0.015109187080279777,504.39157271134223,-0.5068267420718544,0.00028267499999999997
463,-945.8968962363329,0,-0.0014294321881607175,558.4185097495715,-0.49911437754829724,0.0002826375
464,-3615.424118087411,0,0.0070476623252034186,1483.376929800851,-0.49761828780174255,0.0002826
465,-502.45707619993715,0,-0.0021674139839079646,696.5842657301162,-0.4968266934156418,0.0002825625
466,-1511.092812941328,0,0.004523965707048774,962.8882048797608,-0.4962187859416008,0.00028252499999999994
467,-6016.560860619492,0,0.002736409503574434,452.9820682626021,-0.49458040312716833,0.0002824875
468,-3270.5427443592757,0,-0.003745426138242086,2217.876738688151,-0.4927563093105952,0.00028244999999999995
469,-6619.835017777871,0,0.0042786367727737674,4119.977212042558,-0.48960262976194685,0.00028241249999999996
470,-9644.455059959628,0,0.0013158642981005342,5346.053597861842,-0.48669774908768504,0.00028237499999999997
471,-1352.0674617830548,0,0.012242411601949822,2774.985592512651,-0.48572066317905077,0.00028233749999999997
472,-5781.188443125324,0,0.006023203538681724,3074.718225418894,-0.48166518211364745,0.0002823
473,-715.7577449887536,0,-0.010390851917591962,1120.2522554917769,-0.4788797833702781,0.0002822625
474,-574.4000003031863,0,-0.008561782790347933,671.8980980682373,-0.4800466278195381,0.000282225
475,-7549.846366623163,0,-0.006087270133981579,1185.7679963764392,-0.48108329082790174,0.0002821875
476,-6082.483353678744,0,-0.0015095035752488507,1550.3445399814182,-0.482342537244161,0.00028215
477,-6499.688681869557,0,0.019667943071966107,1754.383076717979,-0.47332259542063665,0.00028211249999999995
478,-6180.440735347571,0,0.004414036088181954,4462.935501259251,-0.4533844207462512,0.00028207499999999996
479,-4752.453039301685,0,0.003950685642970105,2355.164159647624,-0.44960695107777915,0.00028203749999999996
480,-8156.003443745169,0,0.012173768348599736,3624.185830367239,-0.4453736976573342,0.00028199999999999997
481,-3156.87078950641,0,0.05204241457686294,3465.141346359253,-0.4354768002405763,0.0002819625
482,-218.70887460885837,0,-0.0010241272859275341,1283.783439669013,-0.4244073525071144,0.000281925
483,-282.0341446635855,0,-0.0051269764249975034,110.83397882133723,-0.41722685125741094,0.0002818875
484,-284.5643325452669,0,0.0028410034084861927,140.48011561435732,-0.4096268957311457,0.00028185
485,-343.9052525252164,0,-0.0017070457656783136,17.17850755398924,-0.407341007752852,0.00028181249999999994
486,-266.1681723258707,0,-0.009831855446100235,3.2629178604483604,-0.4009481406211853,0.000281775
487,-301.78293141102995,0,0.0035572674802758475,0.415267587588592,-0.39963522119955586,0.00028173749999999996
488,-5442.398385921229,0,0.1596839224527541,877.873151885522,-0.38298917695095663,0.0002817
489,-894.8092868035519,0,-0.008969486433152969,474.6724101653466,-0.3762596671397869,0.00028166249999999997
490,-298.8869733805089,0,-0.012095834935704868,112.28428345587518,-0.37619594203101264,0.000281625
491,-526.8766987272423,0,-0.0020260905084962194,132.204102917151,-0.37670370042324064,0.0002815875
492,-317.84548226077453,0,-0.005957575243982402,8.69585178707811,-0.3709463864564896,0.00028155
493,-295.4564660542452,0,-0.007793885926631364,13.943664648383855,-0.36493277631022714,0.00028151249999999994
494,-337.2972433594474,0,-0.01041406033221971,1.8531704838980327,-0.3488216681913896,0.000281475
495,-295.1128361154435,0,-0.0001316009766676209,0.433506204797463,-0.3424884872003035,0.00028143749999999995
496,21.04673632367495,0,-0.011426252457830641,85.83557932111952,-0.35844295985168884,0.00028139999999999996
497,-164.13922078482534,0,-0.016337031212169676,31.09344274520874,-0.36109775602817534,0.00028136249999999996
498,-78.25427119224481,0,-0.009357216656208039,46.642676825523374,-0.36960589557886125,0.00028132499999999997
499,-41.04316317388458,0,-0.008889974886551499,44.991884593963626,-0.3749291706085205,0.00028128749999999997
500,458.7569210126063,1,-0.0017452497345705827,2427.491012234158,-0.3734287195735507,0.00028125
501,-3.6370669328761096,0,-0.011518004341050983,29.805819120407104,-0.37458487033843996,0.0002812125
502,378.67366357267724,1,-0.01458853891119361,1876.6897123146057,-0.37733293652534483,0.000281175
503,-6264.851912213328,0,-0.006745124980807304,1037.267143535614,-0.3751778514761674,0.0002811375
504,526.7252321297677,1,-0.010150765938063463,2700.2314071655273,-0.37206476032733915,0.0002811
505,-222.52286853514545,0,-0.006551414541900158,228.30116820335388,-0.37197389304637907,0.00028106249999999995
506,-160.86982213948372,0,-0.0067470739712007346,81.09478199481964,-0.3720718428492546,0.00028102499999999996
507,-270.015849382932,0,-0.006620845702392133,44.08989789594303,-0.3754831086505543,0.00028098749999999997
508,-303.74332088110646,0,-0.006713529172438113,23.129164465990932,-0.3791005305268548,0.00028094999999999997
509,394.16439234331216,1,-0.00040399497374892234,1897.23961050851,-0.37660389287131174,0.0002809125
510,-12044.73462202932,0,0.0011991394977820546,2254.3756696073633,-0.37537699624111776,0.000280875
511,-519.3020034083686,0,-0.00677010458894074,442.46671540260314,-0.3744374752044678,0.0002808375
512,292.0286839778461,1,-0.0002673299051821232,3223.516134643555,-0.37425574560960134,0.00028079999999999994
513,-113.81012632365702,0,-0.016882581578101963,115.08129725456237,-0.37407929748296737,0.0002807625
514,461.4172743585467,1,-0.003435923717916012,1894.4669799804688,-0.37354475259780884,0.00028072499999999995
515,458.34087792944354,1,-0.0027566979173570872,1816.8363848368326,-0.37380796372890474,0.0002806875
516,-319.17702914472807,0,-0.01546890689060092,40.56200093269348,-0.37339395880699155,0.00028064999999999996
517,390.9369231513635,1,-0.0071773012724912,2936.354918246799,-0.3724982675578859,0.00028061249999999997
518,496.10849671732456,1,-0.0061938633610095295,1733.4497031075614,-0.3726763537951878,0.000280575
519,-11980.048645091492,0,-0.0003616613482958392,1632.3702338704938,-0.3730359265678807,0.0002805375
520,-92.47018701726353,0,-0.012642846396192908,124.43274827003479,-0.37199657410383224,0.0002805
521,-10.664539508210026,0,-0.018467537716787774,51.78037002086639,-0.3730447519570589,0.0002804625
522,-12032.213750246146,0,0.017975750094965885,1703.4617848688051,-0.3772535631531163,0.00028042499999999995
523,-12001.542754063998,0,0.002487497036590388,1485.8750885637182,-0.3778255387356407,0.0002803875
524,430.1183453032803,1,0.018771119392476977,1931.2660847974942,-0.3770047903060913,0.00028034999999999996
525,-141.7698115648701,0,-0.012412391257073198,77.68538120133536,-0.37587965641702925,0.00028031249999999996
526,487.3929692508243,1,-0.0032042317358510833,1316.7527459825787,-0.37329141838209967,0.00028027499999999997
527,334.73295373253245,1,-0.0114547052819814,1059.700147138323,-0.37189047506877354,0.0002802375
528,-123.82172228702007,0,-0.011875722743570804,111.53636793409075,-0.37161181824547906,0.0002802
529,-164.2326360197153,0,-0.010741615588111536,50.99655771936689,-0.3721383213996887,0.0002801625
530,-124.29557872338339,0,-0.019817853477850023,34.28806943893433,-0.374801613177572,0.000280125
531,-12037.621130391475,0,0.03576267458694546,1708.5899890171854,-0.3725011185595864,0.0002800875
532,409.3585323584477,1,-0.002984269941225648,3976.589533996582,-0.36533101499080656,0.00028004999999999995
533,-598.5133161993294,0,-0.010239125265636377,428.14040022956,-0.36470706197950575,0.00028001249999999996
534,556.6131663326098,1,-0.007681977314253648,3529.290869140625,-0.36384844183921816,0.00027997499999999996
535,-194.90640020891738,0,0.0007329089059071107,50.10802928317677,-0.3662361657077616,0.00027993749999999997
536,-378.14180985691473,0,-0.007032364307087846,95.20133559703827,-0.37224364578723906,0.0002799
537,403.0735853441038,1,-0.01940252266358584,2343.581252288818,-0.37508420199155806,0.0002798625
538,-262.181327510653,0,-0.03344572358764708,58.60860929489136,-0.37548417299985887,0.000279825
539,-427.9265174038056,0,-0.011006821547117499,75.75981752607558,-0.37636931737263996,0.0002797875
540,-292.4397385324502,0,-0.012851427159039303,55.93287043809891,-0.38424491494894025,0.00027975
541,-382.8235721976605,0,-0.008341712399851531,192.66199045181276,-0.4031867362558842,0.00027971249999999995
542,-208.12932098556536,0,-0.01677281428128481,28.847399055957794,-0.40738385245203973,0.000279675
543,-214.58434593210887,0,-0.009510137960314751,39.13636794090271,-0.4118289405107498,0.00027963749999999996
544,-327.8269812503754,0,-0.011129491445091035,179.30987781948514,-0.40888336102167766,0.00027959999999999997
545,-1189.347634042886,0,-0.010569498166441918,996.9904635620118,-0.40368473082780837,0.00027956249999999997
546,-184.9636558649959,0,-0.014128312906250358,33.614677453041075,-0.40852742075920107,0.000279525
547,-494.082486677181,0,-0.0076402831145308235,124.17446048909967,-0.4153370215134187,0.0002794875
548,-286.33683141412786,0,-0.002549452735111117,20.129330247342587,-0.40955876260995866,0.00027945
549,535.2723428895154,1,0.016334878420457243,2715.4011657714846,-0.4345813006162643,0.00027941249999999994
550,565.1878496901791,1,-0.0284616170078516,1813.820832748413,-0.4353797721862793,0.000279375
551,-115.03582493954585,0,-0.017659328029387526,17.269589410887825,-0.43636411295996774,0.00027933749999999995
552,393.5557116648844,1,-0.004169528093189001,1493.5148768107097,-0.43825184007485707,0.0002793
553,-116.5787050049856,0,-0.007781022065319121,19.96264858841896,-0.4363270293921232,0.00027926249999999996
554,516.312999177626,1,0.0012182364612817764,1812.6571612548828,-0.431717677116394,0.00027922499999999997
555,462.19386355852714,1,-0.010138661563396455,1257.1426708984375,-0.43167304039001464,0.0002791875
556,553.6020282577714,1,0.004724281060043722,1600.1086441040038,-0.4321181759238243,0.00027915
557,-34.77754527610199,0,-0.008374520996585488,213.1151787996292,-0.4322010688483715,0.0002791125
558,-195.18212897204342,0,-0.020765759535133838,16.239441910982134,-0.43206862181425093,0.000279075
559,304.2231861321242,1,0.005163564682006836,1395.6914935302734,-0.42935795783996583,0.00027903749999999995
560,502.3905279835062,1,-0.026928388443775476,1549.5882446289063,-0.4290391832590103,0.00027899999999999995
561,553.774402292628,1,-0.007029717974364758,1419.943852742513,-0.42884045938650767,0.00027896249999999996
562,-4306.022561823137,0,-0.0051802037185744235,926.3528286180998,-0.4280448505752965,0.00027892499999999996
563,509.5568413791315,1,-0.012286697328090668,2018.7146565755208,-0.42745622297128044,0.00027888749999999997
564,-4703.5426852469045,0,-0.008239280922632469,750.3337018263967,-0.42719017706419293,0.00027885
565,-353.0582195052915,0,-0.018815961063373833,131.77285877227783,-0.42538509011268616,0.0002788125
566,-4920.566690465546,0,-0.010168365222450935,484.5831103274697,-0.42521182926077594,0.000278775
567,-283.364825431277,0,-0.010798683523898945,254.81139793395997,-0.42520371563732623,0.0002787375
568,-372.8129253235279,0,-0.00874448720779684,91.23309256500669,-0.4209167841407988,0.0002787
569,-318.34881083425023,0,0.0004455476491288705,31.660704336924987,-0.4120582447810607,0.0002786625
570,-136.05564157876114,0,0.0013400484062731266,74.83136663436889,-0.4319729483127594,0.00027862499999999996
571,-138.41996902462728,0,-0.004751314036548137,65.46771086586847,-0.4498542613453335,0.00027858749999999996
572,-42.80040476503592,1,-0.008412096596189907,2546.815974644252,-0.4625855420316969,0.00027854999999999997
573,80.49816735326317,1,0.024091520652707133,1289.9964058245932,-0.4629195077078683,0.0002785125
574,494.4605874232876,1,-0.018491089592377344,800.1121084213257,-0.4623056078950564,0.000278475
575,-291.68304319906804,0,-0.007604792490601539,29.444396830797196,-0.4491483461856842,0.0002784375
576,-213.04033571096954,0,0.003349334103139964,24.012301273779435,-0.430777108669281,0.0002784
577,-3952.9574217271715,0,-0.008031660418246725,410.6516715903031,-0.4369331064977144,0.0002783625
578,-414.96993914756945,0,-0.030668232794851064,151.00625176429747,-0.42109656155109404,0.00027832499999999995
579,-561.7208952294447,0,-0.0021900511036316555,316.93419931199816,-0.41393119229210745,0.0002782875
580,495.54751760346437,1,-0.009842962810459236,927.2117053985596,-0.4106175591548284,0.00027824999999999996
581,-186.17175371134576,0,-0.00754417048767209,54.4018658208847,-0.41590547651052473,0.0002782125
582,-259.13050866262864,0,-0.022655422408133744,43.404903144836425,-0.42498321413993834,0.00027817499999999997
583,-97.33304862731129,0,-0.006561369560658932,132.10677696228026,-0.42826612800359726,0.0002781375
584,398.9149837779787,1,-0.009227618970908225,898.9133412361145,-0.42844280153512954,0.0002781
585,407.2611956717579,1,-0.005414235206054789,586.3020636422293,-0.42799085208347865,0.0002780625
586,490.5694553063032,1,-0.0006547493549684684,903.7692848205567,-0.428491539756457,0.00027802499999999994
587,-122.97694152884132,0,-0.009907859656959773,133.5439058303833,-0.4274895926316579,0.0002779875
588,509.3208499794912,1,-0.004489490762352943,754.9963223266601,-0.4249017584323883,0.00027794999999999995
589,472.45191881952644,1,-0.011922840991367896,450.8283214569092,-0.42516885201136273,0.00027791249999999996
590,493.1175809124098,1,-0.0002407456934452057,456.8449746704102,-0.4265302258729935,0.00027787499999999996
591,-12045.181342049666,0,0.0011072255180854546,1405.7597165659854,-0.42327494119343007,0.00027783749999999997
592,-1371.6464361796263,1,1.9923998759343072e-06,1721.7398450411283,-0.41793628816421213,0.0002778
593,-124.03879748199734,0,-0.013589059934020042,90.06728358268738,-0.4171658101677895,0.0002777625
594,491.5233746121082,1,0.009543188599248726,341.2779090881348,-0.4177152474721273,0.000277725
595,-151.3703630204232,0,-0.004906829084373183,46.65131213400099,-0.41517536110348174,0.0002776875
596,509.7869011316483,1,0.008342074106136958,345.5317246278127,-0.4123554984728495,0.00027764999999999995
597,471.8719902094007,1,-0.01407467898291846,262.4986337661743,-0.4138982435067495,0.0002776125
598,-132.37140122616466,0,-0.009620708863561351,116.35704418818156,-0.41763151652283137,0.00027757499999999996
599,451.7055706133849,1,-0.047477900772355495,676.046611738205,-0.41516055911779404,0.00027753749999999996
600,542.4024267261112,1,-0.06080909257754683,762.3457098388672,-0.41607204973697665,0.00027749999999999997
601,-148.33545203481847,0,-0.005003229255736288,227.70296512179905,-0.4195054335726632,0.0002774625
602,-201.4283795117592,0,-0.0023825688494576347,169.32423297564188,-0.42173333035575017,0.000277425
603,453.06693775614355,1,0.012198904502604689,516.9528453350067,-0.418025609425136,0.0002773875
604,-4693.4181454576,0,-0.011733797029285741,778.3520203640586,-0.41653034185108384,0.00027735
605,491.41354244071,1,-0.004697055229917169,732.0778930664062,-0.41155336424708366,0.00027731249999999994
606,552.7114916715511,1,-0.015387681545689702,329.64481525421144,-0.4114573039114475,0.000277275
607,-202.13100467561776,0,0.00424520991742611,126.74673915028572,-0.4089314541220665,0.00027723749999999996
608,-153.70776558845424,0,-0.010316923912614583,72.9226990199089,-0.40570059686899185,0.0002772
609,-189.27937739122936,0,-0.003900926988571882,69.87119311809539,-0.4149265441298485,0.00027716249999999997
610,-161.22591366228767,0,0.004994987230747938,40.50240608811379,-0.42312832713127135,0.000277125
611,-12056.97791700744,0,0.09360104259103537,1849.7455106594061,-0.42425099924991005,0.0002770875
612,-165.4902294391373,0,-0.019139459580183028,31.639738733768464,-0.405233117043972,0.00027705
613,-4133.368195146319,0,-0.01931621820518845,452.19140099977193,-0.3954694816940709,0.0002770125
614,-286.1476962817164,0,0.0067330507421866055,36.29442992925644,-0.3989259421825409,0.000276975
615,-95.00005393039079,0,-0.0306584626249969,105.30734509706497,-0.4180925044417381,0.00027693749999999995
616,-339.41313042997206,0,-0.01919727624309334,76.79963560971346,-0.420074340430173,0.0002769
617,-640.9891202364163,0,-0.0006911367093297568,293.4628814350475,-0.4197670909491452,0.00027686249999999996
618,463.781715075286,1,-0.009918277563216785,1170.3253140767415,-0.4167979533473651,0.00027682499999999997
619,-177.48865263238872,0,-0.020940575953572987,62.23319681107998,-0.4246691632270813,0.00027678749999999997
620,539.6402382223426,1,-0.04629705995321274,1207.962939453125,-0.4423664927482605,0.00027675
621,-222.9463608933786,0,-0.018434016052633524,62.198261256217954,-0.44281997084617614,0.0002767125
622,518.977007166759,1,-0.02984091844409704,576.3410658740997,-0.4444074511528015,0.000276675
623,-98.21997796823291,0,0.0008730773162096739,64.00754629015923,-0.4459565934538841,0.00027663749999999994
624,-109.61610327391132,0,-0.012732616951689124,29.755121786892413,-0.44972546547651293,0.0002766
625,-661.9655094911312,0,-0.0006150037153727478,604.8637597825792,-0.45361759695741866,0.00027656249999999995
626,317.9075930186083,1,0.060488200634717944,750.3660930056427,-0.4431456017494202,0.00027652499999999996
627,-234.49953684354819,0,-0.001586029315367341,36.730244507789614,-0.4329812258481979,0.00027648749999999996
628,-446.5974947083356,0,-0.006811018863862211,173.85783501971852,-0.42192509987137533,0.00027644999999999997
629,-276.8244503616985,0,-0.0015901948367668824,22.198249487985265,-0.4126444786787033,0.0002764125
630,-232.85739907883027,0,-0.016068455946515313,10.587386473566294,-0.4181356182694435,0.000276375
631,-225.81685387834182,0,-0.009414815595373511,7.649333364963532,-0.4357197377085686,0.0002763375
632,-245.88506921854207,0,0.01234661964699626,3.6675664875317704,-0.4318191587924957,0.0002763
633,-211.3893340939547,0,-0.0051403108814900575,2.5854791137305173,-0.44562739729881284,0.0002762625
634,-216.35494836871217,0,-0.008624238580126654,2.1124889667061244,-0.4552986391566016,0.00027622499999999995
635,-643.6972968552984,0,0.0008363623340200219,343.55465545654295,-0.4629345923662186,0.00027618749999999996
636,-237.82755561443793,0,-0.017662977008149026,9.08865570127964,-0.4641624739766121,0.00027614999999999996
637,-294.67975484353974,0,-0.013629222261806717,119.35997071266175,-0.46636482775211335,0.00027611249999999997
638,-238.10462190540693,0,-0.00010751764374700459,2.0719320795752787,-0.4568432211875916,0.000276075
639,-217.80738364637645,0,-0.010149338631890714,185.63157658576966,-0.4438753858208656,0.0002760375
640,426.5299191601185,1,0.00660992778915291,4192.63573811849,-0.44524981478850045,0.000276
641,-895.7546425254626,0,-0.012774596400558948,702.415821685791,-0.4445182552933693,0.0002759625
642,-1286.4816361796895,0,-0.014321205336600543,566.3699813842774,-0.44235361099243165,0.00027592499999999994
643,529.6908616023516,1,-0.0021892620250582697,2051.6038899739583,-0.4420213848352432,0.0002758875
644,406.0897574812376,1,-0.005011664486179749,1191.7675923665365,-0.4419804861148198,0.00027584999999999996
645,529.4431369073585,1,-0.0003185383160598576,2165.5845336914062,-0.44190508127212524,0.0002758125
646,-253.46089495807797,0,-0.0022951700445264576,23.42883378505707,-0.4432773423194885,0.00027577499999999997
647,593.5766539783623,1,-0.011800742661580443,2978.3413818359377,-0.44592106342315674,0.0002757375
648,316.24181088150715,1,0.04858729615807533,2686.234446207682,-0.4464911351601283,0.0002757
649,-285.0942957679091,0,-0.009978797573553907,7.663437476483258,-0.45043327618728984,0.0002756625
650,-298.1496999921918,0,-0.006569950744001703,5.65121038610285,-0.4715448292818936,0.00027562499999999994
651,-261.7024000762949,0,-0.0035260812760415402,3.1951554893092675,-0.49428659027273003,0.0002755875
652,-287.7544399128896,0,-0.007665763131808489,4.168520664626902,-0.49112230864438144,0.00027554999999999995
653,-282.44543230276315,0,-0.006076746493239294,1.8509834660047835,-0.48828500563448124,0.00027551249999999995
654,-313.6350112585324,0,-0.00423469819749395,1.4305925485766542,-0.49934136867523193,0.00027547499999999996
655,-218.19084603490182,0,-0.006797976437956095,73.74085900306702,-0.5034103286266327,0.00027543749999999997
656,-3410.155624037044,0,-0.005834638427844957,305.69413022493063,-0.5036410450935364,0.00027539999999999997
657,-190.06338001972333,0,-0.007598331751715806,100.81107349395752,-0.5022071805265215,0.0002753625
658,-3069.3078195887456,0,-0.005650877921531598,304.2114217546251,-0.5012427184316847,0.000275325
659,-172.5574848867324,0,-0.015594340653883087,71.51565283669366,-0.5009145968490176,0.0002752875
660,-4704.962293390948,0,-0.0019921109766552324,392.9081709410015,-0.5033094217902736,0.00027525
661,-4431.160032436873,0,-0.004491875232442429,484.76176498814635,-0.5039284687293203,0.0002752125
662,-146.5629226419271,0,-0.008276955892021457,164.39786745707195,-0.5048257788022359,0.00027517499999999995
663,-1185.807012448219,0,-0.004076803590242679,311.03737129798304,-0.5041998372628138,0.00027513749999999996
664,-3729.9063368009333,0,-0.002647548203209513,435.15806244298034,-0.5024673361527292,0.00027509999999999996
665,-88.51657650282681,0,-0.013743678290241708,65.07775914933947,-0.5028690331512027,0.00027506249999999997
666,-154.46990888797382,0,-0.00638508674585157,32.35203825632731,-0.5043717583020528,0.000275025
667,-214.9180548792376,0,-0.011855375892482698,51.37303892612457,-0.507261917591095,0.0002749875
668,-146.56119345334736,0,-0.0180857684980664,15.912671399116515,-0.5075986332363552,0.00027495
669,-73.05093340783593,0,-0.011243725371120188,12.196295666694642,-0.5085747361183166,0.00027491249999999994
670,-163.5781924257916,0,-0.01679313593544066,23.780530309677125,-0.5081595075130463,0.000274875
671,-1009.4484866702887,0,-0.0024345532059669495,874.6114042663575,-0.5040741592645646,0.00027483749999999995
672,-112.8107814355088,0,-0.012520617515676551,23.482454046938155,-0.4998044209347831,0.0002748
673,-102.68897781810418,0,0.0071481428854167466,16.44406215310097,-0.4989970478415489,0.00027476249999999996
674,-317.7983324142046,0,-0.010210840624164452,27.516808967156845,-0.51120027737184,0.00027472499999999997
675,-234.49082934957113,0,-0.01745173945557326,18.357390146255494,-0.5233506691455841,0.0002746875
676,-517.9501160205796,0,-0.00906976113222878,261.4332229007374,-0.5239001252434471,0.00027465
677,-135.35567714280447,0,-0.008604879514314235,25.213661955595015,-0.513329666852951,0.0002746125
678,-141.9121385053703,0,-0.011547848898917436,19.73471647977829,-0.5100533854961395,0.000274575
679,-117.45450946397132,0,-0.0055850489065051075,23.097344821691514,-0.5170516204833985,0.00027453749999999994
680,-315.81105462867333,0,-0.00371947530657053,59.480901250514115,-0.5205023911866274,0.0002745
681,-192.23287036834031,0,-0.015589589849114419,9.351448173522948,-0.5208067584037781,0.00027446249999999996
682,-123.97323076871889,0,-0.01602711947634816,13.407990245521068,-0.5337427109479904,0.00027442499999999996
683,-121.87489699566899,0,-0.011505771821571722,7.602140080928803,-0.5524940874841479,0.00027438749999999997
684,-133.34744978860937,0,-0.01698812738060951,2.1054738745093347,-0.5812049549818039,0.00027435
685,568.3758880670821,1,-0.01570946004552146,2898.605157470703,-0.6026586612065633,0.0002743125
686,567.8516734772181,1,-0.027966824515412252,836.1969004313152,-0.6032262802124023,0.000274275
687,550.4186752654803,1,-0.027798025589436292,272.3323806762695,-0.60171906153361,0.0002742375
688,464.7290534107934,1,-0.01410771894249289,288.732839457194,-0.6000995993614197,0.0002742
689,602.4211689270086,1,-0.07088153567165137,515.374543762207,-0.5983661154905955,0.00027416249999999995
690,581.2716010398615,1,-0.06816333013897141,324.91730448404945,-0.5984033107757568,0.000274125
691,-5733.144392548894,0,-0.00992368142316608,1419.6500816194634,-0.5963737023504156,0.00027408749999999996
692,-5740.909498634976,0,-0.0006344104087666461,812.210699019934,-0.5903742878060592,0.00027404999999999997
693,-5705.5983680262125,0,-0.013508849689050724,438.4010086222699,-0.5868006329787405,0.00027401249999999997
694,474.0630829031039,1,5.084089934825897e-07,7519.006726074219,-0.5847929626703262,0.000273975
695,-5669.078351866302,0,-0.007954005729927877,649.0048578538393,-0.5839282293068735,0.0002739375
696,-5887.619992085922,0,-0.006580704418746264,568.9340671087566,-0.5829598407996328,0.0002739
697,-5650.064198147465,0,-0.0034658957860971753,480.0434165904396,-0.5824483338155244,0.0002738625
698,-5661.368624997194,0,-0.00516528509753315,636.3600569574456,-0.5828141419511093,0.00027382499999999995
699,593.3909743642804,1,-0.009774350561201572,13021.42880859375,-0.5831797401110331,0.0002737875
700,573.5400601978315,1,-0.001381499134004116,7315.125842285156,-0.5831209599971772,0.00027374999999999996
701,455.9419611618463,1,-0.01247838017131601,317.9505621501378,-0.5829052771840777,0.00027371249999999996
702,547.2260559844622,1,-0.003753606602549553,1798.0160034179687,-0.5835530698299408,0.00027367499999999997
703,603.5600433416822,1,-0.013752412423491478,823.179859161377,-0.5833716630935669,0.0002736375
704,542.5859046288152,1,-0.00923507456900552,1000.0960403442383,-0.5827371150255203,0.0002736
705,-4649.986416080965,0,-0.00386076617593828,1205.4383173290053,-0.5787125919994555,0.0002735625
706,-4511.399937217921,0,-0.00042937182527231544,549.0710642262509,-0.5571398716223868,0.000273525
707,597.9733417350056,1,0.01341457494036149,4863.393902587891,-0.5357669562101364,0.0002734875
708,-5764.755153071714,0,-0.005206255585347351,736.8022136725878,-0.5318213011089125,0.00027344999999999995
709,-4839.8973811316,0,-0.0011113173132272143,402.0128359267586,-0.5085539648407384,0.0002734125
710,573.0962109301565,1,-0.000627170767984353,10234.510424804688,-0.48597310185432435,0.00027337499999999996
711,451.5088815633342,1,-0.016054061233132546,838.4402050563267,-0.4852640952382769,0.00027333749999999997
712,596.2701118998175,1,0.000851475354284048,2472.892224121094,-0.48513825982809067,0.0002733
713,587.4091827173769,1,-0.0067675385624170305,1179.6189193725586,-0.4851160690188408,0.0002732625
714,552.8438095837691,1,-0.01645641797222197,601.631396484375,-0.485244520008564,0.000273225
715,570.4937439770289,1,0.00042215101420879365,595.0425262451172,-0.48516602367162703,0.0002731875
716,555.8761387445279,1,-0.009313231334090233,262.8100986480713,-0.4855740576982498,0.00027314999999999994
717,564.4174859790228,1,-0.013029409223236144,417.02378158569337,-0.4857213839888573,0.0002731125
718,532.7878607036923,1,-0.01082618786022067,257.12073135375977,-0.48485023975372316,0.00027307499999999996
719,584.6753002748048,1,-0.010205249954015016,178.92172393798828,-0.48357990980148313,0.00027303749999999996
720,480.9731554161919,1,-0.010668957567152878,300.223993619283,-0.48470776875813804,0.00027299999999999997
721,600.8695589573917,1,0.015509408432990313,478.50691146850585,-0.49060034602880476,0.0002729625
722,2.003499071798899,1,-0.0016143809383114178,7691.792456054687,-0.4913151343663534,0.000272925
723,-4584.682323116122,0,-0.006362885212231623,646.236424779892,-0.4763852633927998,0.0002728875
724,-238.53965538927463,0,-0.012299622309769297,467.25438028971354,-0.4491702440712187,0.00027285
725,611.5186487228285,1,0.0201310770586133,1460.576741027832,-0.45382320433855056,0.0002728125
726,386.78228745440157,1,-0.013398311799392104,1894.756768798828,-0.45372386574745177,0.000272775
727,457.5268127570228,1,-0.005429933499544859,395.97580960591637,-0.45310133198897046,0.00027273749999999995
728,-4723.4813684283745,0,-0.00031307825426522053,557.9577165214639,-0.4421341576074299,0.00027269999999999996
729,-4269.784139375381,0,-0.00761477800858158,307.41940498853984,-0.40935952788905094,0.00027266249999999997
730,513.7505485601034,1,0.013193429261446,2177.7283264160155,-0.3981529578566551,0.00027262499999999997
731,568.4211114724665,1,0.006855270080268383,1103.9102951049804,-0.39728271067142484,0.0002725875
732,-4812.919157305135,0,-0.00894997810552779,535.124023156417,-0.3910127909559953,0.00027255
733,-3876.685104423192,0,-0.004250166881952042,434.8332532179983,-0.3703849472497639,0.0002725125
734,-3551.9025868911904,0,-0.0033586304046605764,490.8296068291915,-0.3500857146162736,0.000272475
735,-3305.806195455469,0,-0.004208797718226714,628.118535353008,-0.3360043814307765,0.00027243749999999995
736,604.9515533627703,1,-0.0011485583148896695,1754.8893981933593,-0.3278199419379234,0.0002724
737,-142.18104326068752,0,-0.01168873906135559,375.9362336476644,-0.3236629237731298,0.00027236249999999996
738,-3685.985128955988,0,-0.0025304758431095825,553.4562410354614,-0.3040056071783367,0.000272325
739,612.0300461065895,1,0.012165791168808938,2343.1987785339356,-0.29236593246459963,0.00027228749999999997
740,-3830.5992236081092,0,-0.005904352733571278,695.5208854374133,-0.28844131795983563,0.00027225
741,591.7648006537966,1,-0.030169370025396346,2396.26531829834,-0.28449013233184817,0.0002722125
742,335.73610722785116,1,-0.0069706873968243595,1951.8733642578125,-0.28501916378736497,0.000272175
743,-827.6445699736357,1,-0.008998022088781,9704.070495605469,-0.2853971630334854,0.00027213749999999994
744,-3745.2931924318095,0,-0.0019575074707206927,651.0345000016061,-0.2847764071665312,0.0002721
745,609.827926441821,1,-0.0314635974355042,2880.193002319336,-0.28297232538461686,0.00027206249999999995
746,531.2648582857087,1,-0.05016031919512898,538.728539276123,-0.2834971398115158,0.00027202499999999996
747,-106.73257389673982,0,-0.009181528952386645,372.3995122273763,-0.29029688073529136,0.00027198749999999996
748,-123.35486491866061,0,-0.00768884293631547,197.66973779466417,-0.29700389670001137,0.00027194999999999997
749,-131.92673284869113,0,-0.005080618243664503,165.61978611946105,-0.2959811132401228,0.0002719125
750,515.6272270278623,1,-0.005657739830203354,887.6781192016601,-0.27955063223838805,0.000271875
751,482.6279544760244,1,-0.009839731222018599,2746.0419494628904,-0.2816981077194214,0.0002718375
752,527.0554072311332,1,-0.013935971481259912,777.7561828613282,-0.2824963703751564,0.0002718
753,510.49602949126063,1,-0.005739519093185663,721.7893035888671,-0.28436885476112367,0.0002717625
754,447.06893132341656,1,-0.018581715133041143,371.2108283996582,-0.28649152517318727,0.000271725
755,610.4979667874418,1,-0.014763756981119513,329.364087677002,-0.28598310351371764,0.00027168749999999996
756,604.2181486317784,1,-0.019652204401791096,177.16922988891602,-0.28882727921009066,0.00027164999999999996
757,-67.76770727684863,1,-0.03348218823916146,1778.509022374664,-0.29044582673481534,0.00027161249999999997
758,-165.0983880499646,0,-0.011030473874416202,601.437340259552,-0.2802456222474575,0.000271575
759,-5869.1677406112685,0,-0.005136256400299699,1933.2825964927674,-0.26759115833985175,0.0002715375
760,-4954.631447283697,0,-0.011126540789356161,885.7418710307071,-0.21031307734941182,0.0002715
761,-454.3316940792996,0,-0.01259966819650597,725.6980755276151,-0.1624000006251865,0.0002714625
762,-104.62724386667782,0,-0.009560906141996384,256.4010616574969,-0.1612812842641558,0.00027142499999999994
763,-5349.042115869941,0,-0.003111576335504651,408.23725667627235,-0.14659582815672223,0.0002713875
764,-148.89038685329206,0,-0.011185239627957344,113.34569001197815,-0.11868150057271123,0.00027134999999999995
765,-109.00126076845902,0,-0.005197340651648119,36.578459811210635,-0.1252868209965527,0.0002713125
766,-143.49973303255828,0,-0.007574623520486057,22.606354755163192,-0.12740059196949005,0.00027127499999999997
767,-5954.003201324565,0,-0.00611375844302146,410.30293044040076,-0.116795687926443,0.00027123749999999997
768,503.0478746028107,1,-0.005384130543097854,6204.6274337768555,-0.10847218930721284,0.0002712
769,-5031.44913699156,0,-0.00713205026756776,603.3142406011882,-0.09604216186623825,0.0002711625
770,-5086.776182898072,0,-0.004112270871471418,458.41040587801683,-0.05940726681759483,0.000271125
771,-5942.008103256592,0,-0.002659084785141443,556.574650926339,-0.030922522670344302,0.0002710875
772,465.89975115224547,1,-0.006588092297315598,4649.650897216797,-0.02182079792022705,0.00027104999999999995
773,460.10215884563956,1,-0.010535154789686203,2174.5786184692383,-0.021697549819946288,0.0002710125
774,544.261555770652,1,-0.019410423561930658,5210.816955566406,-0.022067982889711856,0.00027097499999999996
775,567.8992387577614,1,-0.015387801919132471,2446.2673583984374,-0.022200721502304076,0.00027093749999999997
776,-5438.355929394034,1,-0.0041022288465970445,1871.4635213550769,-0.013257312139888342,0.00027089999999999997
777,593.7153356986391,1,-0.03827473167330027,2359.138271331787,0.006577134132385254,0.0002708625
778,531.4585577189534,1,-0.036830353550612926,803.3523872375488,0.007851406931877136,0.000270825
779,-5956.010385064012,0,-0.008016252605930755,1801.1895989367836,0.01286787422079789,0.0002707875
780,-9498.04730885437,0,-0.01536020463038432,2984.964210128784,0.03018209369559037,0.00027074999999999994
781,-208.6413888301746,0,-0.009521391278960638,714.8366266250611,0.04320684141582913,0.0002707125
782,585.9251946361147,1,-0.04206424709409475,9255.162622070313,0.040453970432281494,0.00027067499999999995
783,475.5683804439472,1,-0.007988115679472685,4273.803186035157,0.04078294038772583,0.00027063749999999996
784,-5901.283863983772,0,2.129020071343372e-05,921.689681277777,0.06093981015054803,0.00027059999999999996
785,594.3098368605712,1,-0.012836205528583378,6384.992803955078,0.09734496846795082,0.00027056249999999997
786,-84.08682635049973,0,-0.014332214987371117,339.59560401439666,0.09733342472463846,0.000270525
787,590.504123623308,1,0.007382060959935188,4542.740747070313,0.0915307879447937,0.0002704875
788,-240.4194431192154,0,-0.007087274099467323,564.9330436706543,0.09117646794766188,0.00027045
789,587.6912878815031,1,-0.009002625686116516,2866.344561767578,0.09338313937187195,0.0002704125
790,598.6682513384116,1,0.007456667721271515,2010.9716064453125,0.09366872981190681,0.000270375
791,146.70921160911485,1,0.028548654913902283,5456.108390299479,0.0944453239440918,0.00027033749999999995
792,-5924.969215176402,0,-0.00671244070843769,865.8093154380196,0.11176250106409977,0.00027029999999999996
793,-108.66039502829473,0,-0.009160922211594879,234.4425409078598,0.1391046868637204,0.00027026249999999996
794,-149.01338172529023,0,-0.002660480627673678,135.82580614686012,0.13032715171575546,0.00027022499999999997
795,530.2949602731251,1,-0.003189052827656269,4869.196423339844,0.12309141494333745,0.0002701875
796,-113.28904878994481,0,-0.010506590537261218,156.77924749851226,0.12243489865213633,0.00027015
797,-5738.767411141706,0,-0.00839140315197016,734.7560439159996,0.13324915547119945,0.0002701125
798,526.827476407329,1,-0.02019537364443143,5310.44711710612,0.15832386016845704,0.000270075
799,-5364.669107361074,0,-0.00508101006087504,590.900578463705,0.17131471571169402,0.00027003749999999994
800,-231.50485669005917,0,0.0006643647431499428,321.20863609313966,0.19505727026197645,0.00027
801,-252.77779518951164,0,0.00571059315568871,122.92535105281407,0.19475408527586197,0.00026996249999999996
802,-245.64625119871462,0,0.005788305090391077,125.29959429502487,0.18806524630635976,0.000269925
803,445.63141470072645,1,-0.014396352431504056,4953.467565917968,0.18139684200286865,0.00026988749999999997
804,-260.6457732542322,0,-0.01891542663797736,73.1904189825058,0.17652218788862228,0.00026984999999999997
805,-303.8731889328431,1,0.031617847317829725,8421.79149169922,0.1589333511888981,0.0002698125
806,-232.64902545406392,0,-0.01050690676784143,72.35611621290445,0.14842146635055542,0.000269775
807,-368.5604796678959,0,-0.00453869787597796,75.78631010353566,0.12245550295338034,0.00026973749999999994
808,374.5788753963109,1,-0.00516424267552793,2389.9496536254883,0.12307085692882538,0.0002697
809,-178.5993045864601,0,-0.011381796880492142,155.23288533346994,0.12192517795733043,0.00026966249999999995
810,176.63999090319953,1,-0.0011718012392520905,1647.0159423828125,0.11983870466550191,0.00026962499999999995
811,-176.66204742647062,0,-0.013005865205611502,133.36929112843106,0.11864159479737282,0.00026958749999999996
812,-3018.352210418445,0,-0.014909277359644571,1457.7570304234823,0.1269355826700727,0.00026954999999999997
813,-981.7768355005437,1,-0.004764525110367686,3369.931374511719,0.15047995924949645,0.00026951249999999997
814,510.55677447135696,1,-0.019263744167983533,1521.958444213867,0.1546638298034668,0.000269475
815,529.7838646503502,1,-0.004795140431572993,1243.3174092610677,0.15436132897933325,0.0002694375
816,-355.6807459676838,1,0.0018139754266788563,3972.5084513346355,0.1544896977643172,0.0002694
817,370.4276270732854,1,0.01629426036030054,1010.7606770324707,0.15668073177337646,0.0002693625
818,-5448.131618103733,0,-0.0027275192404263896,694.385518836975,0.16806642883702327,0.000269325
819,558.8489964813111,1,-0.029144091345369817,931.6408176422119,0.18978411853313445,0.00026928749999999995
820,508.6404518695349,1,0.0012753071263432504,446.41110084727404,0.188564270734787,0.00026924999999999996
821,-3791.714350873098,1,-0.006868576481938362,1870.5494213867187,0.19153604686260223,0.00026921249999999996
822,-12041.990645346235,0,0.0004490871276510389,1797.2704361771282,0.19938709986837286,0.00026917499999999997
823,-1373.155995586249,1,-0.0016302127158269286,5021.249223327637,0.19060869067907332,0.0002691375
824,-5546.862978832792,0,-0.006278472099649279,489.560591818157,0.19262340570750988,0.0002691
825,-257.7656921188191,0,-0.011203009658493102,91.6656535089016,0.1946401197463274,0.0002690625
826,-276.5866725656492,0,-0.004803142539458349,67.22259743511677,0.1891093084588647,0.000269025
827,263.9998284136651,1,-0.018744591836002654,8376.173709106446,0.18161230087280272,0.0002689875
828,-229.12567946720023,0,-0.0035315096145495774,44.359058421105146,0.18043553568422793,0.00026894999999999995
829,-5495.0681048971255,0,-0.0022270344344801026,302.98313857630677,0.18625149601384214,0.0002689125
830,-9824.104465204186,0,-0.004787959486834313,2169.2737000515585,0.2058402990040026,0.00026887499999999996
831,-5434.368004317705,0,-0.004375122835565555,435.1612431375604,0.21432203305395026,0.00026883749999999997
832,-4047.105892574164,1,-0.0014466654012600581,4647.34988260905,0.22114632467428844,0.0002688
833,-303.982818676959,0,7.815874414518476e-05,107.70252992883324,0.21999999284744262,0.0002687625
834,-244.94428950339363,0,-0.00980473465679097,45.55027926564217,0.21658251620829105,0.000268725
835,-241.33761812328444,0,-0.012652231263928115,17.865688848495484,0.22598807234317064,0.0002686875
836,-217.63593126873266,0,0.009323415128528722,5.432528294995427,0.23678343817591668,0.00026864999999999994
837,-226.78664059139112,0,-0.011853235284797847,5.291245617344975,0.24893279690295458,0.0002686125
838,-230.11599316565287,0,0.0022352404426783322,2.578602425381541,0.256420961022377,0.00026857499999999996
839,-283.0663688509016,0,-0.015073427083552814,11.93374979607761,0.27119040191173555,0.00026853749999999996
840,-145.82745172782705,0,-0.009653453342616558,182.83197751045228,0.2755551591515541,0.00026849999999999997
841,-288.1473385082896,0,-0.01075530091766268,22.48059180378914,0.27744752168655396,0.00026846249999999997
842,-534.6224361649258,0,-0.004940813790178961,217.87602489259507,0.28180858890215554,0.000268425
843,-273.95740852325474,0,-0.023656197637319566,7.660323807597161,0.2842616930603981,0.0002683875
844,-228.29621367456082,0,-0.005646093813993502,4.561207647435367,0.2837098244577646,0.00026835
845,-242.29842024521227,0,-0.010298221038101473,1.8549286674708128,0.2884067937731743,0.0002683125
846,-228.06242169559113,0,0.03381302778919538,0.6637477949753197,0.3012795474794176,0.00026827499999999995
847,-238.83257417281413,0,-0.0174232036806643,2.027003855071962,0.2968941435217857,0.0002682375
848,-209.5429783408333,0,-0.003991325304377824,0.8029977255500853,0.28800773024559023,0.00026819999999999996
849,-209.9001385172644,0,-0.013489226473029702,0.5276428895071149,0.2722606435418129,0.00026816249999999997
850,-239.66377194662897,0,-0.02463526347031196,1.4073617401228855,0.25298116869396636,0.00026812499999999997
851,-212.18010055104185,0,-0.02210654995869845,0.2346899417694658,0.2382179306820035,0.0002680875
852,-506.8773137906906,0,0.0033378280699253083,213.7375354554918,0.22732096397214466,0.00026805
853,-224.19564980431946,0,-0.012867667665705084,2.4072247233241795,0.22623468339443206,0.0002680125
854,-227.48540638061417,0,-0.0233524853311893,0.31728080039223033,0.21747401687833998,0.000267975
855,-123.508675640485,0,-0.011150450468994677,26.820113468170167,0.21202688254415988,0.00026793749999999995
856,-231.15916570976302,0,-0.02046618387103081,4.774924185706509,0.21364947424994574,0.0002679
857,-149.63094209397528,0,-0.01714416507165879,25.92675083577633,0.21821069139987231,0.00026786249999999996
858,-230.8313974245417,0,-0.003609053304211961,8.43759258310828,0.21973692311180962,0.00026782499999999996
859,-236.81019241827056,0,-0.01265324368658993,2.8911505195829603,0.2237741685575909,0.00026778749999999997
860,-135.97772259700838,0,-0.012989142583683133,12.335853792726994,0.2232518246397376,0.00026775
861,-239.34339948147147,0,-0.004872030516465505,6.657128740019268,0.2231975136531724,0.0002677125
862,-231.13683565938697,0,-0.0034043465585758288,3.525191033548779,0.2179708908001582,0.000267675
863,-720.5451374203967,0,-0.014848276548501517,741.9354748196072,0.21750722643401887,0.0002676375
864,-229.02847720857642,0,-0.007656806479725573,2.231364011267821,0.21512202421824136,0.0002676
865,470.86121806297757,1,0.0002348547490934531,2504.173949432373,0.20876149261991184,0.00026756249999999995
866,337.15425921774505,1,0.002216852984080712,1473.61829884847,0.20850712259610493,0.000267525
867,-125.69410960777651,0,-0.010407385852886364,132.9826952934265,0.2081651370972395,0.00026748749999999996
868,-4305.40524439019,0,-0.005778646920072405,645.8761443439283,0.21346909058721442,0.00026744999999999997
869,435.69885764488174,1,0.02169041549121695,776.4076403890338,0.22344713721956524,0.0002674125
870,-121.92090884081529,1,-0.000650521571515128,1854.9929550170898,0.22446983940899373,0.000267375
871,-4177.703224407159,0,-0.007389852737909869,445.26384945794155,0.23364554831856174,0.0002673375
872,-115.61978704656156,0,-0.0023955605225637554,262.91813335418703,0.2525876060128212,0.0002673
873,-135.2024982382371,0,-0.004948657122440636,105.82653892040253,0.2528025209903717,0.00026726249999999994
874,-109.02505194283303,0,-0.001910439704079181,43.77076571583748,0.2524579972028732,0.000267225
875,514.6592279663942,1,-0.003514728369191289,2968.2380233764648,0.2527939610183239,0.00026718749999999996
876,-4947.60813052641,0,-0.004954143355395278,335.8432081724468,0.2578904678947047,0.00026714999999999996
877,-205.40493358535343,0,-0.006174837186699733,160.63640947341918,0.2660202901810408,0.00026711249999999997
878,-220.2167978284547,0,-0.009302866458892823,175.3037100655692,0.2672002843448094,0.000267075
879,-225.1277480425978,0,-0.012108841282315552,90.39964941740035,0.26837620623409747,0.0002670375
880,-271.5081187454144,0,-0.008288780134171248,62.45766936408149,0.26818250947528416,0.000267
881,-84.57790209485857,0,-0.015607256023213268,34.523592287302016,0.2633050408214331,0.0002669625
882,-225.38672368690408,0,-0.00419299912173301,59.587374818325046,0.26442123502492904,0.000266925
883,-131.16459391190932,0,-0.01617941267655364,54.66765447344099,0.2661600640841893,0.0002668875
884,-242.843281494331,0,-0.017063055518600677,37.22505274083879,0.2672502918375863,0.00026684999999999995
885,-71.75268130595667,0,-0.01299418090576572,15.863870429992676,0.2665859750338963,0.00026681249999999996
886,-145.52564335062846,0,-0.016004164615047296,25.314648498807635,0.2555152356624603,0.00026677499999999997
887,-92.32330531594044,0,-0.003874243819154799,6.394245286285877,0.25201207101345063,0.00026673749999999997
888,-223.7780910554244,0,-0.012333698570728302,20.844249584939746,0.2564864569240146,0.0002667
889,-80.11936290403176,0,-0.027774005732499062,5.494172576069832,0.25251645445823667,0.0002666625
890,-5662.362583219853,0,-0.004636428191473609,387.7596069737485,0.2523295195479142,0.000266625
891,-5659.980713369073,0,-0.003963864349613064,501.22849165263926,0.2604633971264488,0.0002665875
892,-116.12645188619204,0,-0.01960589635418728,12.947216486930847,0.26435886025428773,0.00026654999999999995
893,-54.60811700980172,0,-0.017715548424582395,6.676277845246451,0.25708593811307634,0.0002665125
894,-227.36680697530525,0,0.010112387542095449,19.565560526980295,0.2556984371609158,0.00026647499999999996
895,-147.64183012537148,0,0.0005902060307562351,11.718953561782836,0.256286808103323,0.0002664375
896,-218.35259691422192,0,-0.01660227975808084,11.6540697991848,0.2555513622239232,0.00026639999999999997
897,-232.31722188982405,0,-0.0007968593738041819,7.381610699743033,0.24854515884071587,0.0002663625
898,-62.39848438832847,0,-0.0019345206607665334,170.77726603916713,0.2500238925218582,0.000266325
899,535.7713972631861,1,0.07183645758777857,13745.097376569112,0.2502959450085958,0.0002662875
900,-479.3143979817293,1,-0.0022560817922931166,6769.797314453125,0.2505352169275284,0.00026624999999999994
901,478.14711432958575,1,-0.008242977922782302,3597.96448059082,0.2509427942335606,0.0002662125
902,508.9465572666322,1,0.0041849976405501366,3422.3927052815757,0.25105689764022826,0.00026617499999999995
903,-147.7341322150809,0,0.01578435330884531,240.14660639762877,0.2505442101508379,0.00026613749999999996
904,-214.8827663436569,0,-0.008541388297453522,186.63132457733155,0.2486704021692276,0.00026609999999999996
905,-5615.26594257222,0,-0.004282085999454323,536.0186894040359,0.2534551275403876,0.00026606249999999997
906,-3863.7144498809407,1,-0.0024807801051065326,2918.95395690918,0.2670805847644806,0.000266025
907,559.4743737471215,1,-0.009296152441917609,2291.951771036784,0.2706433554490407,0.0002659875
908,570.946304282662,1,-0.006695618754019961,1929.2542633056642,0.2711720883846283,0.00026595
909,-175.4880546479282,0,-0.0018217868666397408,473.1775325775146,0.2704674631357193,0.0002659125
910,-4667.475300429523,0,-0.006777238639953889,988.2285664508217,0.27362917724408603,0.000265875
911,-117.73448705244222,0,-0.017934359062928708,297.6679714679718,0.2853172443807125,0.0002658375
912,556.9686518280143,1,0.0012060987763106823,1557.1842834472657,0.2851304531097412,0.00026579999999999996
913,538.0607632400533,1,-0.007617161422967911,720.533536529541,0.28494264334440234,0.00026576249999999996
914,-105.9991340978667,0,-0.0055121431709267196,379.5391103744507,0.2838273987174034,0.00026572499999999997
915,612.4005293875693,1,-0.030644584633409976,1302.6505508422852,0.27927327156066895,0.0002656875
916,424.7689702028376,1,-0.009285806689877062,745.8607322692872,0.2786917597055435,0.00026565
917,-967.1215748771142,1,0.0007705725729465485,4047.160575358073,0.27862295309702556,0.0002656125
918,-5833.084314170958,0,-0.007128127331012174,485.45276733636854,0.2837800289455213,0.000265575
919,460.93137737975627,1,-0.007311854709405452,6330.885009765625,0.2983350157737732,0.00026553749999999994
920,-4525.446213487632,1,-0.006147286268498968,2075.1372884862562,0.3030335433342878,0.0002655
921,576.3372282668722,1,0.007421939820051193,4756.132556152344,0.3078564375638962,0.00026546249999999995
922,-605.5125500715158,1,-0.001780088092200458,6597.8573046875,0.3080719041824341,0.000265425
923,543.8028388146504,1,-0.004775048885494471,8197.436376953125,0.30846977084875105,0.00026538749999999997
924,-220.48751429580355,0,-0.01041796227717506,296.69862793513704,0.30684015963758743,0.00026534999999999997
925,523.9427123065092,1,-0.005222286283969879,1163.315815226237,0.2983557293812434,0.0002653125
926,529.4231315470697,1,0.0060187125578522686,2335.3885711669923,0.29725139737129214,0.000265275
927,-74.44292737643383,0,-0.007850673285845135,269.4376403536115,0.2950124936444419,0.0002652375
928,-1001.5823483267804,1,0.0021041410309927803,3257.6385367257253,0.28656906357833317,0.0002652
929,454.7707044691686,1,-0.0059479927644133564,461.06165008544923,0.28707543611526487,0.00026516249999999995
930,-3999.5769372414024,1,-0.006044931442011148,4208.9847785949705,0.2859804451465607,0.000265125
931,493.69445182929775,1,-0.03898302144370973,890.6348583221436,0.2871793955564499,0.00026508749999999996
932,381.64247093667063,1,-0.010010040290653706,562.2305770874024,0.2867532587051392,0.00026504999999999996
933,-177.85815683474218,0,-0.006497457670047879,326.8707412600517,0.28608309775590895,0.00026501249999999997
934,461.99708849086744,1,-0.00040402791928499936,1653.0863159179687,0.28444611430168154,0.000264975
935,-57.199785756152366,0,-0.012235603907278606,683.9020033155169,0.28371823344911845,0.0002649375
936,453.0345253806985,1,-0.054243572413300474,1985.8521390279134,0.2819146474202474,0.0002649
937,-112.47143570647272,0,-0.008198010688647627,226.80286231040955,0.28279459178447724,0.00026486249999999994
938,-5552.4944334231095,0,-0.004672197894634385,530.8505317110764,0.2957339437384354,0.000264825
939,437.9885613199825,1,-0.014600343480706214,1349.4439267539979,0.31990948915481565,0.00026478749999999995
940,477.7578361780396,1,-0.0014386981725692748,1593.2559280395508,0.32155097275972366,0.00026475
941,-746.0423301565095,0,-0.0029587184195406734,1242.2991451263429,0.32454660162329674,0.00026471249999999996
942,584.356154862346,1,-0.020397254172712563,1976.253109741211,0.3303213566541672,0.00026467499999999997
943,-5832.710465033038,0,-0.0045118977266706915,1066.6580162700855,0.33569704858880295,0.0002646375
944,505.359434160045,1,0.006361061637289822,3281.0676025390626,0.34732874035835265,0.0002646
945,-171.68438514620192,0,-0.0119068221721266,438.18075253622874,0.3473222834723336,0.0002645625
946,568.6285453433533,1,-0.01266663009300828,773.8576232910157,0.34682476818561553,0.000264525
947,-62.8549574555068,0,-0.017139474861323833,309.19653568267825,0.34515611359051296,0.0002644875
948,572.7803389431742,1,0.012620424595661461,979.5559661865234,0.3364636957645416,0.00026444999999999995
949,606.7086493284934,1,0.007195833045989275,662.981282043457,0.3364629313349724,0.00026441249999999996
950,-76.26836765300345,0,-0.006648710004187056,539.6637168339321,0.33525206020900183,0.00026437499999999996
951,521.5735415626309,1,-0.014460659510223194,437.4815505981445,0.3327938333153725,0.00026433749999999997
952,543.5101481898765,1,-0.0191646839492023,294.43051986694337,0.3329977750778198,0.0002643
953,-104.96492138038502,0,-0.005208430878285851,717.5998211451939,0.33292221767561775,0.0002642625
954,517.084662434474,1,-0.021494633035035803,298.6420387268066,0.32983633875846863,0.000264225
955,524.9418520661841,1,-0.012086119595915079,707.2446380615235,0.33333347737789154,0.0002641875
956,587.6418104997166,1,-0.032688261970179155,453.27770080566404,0.33216941356658936,0.00026415
957,-263.38680192243066,0,-0.010757307415562016,941.6476585933141,0.32850543175424846,0.0002641125
958,566.468546055455,1,-0.026069719600491224,342.0038589477539,0.32298314571380615,0.00026407499999999995
959,541.5776931524215,1,-0.015961578395217658,335.9070053100586,0.3226632609963417,0.0002640375
960,-2080.1841381894196,1,-0.0013425969570461246,3026.2487258911133,0.3223222576909595,0.00026399999999999997
961,555.4092866676164,1,-0.029944144189357758,339.75517692565916,0.3255366519093513,0.00026396249999999997
962,373.11096277366033,1,0.008480993611738086,2367.951123046875,0.3246358335018158,0.000263925
963,-97.59871043036738,0,-0.006903778051491827,299.84745613336565,0.3215420462191105,0.0002638875
964,-238.9004395945236,0,-0.005287245831762751,578.9441336313884,0.30931667536497115,0.00026384999999999994
965,599.113072598135,1,0.02181111928075552,3268.9552978515626,0.30354689061641693,0.0002638125
966,496.72127542444264,1,-0.01854765471071005,787.6304214477539,0.30265325009822847,0.00026377499999999995
967,-152.07229646191774,1,-0.02977350689470768,6591.920947265625,0.30307975709438323,0.0002637375
968,-893.7167433617757,0,-0.0016096666571684183,1459.7198692321776,0.3061103992164135,0.00026369999999999996
969,-167.12928378087636,0,-0.0036290377910648073,170.65091086796352,0.3133025658982141,0.00026366249999999996
970,-223.007628351708,0,-0.01568298294608082,165.3756626401629,0.3043511084147862,0.00026362499999999997
971,-222.49452617923478,0,0.001283024384507111,105.63349492209298,0.2911375718457358,0.0002635875
972,-207.987499461183,0,-0.006953116399901254,77.98513283388955,0.2872287281921932,0.00026355
973,-32.200176906406114,1,-0.0009312895747522513,6964.687516276042,0.2823433756828308,0.0002635125
974,-221.86508387196636,0,-0.013342804707852858,78.29129220417568,0.2803134330681392,0.000263475
975,436.1455143699671,1,-0.002583096455782652,9316.036303710938,0.27087377309799193,0.0002634375
976,580.0607341831608,1,0.004723611962981522,6708.710375976562,0.26967671811580657,0.00026339999999999995
977,-210.78252766570074,0,-0.06912990369601175,104.72086772024632,0.27117345482110977,0.00026336249999999996
978,-150.43866262665998,0,-0.010527620597609451,92.5985942023141,0.27240794386182515,0.00026332499999999996
979,-211.93674441036703,0,-0.0042191373716507635,62.48798640114921,0.26632982407297406,0.00026328749999999997
980,-1202.6609294537275,1,-0.009374877913588923,3708.533062744141,0.2741914221218654,0.00026325
981,-2956.351951360802,1,0.0001495926386930726,3945.7631669477983,0.2772846842353994,0.0002632125
982,391.02130376486326,1,-0.007094514463096857,8444.139318847656,0.27849778681993487,0.000263175
983,472.9239601387046,1,0.000541794253513217,4981.009295654297,0.2785201147198677,0.0002631375
984,540.9865693139055,1,-0.010408478742465376,3030.9223571777343,0.2784672886133194,0.0002631
985,589.9877415471342,1,-0.024301354517228903,2145.48125,0.27841660380363464,0.00026306249999999995
986,516.1157598336601,1,-0.0424539839848876,745.3245025634766,0.2792567253112793,0.000263025
987,508.4785811266009,1,-0.0006936931982636452,341.3163829803467,0.280030357837677,0.00026298749999999996
988,-76.99738296438342,0,-0.005915860219725541,618.2765947614397,0.27948771033968245,0.00026294999999999997
989,463.5628781821039,1,-0.009865915391128511,1379.596612548828,0.2770194947719574,0.0002629125
990,-773.8992221230167,0,0.02314135911874473,1601.4195851802826,0.27606848776340487,0.000262875
991,-261.70373341227594,0,-0.02252034614128726,270.7782776696341,0.2753390950816018,0.0002628375
992,-244.4084857797122,0,-0.01100506086700729,120.2837807246617,0.27005307844706944,0.0002628
993,-164.8544750282503,0,-0.016482938027807644,82.10336856842041,0.26357021842684064,0.00026276249999999994
994,-229.43158059343108,0,-0.0196008097846061,46.15433085560799,0.25952952466905116,0.000262725
995,462.1579242383935,1,0.020245221070945264,939.971095275879,0.26706728115677836,0.00026268749999999995
996,432.63513554365363,1,-0.014234666875563563,603.2312358856201,0.268784886598587,0.00026264999999999996
997,90.91547444740496,1,-0.0019837758814295133,4885.301570638021,0.2684116800626119,0.00026261249999999997
998,8.10041812442853,1,-0.002758215693756938,3768.436590576172,0.2687803842127323,0.00026257499999999997
999,164.92446821042418,1,-0.03223004527390003,3277.3326171875,0.26945333182811737,0.0002625375
1000,-132.7939948857135,0,-0.01057669600205762,157.22186979566303,0.2687767965453012,0.0002625
1001,602.8540465822912,1,-0.01307255458086729,4480.939025878906,0.26639835983514787,0.0002624625
1002,553.8100435209135,1,-0.0230371268466115,987.1033386230469,0.26653003245592116,0.000262425
1003,526.9218112003334,1,-0.03625844393391162,1010.6247039794922,0.2667240262031555,0.00026238749999999995
1004,264.1327653757005,1,-0.07340299642334382,3096.0160842895507,0.26687635978062946,0.00026235
1005,395.5453072946949,1,-0.00362634104967583,3122.3464111328126,0.2666719973087311,0.00026231249999999996
1006,-185.0157378500092,0,-0.008635992692351074,615.7228324890136,0.26809890695980615,0.00026227499999999996
1007,-121.89867664845573,0,-0.011206342386347906,174.70536054883684,0.2686092849288668,0.00026223749999999997
1008,523.3537012442424,1,0.013792558247223497,1625.8721649169922,0.2583375871181488,0.0002622
1009,400.313187558017,1,-0.007720960602164269,1080.3623736572265,0.2562019658088684,0.0002621625
1010,154.47499988482056,1,-0.011833573567370574,2752.2455932617186,0.2540714075167974,0.000262125
1011,313.0283197696163,1,-0.0128480965582033,633.2910428365071,0.252651313940684,0.0002620875
1012,429.6435766971763,1,-0.010273143891245127,777.5119296264648,0.2487087792158127,0.00026204999999999995
1013,-2963.7335489933503,1,-0.007571821582193176,3143.943550745646,0.24984657776852448,0.0002620125
1014,323.72371172231254,1,-0.00550614974151055,267.49072214762367,0.2557451685269674,0.00026197499999999996
1015,-1782.5552395927937,1,-0.009668203513137996,2601.756256713867,0.24990602985024452,0.00026193749999999996
1016,453.6308573349959,1,-0.0034935927134938536,702.4052139282227,0.25927646905183793,0.00026189999999999997
1017,307.25393401976464,1,0.003513902903068811,1889.3444442749023,0.2598566710948944,0.0002618625
1018,584.7195481549322,1,-0.008990462170913815,3714.698114013672,0.26034183502197267,0.000261825
1019,450.8470613036584,1,-0.012302926313714125,950.3275833129883,0.26066322028636935,0.0002617875
1020,273.7314417096702,1,-0.012122213421389461,435.2035110473633,0.26180527567863465,0.00026175
1021,-611.2442581858488,1,-0.0030082964072270053,3932.9883527483257,0.2640036804335458,0.0002617125
1022,478.48118774968276,1,-0.014934730836345503,768.4192810058594,0.26867466866970063,0.00026167499999999995
1023,511.1683864563315,1,-0.009225003110865751,1211.4699961344402,0.2688543081283569,0.0002616375
1024,-376.1562593324708,1,-0.007681232457980513,8136.441632080078,0.2698614150285721,0.00026159999999999996
1025,535.6386453851896,1,-0.007314542029052973,1529.413345336914,0.27080169320106506,0.00026156249999999997
1026,136.27851791904766,1,0.03549728156067431,4515.583880615234,0.27152227982878685,0.000261525
1027,553.4238394776451,1,-0.018772915285080672,982.5808135986329,0.2726101080576579,0.0002614875
1028,347.13701126490906,1,0.03189070938824443,2027.1665840148926,0.27296625077724457,0.00026145
1029,535.4700969428469,1,-0.025877745915204288,1579.7772837320963,0.27217427591482796,0.0002614125
1030,471.3717158455469,1,-0.029506160194675127,598.5390970865885,0.27142309844493867,0.00026137499999999994
1031,556.0284517937699,1,-0.00549504030495882,1686.3932067871094,0.27019132673740387,0.0002613375
1032,453.6912312733448,1,-0.0018368049311296394,609.4739227294922,0.27013123631477354,0.00026129999999999995
1033,535.6783555594268,1,0.00821167384274304,949.6888992309571,0.27109428495168686,0.0002612625
1034,488.377612230974,1,-0.019327926697830358,458.16883188883463,0.2721415420373281,0.00026122499999999997
1035,554.1031658070981,1,-0.011560907028615475,754.3330657958984,0.2724213838577271,0.00026118749999999997
1036,509.8780545964297,1,-0.01759604395677646,576.4805877685546,0.2713422934214274,0.00026115
1037,529.6345168809115,1,-0.0454414208070375,435.6568313598633,0.26884762942790985,0.0002611125
1038,472.48027980205427,1,-0.023694858979433776,730.2981903076172,0.2700861945748329,0.000261075
1039,587.4029693085806,1,-0.0007345739286392927,341.2865993499756,0.2717703580856323,0.0002610375
1040,473.86946914355946,1,-0.0072817630134522915,914.2104532877604,0.27257197598616284,0.000261
1041,-843.980025397164,0,-0.024319023895077407,2297.3040422502904,0.27189802676439284,0.00026096249999999995
1042,488.7759863367887,1,-0.014049948495812713,308.5259216308594,0.27475674748420714,0.00026092499999999996
1043,448.7400090574151,1,-0.02064399952068925,1223.6994750976562,0.2754674986004829,0.00026088749999999996
1044,569.6400661242593,1,0.010230807028710842,507.1624465942383,0.27446515411138533,0.00026084999999999997
1045,530.0195082188325,1,0.006735398853197694,464.49055404663085,0.2742693603038788,0.0002608125
1046,519.2678673208231,1,-0.041640862729400395,751.9054794311523,0.2758964002132416,0.000260775
1047,327.36222211555236,1,-0.0031808081238220137,2240.3901875813804,0.2749096075693766,0.0002607375
1048,506.464866873763,1,-0.011074499599635601,808.1046030680338,0.27527366479237875,0.0002607
1049,596.4631924227702,1,-0.013206759141758085,514.2718406677246,0.27564773708581924,0.0002606625
1050,536.3724324130418,1,0.004175436944933608,624.6858963012695,0.27761455327272416,0.000260625
1051,570.0878348484728,1,0.011652561277151108,825.5053751627604,0.2765745868285497,0.00026058749999999996
1052,576.0310017603971,1,-0.040349582023918626,344.6765960693359,0.27166532874107363,0.00026055
1053,560.4072053929855,1,-0.03945382218807936,104.91437301635742,0.26563696563243866,0.00026051249999999997
1054,457.9285990059789,1,-0.0015917707700282336,1203.9789123535156,0.2581649199128151,0.000260475
1055,550.4530654637437,1,-0.017186182783916593,463.80409088134763,0.25533090233802797,0.0002604375
1056,533.7616752653856,1,-0.04502495918422937,521.6302490234375,0.2533010601997375,0.0002604
1057,524.753437397033,1,-0.01282159611582756,643.7540568033854,0.25002381453911465,0.00026036249999999994
1058,-223.57050510834398,0,0.002024928117558981,1218.297564570109,0.24693470274408658,0.000260325
1059,502.17150336625895,1,-0.01868486530147493,1598.9938842773438,0.24184058085083962,0.00026028749999999995
1060,530.4208220265525,1,-0.04968893761746585,939.1882827758789,0.239724280834198,0.00026024999999999996
1061,574.2095289381145,1,-0.017439262242987752,597.3725936889648,0.23647697269916534,0.00026021249999999996
1062,461.6103989416241,1,-0.014574000798165797,818.3697074890136,0.2390648078173399,0.00026017499999999997
1063,466.0499639482688,1,-0.014740781548122564,813.5391805013021,0.24355374972025554,0.0002601375
1064,592.4615516201291,1,0.03343222985859029,1205.8279312133789,0.2436513975262642,0.0002601
1065,434.28302531293224,1,-0.017577746347524226,1163.2400970458984,0.24430235251784324,0.0002600625
1066,417.6257847473563,1,-0.012530620644489924,1297.3725667317708,0.24407094915707905,0.000260025
1067,347.9531277800164,1,-0.00505002326099202,3630.0230712890625,0.24231713488698006,0.0002599875
1068,436.4275955992931,1,-0.010392674896866082,1081.330795288086,0.2440713845193386,0.00025995
1069,593.8770957734051,1,-0.04156194860115647,1346.778631591797,0.2469883032143116,0.00025991249999999995
1070,344.3680033873991,1,-0.021226207353174688,2037.50146484375,0.24848403185606002,0.00025987499999999996
1071,-173.564526912441,0,-0.005768112558871508,429.2205699284871,0.2489942451318105,0.00025983749999999997
1072,487.21717236034425,1,-0.01393351131118834,656.1065078735352,0.24361853525042534,0.00025979999999999997
1073,587.6582226626497,1,-0.010361891612410546,2291.611651611328,0.23862652331590653,0.0002597625
1074,380.71218874803446,1,-0.002789427945390344,1771.587826538086,0.23829475045204163,0.000259725
1075,498.2785286220448,1,-0.001930330743198283,1482.8435028076171,0.2406041480600834,0.0002596875
1076,586.7955070119768,1,-0.030203378573060036,1477.0145141601563,0.2395989790558815,0.00025964999999999994
1077,579.4086377181118,1,-0.055360897071659566,412.3127586364746,0.23894558176398278,0.0002596125
1078,461.5771937544466,1,-0.013139170221984386,2436.570275878906,0.23757627308368684,0.00025957499999999995
1079,572.1367363229582,1,-0.012334349006414414,247.58833541870118,0.23647072166204453,0.0002595375
1080,546.4130685978306,1,-0.008006572350859642,722.7676411946615,0.2338557004928589,0.00025949999999999997
1081,597.9319355682929,1,0.00019677514210343362,298.91202144622804,0.2267096996307373,0.00025946249999999997
1082,518.4238173056694,1,-0.0011160233368476232,982.0072184244792,0.22143401155869166,0.000259425
1083,479.4344807897199,1,0.0006618352606892585,415.95299072265624,0.21926536560058593,0.0002593875
1084,573.4007022480889,1,-0.033875835745129736,869.991813659668,0.21954158022999765,0.00025935
1085,540.4925937691894,1,-0.0163705593906343,779.8946044921875,0.21533980071544648,0.0002593125
1086,518.1960820299875,1,-0.01748665894071261,804.6899790445964,0.2079509953657786,0.00025927499999999995
1087,533.718108581631,1,-0.020097845490090548,1037.8753845214844,0.2090013861656189,0.0002592375
1088,366.2331191230255,1,-0.019102771766483784,2162.92822265625,0.20865490138530732,0.00025919999999999996
1089,532.5977886252165,1,-0.0460929311113432,797.7083491027355,0.20648427903652192,0.00025916249999999996
1090,558.2305014076996,1,-0.0034145296842325477,515.3440605163574,0.20684153437614441,0.00025912499999999997
1091,602.9835513613982,1,0.040571851865388454,473.1439121246338,0.20632270723581314,0.0002590875
1092,571.9081850021748,1,-0.010807657598828275,655.9401728312174,0.20591760128736497,0.00025905
1093,501.00305345650156,1,-0.037117368852098785,899.9665374755859,0.20827591468890508,0.0002590125
1094,525.9251973112755,1,-0.011928866244852543,557.6549224853516,0.21154615084330242,0.00025897499999999994
1095,504.50690199974395,1,-0.022727801860310138,389.43981475830077,0.21267179772257805,0.0002589375
1096,-62.86606780380316,1,-0.006773156113922596,4795.697200520834,0.2166100859642029,0.00025889999999999995
1097,560.0140266372364,1,-0.0315409722737968,347.58468132019044,0.21765080094337463,0.0002588625
1098,556.6812809691835,1,-0.015236638206988572,264.48309631347655,0.21423507928848268,0.00025882499999999996
1099,390.8511284962637,1,0.1685735277432416,764.6431539263044,0.21178734472819738,0.00025878749999999997
1100,-552.1304522460812,1,0.012329723360016942,11092.594488811494,0.23065361082553865,0.00025875
1101,474.26804428052867,1,0.020080526638776065,1314.660302734375,0.23549748063087464,0.0002587125
1102,-5339.144742497353,0,-0.014359767357573697,705.3189315444545,0.25429769064250746,0.000258675
1103,-5341.552301013947,0,-0.0018758152023349937,527.6631530259785,0.2948962362189042,0.0002586375
1104,361.7331003045965,1,-0.013528953830245882,7811.152612304688,0.3068630337715149,0.0002586
1105,344.2082766245266,1,0.0021760734380222857,6314.4541015625,0.3077777802944183,0.00025856249999999995
1106,-5235.072662588232,0,-0.0056696917052919925,492.4889761623583,0.31714098139813074,0.000258525
1107,491.7936248935884,1,-0.010759083088487387,2148.2074432373047,0.33106434941291807,0.00025848749999999996
1108,-4427.301347614076,0,-0.0068341012161813285,560.0857912766306,0.34040518810874537,0.00025844999999999997
1109,-209.2138420214194,0,-0.006678356993943453,520.8831993103028,0.3564414459466934,0.00025841249999999997
1110,-106.7325439051651,0,-0.013669935121045758,267.7850732167562,0.3582615951697032,0.000258375
1111,-325.5856471691064,0,-0.016060078303728784,375.2762300763811,0.36666413503033773,0.0002583375
1112,-302.42818279727277,0,-0.02630982275198524,264.7166055043538,0.36469626277685163,0.0002583
1113,-3538.5729471710742,0,-0.0044513964602215725,1879.2527776544744,0.3736332806673917,0.0002582625
1114,-124.6187476094884,0,-0.014684785017743706,437.94186935424807,0.3927098711331685,0.000258225
1115,-9.371837897762099,0,-0.014904824085533619,24.173382878303528,0.39238140831391016,0.00025818749999999995
1116,-4663.519462835199,0,0.003950898957095648,368.8530435863294,0.4030481062437359,0.00025815
1117,-371.69096934903445,0,-0.0010909735846022764,297.5972415924072,0.44268674204746883,0.00025811249999999997
1118,-198.00939510582634,0,-0.021439389636119206,37.444413900375366,0.4402170260747274,0.00025807499999999997
1119,-78.86094517481868,0,-0.008151546070196976,60.42287462552388,0.43692722817262014,0.0002580375
1120,-132.3121166719506,0,-0.019545213989913462,43.0775968170166,0.4403591203689575,0.000258
1121,-134.52534390275537,0,-0.008830998614430428,25.23705940723419,0.452080739736557,0.00025796249999999993
1122,502.1019786311716,1,-0.010662606707774103,6410.191467285156,0.4573913663625717,0.000257925
1123,-6243.824234588753,0,-0.006525736463893401,989.2140121409767,0.4576772049853676,0.00025788749999999995
1124,357.57514304557645,1,-0.013707207236438989,1761.89677734375,0.45923964828252795,0.00025784999999999995
1125,187.90384289836507,1,-0.033061402228971325,2255.3440409342447,0.4598466694355011,0.00025781249999999996
1126,-208.5718289045345,0,-0.007866872314895903,114.39258454186576,0.45675003400870734,0.000257775
1127,275.95868438120823,1,0.0024613124628861745,1320.8332832336425,0.44556252161661786,0.00025773749999999997
1128,-229.46417806968503,0,-0.023641498134072337,83.78244669778006,0.4485711932182312,0.0002577
1129,-214.64591312147448,0,-0.010259595360340816,30.359012951169696,0.4576693419899259,0.0002576625
1130,-132.77781555806672,0,0.004528908511357648,1678.1174688884191,0.45112886258534024,0.000257625
1131,425.3445063495922,1,-0.02096302406862378,1685.114855041504,0.45171642243862153,0.0002575875
1132,406.6383062285567,1,-0.014029411521429816,602.8652437845866,0.45304450194040935,0.00025755
1133,-50.212980778509376,0,-0.015522857910643022,916.4625523885092,0.4558612763881683,0.00025751249999999995
1134,470.23954155926754,1,-0.006173106171190739,765.289859237671,0.4592510038614273,0.00025747499999999996
1135,-100.01767374844533,0,-0.018333130605917958,331.51187417166574,0.4595948134149824,0.00025743749999999996
1136,387.49600824956445,1,0.009412982519716024,386.7268255233765,0.4609257936477661,0.00025739999999999997
1137,-75.06623100975658,0,-0.005062699690461159,296.19897944132487,0.4633302117387454,0.0002573625
1138,-73.89316188146698,0,-0.02197529977808396,243.38121859232584,0.4624482954541842,0.000257325
1139,-69.1727441816811,0,-0.0069778920461734135,92.71767578125,0.46466631939013797,0.0002572875
1140,462.1543317816844,1,-0.007387483329512179,469.95777320861816,0.46331047639250755,0.00025725
1141,-94.87174399684967,0,-0.010427653836086393,110.30046211878458,0.46346799582242965,0.0002572125
1142,515.6834408873341,1,-0.004778350843116641,755.3249668121338,0.47473978251218796,0.000257175
1143,502.92450044732084,1,-0.04482322863768786,907.7077896118165,0.4760971665382385,0.0002571375
1144,-700.2824461888282,1,-0.009504394493997098,5366.305322265625,0.47556456327438357,0.00025709999999999996
1145,481.9956131256158,1,-0.0360688092536293,474.83778190612793,0.4754099525511265,0.00025706249999999997
1146,573.6647910438599,1,-0.005340417024369041,938.6486796061198,0.4716693550348282,0.00025702499999999997
1147,501.7633572519409,1,-0.021188408757249515,454.890060933431,0.47246528665224713,0.0002569875
1148,-112.44068035872205,0,-0.0031127591772625845,1281.4902837117513,0.4727502852678299,0.00025695
1149,-330.22129993780675,0,-0.011788573612769445,1288.2404490152994,0.4721992741028468,0.0002569125
1150,607.0301243933095,1,0.01648619178449735,3447.3175048828125,0.4724596455693245,0.00025687499999999994
1151,502.877675090531,1,0.023788047255948186,752.3111892700196,0.4724619150161743,0.0002568375
1152,-215.50886159126074,0,-0.008822416172673304,1262.2105595906576,0.4719649240374565,0.00025679999999999995
1153,-94.6989824727053,0,-0.007993357309273311,210.2937744004386,0.4690456909792764,0.00025676249999999996
1154,-64.84871073373571,0,0.02242866480456931,106.78920895712716,0.460588048185621,0.00025672499999999997
1155,-60.2840273563672,0,-0.01883277783968619,54.57870033809117,0.45957377552986145,0.00025668749999999997
1156,125.46051003605447,1,-0.005274291383102536,12520.932275390625,0.4518769159913063,0.00025665
1157,404.8459125276398,1,0.004229754162952304,4211.848425292968,0.45122972726821897,0.0002566125
1158,-229.41603780848268,0,-0.025271288922522218,540.1160258293152,0.4525565139949322,0.000256575
1159,-81.1556728040309,0,0.018819747692240135,160.17720108032228,0.45283043001379286,0.0002565375
1160,146.4506825599825,1,-0.013347828760743141,2135.228744354248,0.4450638872385025,0.00025649999999999995
1161,-185.85705172791532,0,-0.016446040171597686,442.59351351601737,0.4455594535384859,0.0002564625
1162,-78.01849448882335,0,-0.0023662313586100938,60.927496250470476,0.4454239790638288,0.00025642499999999996
1163,-128.36659557586427,0,-0.024222369292484863,94.76829592500414,0.43195408965860094,0.00025638749999999996
1164,-77.55401600908769,0,-0.0093185655772686,24.626277472575506,0.4196564257144928,0.00025634999999999997
1165,524.068563268675,1,0.05202173354725043,3549.558241780599,0.40117471615473427,0.0002563125
1166,-201.85856855406897,0,-0.0042403555342129294,193.8093720436096,0.3984725441251482,0.000256275
1167,-5397.4180840908475,0,-0.029141290860838796,451.0301231986598,0.40912727619472306,0.0002562375
1168,-17.038664419521638,1,-0.02758255327741305,4037.586710611979,0.44120283623536427,0.0002562
1169,563.8441015185749,1,0.034007910965010525,3544.721319580078,0.44232453107833863,0.00025616249999999994
1170,-1481.3887948861218,0,-0.004326134659349918,1017.7545112609863,0.4463288468122482,0.000256125
1171,-175.65447400199702,0,-0.016447402847309906,137.27997411092122,0.45691088736057284,0.00025608749999999996
1172,-139.03371911402118,0,0.012424174742773176,121.21107831001282,0.46427704840898515,0.00025604999999999996
1173,246.1792020736184,1,0.013785305060446262,4827.378924560547,0.4667876402537028,0.00025601249999999997
1174,25.358424200449804,1,0.002086979647477468,5552.766324869792,0.4673506408929825,0.000255975
1175,-31.679792839984735,0,-0.019981937933092317,57.730130974451704,0.4701336999734243,0.0002559375
1176,150.6122380750012,1,0.01976721255729596,5774.862036132812,0.47954333821932477,0.0002559
1177,371.9179297745859,1,-0.011331136524677276,4134.574047851563,0.48090930581092833,0.0002558625
1178,-4850.391441985774,0,-0.005816976588807608,509.02363986968993,0.49400469943096764,0.000255825
1179,-471.34726580696736,0,-0.014175014969493662,719.1241092136928,0.5177061796188355,0.00025578749999999995
1180,-476.2461608369934,0,-0.011640922113188675,765.4227775028774,0.5289979304586138,0.00025575
1181,-1672.0407833363804,0,0.11427925773430615,1082.625949453637,0.544874198436737,0.00025571249999999996
1182,-183.7961794325671,0,-0.017157077150685447,86.92336415563311,0.5588600550379071,0.00025567499999999997
1183,-840.080246158972,1,-0.0013193294778466225,5996.205947265625,0.5404836010932922,0.00025563749999999997
1184,-243.9109653900333,0,-0.011797665671578476,281.9783682141985,0.5406385515417371,0.0002556
1185,-1180.7052897551391,1,0.01049985136570675,5036.378300258091,0.5417578876018524,0.0002555625
1186,-224.9928523388089,0,-0.004805002148662294,14.798719109807696,0.540187736919948,0.000255525
1187,-82.68161837675828,0,-0.005575172168513139,54.39371794064839,0.5327263077100118,0.00025548749999999994
1188,-5835.896628467248,0,-0.0037242170521303228,965.48963090997,0.5368321751293383,0.00025545
1189,-272.2805734267182,0,0.005723365050341401,68.94787679399762,0.5465135455131531,0.00025541249999999995
1190,-179.6385685600423,0,-0.01973681558987924,15.015281806673322,0.5410340470927102,0.000255375
1191,-174.9549093172259,0,-0.024504628511411802,7.587853027241571,0.528971574987684,0.00025533749999999997
1192,-171.25461875868638,0,0.0070584388981972425,4.023499270847865,0.5196606584957668,0.00025529999999999997
1193,-220.56960582291802,0,-0.018519082151457648,21.035699248313904,0.5188112199306488,0.0002552625
1194,-239.46122132662182,0,-0.015125924881015504,12.957098845073155,0.5139750259263175,0.000255225
1195,-187.76880215726197,0,-0.008618705480226448,2.5260784962347578,0.5154196696622031,0.0002551875
1196,-191.96547547473574,0,-0.03172182720154524,2.243051005261285,0.5078748928649085,0.00025515
1197,-227.35982189591726,0,-0.01831988991491796,6.419735760348184,0.494557124376297,0.0002551125
1198,-209.31935629632753,0,-0.009424633373107229,1.5645318899835858,0.49646742216178347,0.00025507499999999995
1199,-188.3635454502957,0,-0.008417072825665985,1.092057667034013,0.47173070694719044,0.00025503749999999996
1200,-199.68760727528525,0,-0.015116325923840383,1.7141395909445627,0.43993268779345923,0.00025499999999999996
1201,-205.35003562302228,0,-0.006014260037669114,45.503467871035845,0.43888948134013583,0.00025496249999999997
1202,-272.6027370742882,0,-0.02053594532023583,11.860234294618879,0.4547007475580488,0.000254925
1203,-299.90578238701664,0,-0.014027018884995154,92.37469298498971,0.45494221917220523,0.0002548875
1204,-191.17854731102688,0,-0.008754290800009454,2.4762426027229854,0.4559918982642038,0.00025485
1205,-224.15755395744895,0,0.004886564186641148,8.630656141894205,0.45359824938433513,0.0002548125
1206,-182.55371162158613,0,-0.004268660991718727,1.7729956243719374,0.4492016468729292,0.000254775
1207,-229.90897057535852,0,-0.020978984901947634,6.453925316674368,0.4365101328917912,0.0002547375
1208,-79.37271437789613,0,-0.016048599114375454,42.68022509983608,0.4306875961167472,0.00025469999999999996
1209,397.9487497228543,1,0.007535760896280408,10310.810913085938,0.4309516876935959,0.0002546625
1210,-47.03484511609659,0,-0.03286517041602305,7.804492224965776,0.4292418939726693,0.00025462499999999997
1211,537.3226224321802,1,0.021393054102857908,4964.704117838542,0.42524472177028655,0.0002545875
1212,-198.09489644390737,0,-0.016421166807413103,62.090364183698384,0.4252745739051274,0.00025455
1213,-194.31562556840927,0,-0.011882389629525798,22.7084018605096,0.42898491152695245,0.0002545125
1214,572.2538589417916,1,0.008088393206708133,5033.402587890625,0.43558874130249026,0.00025447499999999994
1215,-205.8095332719578,0,-0.008510701996939523,54.75667217458997,0.43633534014225006,0.0002544375
1216,575.0467071664575,1,0.010159070556983351,4523.770147705078,0.4371365323662758,0.00025439999999999995
1217,567.1285774688547,1,-0.006480366410687566,2493.7756774902346,0.437289921939373,0.00025436249999999996
1218,-1552.2841398762712,0,-0.004194548943390449,1741.6730659484863,0.43862002458837296,0.00025432499999999996
1219,-116.42884471299678,0,-0.007266751437314919,365.0573648725237,0.44288481516497474,0.00025428749999999997
1220,-78.1284004838935,0,-0.00641067290146436,137.92041612352645,0.4427749838147845,0.00025425
1221,-75.85038808504221,0,-0.0017795368895999024,44.660959127971104,0.43997275020395005,0.0002542125
1222,571.6620292908094,1,-0.0015100989025086165,3790.306018066406,0.43647041320800783,0.000254175
1223,582.8684203032736,1,-0.0014645149931311607,2405.463528442383,0.43564224392175677,0.0002541375
1224,554.5689516487214,1,0.00813740948215127,1479.1990295410155,0.43558346331119535,0.0002541
1225,545.2863536498015,1,-0.016953745391219854,959.4860107421875,0.43553192019462583,0.0002540625
1226,538.3228703197569,1,-0.021595354843884706,234.0936264038086,0.43510775119066236,0.00025402499999999995
1227,255.1886989580248,1,-0.00876785796135664,3325.6113220214843,0.4344555541872978,0.00025398749999999996
1228,317.385606884815,1,-0.002396860346198082,4957.928527832031,0.43419367223978045,0.00025394999999999997
1229,-244.65376216595678,0,-0.008175483452422277,464.8179286956787,0.4336762492145811,0.00025391249999999997
1230,190.5360901359248,1,-0.005277971612910429,3542.813582356771,0.4312401900688807,0.000253875
1231,-188.79790561571366,0,-0.016643580182322433,225.51601494380407,0.43025070215974537,0.0002538375
1232,432.92957762715594,1,-0.002451007440686226,2229.8437744140624,0.42774815261363985,0.0002538
1233,-1235.2826634599887,0,-0.0038782017421908677,1901.8922912597657,0.42840620800852774,0.00025376249999999994
1234,586.0821038262623,1,-0.03148640210274607,3017.384814453125,0.4305522575974464,0.000253725
1235,-95.60178322253222,0,-0.012686922230447333,306.6821372350057,0.4302553544441859,0.00025368749999999995
1236,578.9235874937932,1,-0.02823128253221512,3281.317974853516,0.42879224866628646,0.00025365
1237,523.3661280813619,1,-0.025201591220684348,2073.9360015869142,0.4285342931747437,0.00025361249999999996
1238,610.4076013740537,1,-0.020003937697038055,1397.5657043457031,0.4285467565059662,0.00025357499999999997
1239,111.45740070993531,1,0.0011823127046227456,6653.87861328125,0.42857652306556704,0.0002535375
1240,-209.30418806599909,0,-0.019855405704583974,594.0354945591517,0.4285657261099134,0.0002535
1241,441.02724456291054,1,-0.0051093177063194165,3596.4385162353515,0.42838398963212965,0.0002534625
1242,497.19823309190707,1,-0.027670121751725674,496.88944778442385,0.4282637178897858,0.000253425
1243,582.3824430276046,1,-0.008293243404477835,1041.7078704833984,0.42810617238283155,0.00025338749999999995
1244,-114.20280612676711,0,-0.005831496013949315,960.0476704915365,0.428495887418588,0.00025335
1245,443.3087585786452,1,-0.00023515550419688224,1434.4017791748047,0.42883129566907885,0.00025331249999999996
1246,427.49708187020354,1,-0.020903062634170057,911.1283416748047,0.42887443453073504,0.00025327499999999996
1247,475.6825879603237,1,-0.013086817786097526,709.0249710083008,0.42933148741722105,0.00025323749999999997
1248,572.8953030231695,1,-0.0031966023379936814,490.5432949066162,0.42954976856708527,0.0002532
1249,465.9743876938587,1,-0.012014430202543735,713.0637786865234,0.4298137709498405,0.0002531625
1250,583.513362145516,1,-0.002273348905146122,323.00957717895506,0.4303705647587776,0.000253125
1251,497.35044853567956,1,-0.0244700544513762,435.0459518432617,0.43052962273359296,0.0002530875
1252,-4164.260112625291,0,-0.009325419495312067,2623.0345274705155,0.4340308631841953,0.00025305
1253,-194.12816902346486,0,-0.00865336935967207,409.8044719696045,0.4411124606927236,0.00025301249999999995
1254,-499.42618779018085,0,-0.003435696112657232,782.1825659615653,0.440358030796051,0.000252975
1255,-178.29014206615972,0,-0.017338288536605736,231.58366781870524,0.4423051744699478,0.00025293749999999996
1256,499.7359004646337,1,-0.0024215572979301215,2262.054150390625,0.44262839704751966,0.00025289999999999997
1257,559.1266431694962,1,-0.010107725858688354,1432.53828125,0.44275990277528765,0.0002528625
1258,557.7589640792518,1,-0.006757980212569237,501.89979858398436,0.44276098608970643,0.000252825
1259,540.3753852172807,1,-0.01703789075836539,303.0881629943848,0.4424050495028496,0.0002527875
1260,-114.75287570002038,0,0.0375223378517798,612.3175035170146,0.44037088666643415,0.00025275
1261,609.3222360452498,1,-0.004814322106540203,406.2681518554688,0.438328343629837,0.0002527125
1262,249.24947331344066,1,-0.010962826137741407,3913.9513631184896,0.4380682090918223,0.00025267499999999995
1263,-744.1374894373665,0,-0.0025905768387019636,1879.5802555629186,0.43919738701411654,0.0002526375
1264,593.8342070785983,1,-0.016481242794543504,738.6658386230469,0.4405549705028534,0.00025259999999999996
1265,581.3701214012102,1,-0.0154582197079435,354.93706436157225,0.44060397148132324,0.00025256249999999997
1266,394.85457294523223,1,-0.010172335663810372,1124.255776977539,0.4400286301970482,0.00025252499999999997
1267,-205.23684709395488,0,-0.0038322775236641366,665.1084637959798,0.43886404981215793,0.0002524875
1268,-221.3509250504037,0,-0.010957754869014024,350.409356376103,0.43687677000250136,0.00025245
1269,465.65350206178925,1,-0.008366276820500692,1169.0394388834636,0.43479312062263487,0.0002524125
1270,568.0351358856149,1,-0.06283197539548079,887.4776387532552,0.43465958833694457,0.000252375
1271,582.8337800052502,1,-0.003640453005209565,475.9419883728027,0.4350343644618988,0.0002523375
1272,599.7862576969168,1,-0.00931225947861094,393.957568359375,0.4347937896847725,0.00025229999999999995
1273,592.7575749244537,1,-0.013973378296941518,296.93895149230957,0.4341408371925354,0.0002522625
1274,510.63799214879435,1,-0.0049057562137022614,391.524951171875,0.43338995724916457,0.00025222499999999996
1275,571.5767705944696,1,-0.04574879822321236,112.8516637802124,0.43220897763967514,0.00025218749999999997
1276,539.7825348114089,1,-0.0022786404937505723,219.80083923339845,0.43064612746238706,0.00025215
1277,379.02466412686664,1,-0.0037747324677184224,2067.0755004882812,0.4289042428135872,0.0002521125
1278,593.5616496131805,1,-0.004244285868480802,379.52399864196775,0.42840592861175536,0.00025207499999999993
1279,557.5887862499939,1,-0.00585371982306242,299.7326473236084,0.4276974439620972,0.0002520375
1280,551.233924382297,1,-0.007036501821130514,126.03010807037353,0.42672812938690186,0.00025199999999999995
1281,579.6090264336169,1,0.00801536040380597,134.52705039978028,0.42696584910154345,0.0002519625
1282,549.4386047801214,1,-0.03236940890783444,244.71061935424805,0.4282305255532265,0.00025192499999999996
1283,596.5009487751428,1,-0.06374344112118706,131.46469841003417,0.42702044248580934,0.0002518875
1284,-80.40376471499928,0,-0.005607734011885311,784.1491832188198,0.4248798276696886,0.00025184999999999997
1285,-237.68837619234105,0,-0.013114168255456856,837.5537169320243,0.42125228941440584,0.0002518125
1286,-80.05751908215188,0,-0.009303783851542643,302.7658120564052,0.4204165641750608,0.000251775
1287,598.240103595622,1,-0.020132562983781098,1245.825601196289,0.41510608196258547,0.0002517375
1288,-404.4827154199594,0,-0.013739169540349394,652.5316905975342,0.41588909849524497,0.0002517
1289,-86.5069103686287,0,-0.0036801545481596675,166.27743292536056,0.42214635269982476,0.0002516625
1290,-526.3436583030407,0,-0.013691231503617018,395.7991812705994,0.4303153701126575,0.00025162499999999995
1291,536.3648554004227,1,-0.019795145932585002,3534.2549377441405,0.435486176609993,0.00025158749999999996
1292,-96.24513672156178,0,-0.017392437186624324,179.4584214763982,0.43663833481924874,0.00025154999999999996
1293,-96.9117584364387,0,0.010315857641398907,149.6750359398978,0.4432306855916977,0.00025151249999999997
1294,-83.07835448883077,0,-0.004492832518493136,83.63455994923909,0.4444953461488088,0.000251475
1295,596.1023971504227,1,0.007804467715322972,5764.335168457032,0.4433455839753151,0.0002514375
1296,-188.15722558771517,0,-0.004892951176900949,204.76939223834447,0.44530400931835173,0.0002514
1297,-136.51899329289552,0,-0.005634257782782827,42.399341685431345,0.4549331026417868,0.0002513625
1298,589.9324779330598,1,0.0051762906834483145,7020.245166015625,0.45624605268239976,0.000251325
1299,-1198.6990504622747,0,0.002590831054840237,1925.0424663543702,0.4582856554538012,0.0002512875
1300,456.08210340164607,1,-0.0003179476285974185,2705.2741088867188,0.46420873403549195,0.00025125
1301,-126.30302577867946,0,-0.00860417801886797,55.56939306940351,0.465670434491975,0.00025121249999999996
1302,-173.56616268816344,0,-0.0035213699298245566,67.22685074806213,0.46465489651475633,0.00025117499999999997
1303,-111.09327285332363,0,-0.04227474712367569,48.34588969094413,0.46857691492353165,0.00025113749999999997
1304,377.5287983140188,1,-0.02507580429664813,3019.915155029297,0.4658731497824192,0.0002511
1305,541.667463930781,1,-0.010183939089377722,3512.3230794270835,0.4659115582704544,0.0002510625
1306,380.19366085546596,1,-0.009007557039149105,2293.3468322753906,0.4650417611002922,0.000251025
1307,-211.8608092587403,0,-0.006432740150817803,209.14401749202185,0.46303012073040006,0.00025098749999999994
1308,-233.04879633474485,0,-0.007684124585440649,80.83877795083183,0.46455402757440295,0.00025095
1309,468.76028152361545,1,0.005027285553514957,1705.8957427978517,0.46943658888339995,0.00025091249999999995
1310,-88.45973861073745,0,0.0029310169008870918,626.2668076833089,0.47003574917713803,0.00025087499999999996
1311,486.83695616663,1,-0.018292913474142553,1257.5325296020508,0.47074196219444275,0.00025083749999999996
1312,-485.2282882811896,0,-0.009163174343605836,608.1018207550048,0.4708598454793294,0.00025079999999999997
1313,-2173.220928270088,1,-0.00567334113043866,4602.526504952567,0.47182539105415344,0.0002507625
1314,343.8042670103489,1,-0.010773329846560955,692.4462252807617,0.4739856320619583,0.000250725
1315,561.2308984107937,1,0.00678151206423839,2533.187335205078,0.4736816624800364,0.0002506875
1316,-981.7655006304203,1,-0.006542461914941669,3818.040712890625,0.4746693730354309,0.00025065
1317,471.52855975926127,1,-0.010216103913262487,833.9963104248047,0.4761775523424149,0.00025061249999999995
1318,567.2754408739492,1,0.01104429637392362,1100.805024210612,0.4765361746152242,0.000250575
1319,566.6099672886851,1,0.01098187230527401,7115.496997070312,0.4769613564014435,0.00025053749999999996
1320,553.7602799644615,1,-0.03553031074504057,726.1476160685221,0.4770155608654022,0.00025049999999999996
1321,-138.29681762771725,0,-0.004760751811166604,2227.17971089681,0.4762232859929403,0.00025046249999999997
1322,375.7912597748024,1,-0.024225888230527442,649.8908671061198,0.475912614663442,0.000250425
1323,528.8878910127728,1,-0.009202333493158221,673.26728515625,0.476914843916893,0.0002503875
1324,537.2011658661061,1,0.008136296225711704,1581.18544921875,0.4767006993293762,0.00025035
1325,564.5328241905446,1,-0.04847044739872217,336.8312638282776,0.47673570513725283,0.0002503125
1326,573.4390992960759,1,-0.033935869787819685,161.5254249572754,0.4782482415437698,0.00025027499999999994
1327,-85.42982247929358,0,0.0006222333759069443,1791.3278416951498,0.48050588766733804,0.0002502375
1328,499.43562049259333,1,-0.024462180165573954,1045.5885681152345,0.4774470701813698,0.00025019999999999996
1329,542.5749812244462,1,-0.01402453975751996,546.2015449523926,0.4760302990674973,0.00025016249999999996
1330,-1728.5076710736034,1,0.0013454516977071762,8791.383818359374,0.4751882350444794,0.00025012499999999997
1331,567.6681865163328,1,-0.03828231196384877,694.0354187011719,0.4758858233690262,0.0002500875
1332,572.8885071253551,1,-0.0045126441167667505,1928.941529083252,0.4752961367368698,0.00025005
1333,614.2080853436066,1,0.0021599173545837403,212.4762900352478,0.47480732947587967,0.0002500125
1334,582.2529391973953,1,0.012537386128678918,115.96305389404297,0.475214459002018,0.000249975
1335,564.4359657320363,1,0.012860969919711352,147.51148090362548,0.47685970813035966,0.0002499375
1336,616.3770391947878,1,-0.051827787421643734,179.09540977478028,0.4758798941969872,0.00024989999999999995
1337,564.7305110446476,1,-0.03140307996654883,141.32383155822754,0.4691852957010269,0.0002498625
1338,585.3629007746742,1,-0.09634272633120418,60.261468696594235,0.45952172875404357,0.00024982499999999996
1339,601.3471944782501,1,0.061635985132306816,151.1488883972168,0.45209633111953734,0.00024978749999999997
1340,533.2631292999164,1,0.000722987437620759,165.4056537628174,0.4500728100538254,0.00024974999999999997
1341,554.9104299737669,1,-0.006287906225770712,122.59349575042725,0.44849030375480653,0.0002497125
1342,-149.1292483853399,0,0.0025057630923887094,1543.5904256184897,0.4440641313791275,0.000249675
1343,-44.32287802648808,0,-0.006998953068008026,675.453225962321,0.4385683039824168,0.0002496375
1344,-8442.851286665353,1,-0.004776674357708543,3306.9056266188622,0.4402050919830799,0.00024959999999999994
1345,553.3547206316601,1,-0.015337246563285589,747.1558120727539,0.44757686406373975,0.0002495625
1346,595.7863113222008,1,0.026356909051537515,491.7394588470459,0.44776411652565,0.00024952499999999995
1347,554.7390366350556,1,-0.028241918300045653,229.81150512695314,0.4472275674343109,0.0002494875
1348,-337.07577768002113,0,-0.008338973484933376,2476.79152730306,0.4446495398879051,0.00024944999999999996
1349,588.6896959602176,1,-0.05371420467272401,348.7078063964844,0.444000107049942,0.00024941249999999997
1350,588.0777289020034,1,-0.056131771951913836,76.65764207839966,0.4420530140399933,0.000249375
1351,594.6761943687128,1,-0.025124804815277457,155.8878993988037,0.43869124799966813,0.0002493375
1352,566.2809185249273,1,-0.0909362125210464,69.4580852508545,0.43690829128026965,0.0002493
1353,555.8405732495938,1,-0.0029693257063627245,228.84980888366698,0.4311559796333313,0.0002492625
1354,-79.46264741833558,0,0.007258554641157389,1197.585989634196,0.4259156356255213,0.000249225
1355,627.8703456947488,1,0.12029679352417588,688.0052642822266,0.425737327337265,0.00024918749999999995
1356,-113.91093271104384,0,0.006661545997485518,1022.4023735046387,0.42659797668457033,0.00024914999999999996
1357,535.8787738992003,1,-0.012056833831593394,1905.346044921875,0.42310694307088853,0.00024911249999999996
1358,536.3956019194113,1,0.035277874767780305,1642.833932495117,0.42280327876408896,0.00024907499999999997
1359,584.2973884790201,1,-0.005664361175149679,1215.4083740234375,0.423458993434906,0.0002490375
1360,600.6691429062219,1,-0.008795463386923075,1397.7420555114745,0.4237909778952599,0.000249
1361,600.4778921549532,1,0.05226447423920035,597.9642791748047,0.4241285383701324,0.0002489625
1362,524.7927546007099,1,-0.016968647390604018,1023.8019643147786,0.4236914853254954,0.000248925
1363,572.2429805415012,1,-0.007112579979002475,509.7680122375488,0.4233303666114807,0.0002488875
1364,587.7153669031388,1,0.026750997081398963,1245.1945632934571,0.4247161105275154,0.00024885
1365,596.2668959648114,1,-0.03467204589396715,300.8350904464722,0.42491045594215393,0.00024881249999999996
1366,595.7093062704357,1,-0.009173623961396515,156.1429780960083,0.4235285595059395,0.000248775
1367,589.1523808577142,1,0.10769662739088139,788.2638564427693,0.4179378350575765,0.00024873749999999997
1368,-50.46183958837025,1,0.02321185392017166,7378.859513346354,0.41291484534740447,0.0002487
1369,-219.39566760471772,0,-0.004484290823165793,960.9593561172485,0.41130598485469816,0.0002486625
1370,-5142.947357685337,0,-0.008492571997799372,1555.5934254997655,0.41907583098662526,0.000248625
1371,-184.09415100367795,1,-0.0022266822090993327,3374.7517150878907,0.4524286583065987,0.00024858749999999994
1372,396.8226713136909,1,-0.014808991539757699,7968.425634765625,0.4545273169875145,0.00024855
1373,-1460.1578647128654,1,-0.023069413555786015,2353.2659744262696,0.45825707137584687,0.00024851249999999995
1374,-82.95005603347695,0,-0.011728152570625146,399.5851098378499,0.462700229883194,0.00024847499999999995
1375,108.14023250701115,1,-0.006274729054421186,2793.306494140625,0.45595916867256164,0.00024843749999999996
1376,-5742.670666643394,0,-0.008333794895167413,397.9421116527758,0.4616497742502313,0.0002484
1377,-40.41548407422147,1,-0.005823332304134965,7479.927546691894,0.4769377619028091,0.00024836249999999997
1378,-345.799328941123,1,-0.11137160114943981,10836.691772003174,0.47751168489456175,0.000248325
1379,-2301.81158281903,1,-0.004509506933391094,1336.1302445729573,0.478895819435517,0.0002482875
1380,-37.86987197712011,1,-0.008423001101861397,2410.400325520833,0.48092055519421895,0.00024825
1381,-5043.930870077225,0,-0.0043253484770263495,269.70703835487365,0.4987921068542882,0.0002482125
1382,-76.20328131224747,0,-0.004528382544716199,377.2987688700358,0.5267236272493998,0.000248175
1383,377.49995248181574,1,-0.005504486057907343,12406.812573242187,0.527526992559433,0.00024813749999999995
1384,397.4370565586008,1,-0.0005444331094622612,4189.530725097657,0.5276366174221039,0.00024809999999999996
1385,226.16034771065318,1,-0.006756856283172965,765.0835220336915,0.5277756822109222,0.00024806249999999996
1386,-52.67085756691449,1,-0.007010638527572155,1647.1454910278321,0.5279734522104264,0.00024802499999999997
1387,333.9898182725765,1,-0.004589546037216981,824.9972300211589,0.5297256032625834,0.0002479875
1388,407.01646695699225,1,-0.01741082682274282,1309.8388092041016,0.5308198615908623,0.00024795
1389,470.34050923840067,1,-0.004042000168313583,1663.629256184896,0.5315103610356648,0.0002479125
1390,-117.45543219509085,1,-0.0030719632903734844,8017.08994140625,0.531320724884669,0.000247875
1391,529.2659471009941,1,0.004414981044828892,1933.1871490478516,0.5316978007555008,0.0002478375
1392,447.1003941663878,1,-0.019110379694029688,1100.5240661621094,0.5320091187953949,0.0002478
1393,229.61164009975255,1,-0.006226330312589804,2941.823282877604,0.5326537569363912,0.0002477625
1394,592.5673582569067,1,-0.025607636058703066,2512.0318969726563,0.5340548753738403,0.00024772499999999996
1395,560.2601804029714,1,-0.002636912961800893,616.6213673909505,0.534104198217392,0.00024768749999999997
1396,583.6967188465321,1,0.01863241878648599,717.7537506103515,0.5336351692676544,0.00024765
1397,389.6809441420028,1,-0.01021056140307337,785.4031982421875,0.5340831021467844,0.0002476125
1398,598.3553900402239,1,-0.013090558274416252,751.1498168945312,0.5326096713542938,0.000247575
1399,525.0212309036237,1,-0.003597413934767246,914.1871719360352,0.5327731907367707,0.0002475375
1400,569.7018029731697,1,-0.0362591992598027,200.3845573425293,0.532104629278183,0.00024749999999999994
1401,579.2695416496849,1,-0.03217703821137548,153.41414642333984,0.5302161574363708,0.0002474625
1402,568.7870819466544,1,-0.04778570891357958,97.42450885772705,0.5282688945531845,0.00024742499999999996
1403,550.1168756783567,1,-0.013383781847854456,675.0749923706055,0.5181428968906403,0.00024738749999999996
1404,483.83196251287524,1,-0.014229830307886004,319.90832290649416,0.5126068592071533,0.00024734999999999997
1405,595.5774146902612,1,0.007467738725244999,331.5048740386963,0.5111630082130432,0.0002473125
1406,512.0390757069223,1,-0.013926157262176275,192.08378639221192,0.5114415317773819,0.000247275
1407,579.3173239632329,1,-0.036935105081647636,160.57852020263672,0.512391471862793,0.0002472375
1408,487.02224511792895,1,-0.026011154241859912,296.93335418701173,0.5135836839675904,0.0002472
1409,591.4111118034957,1,-0.061184469237923624,183.84304847717286,0.5167704612016678,0.0002471625
1410,561.9283197833719,1,-0.029205667227506636,140.75091934204102,0.5207199871540069,0.00024712499999999995
1411,533.66029236693,1,-0.014806314278393984,252.2832405090332,0.522371482849121,0.0002470875
1412,583.1508856569973,1,-0.030985560291446744,72.06241855621337,0.5192524075508118,0.00024704999999999996
1413,552.2822682159026,1,-0.007474198541603983,357.4661689758301,0.5136021971702576,0.00024701249999999997
1414,410.2512503573306,1,-0.007333814329467714,2221.4726806640624,0.5080167770385742,0.00024697499999999997
1415,598.5043308629058,1,-0.04589336117205676,415.9083885192871,0.5058166325092316,0.0002469375
1416,540.7861002675129,1,-0.007409828466673692,762.3319732666016,0.5069377144177755,0.0002469
1417,596.1523943423414,1,0.0001803937368094921,215.64828033447264,0.5067409634590149,0.0002468625
1418,-5942.56123350414,0,-0.0013160391857749538,3980.309950070632,0.5107637311282911,0.000246825
1419,583.2419746269019,1,-0.01847113377880305,1045.1494277954102,0.513242906332016,0.00024678749999999995
1420,-5988.419132902565,0,-0.001485223819403664,2531.0475404187255,0.5163629400102716,0.00024675
1421,572.4277077111742,1,-0.012776762526482344,3734.8755859375,0.5279106825590134,0.00024671249999999996
1422,593.1915840387877,1,-0.00866584675386548,2066.740316772461,0.5290319561958313,0.00024667499999999997
1423,542.7741747596467,1,-0.036881071701645854,1411.9699913024901,0.5310299634933472,0.00024663749999999997
1424,-5519.7790886889325,0,-0.005232033300164499,2552.0459225403633,0.5497526902901498,0.0002466
1425,-5630.42946435708,0,0.003404223857643573,1058.9706485622808,0.6080815779535393,0.0002465625
1426,612.8216611670839,1,0.019033101648528828,8609.262768554687,0.6459754586219788,0.000246525
1427,534.1764149326818,1,-0.0074507846031337975,4950.166638183594,0.6478920489549637,0.0002464875
1428,-5750.192200415691,0,-0.003935974944186838,1307.627158651854,0.6602498638002496,0.00024645
1429,241.34243028257026,1,0.0011332457419484855,9786.68818359375,0.687111297249794,0.00024641249999999995
1430,475.4787997905333,1,0.006837333428363005,4856.17729695638,0.6877350807189941,0.000246375
1431,-5927.4011516333385,0,-0.003721642229509981,1217.3099526806882,0.6972676048153326,0.00024633749999999996
1432,-1755.499611592451,1,-0.001301239922759123,4328.5949749755855,0.7193683922290802,0.00024629999999999997
1433,550.5772021161154,1,-0.0018881576135754586,8628.712809244791,0.7237893680731455,0.0002462625
1434,603.2230814751595,1,-0.006814155355095863,13669.293505859376,0.7239177107810975,0.000246225
1435,-3284.736564490784,1,-0.0002816557784431747,3284.3270912715366,0.7259103911263602,0.00024618749999999993
1436,569.674929549322,1,0.009990168851800263,16116.834368896485,0.7313698261976243,0.00024615
1437,8.170922533039175,1,-0.00014150736387819052,7206.619409179688,0.7326083347201348,0.00024611249999999994
1438,-645.2094890335536,1,-0.0002971374740203222,5441.671114095052,0.7337655146916707,0.000246075
1439,234.1577098641684,1,-0.0035655309446156027,6325.312646484375,0.7341348975896835,0.00024603749999999996
1440,548.6245005395223,1,-0.05392424152232707,22659.846923828125,0.7342948615550995,0.000246
1441,408.66508739555087,1,0.005209568014834076,11444.625512695313,0.7345521718263626,0.00024596249999999997
1442,259.2644419541459,1,0.008553127385675907,2397.8267151260375,0.7338640034198761,0.000245925
1443,529.5824257641967,1,-0.005634785753985246,6007.030143229166,0.7308081865310669,0.0002458875
1444,587.8733818246343,1,0.016198084270581604,4215.585780843099,0.730273695786794,0.00024585
1445,511.6675144137983,1,-0.009156083952014645,2741.911029052734,0.7316157639026641,0.0002458125
1446,405.61709091983033,1,0.003019057749770582,5129.923413085938,0.7326297134160995,0.000245775
1447,597.7232891899754,1,-0.016631427966058255,3715.425891113281,0.732996529340744,0.00024573749999999995
1448,466.643889348472,1,-0.01463090032339096,1082.214172744751,0.73279517441988,0.00024569999999999995
1449,484.02515039744185,1,-0.06351978648453951,1572.9632942199707,0.7310917884111404,0.00024566249999999996
1450,268.12142630365537,1,-0.006885680042614695,3403.4718994140626,0.7288614243268967,0.00024562499999999997
1451,372.51631541808206,1,-0.011476244373867909,2553.0954020182294,0.7289794941743215,0.00024558749999999997
1452,548.5850023686927,1,-0.013930921132365862,1277.0441731770834,0.729199081659317,0.00024555
1453,411.30928978253655,1,-0.0024249923105041185,2445.9239501953125,0.7279238740603129,0.0002455125
1454,515.9514528428526,1,-0.029603714076802134,857.1875938415527,0.7259589180350303,0.000245475
1455,-5960.330265191225,0,-0.005790274461277908,2429.3946867842424,0.7288886390234295,0.0002454375
1456,400.93816868163066,1,-0.009044317249208688,4574.947680664062,0.7467065006494522,0.0002454
1457,547.2718728463467,1,-0.01790516348555684,2897.5595153808595,0.7479013055562973,0.0002453625
1458,432.67451845107615,1,-0.00814512399956584,3663.0233520507813,0.7482022792100906,0.00024532499999999996
1459,514.0966834676802,1,0.015199097315780818,2652.890753173828,0.7486953914165497,0.0002452875
1460,-5935.509688258813,0,-0.006861073803156615,2502.727297682511,0.7568197971896121,0.00024524999999999997
1461,10.364681643797951,1,-0.009310545834402243,3852.761328125,0.7817290435234706,0.0002452125
1462,-127.32828411816789,0,-0.01140776349697262,956.1371414184571,0.7837803399562836,0.000245175
1463,548.258510997013,1,-0.004553216986823827,9690.661767578125,0.7853292495012283,0.0002451375
1464,452.3605517899617,1,0.027634579222649336,5322.03783569336,0.7855579495429993,0.00024509999999999994
1465,492.9625071634308,1,-0.013380648288875818,1460.2060012817383,0.7841905936598778,0.0002450625
1466,-157.43777557598494,0,-0.003927470712612072,643.0779457092285,0.7813479592402776,0.00024502499999999995
1467,511.6441435571122,1,-0.00487213401744763,1765.928047688802,0.7802354594071707,0.00024498749999999996
1468,-3057.4350064969485,1,-0.005423154379241168,3485.7535325368244,0.780556112031142,0.00024494999999999996
1469,519.0012979970065,1,-0.007202548254281282,1653.7087175369263,0.7840463295578957,0.00024491249999999997
1470,535.5448132980982,1,-0.014025874179787933,3406.384765625,0.7842648029327393,0.000244875
1471,503.36574746883025,1,-0.00898343399167061,716.3772453308105,0.7831540271639824,0.0002448375
1472,437.00597303172856,1,-0.014719805587083102,2193.080206298828,0.7795800507068634,0.0002448
1473,564.4766101519767,1,-0.030820886542399725,877.076626586914,0.7784770806630452,0.0002447625
1474,550.5466224019497,1,0.03462283927947283,1840.9107513427734,0.7784945547580719,0.00024472499999999994
1475,604.741746351033,1,-0.00509579498320818,1139.9860092163085,0.7787269830703736,0.0002446875
1476,-3214.1388152470504,1,-0.00852165252629978,4426.380647659302,0.7821559220552444,0.00024464999999999996
1477,582.1827767510422,1,0.0023205837234854696,2628.8116943359373,0.7917130172252655,0.00024461249999999996
1478,102.07815665362403,1,-0.048573883002003035,6739.165804036458,0.79183056751887,0.00024457499999999997
1479,340.29489588881034,1,0.005118037993088365,2879.113165283203,0.7924984425306321,0.0002445375
1480,-5347.678644887428,1,0.0011400035337397927,2086.8030896262117,0.8006567211527573,0.0002445
1481,-4710.430445820436,1,-0.003654182592735571,2042.11096348482,0.821322000727934,0.0002444625
1482,545.0449406096834,1,-0.005128957238048315,7187.300854492188,0.8312043279409409,0.000244425
1483,283.5710782659156,1,-0.0009604998709013064,4663.400170898438,0.8314042468865712,0.00024438749999999994
1484,583.1614969683828,1,-0.019741533696651457,9865.12607421875,0.8313496917486191,0.00024435
1485,406.4111051211335,1,-0.008451441302895546,3908.508923339844,0.831100019812584,0.00024431249999999996
1486,-1501.0524974848756,1,-0.0019706289982423185,4783.906722831726,0.8313140384852886,0.00024427499999999996
1487,-400.36938499537564,1,0.0120792068913579,6478.172587890625,0.833447904586792,0.00024423749999999997
1488,506.5760290854025,1,0.0030927650009592374,7103.40092163086,0.8355413417021433,0.00024419999999999997
1489,-47.95948277965715,1,0.004196086778150251,8071.8931070963545,0.8359320779641469,0.0002441625
1490,563.7104329153597,1,-0.04750277851708233,6554.472692871093,0.8362176895141602,0.00024412499999999996
1491,568.7035590482866,1,0.020646073296666144,2034.1300567626954,0.8362256318330765,0.0002440875
1492,554.5989834760921,1,-0.005346401873975992,2241.0065521240235,0.8364185094833374,0.00024404999999999997
1493,514.5889959710838,1,-0.02464011311531067,356.5370590209961,0.834557518362999,0.00024401249999999997
1494,604.1709087009758,1,-0.004249185230582953,1030.5633483886718,0.8316047221422196,0.00024397499999999998
1495,539.8168474917121,1,-0.03392869643867016,297.39025230407714,0.8291553378105163,0.0002439375
1496,493.4962215391196,1,-0.021460090298205614,268.39135246276857,0.8250553369522095,0.00024389999999999997
1497,497.6914603085911,1,-0.0172184722032398,598.2079315185547,0.8238382577896118,0.00024386249999999997
1498,500.9226844820087,1,-0.01148228021338582,832.201808166504,0.8227215737104416,0.00024382499999999998
1499,-257.5604579351723,1,-0.0032661248929798602,5910.378849283854,0.8207873622576396,0.00024378749999999996
1500,-193.95288999818598,1,-0.013339630328118801,4252.7662902832035,0.8221468905607859,0.00024375
1501,-1202.7705649158888,1,-0.020006770007312297,6968.572827758789,0.8237660837173462,0.0002437125
1502,521.0921683811453,1,-0.014118501543998718,901.5893646240235,0.8247419754664104,0.00024367499999999997
1503,531.9917070750405,1,-0.015355725493282079,944.7264862060547,0.8241816163063049,0.00024363749999999998
1504,-858.5352425448598,1,-0.0005911332741379738,7223.155649414062,0.8240253293514251,0.00024359999999999999
1505,564.9519147117144,1,-0.009123072028160095,1474.2993713378905,0.8247776985168457,0.0002435625
1506,563.8869419549467,1,0.005539543414488435,1129.8630126953126,0.8248856455087662,0.00024352499999999997
1507,580.3398706880596,1,-0.03023585311602801,295.7426959991455,0.824818816781044,0.0002434875
1508,620.2612308107532,1,-0.00327139887958765,169.1037914276123,0.8249366611242295,0.00024344999999999998
1509,472.463893675065,1,-0.0076035457663238045,837.0070068359375,0.8245658963918686,0.00024341249999999996
1510,547.926879380303,1,-0.006935416255146265,148.35303764343263,0.8231825888156891,0.000243375
1511,527.0287193737265,1,-0.009489729022607207,706.7693550109864,0.8218941301107406,0.00024333749999999997
1512,595.2383235021442,1,-0.0785445851914119,282.5512241363525,0.82176733314991,0.00024329999999999995
1513,451.21565429136484,1,-0.00270997267216444,2078.3610412597654,0.8188090622425079,0.00024326249999999998
1514,-151.35095102688166,0,-0.008994538192637265,2181.1804534912108,0.8175508201122283,0.00024322499999999996
1515,553.0916502348047,1,-0.04005241207778454,567.357308959961,0.8164628326892853,0.0002431875
1516,569.4770364024857,1,-0.009455804980825632,150.64457893371582,0.8137564361095428,0.00024314999999999997
1517,527.401488221832,1,-0.037098134588450196,482.43626708984374,0.808744877576828,0.0002431125
1518,444.5659578152514,1,-0.012716540880501271,2617.304577636719,0.8055533409118653,0.00024307499999999999
1519,-177.87476962832585,0,-0.02287246497347951,2422.2403454589844,0.804210524559021,0.00024303749999999996
1520,578.6855057278291,1,-0.00932733000566562,825.0412180582682,0.8013038853804271,0.000243
1521,607.8103273774568,1,-0.030847539100795983,614.5408744812012,0.7987931966781616,0.00024296249999999998
1522,617.8711123961184,1,0.1252422582823783,388.1189828872681,0.7981637626886368,0.00024292499999999998
1523,482.522709437155,1,0.017680000886321066,1408.7274932861328,0.7998557478189469,0.0002428875
1524,532.9855367295428,1,-0.007524492172524333,628.701806640625,0.7983243644237519,0.00024284999999999997
1525,567.7592180387439,1,-0.008794432552531362,292.6609169006348,0.7938502848148346,0.00024281249999999997
1526,-82.9669688050019,0,-0.012261967081576586,1907.2690496826172,0.7843631660938263,0.00024277499999999998
1527,393.55684193791836,1,-0.015472616369758422,1905.5067749023438,0.7820146044095357,0.00024273749999999998
1528,574.5173834867014,1,-0.016266636934597047,931.6137634277344,0.7833288341760636,0.00024269999999999996
1529,525.9167935078785,1,-0.023192115034908055,291.142919921875,0.7831758201122284,0.00024266249999999997
1530,-133.1298285983675,0,-0.008342532627284526,1296.287164815267,0.781479212641716,0.00024262499999999998
1531,597.7292283956316,1,0.01713772565126419,1474.9633483886719,0.7837740808725357,0.00024258749999999998
1532,572.7657376634199,1,-0.04939090845485528,675.8035125732422,0.7844798525174459,0.00024255
1533,627.6898764048236,1,-0.07831891672685742,1911.1080993652345,0.7854090869426728,0.0002425125
1534,574.440637661897,1,-0.014825180498883128,356.87643280029295,0.785481858253479,0.000242475
1535,539.7553332283301,1,0.051344680972397326,1035.611961364746,0.784935149550438,0.00024243749999999998
1536,536.4892127365742,1,-0.02930632550269365,699.8601852416992,0.7849033057689667,0.00024239999999999998
1537,568.063947326108,1,-0.013899700064212085,1063.6977193196615,0.7847189982732137,0.0002423625
1538,-1809.5578093248093,1,-0.005560750188305974,4268.244839477539,0.7855068226655324,0.00024232499999999997
1539,582.0418333262321,1,-0.020500797731801867,1965.8635314941407,0.7946548670530319,0.0002422875
1540,406.4260159667451,1,-0.008642927440814675,3950.4295654296875,0.7963442981243134,0.00024224999999999998
1541,525.9275225609122,1,-0.014395144442096353,759.3958358764648,0.7968939930200577,0.00024221249999999996
1542,579.7041593763881,1,-0.06948438645340502,468.36330642700193,0.7970539778470993,0.000242175
1543,605.5566224055627,1,-0.11512423865497112,315.7886505126953,0.7947830945253372,0.00024213749999999997
1544,570.6092336403858,1,-0.051523713022470476,112.56371879577637,0.7851885855197906,0.00024209999999999995
1545,400.77762234094735,1,0.0513170983021458,3387.4311991373697,0.7715755621592204,0.00024206249999999998
1546,534.4005902598458,1,-0.014558549714274704,653.1884628295899,0.7690410673618316,0.00024202499999999996
1547,520.1440808498462,1,-0.007889288710430264,717.2379730224609,0.7669529527425766,0.0002419875
1548,530.5199518249877,1,-0.0074921979755163196,1087.488357849121,0.7666247987747192,0.00024194999999999997
1549,452.8259317788479,1,-0.03522543213330209,1086.3412384033204,0.7669566690921783,0.0002419125
1550,472.27107453984354,1,-0.035663352608680726,849.9506680297851,0.7652196741104126,0.00024187499999999998
1551,203.82903752119714,1,0.0018424175679683686,4306.890413411458,0.7625038325786591,0.00024183749999999996
1552,310.679958968806,1,-0.01635165817628149,960.0714172363281,0.7619640350341796,0.0002418
1553,-71.8371145678061,0,-0.023144607618451118,654.7484909057617,0.7609893818696339,0.00024176249999999997
1554,427.02771019077926,1,-0.014573538055022558,1239.6638590494792,0.7632702191670736,0.00024172499999999998
1555,535.1630070073184,1,-0.011384490045020356,918.8334609985352,0.7680698350071907,0.00024168749999999999
1556,535.6386571426682,1,-0.02336268996198972,1229.634503173828,0.773093189795812,0.00024164999999999996
1557,464.94843151840416,1,-0.01404601668473333,458.55306549072264,0.7754851520061493,0.00024161249999999997
1558,548.7531998997838,1,0.00023596715182065963,1897.3050465901692,0.7752144992351532,0.00024157499999999998
1559,45.14797767949216,1,-0.0014533480862155557,5585.33049621582,0.7767173796892166,0.00024153749999999998
1560,-733.6835377531004,1,-0.0017201670135060946,4844.4697672526045,0.7799560725688934,0.00024149999999999996
1561,553.5276690725755,1,-0.020569826662540435,2468.882546488444,0.782027401526769,0.0002414625
1562,547.1706308042938,1,-0.00977264977991581,1440.7200927734375,0.7807237029075622,0.00024142499999999997
1563,43.04457412652397,1,-0.054217533906921744,5862.288683319091,0.7803976893424988,0.00024138749999999998
1564,102.02471714308678,1,-0.0040449834118286765,5634.328238932291,0.7810728510220846,0.00024134999999999998
1565,350.4533465638001,1,-0.005921159393619746,1394.0411437988282,0.7822712361812592,0.0002413125
1566,466.6748294783723,1,-0.2132423771545291,4343.244364627202,0.7831636567910513,0.000241275
1567,560.8143901487215,1,-0.015562949317973107,1280.3301239013672,0.780966728925705,0.00024123749999999998
1568,532.1286608708493,1,-0.024851329904049636,1201.7363403320312,0.7800836533308029,0.00024119999999999998
1569,559.2176524344873,1,-0.020007847622036935,1145.0076232910155,0.7809180021286011,0.0002411625
1570,539.7232209020399,1,-0.00034654916380532085,500.4766128540039,0.7795321226119996,0.00024112499999999997
1571,567.8292253071996,1,-0.019050260074436665,345.7383522033691,0.7736025959253311,0.0002410875
1572,463.6046172612559,1,-0.028529767994768918,598.4268142700196,0.7709556192159652,0.00024104999999999998
1573,588.8202238970518,1,0.0027876889798790216,654.3430381774903,0.7696773737668992,0.00024101249999999996
1574,438.2585399317793,1,-0.0523024745285511,1240.4462799072267,0.7684157907962799,0.000240975
1575,524.6723273836393,1,-0.02635418139398098,540.2994954427083,0.766741281747818,0.00024093749999999997
1576,553.0430731571662,1,-0.002909394431238373,893.0614827473959,0.7626742323239645,0.00024089999999999995
1577,546.26663700409,1,-0.012686031078919769,457.9431716918945,0.7594564259052277,0.00024086249999999998
1578,583.3610574253219,1,-0.049564006412401794,782.0270477294922,0.7562754809856415,0.00024082499999999996
1579,554.0591364160406,1,-0.08913606237620116,424.6001720428467,0.7550534844398499,0.0002407875
1580,589.7553462431221,1,0.004409730806946755,253.02727775573732,0.7524669736623764,0.00024074999999999997
1581,553.3016548929049,1,-0.028035635035485028,79.87829275131226,0.7442718029022217,0.0002407125
1582,562.0547298560148,1,-0.02372429738752544,109.12867450714111,0.7206409960985184,0.00024067499999999998
1583,564.3726091176947,1,0.06884381603449582,240.46860885620117,0.7124431312084198,0.00024063749999999996
1584,549.9535629825751,1,-0.014544882578775287,678.2464889526367,0.7124956458806991,0.0002406
1585,532.9965576995788,1,-0.02786180325783789,508.3160339355469,0.7128579050302506,0.00024056249999999997
1586,534.7565316777896,1,-0.028038185105348626,889.1870152791341,0.7131286799907685,0.00024052499999999998
1587,481.9034942059979,1,-0.021881019845604897,616.8714804077149,0.7092849349975586,0.00024048749999999998
1588,511.2468411853292,1,0.028367066569626332,1101.989437866211,0.703759241104126,0.00024044999999999996
1589,546.4403210823787,1,0.008105427678674459,497.19483337402346,0.7019627332687378,0.00024041249999999997
1590,517.6125866014817,1,-0.017897447105497122,238.2270866394043,0.6991050064563751,0.00024037499999999997
1591,615.3389989852257,1,-0.005560396797955036,388.3028657913208,0.6907918334007264,0.00024033749999999998
1592,486.76176943260816,1,0.009272210416384041,701.7030700683594,0.6869077205657959,0.00024029999999999996
1593,417.107231298142,1,0.013420641934499145,1542.2068420410155,0.6869351834058761,0.0002402625
1594,615.3161037298355,1,-0.004204023908823728,464.0705108642578,0.687861967086792,0.00024022499999999997
1595,616.9108234000846,1,-0.10778560303151608,275.6876918554306,0.6865436762571335,0.00024018749999999998
1596,605.9683498960478,1,-0.08195298383943736,123.3990707874298,0.6800941497087478,0.00024014999999999998
1597,-613.0178055457264,1,-0.0004938831552863121,4343.261280168806,0.6698370797293527,0.0002401125
1598,-2144.481146416304,1,-0.0034479501657187937,3254.1241807417437,0.6746849271384152,0.000240075
1599,-196.30441561724564,1,-0.041438494250178336,5722.508759765625,0.683928884267807,0.00024003749999999997
1600,-5525.059893147767,0,0.00016639716433067072,1385.247052503887,0.6910577927765094,0.00023999999999999998
1601,-298.8200700728882,0,-0.0053439563450713955,1656.0955416361492,0.7070492972930272,0.00023996249999999998
1602,-2617.0732091556956,1,-0.013384825464051503,3273.6678752018856,0.7121275246143342,0.00023992499999999996
1603,417.0947671766576,1,-0.0057923560962080956,8326.286588541667,0.7218145529429117,0.0002398875
1604,558.5450267184729,1,0.018044797424227,12986.527099609375,0.7219151288270951,0.00023984999999999998
1605,539.9553264532326,1,0.02116337406138579,3401.3373087565105,0.7220498164494832,0.00023981249999999995
1606,-568.2013166125253,1,-0.002991379462182522,5802.303270263672,0.7219795370101929,0.000239775
1607,486.24850127161335,1,-0.004332794435322284,4748.349483235677,0.7229766845703125,0.00023973749999999997
1608,478.9120100175773,1,-0.005673548637423665,1572.4389057159424,0.7231577873229981,0.00023969999999999997
1609,508.02739458093794,1,-0.05049850276360909,3552.9324259440104,0.7234088579813639,0.00023966249999999998
1610,-3589.1169638016568,1,-0.007135961550687041,2622.3807709285193,0.7256655531270163,0.00023962499999999996
1611,545.9439142800859,1,0.004037608485668897,4623.563500976563,0.7309065878391265,0.0002395875
1612,504.73942050664317,1,-0.008740728721022606,2812.195623779297,0.7317033112049103,0.00023954999999999997
1613,587.1810768957157,1,0.038578870613127945,2632.052489089966,0.7326270163059234,0.0002395125
1614,605.2695254146885,1,-0.017397368792444468,2037.0120239257812,0.7331211239099502,0.00023947499999999998
1615,-199.74067442741125,1,0.029630095814354718,8900.772570800782,0.7326085120439529,0.00023943749999999996
1616,373.43753137387455,1,-0.0060353321488946675,3628.470831298828,0.733396127820015,0.0002394
1617,488.4719237889703,1,-0.021456951446210345,1221.5632364908854,0.7338859538237253,0.00023936249999999997
1618,512.8706100146219,1,-0.013374663284048438,1443.2951263427735,0.7342201679944992,0.00023932499999999998
1619,482.7448028822089,1,-0.015353835932910443,1304.323681640625,0.7332089096307755,0.00023928749999999998
1620,-188.08378263036673,1,0.0012087027076631784,11146.540283203125,0.733091656366984,0.00023925
1621,-6160.030592654835,0,-0.0005755641546688582,1559.132891785471,0.736864814946526,0.00023921249999999997
1622,534.2632494593415,1,-0.01012691631913185,7852.357214355468,0.7412134081125259,0.00023917499999999997
1623,558.3672770709286,1,0.026470423629507422,4524.668151855469,0.7413837015628815,0.00023913749999999998
1624,540.7481165535083,1,-0.027841421496123075,522.7158424377442,0.7415558755397796,0.00023909999999999996
1625,524.1463073968017,1,0.001630608132109046,800.5563018798828,0.7419137418270111,0.0002390625
1626,264.3252602432171,1,-0.004299531108699739,5767.930700683593,0.7431031227111816,0.000239025
1627,375.1726561150026,1,-0.011097351054195315,1631.479931640625,0.7434394061565399,0.00023898749999999997
1628,461.3405223244518,1,-0.061863523069769145,676.71728515625,0.743799340724945,0.00023894999999999998
1629,443.1970824999353,1,0.0053102286532521244,1282.7002502441405,0.743702945113182,0.00023891249999999999
1630,363.95559292048137,1,0.002588221617043018,4292.666979980469,0.7441616207361221,0.000238875
1631,483.41042980247823,1,-0.01432122108526528,1881.0195007324219,0.7444125086069107,0.00023883749999999997
1632,136.70596313917247,1,0.0013618860704203448,5823.617936197917,0.7447415868441264,0.0002388
1633,298.2126703101665,1,-0.00441760579124093,2050.5206787109373,0.7452898174524307,0.00023876249999999998
1634,-159.4730588288101,1,-0.01060191486030817,5681.9782043457035,0.7462687268853188,0.00023872499999999996
1635,185.7041605760662,1,-0.0027580299104253453,8442.006266276041,0.7467015981674194,0.0002386875
1636,111.8410256965389,1,-0.00425324197858572,4014.0810546875,0.7473694543043773,0.00023864999999999997
1637,500.0368494394702,1,0.002646934799849987,8463.864263916015,0.7477262645959855,0.00023861249999999995
1638,600.896655424218,1,-0.049728176975622776,8959.754516601562,0.747852337360382,0.00023857499999999998
1639,530.2493149242905,1,0.03393245143815875,4141.586096191406,0.7479630321264267,0.00023853749999999996
1640,536.6894956909323,1,-0.032043817639350894,2292.4065475463867,0.7482649117708207,0.0002385
1641,506.47829934085865,1,-0.051896851323544976,1013.149282836914,0.7491760700941086,0.00023846249999999998
1642,555.4913618624669,1,0.016693681478500366,591.5397457122803,0.7501690536737442,0.000238425
1643,426.7704343955652,1,-0.0011488751508295536,895.9974334716796,0.75206318795681,0.0002383875
1644,466.4750965054732,1,-0.02878995635546744,955.40888671875,0.7535786777734756,0.00023834999999999997
1645,535.0339298029293,1,0.02310495190322399,701.5596908569336,0.7556034296751022,0.0002383125
1646,543.3022080672242,1,-0.029271588800475,313.0634262084961,0.7560737550258636,0.00023827499999999998
1647,426.89866080207634,1,-0.020530959591269493,3501.819775390625,0.7557091891765595,0.00023823749999999998
1648,522.3831154173969,1,-0.016828765394166112,280.7343238830566,0.7547147780656814,0.0002382
1649,437.74373299560534,1,-0.01791071817278862,678.9998764038086,0.7528925716876984,0.00023816249999999997
1650,598.2662204161898,1,-0.0647735952399671,517.9565473109484,0.7507493317127227,0.00023812499999999997
1651,597.5445940749037,1,-0.0018932386301457882,535.1645355224609,0.7526575088500976,0.00023808749999999998
1652,575.4634313334309,1,-0.05345618752762675,139.83592681884767,0.7557273149490357,0.00023804999999999999
1653,529.1715389819637,1,0.008923982409760356,264.8506004333496,0.7575021207332611,0.00023801249999999996
1654,476.69999171883217,1,-0.008413238159846514,630.2447372436524,0.761743825674057,0.00023797499999999997
1655,545.4200942974467,1,0.031027609948068857,796.8721221923828,0.7634349435567855,0.00023793749999999998
1656,559.240213355821,1,-0.04091093586757779,408.2233113288879,0.7653410792350769,0.00023789999999999998
1657,485.41296681985295,1,-0.010924813151359559,1311.1896352132162,0.7650128920873006,0.0002378625
1658,581.8667178549971,1,-0.032962145982310176,483.66152572631836,0.7644111335277557,0.000237825
1659,525.828344581333,1,0.030748353246599434,681.3871704101563,0.7633066356182099,0.0002377875
1660,485.16209152032843,1,-0.03663371412549168,544.5033081054687,0.7628425031900405,0.00023774999999999998
1661,397.36388466578734,1,0.00582178351469338,1576.5859069824219,0.7600596845149994,0.00023771249999999998
1662,-623.575975520233,1,-0.003126813191920519,5525.313076171875,0.7599126672744752,0.000237675
1663,573.2332113550401,1,0.007539064716547727,1561.4106384277343,0.7611367046833039,0.00023763749999999997
1664,567.9742814667691,1,-0.022786278184503315,1438.7150136947632,0.7618286430835723,0.0002376
1665,-1076.263058358887,1,0.0035051306709647178,7576.163761393229,0.7641325126091639,0.00023756249999999998
1666,-89.2497952134222,1,-0.00019661697248617808,9073.225211588542,0.7649310688177745,0.00023752499999999996
1667,524.5165124751047,1,0.05375638697296381,2476.9279457092284,0.7657086968421936,0.0002374875
1668,528.8346544066256,1,-0.021777528058737516,2445.6809265136717,0.7667961478233337,0.00023744999999999997
1669,427.6714106591223,1,-0.013039883703459054,1188.223455810547,0.7674242585897446,0.00023741249999999995
1670,515.7664342352618,1,-0.03144876730317871,1047.9612386067708,0.7676499466101329,0.00023737499999999998
1671,585.7247744842034,1,-0.021775932796299458,1438.2442138671875,0.767320054769516,0.00023733749999999996
1672,507.6071468409971,1,-0.010180970991495997,1645.606640625,0.767256909608841,0.0002373
1673,362.82334778225453,1,-0.01532474420964718,3008.695037841797,0.7670940160751343,0.00023726249999999997
1674,609.982826858188,1,0.0004761248071019963,3131.867236328125,0.7662718594074249,0.000237225
1675,353.9724775980932,1,-0.014237551391124726,4286.128112792969,0.7660095036029816,0.00023718749999999999
1676,464.23281894615576,1,-0.004099447466433048,488.817724609375,0.7673304736614227,0.00023714999999999996
1677,515.1230459502166,1,-0.02359501092384259,704.2943837483724,0.7703173180421193,0.0002371125
1678,598.4014589813556,1,0.03229690343141556,1830.9309783935546,0.7671239674091339,0.00023707499999999998
1679,617.8656918977615,1,-0.03168451706878841,1244.4903442382813,0.7654590994119644,0.00023703749999999998
1680,469.27601039588365,1,-0.03241532212123275,1219.2872701009114,0.7613153060277303,0.000237
1681,607.2250077166971,1,0.18787272116169335,1195.5288692474364,0.7606703281402588,0.00023696249999999997
1682,461.43508401702667,1,-0.011934539675712586,1084.176953125,0.7620297819375992,0.00023692499999999997
1683,-3260.581128914413,1,0.00023191395836571853,4322.056707255046,0.7641786982615789,0.00023688749999999998
1684,533.7339429724834,1,-0.019559365586610512,730.3376342773438,0.7674710899591446,0.00023684999999999998
1685,550.9395895056374,1,-0.016882685851305722,1059.5845153808593,0.7676904290914536,0.00023681249999999996
1686,608.5992128451621,1,0.09324801554903388,1962.6149642944335,0.7684894502162933,0.00023677499999999997
1687,579.3436963909217,1,-0.14356925124302505,961.0692206382752,0.7704371511936188,0.00023673749999999997
1688,539.3288875188107,1,0.06341076977550983,620.9687553405762,0.7739113211631775,0.00023669999999999998
1689,478.5845712094227,1,-0.013028933136956767,1263.291485595703,0.7760128527879715,0.00023666249999999999
1690,590.9327452602629,1,0.02621637680567801,373.4380989074707,0.7781360357999801,0.000236625
1691,544.23813864427,1,0.0031294518616050483,428.92366180419924,0.7804669559001922,0.0002365875
1692,-1923.3251736702352,1,0.03079833313822746,8280.845926411946,0.7775766303141912,0.00023654999999999998
1693,559.0033975619842,1,-0.00551925664767623,350.63818588256834,0.7791223466396332,0.00023651249999999998
1694,496.09604494242853,1,-0.004913068003952503,600.0354919433594,0.7816327214241028,0.000236475
1695,366.40302956962825,1,0.0021628541871905327,4316.452941894531,0.7792526483535767,0.00023643749999999997
1696,559.2853199427528,1,-0.014601343590766192,671.6618103027344,0.778965973854065,0.0002364
1697,569.890617467134,1,0.0019126753322780132,229.88675270080566,0.7790299862623214,0.00023636249999999998
1698,569.91312556272,1,-0.02991561354137957,286.7753601074219,0.7800508469343186,0.00023632499999999996
1699,560.6264769563178,1,-0.06179666705429554,262.14550018310547,0.7797832936048508,0.0002362875
1700,484.6916876217122,1,0.002242798109849294,1069.1294006347657,0.7803494930267334,0.00023624999999999997
1701,425.5439813249998,1,-0.01359799988567829,784.5036417643229,0.7777390201886495,0.00023621249999999995
1702,543.9626269122625,1,-0.007788144734998544,794.0437489827474,0.7775489926338196,0.00023617499999999998
1703,389.71051626157,1,-0.01959738079458475,1561.6767384847005,0.7823750058809916,0.00023613749999999996
1704,578.3571250338917,1,0.02797961002215743,1647.3748443603515,0.7874186664819718,0.0002361
1705,570.2867156495709,1,-0.06181033898610622,822.7599060058594,0.7888466030359268,0.00023606249999999997
1706,353.25032599915795,1,-0.002143825093905131,1805.7142110188802,0.7882471720377604,0.000236025
1707,528.9026072423043,1,-0.0089585104258731,471.27635091145834,0.7882687906424205,0.00023598749999999998
1708,470.09521050236776,1,-0.01360949156805873,546.9668991088868,0.7872506380081177,0.00023594999999999996
1709,578.8647800606736,1,-0.03044192986562848,1718.317071533203,0.7874561727046967,0.0002359125
1710,544.194273324597,1,-0.017394216684624552,570.1548858642578,0.7881839424371719,0.00023587499999999997
1711,597.3049218742237,1,0.05187415778636932,612.763703918457,0.7892954707145691,0.00023583749999999998
1712,550.1694531810928,1,-0.016255802637897433,392.76769638061523,0.7866540044546128,0.00023579999999999999
1713,568.6159424578814,1,-0.028507375437766314,307.0642951965332,0.7814356714487076,0.00023576249999999996
1714,489.9290717028628,1,-0.008464413322508335,692.6348861694336,0.7774835348129272,0.00023572499999999997
1715,-944.0533424080099,1,-0.004496233793906868,5321.436208089192,0.7772790243228277,0.00023568749999999998
1716,579.1326321865943,1,-0.023295374773442745,623.1303031921386,0.7787508577108383,0.00023564999999999998
1717,502.2555375326315,1,0.0058671677950769665,495.52066802978516,0.7783193290233612,0.00023561249999999996
1718,539.3912556288523,1,0.013523932360112668,769.45146484375,0.7764879286289215,0.000235575
1719,574.3186016221175,1,0.006550254486501217,178.92418251037597,0.7767171829938888,0.00023553749999999997
1720,365.36230339934366,1,-0.0015652336645871402,4209.738049316406,0.7777976244688034,0.00023549999999999998
1721,460.76378865066266,1,-0.02272780556231737,798.3881362915039,0.7783953756093979,0.00023546249999999998
1722,599.5733230488725,1,-0.02716446965932846,548.6709762573242,0.7775177121162414,0.000235425
1723,593.7499717829763,1,-0.02038774285465479,255.17352600097655,0.7759781837463379,0.0002353875
1724,571.122079841294,1,-0.03199643576517701,160.955092048645,0.7741241306066513,0.00023534999999999997
1725,603.8712812520596,1,-0.03165442924946547,154.3577028274536,0.7684752225875855,0.00023531249999999998
1726,241.9242261871004,1,-0.0005470266565680504,4219.4473876953125,0.7605601519346237,0.00023527499999999999
1727,519.2935596783286,1,0.011427147313952446,192.190828704834,0.7575572401285171,0.00023523749999999996
1728,527.9390012348853,1,0.007956534496042878,203.25694828033448,0.7552268356084824,0.0002352
1729,85.06305095621661,1,-0.008885308851798375,7969.97568359375,0.7528812925020854,0.00023516249999999998
1730,-73.05229211277063,0,-0.00497157423136135,2271.871398417155,0.7530849764744441,0.00023512499999999996
1731,502.03401226802737,1,-0.04488744245221218,592.0891006469726,0.7544762015342712,0.0002350875
1732,497.719871701531,1,-0.0010606056700150173,435.79970194498696,0.7549527406692504,0.00023504999999999997
1733,413.7009412714376,1,-0.03794376011937857,2074.326550292969,0.7582205295562744,0.00023501249999999995
1734,587.0253307473778,1,0.034247848019003865,2014.6493408203125,0.7608072340488434,0.00023497499999999998
1735,549.8172448061603,1,-0.038269869051873684,1519.2566604614258,0.7616934061050415,0.00023493749999999996
1736,449.31979999882094,1,-0.008042817981913686,1560.6842346191406,0.761706817150116,0.0002349
1737,467.8388635484635,1,-0.025862013828009366,456.1824676513672,0.7612381875514984,0.00023486249999999997
1738,89.70711620926289,1,0.0006903336849063635,4655.6490478515625,0.7598727077245713,0.000234825
1739,526.8948383577002,1,-0.0019486241275444628,321.67604904174806,0.7599563419818878,0.00023478749999999998
1740,503.3320893219443,1,0.01361308062914759,665.0666458129883,0.7594217151403427,0.00023474999999999996
1741,606.461529921314,1,-0.014030855007877107,456.98314666748047,0.7563674658536911,0.0002347125
1742,508.43448076317117,1,0.0008407252142205834,578.8475830078125,0.7538630217313766,0.00023467499999999997
1743,474.26491801529056,1,-0.009721731115132571,920.3096221923828,0.7519246339797974,0.00023463749999999998
1744,607.5992441285066,1,0.06858614794909954,536.2507995605469,0.7499955952167511,0.00023459999999999998
1745,-577.6237373008751,0,-0.012849993351846934,3939.618684895833,0.7465255518754323,0.00023456249999999996
1746,-1169.80990708534,1,-0.005422958172857761,4375.058312988282,0.7473967157304287,0.00023452499999999997
1747,-948.4608356539609,1,-0.0031172133516520263,4135.60159072876,0.7543762162327766,0.00023448749999999997
1748,548.3655677794047,1,-0.01094344723969698,3182.2860860188803,0.7603099207083385,0.00023444999999999998
1749,582.0354650938572,1,-0.01645278634969145,2017.223715209961,0.7609302073717117,0.00023441249999999996
1750,525.0699554793908,1,-0.03741009185323492,890.4007141113282,0.7618411511182785,0.000234375
1751,476.51298165665975,1,-0.0008798271417617797,787.7469370524088,0.7639948070049286,0.0002343375
1752,586.2274309116603,1,-0.01879243729636073,1406.6324829101563,0.7650254666805267,0.00023429999999999998
1753,564.051520450104,1,-0.06449512243270875,608.4288082122803,0.7660423368215561,0.00023426249999999998
1754,475.52148427657374,1,-0.05293667644727975,1686.107110595703,0.7672861278057098,0.000234225
1755,511.2462722248619,1,-0.006535941269248724,724.3835922241211,0.7667334139347076,0.0002341875
1756,502.5076676441249,1,-0.01634521232917905,1258.5467529296875,0.7655248582363129,0.00023414999999999997
1757,491.91313781691883,1,-0.08940767887979746,632.8916412353516,0.7671545326709748,0.0002341125
1758,440.00982173167574,1,-0.021967210806906223,1552.6044708251952,0.7700323522090912,0.00023407499999999998
1759,584.9151971917473,1,0.03343065083026886,673.3528869628906,0.7709526538848877,0.00023403749999999996
1760,372.9824108672223,1,-0.01011994406580925,1086.9765848795573,0.7700838208198547,0.000234
1761,492.1308091689098,1,-0.042022003699094056,421.729963684082,0.7687256157398223,0.00023396249999999997
1762,588.343188038672,1,0.4261442909948528,1063.9374430775642,0.7645291745662689,0.00023392499999999995
1763,513.8500894253234,1,0.038885503495112064,1266.9497833251953,0.7672234296798706,0.00023388749999999999
1764,-55.87769826502218,0,0.001881577805033885,1539.3157618204752,0.7701566249132157,0.00023384999999999997
1765,17.559881405038823,1,-0.007447854685597122,7230.829010009766,0.7692404687404633,0.0002338125
1766,192.27618403812448,1,-0.0017519774536291757,6303.42646484375,0.7690146327018738,0.00023377499999999998
1767,-48.552217845771274,0,-0.004460201971232891,508.05192596435546,0.7688281202316284,0.0002337375
1768,244.1430122836876,1,0.013771858834661543,3758.580843098958,0.7681114792823791,0.0002337
1769,440.59308130971624,1,-0.0515180125211676,3921.77119140625,0.7683605015277862,0.00023366249999999997
1770,-3997.3124056979145,1,-0.013592103719711304,4650.69363697052,0.7696878415346146,0.000233625
1771,499.7107587653088,1,-0.04385294946841896,1749.8752115885416,0.7722258349259694,0.00023358749999999998
1772,606.5155402438639,1,0.004236157657578588,1795.315621948242,0.7718158334493637,0.00023354999999999996
1773,516.6849796163054,1,-0.012163220811635256,601.3660873413086,0.7712230503559112,0.0002335125
1774,349.00973376517726,1,-0.014590113051235675,1449.0294494628906,0.7701808333396911,0.00023347499999999997
1775,186.13405342415732,1,0.0026600726569692293,3312.2757364908853,0.7701345364252726,0.00023343749999999998
1776,566.5311830830738,1,-0.008233657106757164,2535.670001220703,0.7705342590808868,0.00023339999999999998
1777,414.8439755896686,1,-0.004338578507304192,1433.1570587158203,0.7711432218551636,0.0002333625
1778,-1495.3132283182536,1,0.0009056810156575271,4869.3532697405135,0.7729906141757965,0.00023332499999999997
1779,541.0315955089427,1,-0.0378489937633276,2413.212365722656,0.773830246925354,0.00023328749999999997
1780,543.5113066389238,1,0.0009562215302139521,1230.901611328125,0.7737731367349625,0.00023324999999999998
1781,485.2037124900661,1,-0.024663224878410498,584.0694458007813,0.7724474728107452,0.00023321249999999998
1782,503.2829463104325,1,-0.0040036001591943204,852.468960571289,0.7711013913154602,0.000233175
1783,582.9089779558336,1,-0.011790522560477256,1027.973599243164,0.7707788825035096,0.0002331375
1784,562.4903516316914,1,-0.020178700040560216,514.718913269043,0.7709689617156983,0.00023309999999999997
1785,547.692203909715,1,-0.01766786500811577,579.731967163086,0.7727215588092804,0.00023306249999999998
1786,578.7985041795682,1,0.008160670264624059,565.2737716674804,0.7727104276418686,0.00023302499999999999
1787,349.74513293183605,1,-0.016110393963754178,2028.3559143066407,0.7723703354597091,0.0002329875
1788,488.6259018430145,1,-0.013716847659088672,1291.4203125,0.7724223852157592,0.00023294999999999997
1789,529.4457403648892,1,-0.0775169687345624,321.09727210998534,0.7721665531396866,0.0002329125
1790,558.656026845913,1,-0.03822756642475724,555.9842727661132,0.770657193660736,0.00023287499999999998
1791,582.2208177058251,1,-0.03648460730910301,154.39108505249024,0.7690894395112992,0.00023283749999999996
1792,110.9845201931193,1,0.03283642940223217,5061.118001302083,0.7668282171090444,0.0002328
1793,600.7604150140234,1,-0.03051877925172448,551.7572738647461,0.766535171866417,0.00023276249999999997
1794,547.832912274365,1,-0.04757989970967173,500.43112030029295,0.7653082579374313,0.00023272499999999995
1795,592.0532959731607,1,-0.016804330004379153,295.6300586700439,0.76308374106884,0.00023268749999999998
1796,546.4240018753553,1,-0.0005079051945358515,238.23739852905274,0.7612313866615296,0.00023264999999999996
1797,599.9487474586446,1,-0.022869470855221154,435.35415878295896,0.7602205306291581,0.0002326125
1798,421.5502290261799,1,-0.013731093727983534,2539.755792236328,0.7603639483451843,0.00023257499999999997
1799,499.53432036875165,1,0.004027309641242027,1048.662060546875,0.7600231677293777,0.0002325375
1800,594.6806360707418,1,-0.10550859142094851,271.7182851791382,0.7589083075523376,0.00023249999999999999
1801,452.5699225240325,1,-0.006919069867581129,675.5327575683593,0.7566134810447693,0.00023246249999999997
1802,481.1415782723415,1,0.01216442957520485,1527.6346130371094,0.7552291184663773,0.000232425
1803,512.9850944460412,1,-0.003841407783329487,320.77954483032227,0.7566094607114792,0.00023238749999999998
1804,486.65745958221993,1,0.07067238623276353,1016.1190367817878,0.7573191836476326,0.00023234999999999998
1805,443.3788912153688,1,0.007600904162973166,1112.8535949707032,0.7547701433300972,0.0002323125
1806,415.0328376205965,1,0.015038480795919896,1757.9641967773437,0.7531134128570557,0.00023227499999999997
1807,588.8330371141491,1,0.020622466411441564,991.5642456054687,0.7531982719898224,0.00023223749999999997
1808,601.9003089936386,1,-0.10126829626969994,796.8170207977295,0.753608125448227,0.00023219999999999998
1809,586.8807286782709,1,0.04958436172455549,254.93759350776674,0.7543574720621109,0.00023216249999999998
1810,416.29062546681723,1,0.0022822794155217705,2151.129296875,0.7558408588171005,0.00023212499999999996
1811,414.6625251939958,1,-0.016675711236894132,1113.6009490966796,0.7560535639524459,0.00023208749999999997
1812,575.0528833353196,1,0.004905261611565947,416.34106063842773,0.7557682126760483,0.00023204999999999998
1813,554.889655939459,1,-0.06265717665664852,269.06421813964846,0.7533425509929657,0.00023201249999999998
1814,553.7831938036038,1,-0.034396642539650205,110.2583703994751,0.7497186690568924,0.000231975
1815,579.1550874758216,1,-0.04230670379474759,167.36554832458495,0.7505493432283401,0.0002319375
1816,627.8619782991714,1,-0.011699224526196872,610.2213470458985,0.753201425075531,0.0002319
1817,560.8365380510355,1,-0.019742848910391332,1318.5934936523438,0.7538678030172984,0.00023186249999999998
1818,558.951144163306,1,0.009719703594843547,946.4367884318034,0.7532653053601582,0.00023182499999999998
1819,566.8661743025006,1,-0.04629742354154587,362.8439830780029,0.7537172943353653,0.0002317875
1820,595.8409417241098,1,-0.02317308457568288,363.3430238723755,0.7537936121225357,0.00023174999999999997
1821,587.9003129653922,1,-0.08965250561013818,159.3895450592041,0.7529881238937378,0.0002317125
1822,586.921954597873,1,0.10771466256119311,223.27513008117677,0.7512444645166397,0.00023167499999999998
1823,489.9589719583312,1,0.011617946935196717,1683.8180755615235,0.7488655547300974,0.00023163749999999996
1824,605.8284582262013,1,-0.029828391782939435,207.38524780273437,0.7475591689348221,0.0002316
1825,420.00054098650224,1,-0.0036283710040152075,1224.787774658203,0.7449608147144318,0.00023156249999999997
1826,533.8275102485879,1,-0.007356018200516701,557.2644439697266,0.7440753728151321,0.00023152499999999995
1827,551.5354926519137,1,-0.06312111467123031,436.0979057312012,0.7446333408355713,0.00023148749999999998
1828,539.0926737319603,1,-0.008462437801063061,647.501010131836,0.7461942285299301,0.00023144999999999996
1829,540.4038078259925,1,-0.05114925494417548,661.8536849975586,0.7480294346809387,0.0002314125
1830,410.63790963738364,1,-0.015613852394744753,1525.5035583496094,0.7487997442483902,0.00023137499999999997
1831,606.7154150801869,1,0.010555658396333456,952.6342391967773,0.7489341914653778,0.0002313375
1832,561.8880063307589,1,-0.05707626212388277,200.23297290802003,0.7491395533084869,0.00023129999999999998
1833,616.461510382677,1,-0.001918754493817687,324.16299362182616,0.7454148948192596,0.00023126249999999996
1834,444.1091224651744,1,-0.0035676192492246628,1856.6491333007812,0.7447402656078339,0.000231225
1835,456.868790559558,1,-0.021401147730648516,949.1936126708985,0.7450151145458221,0.00023118749999999997
1836,578.0800598930193,1,-0.00897452663630247,314.32223358154295,0.7450261145830155,0.00023114999999999998
1837,565.4710851203877,1,0.007435470695296923,1324.926407877604,0.7449970602989197,0.0002311125
1838,555.5437715166981,1,-0.06565076522529126,520.4381055831909,0.7446277022361756,0.00023107499999999997
1839,566.5341235906172,1,-0.022288591228425504,196.11752624511718,0.7437844187021255,0.00023103749999999997
1840,585.9128361820865,1,0.05967035982757807,97.6835389137268,0.7402821063995362,0.00023099999999999998
1841,-2312.113890038518,1,-0.012188526708632708,4411.28543258667,0.7386424499750137,0.00023096249999999998
1842,-1051.160256531314,1,0.0008395429855833451,5254.651521809896,0.7433326621850331,0.00023092499999999996
1843,-1029.7595823682195,1,-0.0011851697321981192,7830.1719653320315,0.7439278340339661,0.00023088749999999997
1844,-40.52633699544231,1,-0.04539152203748623,15199.069401041666,0.7443488876024882,0.00023084999999999997
1845,419.69321780081196,1,0.0005714678205549717,8559.375708007812,0.7444735407829285,0.00023081249999999998
1846,380.48354027548015,1,-0.004189127101562917,5366.409497070313,0.7445852786302567,0.00023077499999999999
1847,529.7936799672932,1,0.03177476462442428,2121.284533691406,0.7447118639945984,0.0002307375
1848,347.6743875938498,1,-0.0038899472914636136,4901.588720703125,0.7449244320392608,0.0002307
1849,-2147.028178964024,1,0.006549181822790868,3992.8520952012805,0.7465743515226576,0.00023066249999999998
1850,-1536.722278503369,1,0.00440872289861242,7227.067236328125,0.7498658984899521,0.00023062499999999998
1851,474.3661241283347,1,-0.007859515212476253,11482.654711914063,0.7504868060350418,0.0002305875
1852,-6099.750058966831,0,-0.00462213772422585,905.0362537283646,0.7535962634964993,0.00023054999999999997
1853,571.1320346544146,1,0.008708603540435433,9085.95263671875,0.7593512594699859,0.0002305125
1854,553.0089930941648,1,-0.07078000600449741,7065.223193359375,0.7595324397087098,0.00023047499999999998
1855,586.5185708708321,1,-0.026107127452269195,5043.255316162109,0.7597352534532547,0.00023043749999999996
1856,-405.48445950614763,1,-0.0007309174630790949,6282.174645996094,0.7597057163715363,0.0002304
1857,-583.5857523331704,1,0.0018364628590643406,7730.9482421875,0.760457478761673,0.00023036249999999997
1858,545.6812408381094,1,-0.0812258891761303,10773.589477539062,0.7614886701107025,0.00023032499999999995
1859,276.12947351730185,1,0.1085766081387798,14737.81194152832,0.7617501974105835,0.00023028749999999998
1860,474.43741602040046,1,0.03311807895079255,7374.872375488281,0.7618892818689347,0.00023024999999999996
1861,463.2152042349333,1,0.007840633392333984,3983.5416259765625,0.7620478928089142,0.0002302125
1862,137.48076871632497,1,0.002343878025809924,9427.947135416667,0.7622451404730479,0.00023017499999999997
1863,567.3868092196719,1,-0.010908110626041889,8909.653643798829,0.7623703896999359,0.0002301375
1864,-1919.5865769650668,1,-0.004054122707910008,4404.909211052789,0.7639533135626051,0.00023009999999999998
1865,563.03270341645,1,-0.0024520032573491337,6772.1053466796875,0.7667177379131317,0.00023006249999999996
1866,-1222.0155239352853,1,0.002682976903659957,5570.615237862723,0.7673776643616813,0.000230025
1867,-218.60722739995805,1,0.0014321119990199805,4709.8830078125,0.7687765330076217,0.00022998749999999997
1868,191.76754982336888,1,-0.047218475056191284,14315.55268758138,0.76916344165802,0.00022994999999999998
1869,322.7888970956112,1,-0.0024578699842095373,22126.2798828125,0.7696883082389832,0.00022991249999999998
1870,617.676031119942,1,-0.039946016389876604,15202.623010253907,0.769878289103508,0.00022987499999999996
1871,183.74580214887024,1,-0.005375141650438309,10784.717724609374,0.7700812131166458,0.00022983749999999997
1872,549.9295681907454,1,-0.004771953138212363,3478.9209374020497,0.7701914827028911,0.00022979999999999997
1873,-169.59070595178002,0,-0.012452663046618302,730.7457476933797,0.7701987634102504,0.00022976249999999998
1874,-192.75998110297934,0,0.015154443345575903,417.3999861399333,0.7695351660251617,0.00022972499999999996
1875,-164.47807947488832,0,0.009661007268975178,260.1029640197754,0.763980147242546,0.0002296875
1876,-168.90769192388854,0,0.13966667782515288,153.8431375583013,0.7568614929914474,0.00022965
1877,-66.18900845348762,0,-0.08457720819569658,220.98344124158223,0.7528543879588445,0.00022961249999999998
1878,-195.29447707921213,0,-0.005198222740242879,94.201678053538,0.7562802493572235,0.00022957499999999998
1879,-149.97298743957384,0,0.00499224088465174,149.79152784347534,0.753731585542361,0.0002295375
1880,-166.53966230906084,0,-0.02780399122663463,131.4680666764577,0.7561171064774196,0.0002295
1881,-184.21800462599046,0,-0.021347684785723686,137.60649838844935,0.7475020696719488,0.00022946249999999997
1882,-172.3766641437848,0,0.013629256608449698,33.354613248507185,0.7452211499214172,0.00022942499999999998
1883,-171.5510251923319,0,-0.001778277816871802,18.062130657831826,0.7476201027631759,0.00022938749999999999
1884,-170.7438332095297,0,8.721821941435338e-05,15.861827500661214,0.7507118990023931,0.00022934999999999996
1885,-167.28203145287495,0,-0.0027613212044040364,10.001778582731882,0.7496613810459772,0.0002293125
1886,-168.72811291601042,0,-0.013327772729098797,5.959028166532517,0.7518522252639135,0.00022927499999999998
1887,-262.4729775141561,0,-0.007974941749125719,120.18512639999389,0.750197156270345,0.00022923749999999995
1888,-198.42724412233596,0,-0.013863297986487548,34.87071984608968,0.7499768793582916,0.0002292
1889,-218.0221396651042,0,-0.007442642065385977,23.520738967259724,0.7507288595040639,0.00022916249999999997
1890,-170.11173141811872,0,-0.015403448045253754,7.399667475620905,0.7589425762494405,0.000229125
1891,-166.35653217444457,0,-0.011839907538766662,3.637627011537552,0.7477475454409918,0.00022908749999999998
1892,-180.13128087639103,0,-0.02768401876091957,7.286930469671885,0.7400547514359156,0.00022905
1893,-163.9164110508858,0,-0.010013332745681206,2.5417859723170597,0.7424061795075735,0.0002290125
1894,-241.83426795075022,0,0.012664982934560006,76.36473547617594,0.7401055296262106,0.00022897499999999997
1895,-203.25383677332817,0,-0.01021090619712292,10.853443956375122,0.7423674672842026,0.0002289375
1896,-163.79535594802263,0,-0.010263756879915794,4.493534815311432,0.7265653719504674,0.00022889999999999998
1897,-502.5588486565517,0,0.00171811402376209,563.2186113408634,0.7070727143968855,0.00022886249999999996
1898,-247.15694743497178,0,-0.018109899728248516,91.12475671768189,0.707376832763354,0.000228825
1899,-90.18786403228563,0,-0.007581502369915446,103.6139018535614,0.705208095908165,0.00022878749999999997
1900,-171.42986856508702,0,-0.01785080392534534,2.0100436160961785,0.7000880161921184,0.00022874999999999998
1901,-175.49060842114628,0,-0.015222948774074515,1.0329117824633915,0.6925436248381932,0.00022871249999999998
1902,-55.26915510736085,0,-0.008825837029144168,138.30934645930927,0.6891027530034383,0.000228675
1903,-56.03210438153742,0,-0.020802420160422722,148.192525545756,0.6892646342515946,0.00022863749999999997
1904,-112.7062545955325,0,-0.025336627600093684,44.13960601488749,0.6878014365832011,0.00022859999999999997
1905,-75.17554065336758,0,-0.02812269584586223,54.404874388376875,0.6880080610513687,0.00022856249999999998
1906,-164.94372340951747,0,-0.011285146969991425,28.246864171822867,0.6884694198767344,0.00022852499999999998
1907,-164.0409668680931,0,-0.00966740157455206,54.26765753428141,0.683296267191569,0.0002284875
1908,-68.22666364010317,0,-0.02300939555745572,16.97102328300476,0.6804124093055726,0.00022845
1909,-160.02408067967178,0,-0.0005665674805641174,15.17211918036143,0.6727967302004496,0.00022841249999999998
1910,-78.14848601843195,0,-0.02713806244234244,24.627190391222637,0.6742352028687795,0.00022837499999999998
1911,-146.9175586975396,0,-0.006503514173770478,25.164638455708822,0.6761485348145168,0.0002283375
1912,-214.63475801006012,0,-0.0076151129168768724,198.30935961405436,0.6771772732337316,0.0002283
1913,-98.68169013171939,0,-0.014254009878883759,20.7331094066302,0.6745781540870667,0.00022826249999999997
1914,-174.36325573451563,0,-0.0037150046477715175,17.56171995004018,0.6682854215304057,0.000228225
1915,-125.5504319765413,0,-0.0008229375506440799,13.021379642685254,0.6679337938626607,0.00022818749999999998
1916,-114.63414215952572,0,-0.0037854911604275304,33.08290201822917,0.6724590599536896,0.00022814999999999996
1917,-163.8036590301641,0,-0.0168749846983701,9.43109964132309,0.6757755517959595,0.0002281125
1918,-92.67544012713554,0,-0.009453320046789788,11.640796325604121,0.6759352147579193,0.00022807499999999997
1919,-124.01158818213239,0,-0.017024353270729382,12.743622064590454,0.6814418355623881,0.00022803749999999995
1920,-193.2155664549993,0,-0.022095382617165645,35.75092441240947,0.6918847322463989,0.00022799999999999999
1921,-228.95693121468727,0,-0.006914226586620013,194.60897432963054,0.6945785969495774,0.00022796249999999996
1922,-155.53584861615326,0,-0.005428014198939005,139.59219153722128,0.697918317715327,0.000227925
1923,-179.11806282709517,0,-0.01933208031890293,91.29801452954611,0.7026806583007177,0.00022788749999999998
1924,-182.9456672175438,0,-0.007031057604278127,11.437803145249685,0.7046997328599294,0.00022785
1925,-109.80528173257125,0,-0.010570873320102692,39.44201153119405,0.6947308927774429,0.0002278125
1926,-89.05746022489377,0,-0.017597537860274313,42.54681098461151,0.6839298675457637,0.00022777499999999997
1927,-72.65850931055766,0,-0.020210008493935068,28.25411137739817,0.6753655105829239,0.0002277375
1928,-65.37092185074576,0,-0.0006325441412627697,33.67929654916127,0.679746131102244,0.00022769999999999998
1929,-79.97425333006393,0,-0.015598816021035114,10.408478262027105,0.6848011642694474,0.00022766249999999996
1930,-52.00268228690584,0,0.00035558869130909444,23.295411560187738,0.6922622243563334,0.000227625
1931,-81.14105701791891,0,-0.022413898057614765,5.6977241675059,0.699273340900739,0.00022758749999999997
1932,-44.32836031338277,0,0.009348162977645794,16.621108054121336,0.7065105229616165,0.00022754999999999997
1933,-2.718616719601755,0,-0.004125046976841986,555.9157875061035,0.7086964535713196,0.00022751249999999998
1934,-28.21957208084576,0,-0.021441754773259162,94.58928527832032,0.7103290688991547,0.00022747499999999999
1935,23.128028531512108,0,-0.008628982938826085,67.80416358947754,0.7122309291362763,0.00022743749999999996
1936,13.646250495382723,0,-0.024513594545423983,36.049894914627075,0.7135532605648041,0.00022739999999999997
1937,457.47999572226007,0,-0.00309725396335125,3026.259935913086,0.7128760159015656,0.00022736249999999998
1938,428.60667139824994,1,-0.0066084287874400615,1534.263727722168,0.7126298046112061,0.00022732499999999998
1939,501.03093306542013,1,-0.026787696555256844,1291.268830947876,0.7122397482395172,0.0002272875
1940,-42.84930916256755,0,-0.004104333110153675,3715.773005371094,0.7123716175556183,0.00022725
1941,3.186300456835596,0,-0.011163829639554024,1136.3706091308593,0.7127171897888184,0.00022721249999999997
1942,461.41533820536864,1,-0.0078028466925024985,2431.4851586914065,0.7123922300338745,0.00022717499999999998
1943,395.0648317707289,1,-0.003466777363792062,1254.8963905334472,0.7123301953077317,0.00022713749999999998
1944,487.10665138771515,1,-0.008865892235189677,734.2507545471192,0.7124514028429985,0.0002271
1945,355.45766156361594,1,-0.010425123497843742,601.8371501159668,0.7123344910144805,0.00022706249999999997
1946,420.0106693085438,1,-0.02057305172085762,702.446682434082,0.7124784743785858,0.000227025
1947,399.45739581194994,1,-0.013205491146072746,410.26910133361815,0.7122848510742188,0.00022698749999999998
1948,376.10255145824686,1,-0.002067052274942398,283.5519409942627,0.7121821701526642,0.00022694999999999996
1949,424.9646125645923,1,-0.006609874591231346,146.64707847595216,0.712585780620575,0.0002269125
1950,391.443338642365,1,-0.010062203695997595,271.56631050109866,0.7117051124572754,0.00022687499999999997
1951,483.53047798530713,1,-0.011374767683446408,586.2843190511068,0.7111690680185954,0.00022683749999999995
1952,518.0362831426082,1,-0.009421014226973057,529.1343063354492,0.7107919558882714,0.00022679999999999998
1953,-85.24621788173896,0,-0.011676369649358094,3251.640467529297,0.7101262259483337,0.00022676249999999996
1954,470.22243893385877,1,-0.0045531038815776505,911.6601847330729,0.7100006560484569,0.000226725
1955,-94.85464883714096,0,-0.005175385326147079,3262.0213049316408,0.7099489879608154,0.00022668749999999997
1956,487.2172559282014,1,-0.008608525494734447,951.4015289306641,0.7098615686098735,0.00022665
1957,415.6186879661813,1,-0.020196163887158038,640.1873107910156,0.7097682058811188,0.00022661249999999999
1958,507.7798992735562,1,-0.008142638229764998,497.59152603149414,0.7095106646418572,0.00022657499999999996
1959,445.00089753291184,1,-0.0038905272449483164,465.0303131103516,0.7102173522114754,0.0002265375
1960,523.2244297817543,1,-0.002340863769253095,1118.5114339192708,0.7117250899473826,0.00022649999999999998
1961,517.9978071062969,1,-0.007672890493025383,521.2836318969727,0.7111434002717336,0.00022646249999999998
1962,485.6471665230419,1,-0.00913748104746143,1065.9443318684896,0.7111080765724183,0.000226425
1963,496.2850330126316,1,0.030415605567395688,1354.7740364074707,0.7113532145818074,0.00022638749999999997
1964,375.67769355113484,1,-0.0006586567498743535,819.9865793863933,0.7115275283654531,0.00022634999999999997
1965,388.2104905613621,1,-0.024646475228170553,1135.8948974609375,0.7113496959209442,0.00022631249999999998
1966,444.36044680391683,1,-0.012607224130382141,428.6961212158203,0.7115665912628174,0.00022627499999999998
1967,339.6272549165264,1,-0.0017832863610237836,634.8797595977783,0.7122392192482948,0.00022623749999999996
1968,526.7141635824576,1,-0.04293096615001559,558.8768859148025,0.7119387850165367,0.00022619999999999997
1969,-341.0399884794432,1,0.00137407336384058,2741.0015502929687,0.7120005881786347,0.00022616249999999997
1970,387.1897708709856,1,0.0023535770364105702,492.58810806274414,0.7123961329460144,0.00022612499999999998
1971,499.8755376961459,1,0.0032361937221139668,2716.3851989746095,0.7119145542383194,0.00022608749999999999
1972,357.91367928686657,1,0.007571521199618777,1082.8758097330729,0.712273492415746,0.00022605
1973,584.0345178849597,1,-0.011949876695871353,1824.3274154663086,0.7130356341600418,0.0002260125
1974,465.84783286325995,1,0.1056929660961032,711.7995628356933,0.7129357675711314,0.00022597499999999998
1975,403.082614694066,1,-0.006035665919383367,885.6332611083984,0.712404727935791,0.00022593749999999998
1976,416.7474642227447,1,-0.0007019490624467532,433.2506467183431,0.7112872282663981,0.0002259
1977,443.3834234460007,1,-0.01913304307963699,1915.2740478515625,0.7109293729066849,0.00022586249999999997
1978,392.3099154292051,1,-0.00960035610187333,591.0494735717773,0.7108448058366775,0.000225825
1979,471.19614601012654,1,0.010563470749184489,376.40169830322264,0.7106868773698807,0.00022578749999999998
1980,472.2435685372509,1,-0.01609737086109817,294.4075866699219,0.7104368031024932,0.00022574999999999996
1981,602.5085254905443,1,-0.01989393170515541,1218.928482055664,0.7104349732398987,0.0002257125
1982,446.9856223025837,1,-0.023928069571654,528.2578272501628,0.7103258649508158,0.00022567499999999997
1983,572.0058635311627,1,0.011375905759632588,792.3497329711914,0.7105066001415252,0.00022563749999999995
1984,447.49893831972497,1,-0.0018796464428305626,1188.1737365722656,0.7110901206731797,0.00022559999999999998
1985,564.4314430339555,1,-0.02549351085908711,584.3631202697754,0.7113213539123535,0.00022556249999999996
1986,534.1842208505016,1,-0.005007896921597421,549.0909103393554,0.7115693539381027,0.000225525
1987,527.1122275641521,1,-0.012228152510942891,404.68066558837893,0.7112703353166581,0.00022548749999999997
1988,525.4904613307536,1,-0.009103576419875026,663.3503509521485,0.7113083004951477,0.00022545
1989,577.8863432793485,1,0.0070223061367869375,261.3176815032959,0.7125502437353134,0.00022541249999999998
1990,-118.52046324381467,1,0.0012082867324352264,7507.059220377604,0.713780536254247,0.00022537499999999996
1991,443.0874206554529,1,0.00025838222354650496,1389.5681549072265,0.7141575574874878,0.0002253375
1992,581.2083337986026,1,0.005392408743500709,500.6841243743896,0.7140087157487869,0.00022529999999999997
1993,491.6433621508124,1,0.0009564965032041073,1248.0631408691406,0.7140380024909974,0.00022526249999999998
1994,482.04027382452347,1,-0.0281410938128829,339.57708206176756,0.7133475303649902,0.00022522499999999999
1995,586.997719150472,1,-0.0233369673602283,438.1500926971436,0.7117130726575851,0.00022518749999999996
1996,573.3222470826129,1,-0.00838943597045727,152.47277126312255,0.7107302278280259,0.00022514999999999997
1997,438.52614676121465,1,0.004320257902145385,2504.1081481933593,0.7096318483352662,0.00022511249999999998
1998,602.2998805230695,1,0.0460765415802598,631.7706371307373,0.708869144320488,0.00022507499999999998
1999,547.2698444477599,1,-0.0013972497545182705,157.37461738586427,0.7082602739334106,0.00022503749999999996
2000,474.3974155204752,1,-0.009739158395677804,434.67970581054686,0.7060958504676819,0.000225
2001,495.454936957105,1,-0.01898206314072013,626.1272003173829,0.7060669898986817,0.0002249625
2002,461.14703660209443,1,-0.013402649946510792,1108.9726959228515,0.7075758516788483,0.00022492499999999998
2003,587.1000252272643,1,-0.04932276860345155,576.4306528091431,0.7083887130022049,0.00022488749999999998
2004,499.34782442031735,1,-0.028501614555716516,1155.2177673339843,0.707152035832405,0.00022485
2005,554.9004864799668,1,0.0044610236771404745,105.67833032608033,0.7053500711917877,0.0002248125
2006,607.1763416124238,1,0.05789603590965271,158.49744834899903,0.7035364657640457,0.00022477499999999997
2007,596.5315773531811,1,-0.07880300777032971,103.24668178558349,0.6995054394006729,0.00022473749999999998
2008,-4797.981962487045,0,-0.0058771918282697075,1843.5544712267424,0.7042529250446119,0.0002247
2009,-179.62559168657376,0,0.007228448744863272,3777.701650390625,0.7163018834590912,0.00022466249999999997
2010,565.1655202034416,1,-0.03267298098653555,368.12783126831056,0.7162896007299423,0.000224625
2011,502.3434730975824,1,-0.0404964666813612,322.88856925964353,0.7168450474739074,0.00022458749999999998
2012,553.8297089028227,1,0.0298971489071846,192.1764757156372,0.7172872394323349,0.00022454999999999996
2013,611.5588409963439,1,-0.013194916304200888,199.4703577041626,0.7169741958379745,0.0002245125
2014,627.8447088786297,1,0.08583903666585684,198.67496008872985,0.7159436464309692,0.000224475
2015,497.9939078063965,1,0.05433184402063489,1300.0000274658203,0.718648225069046,0.00022443749999999995
2016,533.7306783256599,1,-0.005610649054870009,880.6966674804687,0.7205408215522766,0.00022439999999999998
2017,497.9704164961253,1,0.006095299730077386,506.0409240722656,0.719464772939682,0.0002243625
2018,617.5297912135252,1,-0.04450599430128932,226.62203464508056,0.7177103340625763,0.000224325
2019,463.8251816507146,1,0.008664194867014885,1524.307840983073,0.7170708696047465,0.00022428749999999997
2020,610.3427332536205,1,-0.0016375412233173847,387.2936187744141,0.7171297669410706,0.00022425
2021,550.2603017073366,1,0.029863326996564864,100.24685688018799,0.7185698330402375,0.00022421249999999998
2022,563.9059601080955,1,-0.007634439878165722,481.6903549194336,0.7229580491781235,0.00022417499999999996
2023,-4697.936202646731,0,-0.008580878445584523,1329.4900752619694,0.7370471395944295,0.0002241375
2024,556.7775081990615,1,-0.056713576428592205,571.7050430297852,0.7647968262434006,0.00022409999999999997
2025,608.144006168289,1,-0.009808444418013096,733.3910682678222,0.763844707608223,0.00022406249999999998
2026,533.5217956730926,1,-0.02412134176120162,255.67275619506836,0.763214060664177,0.00022402499999999998
2027,574.0799778601458,1,-0.010403509438037872,358.11423721313474,0.7624316602945328,0.00022398749999999996
2028,566.1538591153871,1,0.010956452786922454,119.99120140075684,0.7632013410329819,0.00022394999999999997
2029,608.1189550195454,1,0.00036805937997996807,496.6416213989258,0.764005720615387,0.00022391249999999997
2030,594.1123750078422,1,-0.025904688239097595,138.34625434875488,0.7628811001777649,0.000223875
2031,627.370190488472,1,-0.0232946137432009,291.72987899780276,0.7601467877626419,0.00022383749999999996
2032,496.4122220830998,1,-0.0044693593285046514,988.5360321044922,0.7595830708742142,0.0002238
2033,-142.54798176945462,0,0.0041641374429066975,3092.869093322754,0.7592822819948196,0.0002237625
2034,-1168.566753625049,0,-0.0029426912111895423,4379.180221993583,0.7578572775636401,0.00022372499999999998
2035,356.2659225976132,1,-0.0016703986562788486,5421.21826171875,0.7614333987236023,0.00022368749999999998
2036,-155.43538331856865,0,-0.018171546639253695,1045.0528620402017,0.7626428792874018,0.00022365
2037,-68.4624672886943,0,-0.028181681130081414,544.7247469584147,0.7617178390423457,0.0002236125
2038,-72.64631823462892,0,-0.02431083711174627,235.1024657567342,0.7593436986207962,0.00022357499999999997
2039,-75.72491624463747,0,-0.010911348275840282,166.23676862716675,0.7540860811869303,0.00022353749999999998
2040,-77.12808699221644,0,-0.010238282666541636,141.39296783447264,0.7531678807735444,0.00022349999999999998
2041,-84.72130824279147,0,0.011930327552060286,111.35253337224324,0.7502122571070989,0.00022346249999999996
2042,-304.0791075549553,0,0.005105023769040902,254.2013747215271,0.745266263683637,0.000223425
2043,-145.49783674704946,0,-0.014177085210879644,74.41502066453297,0.7522650967041652,0.00022338749999999997
2044,-188.2627831996174,0,-0.011444071829319,125.51987281799316,0.756700508594513,0.00022334999999999995
2045,228.00309657020927,1,-0.009262638981454074,8028.5206298828125,0.7573106259107589,0.0002233125
2046,12.636263871066092,1,-0.005393287446349859,11084.118050130208,0.7576058546702067,0.000223275
2047,-962.4512566949669,1,5.212790953616301e-05,4804.56723429362,0.7581085006395976,0.00022323749999999997
2048,-165.5353857887967,1,0.003565202618483454,6672.440725708007,0.75949647128582,0.00022319999999999998
2049,579.9480499289532,1,0.004955806373618543,9491.691479492187,0.7600097209215164,0.0002231625
2050,-75.12612241103574,0,-0.021958102658390998,338.8307666460673,0.758714473247528,0.000223125
2051,598.2498987257007,1,0.025219254242256284,5772.4367950439455,0.752890095114708,0.00022308749999999997
2052,577.1012585617123,1,-0.01386878676712513,2716.521566772461,0.752300363779068,0.00022305
2053,-87.8698684080795,0,-0.00430005897457401,483.9691832224528,0.7532974630594254,0.00022301249999999998
2054,-85.82021845345072,0,0.00750597349057595,228.70604416529338,0.754605640967687,0.00022297499999999996
2055,-2241.6869146160884,1,0.013297944174458584,6442.151293945312,0.7561467776695887,0.0002229375
2056,558.4313815741224,1,0.007519451528787613,1480.580096435547,0.7581066429615021,0.00022289999999999997
2057,424.64296804904296,1,-0.011606146395206452,1432.077459716797,0.7580485582351685,0.00022286249999999998
2058,448.58609166588883,1,-0.015152210742235184,1166.944985961914,0.7576167345046997,0.00022282499999999998
2059,508.67596400817,1,-0.01556031220825389,643.8606216430665,0.7581721663475036,0.0002227875
2060,486.27488370882463,1,-0.012488614208996296,1496.435110473633,0.7583088606595993,0.00022274999999999997
2061,313.0308811602813,1,-0.009285291905204456,5023.322504170736,0.759025228023529,0.00022271249999999997
2062,-57.35565176489473,1,-0.00713658236588041,5449.30732421875,0.7601718246936798,0.000222675
2063,-260.9408993150938,1,0.0005643295434614022,6208.757023111979,0.7606654763221741,0.00022263749999999996
2064,488.75355286332103,1,-0.012189480755478144,2569.0671615600586,0.7609789192676544,0.0002226
2065,539.9015189369356,1,-0.03289543222635984,365.3213279724121,0.7608772784471511,0.0002225625
2066,459.9377921116051,1,-0.0055041715502738954,1488.0255645751954,0.7597050160169602,0.00022252499999999997
2067,592.2893498150971,1,-0.029115448915399612,789.8692108154297,0.7594575077295304,0.00022248749999999998
2068,511.0883151598257,1,0.000586617086082697,684.566389465332,0.7593432396650315,0.00022244999999999999
2069,-103.80876650674892,0,-0.001958685088902712,1159.8367279052734,0.7585555732250213,0.0002224125
2070,553.3457668027378,1,-0.03658954626880586,392.68384246826173,0.7545446068048477,0.00022237499999999997
2071,287.9567895369958,1,0.00016888566315174103,4034.4568481445312,0.7528202652931213,0.0002223375
2072,565.1664148095364,1,-0.03451113398768939,488.14225311279296,0.7518366277217865,0.00022229999999999998
2073,473.80885495399923,1,-0.012127433158457279,932.0814453125,0.7500038295984268,0.00022226249999999996
2074,573.5944918317916,1,-0.026898918300867082,687.9234100341797,0.7483903229236603,0.000222225
2075,544.4483682710112,1,-0.01200551032088697,209.0089946746826,0.7471614301204681,0.00022218749999999997
2076,596.2635638617187,1,-0.01627541985362768,258.0592430114746,0.7445015847682953,0.00022214999999999995
2077,590.0491839513799,1,0.05597708560526371,155.43861961364746,0.7424574702978134,0.00022211249999999998
2078,439.3550904663186,1,0.003184188879095018,1916.7126220703126,0.7338815778493881,0.000222075
2079,459.55343943355206,1,-0.0022795122116804124,1147.7735656738282,0.7318602353334427,0.00022203749999999997
2080,-1158.9672899937148,1,-0.005347089682306562,4707.288008553641,0.7339232095650264,0.00022199999999999998
2081,419.3690636166268,1,-0.004814762435853481,2272.7066162109377,0.7370110273361206,0.0002219625
2082,616.5882531213699,1,0.10125717134214937,1162.1886856079102,0.7386393189430237,0.000221925
2083,-76.38955205970433,0,-0.004748174625759324,1067.9727088928223,0.7386010269323985,0.00022188749999999997
2084,-136.1049468023852,0,-0.017141582878927388,627.0597315470378,0.7308061798413594,0.00022185
2085,557.121161972932,1,-0.11649565557017923,1881.3458923339845,0.7246403068304061,0.00022181249999999998
2086,599.8918597501449,1,-0.07732976851984859,668.6027725219726,0.7232630997896194,0.00022177499999999996
2087,495.28874360626776,1,-0.0064345479593612255,821.6723205566407,0.7209157168865203,0.0002217375
2088,543.9638055387381,1,0.05517595643177629,208.95743370056152,0.7203979164361953,0.00022169999999999997
2089,508.2659805699204,1,-0.030369174084626138,439.4733024597168,0.721686241030693,0.00022166249999999997
2090,551.340864803969,1,-0.0023423727601766587,985.2745035807292,0.721307776371638,0.00022162499999999998
2091,530.9062158998796,1,0.006746286619454622,721.3580749511718,0.7199740648269654,0.00022158749999999999
2092,529.0449390494532,1,-0.014962437003850937,1052.6573059082032,0.7216319024562836,0.00022154999999999996
2093,546.6040366143286,1,-0.04762042500078678,916.0601989746094,0.7245263665914535,0.00022151249999999997
2094,590.938849999465,1,-0.018938143365085126,244.86075973510742,0.7240292370319367,0.000221475
2095,399.124266968492,1,-0.008254551980644464,1195.3923553466798,0.7212136447429657,0.00022143749999999995
2096,513.2752657606884,1,-0.06438953829929232,360.8180877685547,0.7195423096418381,0.0002214
2097,623.3331265038206,1,0.14567541014403104,651.0329513549805,0.7174423128366471,0.0002213625
2098,454.52990089751535,1,0.053267819434404375,2209.247277832031,0.7179020404815674,0.00022132499999999997
2099,426.9928287503547,1,-0.01713797086849809,1270.626727294922,0.718888983130455,0.00022128749999999998
2100,530.8842896678368,1,-0.024281451292335988,621.4216567993165,0.7183741956949234,0.00022124999999999998
2101,373.1243422772086,1,-0.012402777466922999,3450.051379394531,0.7175530612468719,0.0002212125
2102,551.2976875741012,1,-0.016683552460744978,552.3976913452149,0.7165468543767929,0.00022117499999999997
2103,571.5957361547362,1,0.008736542516271584,352.44463500976565,0.7153489202260971,0.0002211375
2104,-1957.8882108040673,1,-0.009529766868799925,3904.7106957244873,0.7182557427883148,0.00022109999999999998
2105,-576.2964589908192,0,-0.007861154355175261,1916.0728219168527,0.7206975945404598,0.00022106249999999996
2106,571.1715373911147,1,0.023837434127926826,2152.304818725586,0.7234365850687027,0.000221025
2107,531.4594133612073,1,-0.009949210239574314,805.5183471679687,0.7247848957777023,0.00022098749999999997
2108,498.0187256015,1,0.0014289705082774161,1183.753466796875,0.7267109453678131,0.00022094999999999995
2109,405.65808829553,1,-0.008284412138164044,2322.946044921875,0.7266080260276795,0.00022091249999999998
2110,525.3600090786786,1,-0.023257918562740086,758.4720947265625,0.7265762031078339,0.000220875
2111,498.31682117243264,1,-0.0012720158723823261,980.8821258544922,0.7272219121456146,0.00022083749999999997
2112,583.1098171247345,1,0.00803133575245738,847.8666839599609,0.7274553090333938,0.00022079999999999997
2113,532.0590129022438,1,-0.033477616403251885,303.92126235961916,0.7261193186044693,0.0002207625
2114,597.0698573020377,1,-0.05996424723416567,577.3000579833985,0.7222729235887527,0.00022072499999999998
2115,530.245229950626,1,0.006095850514248014,395.4349136352539,0.7234943270683288,0.00022068749999999996
2116,108.61965318810712,1,-0.014916243900855383,10489.665169270833,0.7249138991038004,0.00022065
2117,534.9350044653124,1,0.05171647733077407,362.3780708312988,0.726488122344017,0.00022061249999999998
2118,627.0265801832695,1,-0.00879387641325593,679.6456462860108,0.7332540065050125,0.00022057499999999998
2119,-121.87390462037266,0,-0.0015409911788689594,1074.3838544209798,0.7355426202217737,0.0002205375
2120,590.6702618757686,1,-0.022214518394321203,564.7303260803222,0.7318222910165787,0.00022049999999999997
2121,-75.79462322059976,0,-0.025051036725441615,984.3581689198812,0.728164721528689,0.00022046249999999997
2122,-75.86094804186939,0,-0.005462230322882533,544.0115699768066,0.7251454403003057,0.00022042499999999998
2123,-1657.1258807935073,1,0.02208560733124614,9651.661877441406,0.7165189266204834,0.00022038749999999998
2124,599.3004621008209,1,-0.017275860905647276,2946.4951405763627,0.7165147751569748,0.00022034999999999996
2125,-1808.5076811174802,1,-0.012350714206695557,5659.260590955946,0.7179742885960473,0.00022031249999999997
2126,542.5453659233158,1,-0.009560045041143894,2928.9364501953123,0.7194181203842163,0.000220275
2127,493.0094194362399,1,-0.012222362961620093,3217.880792236328,0.7195710361003875,0.00022023749999999998
2128,585.7747742030679,1,-0.0298827082850039,1294.1820983886719,0.719405347108841,0.00022019999999999999
2129,-303.41688886869775,0,-0.005354131222702563,1606.2187721252442,0.7196479191382726,0.0002201625
2130,567.432105437495,1,-0.015795192619164785,2993.548876953125,0.7219661970933279,0.000220125
2131,575.4841267310239,1,0.023705167509615422,2474.4906005859375,0.7220820963382721,0.00022008749999999998
2132,-1047.7083685249224,1,-0.004474142461549491,6807.286804199219,0.7229689886172612,0.00022004999999999998
2133,504.0191197246083,1,0.04500990137457848,1069.317578125,0.7241004884243012,0.0002200125
2134,578.2753513030491,1,0.006892074784263969,812.9252212524414,0.7255148023366929,0.00021997499999999997
2135,225.85259798892002,1,0.03437918337682883,10414.688313802084,0.7253871699174245,0.0002199375
2136,582.5888996911656,1,-0.007963411882519722,1239.0110992431642,0.726091718673706,0.00021989999999999998
2137,616.2996896741787,1,0.03982631163671613,1362.878173828125,0.727423033118248,0.00021986249999999996
2138,406.84834140201735,1,-0.022113920406991384,1424.66474609375,0.7288642436265945,0.000219825
2139,585.9638248563094,1,0.03445362807251513,978.6428619384766,0.7305202424526215,0.0002197875
2140,569.1872761619953,1,-0.008765084692277015,451.94087371826174,0.7277654081583023,0.00021974999999999995
2141,365.22813409550906,1,-0.0047589452005922794,3994.6867553710936,0.7227195590734482,0.00021971249999999998
2142,580.3479803654341,1,-0.00723918525618501,552.0588256835938,0.7214531570672988,0.000219675
2143,511.1442538317634,1,-0.0457609336823225,401.16276931762695,0.7204027950763703,0.0002196375
2144,474.77791963460567,1,0.003813932090997696,1147.5999755859375,0.7205442756414413,0.00021959999999999997
2145,-393.31678442314956,1,-0.002288844165741466,7168.594702148437,0.7208540479342143,0.0002195625
2146,471.06639021435615,1,-0.0328673257259652,1201.0321136474608,0.7219882845878601,0.00021952499999999998
2147,570.1713283219566,1,-0.03694373406469822,414.61695022583007,0.7228500038385391,0.00021948749999999996
2148,510.4018030126679,1,-0.02153882347047329,1105.6007232666016,0.7240915149450302,0.00021945
2149,585.8368439781003,1,0.008044161554425954,304.74561367034914,0.7245948076248169,0.00021941249999999997
2150,586.0542611568314,1,0.04290191475301981,647.194905090332,0.7244093477725982,0.00021937499999999998
2151,170.64481193172523,1,-0.0038522325456142427,7275.485986328125,0.7236748039722443,0.00021933749999999998
2152,564.9490199156762,1,-0.0742877496406436,389.17310333251953,0.7227484852075576,0.00021929999999999996
2153,600.8932370115534,1,-0.03587882900610566,152.41883506774903,0.7174675583839416,0.00021926249999999997
2154,582.2728963601849,1,0.10046983566135168,826.6630851745606,0.7101063072681427,0.00021922499999999998
2155,608.026325018921,1,-0.07149542523548007,211.15388984680175,0.706034567952156,0.0002191875
2156,484.8797727772799,1,-0.003235065593617037,1919.9748291015626,0.7031339943408966,0.00021914999999999996
2157,607.0532399931224,1,-0.008424895256757737,172.8668786406517,0.6989457339048386,0.0002191125
2158,616.808272869531,1,-0.013608128856867551,58.62900791168213,0.6888399511575699,0.000219075
2159,426.81243413296573,1,0.0009705756092444062,1916.3128784179687,0.6855435460805893,0.00021903749999999998
2160,543.905544143736,1,-0.016529657877981663,145.38858375549316,0.6852477312088012,0.00021899999999999998
2161,540.1694370767423,1,-0.013756207097321749,329.44502716064454,0.6810783743858337,0.0002189625
2162,569.4668370127238,1,0.013633627211675048,262.23547439575196,0.6796010047197342,0.000218925
2163,546.2318848337759,1,0.05641874256543815,855.9770797729492,0.6789378315210343,0.00021888749999999997
2164,580.3630874141049,1,0.014945866633206606,203.0002010345459,0.6783721208572387,0.00021884999999999998
2165,608.5244238693979,1,-0.28847934808582065,247.4835810780525,0.6815030455589295,0.00021881249999999999
2166,602.7791349139359,1,-0.021265228884294628,328.3474983215332,0.689345332980156,0.00021877499999999996
2167,487.4163042725503,1,0.008399663787956039,1300.5239400227865,0.689682932694753,0.0002187375
2168,573.6998763915303,1,0.020243754796683788,330.91953048706057,0.6899365842342376,0.00021869999999999998
2169,571.4268862408808,1,0.0011854356154799462,196.6599447250366,0.6911985486745834,0.00021866249999999995
2170,431.5307928178819,1,0.035174205402533215,1687.995975748698,0.689696216583252,0.000218625
2171,233.645440017009,1,-0.005331578059121966,6266.539392089844,0.689191123843193,0.0002185875
2172,395.7880091726491,1,0.0008591411868110299,4154.285021972656,0.6893755853176117,0.00021854999999999995
2173,588.8004529195108,1,-0.018982568569481374,964.0336273193359,0.6895431637763977,0.00021851249999999998
2174,521.5515406296349,1,-0.02255845982581377,298.6418281555176,0.6889284670352935,0.000218475
2175,577.6899847030695,1,-0.023655692115426064,808.1240005493164,0.6885255515575409,0.0002184375
2176,616.4183630214324,1,-0.030380073562264444,411.3545600891113,0.6885765224695206,0.00021839999999999997
2177,588.0155772415455,1,0.006628878973424434,291.7814395904541,0.6887698411941529,0.0002183625
2178,578.604671910025,1,-0.18482326639350505,230.45412616729737,0.6876564949750901,0.00021832499999999998
2179,596.7089298317459,1,-0.0729737046174705,188.58768892288208,0.6871028244495392,0.00021828749999999996
2180,205.3036202276998,1,-0.017100470575193562,7494.513273111979,0.6861029108365376,0.00021825
2181,-132.21008795597237,1,0.14224643339402973,8698.635254383087,0.6861359521746635,0.00021821249999999997
2182,587.248376695036,1,0.046608355827629566,332.72087783813475,0.6867239207029343,0.00021817499999999998
2183,587.3721837819207,1,0.02725525521673262,240.54161071777344,0.6879939764738083,0.00021813749999999998
2184,414.6176050031224,1,-0.030743504245765507,3346.8667907714844,0.6885972589254379,0.00021809999999999996
2185,220.66138501503784,1,0.008071921207010746,7854.984448242188,0.6889744222164154,0.00021806249999999997
2186,471.1262920063084,1,-0.03033683616667986,738.7268920898438,0.6895204722881317,0.00021802499999999997
2187,619.6414720854239,1,-0.006537999227487834,1278.7197265625,0.6905078828334809,0.0002179875
2188,621.2221563562046,1,-0.0002668316047959252,1620.053759765625,0.6908777356147766,0.00021794999999999996
2189,587.8730720183972,1,0.00670266798697412,181.20168075561523,0.69140545129776,0.0002179125
2190,603.361945631807,1,0.3025106996297836,107.17723159790039,0.6914194315671921,0.000217875
2191,-1944.868568418242,1,0.024472074704244732,9807.153903808594,0.6923512101173401,0.00021783749999999998
2192,465.10735364179163,1,-0.0021490272134542464,1436.7803039550781,0.6928202033042907,0.00021779999999999998
2193,-965.7261934615815,1,0.0014084240887314082,6478.476645914713,0.6927543481191,0.0002177625
2194,544.6784449615911,1,0.027028454933315516,659.7509765625,0.6929906785488129,0.000217725
2195,573.4231059314418,1,0.0651217739097774,2821.7658126831057,0.6936390042304993,0.00021768749999999997
2196,598.6195207595053,1,-0.008600628562271595,468.0198211669922,0.694412112236023,0.00021764999999999998
2197,568.5019568887275,1,-0.006889569459276856,240.76056976318358,0.6944258868694305,0.00021761249999999998
2198,453.4571626580116,1,-0.025504180567804725,1472.7098876953125,0.6939516633749008,0.00021757499999999996
2199,606.284567829809,1,0.05563326422125101,383.4620928764343,0.6950293272733689,0.0002175375
2200,-1460.9304279500661,1,0.0023185017851314375,4786.290630231585,0.6975840960230146,0.00021749999999999997
2201,506.0777326299692,1,-0.02557196244597435,214.59026794433595,0.6983773589134217,0.00021746249999999995
2202,333.1625630685084,1,-0.010169344209134578,5734.60263671875,0.6987843751907349,0.00021742499999999999
2203,509.6166899358909,1,0.009435597993433475,572.4360534667969,0.6992165446281433,0.0002173875
2204,546.777409248656,1,0.09801765587180852,317.54455146789553,0.6995159834623337,0.00021734999999999997
2205,556.558635816581,1,-0.03399845696985722,145.27726821899415,0.697782164812088,0.00021731249999999998
2206,578.451375691666,1,-0.0076567639596760275,903.3557098388671,0.695361414551735,0.000217275
2207,489.7891709886913,1,-0.04725264745065942,1262.5812339782715,0.6945168316364289,0.0002172375
2208,550.1837155971003,1,-0.03580165775492787,604.2912956237793,0.6946299821138382,0.00021719999999999997
2209,612.4984789782571,1,0.023952813167124987,389.73254165649416,0.6946856170892716,0.0002171625
2210,628.7046354986459,1,-0.013595683582788,714.6167114257812,0.6948239147663117,0.00021712499999999998
2211,609.8321161677413,1,-0.010839662395107207,358.3541732788086,0.6949500977993012,0.00021708749999999996
2212,587.7155844537937,1,-0.03470245189964771,88.49181289672852,0.6951796591281891,0.00021705
2213,618.5722577709313,1,-0.008521190951063318,230.58027038574218,0.6951456844806672,0.00021701249999999997
2214,582.6265971314507,1,-0.018347203079611064,126.6100266456604,0.6951968729496002,0.00021697499999999997
2215,604.6027132610703,1,-0.018220435734838246,111.35012950897217,0.6939629018306732,0.00021693749999999998
2216,403.30491749993723,1,0.040565552469342944,2583.041394042969,0.6907016813755036,0.0002169
2217,-3824.0200850319065,1,-0.00408650329336524,3021.2201699393136,0.691249806540353,0.00021686249999999997
2218,49.19795358507207,1,0.0008920822292566299,7228.625903320312,0.693634698788325,0.00021682499999999997
2219,190.063862146827,1,-0.010770480846986175,9691.019873046875,0.693743547797203,0.0002167875
2220,535.4384903522797,1,0.04063663650304079,1726.062665939331,0.6939157962799072,0.00021674999999999996
2221,467.6624166896339,1,-0.05182901294901967,2704.337274169922,0.6942338138818741,0.0002167125
2222,463.833679262802,1,0.03673286726698279,1914.7749603271484,0.6942645251750946,0.000216675
2223,619.1163608355145,1,-0.00386190591723512,1953.3153564453125,0.6943341016769409,0.00021663749999999997
2224,-358.83613651860327,1,-0.004014689661562443,6554.337347412109,0.6944038271903992,0.00021659999999999998
2225,602.2634503352253,1,-0.0042954196222126486,858.5336196899414,0.6946066200733185,0.00021656249999999999
2226,571.248594112395,1,0.0029096744023263455,828.524136352539,0.6936760604381561,0.000216525
2227,562.9977648990564,1,-0.028197032772004603,259.31180181503294,0.6936142772436142,0.00021648749999999997
2228,586.2065491431126,1,-0.030149439349770546,115.34967126846314,0.6947812527418137,0.00021645
2229,533.263190221026,1,-0.03830155450850725,419.09496841430666,0.6956809163093567,0.00021641249999999998
2230,531.0980261195675,1,-0.006831051222980023,2133.784802246094,0.6947553426027298,0.00021637499999999996
2231,405.1835561212743,1,-0.03453183271922171,1950.5653991699219,0.6949118405580521,0.0002163375
2232,580.7675885812105,1,-0.01289607398211956,321.6681419372559,0.6950868755578995,0.00021629999999999997
2233,602.7595267346376,1,0.006642392277717591,512.5970024108886,0.6963449984788894,0.00021626249999999995
2234,-1054.184884910667,1,-0.0031561800627969206,4155.149714660644,0.6990579016506672,0.00021622499999999998
2235,513.1042935598289,1,-0.010535965347662568,743.7104904174805,0.7008946657180786,0.0002161875
2236,157.65264968406942,1,-0.03395398840308189,2999.2875198078154,0.7006304383277893,0.00021614999999999997
2237,322.13379098021716,1,-0.007610193453729153,2896.534765625,0.7008173316717148,0.00021611249999999997
2238,508.42120258555866,1,-0.016412772284820677,1762.660009765625,0.7014469534158707,0.000216075
2239,535.4440968802162,1,-0.0016964608803391457,1950.53935546875,0.7021036922931672,0.00021603749999999999
2240,408.9779025776594,1,-0.013214301876723766,1563.4650115966797,0.7025264382362366,0.00021599999999999996
2241,195.88754015532476,1,-0.006157221784815192,3833.774774169922,0.7034166738390922,0.0002159625
2242,493.0323064770474,1,-0.007096074831982453,1562.2232401529948,0.7040401875972748,0.00021592499999999998
2243,533.6063293262893,1,-0.0006708457949571311,904.4199401855469,0.704335305094719,0.00021588749999999996
2244,543.5105390301973,1,-0.022498560277745126,665.963134765625,0.7046211451292038,0.00021585
2245,523.2405822960927,1,-0.020256761368364094,427.5321388244629,0.7053192526102066,0.00021581249999999997
2246,489.53374104656814,1,-0.009925542282871902,609.4060958862304,0.7055240541696548,0.00021577499999999997
2247,518.8552187216897,1,-0.016557132184971124,280.0924041748047,0.7061006337404251,0.00021573749999999998
2248,456.2375747580288,1,0.005576909333467483,2081.947613525391,0.7063285410404205,0.00021569999999999998
2249,-109.66416870503105,1,-0.0060281057027168575,6147.027496337891,0.7069559872150422,0.00021566249999999996
2250,237.2011962248482,1,-0.009951553148615252,2418.8591918945312,0.7074853261311849,0.00021562499999999997
2251,511.1636807352429,1,-0.01767350365407765,635.1027816772461,0.7078865557909012,0.0002155875
2252,128.28370443071083,1,-0.020848530810326338,2330.1398162841797,0.7090544730424881,0.00021554999999999998
2253,441.4493812160688,1,-0.028334112465381624,1199.7799591064454,0.708553570508957,0.0002155125
2254,183.61751051857448,1,-0.0075212292096694,1397.3485641479492,0.7090821295976639,0.000215475
2255,482.71287812486514,1,-0.041252101150651775,1082.7615214029947,0.710257089138031,0.0002154375
2256,204.87013532347603,1,-0.03402999818325043,1684.2265740966798,0.7121772384643554,0.00021539999999999998
2257,110.8598431380588,1,-0.00669788436498493,1507.2593963623046,0.7131205528974534,0.00021536249999999998
2258,-249.08309350780613,0,-0.0011818057298660278,1794.1206826782227,0.712907588481903,0.000215325
2259,506.34559293295257,1,-0.013678827819724878,1081.1678405761718,0.7103896756966909,0.00021528749999999997
2260,329.99851735273995,1,-0.02084967421251349,443.2420623779297,0.7098523676395416,0.00021525
2261,246.78906214775185,1,-0.016870873363222925,753.8060165405274,0.7101640939712525,0.00021521249999999998
2262,309.99711336028406,1,-0.0189069593946139,1082.1325358072916,0.71082351009051,0.00021517499999999996
2263,503.24619438073387,1,-0.023268449911847712,473.3594570159912,0.7109904184937477,0.0002151375
2264,602.7613046018969,1,-0.001576485950499773,7193.755163574218,0.7100020557641983,0.0002151
2265,373.81007679336466,1,-0.02592847924679518,1801.2007995605468,0.7099998772144318,0.00021506249999999995
2266,404.1265261975483,1,-0.028867995832115412,3139.539959716797,0.7100761502981185,0.00021502499999999998
2267,571.205390120598,1,-0.013601182051934302,1112.4712921142577,0.7101885348558425,0.00021498750000000001
2268,520.3087841113344,1,-0.0372202250175178,1491.354037475586,0.7102879732847214,0.00021495
2269,543.5275165051472,1,-0.017882242519408464,446.99731597900393,0.7098702937364578,0.00021491249999999997
2270,607.1278827679222,1,-0.023662706254981458,1181.5985610961914,0.7091423630714416,0.000214875
2271,517.0891459723654,1,0.024349764024373145,311.4043228149414,0.7084568560123443,0.00021483749999999998
2272,552.2389687784893,1,-0.019734977930784225,307.18314056396486,0.7069594353437424,0.00021479999999999996
2273,341.4550719895184,1,-0.016716081742197277,3642.1423217773436,0.7052314698696136,0.0002147625
2274,566.239784982038,1,-0.004998603160493076,1269.0704711914063,0.7051675647497178,0.00021472499999999997
2275,535.3635423248018,1,-0.05957732568494976,744.8034484863281,0.704891961812973,0.00021468749999999998
2276,569.0589640836147,1,0.060631352849304675,202.4772113800049,0.7035311043262482,0.00021464999999999999
2277,538.1556731235754,1,-0.0018892760388553142,429.6596912384033,0.7051679104566574,0.00021461249999999996
2278,581.6684044940771,1,-0.05876630125567317,315.7518363952637,0.705556046962738,0.00021457499999999997
2279,530.2493238301469,1,-0.01333445547206793,571.1838928222656,0.7054798692464829,0.00021453749999999998
2280,440.25398686993185,1,-0.04474941899534315,1414.5445343017577,0.7045944660902024,0.0002145
2281,415.13394068643646,1,0.010821741446852684,1213.126272583008,0.7036505758762359,0.00021446249999999996
2282,78.96052861891718,1,-0.006881848722696304,5745.397473144531,0.7022122979164124,0.00021442499999999997
2283,608.973670220889,1,-0.0037290403324673703,2598.1995361328127,0.7021996796131134,0.0002143875
2284,608.410615221796,1,-0.08050322169438004,1738.1255157470703,0.7017482399940491,0.00021434999999999998
2285,346.65321626901044,1,-0.029826572583988308,5237.094995117188,0.7006105601787567,0.00021431249999999998
2286,625.0097576693836,1,-0.00345797555580134,2344.7917236328126,0.7005979001522065,0.000214275
2287,521.2845800261671,1,-0.012562297144904732,307.2794610977173,0.7008076429367065,0.0002142375
2288,435.6287021487596,1,-0.05513413497246802,1026.3190216064454,0.7003692865371705,0.00021419999999999998
2289,584.9150071600698,1,-0.00988257361853755,1300.2121948242188,0.7005398094654083,0.00021416249999999998
2290,-395.4294731061783,1,0.0005479099694639444,16138.87666015625,0.7008870363235473,0.000214125
2291,592.8140456039034,1,-0.06377095049247146,986.4708541870117,0.7009259641170502,0.00021408749999999997
2292,315.77731665352724,1,0.025317632814403624,5634.784643554687,0.7009760916233063,0.00021405
2293,456.5437228788212,1,-0.04009602591395378,946.1814849853515,0.7007280558347702,0.00021401249999999998
2294,575.6318539244718,1,-0.020353847974911334,653.4318824768067,0.6999007493257523,0.00021397499999999996
2295,532.6630222310722,1,0.026342324796132743,625.3102104187012,0.6985143184661865,0.0002139375
2296,442.77552150418137,1,-0.03146448960760608,1285.4784057617187,0.6984058648347855,0.0002139
2297,-4582.478611175101,0,-0.014639053915284183,653.6895239378276,0.7089204163927781,0.00021386249999999995
2298,89.57278071755866,1,0.020284124463796616,7342.745751953125,0.7258568445841471,0.00021382499999999998
2299,-174.9629040482653,0,-0.011020542945091923,1270.3843088785807,0.7259071320295334,0.0002137875
2300,-1364.2055777277158,0,-0.002393622510135174,2094.226784515381,0.725750558823347,0.00021375
2301,-100.0966157818197,0,-0.012099348132809003,485.8164924621582,0.729521385828654,0.00021371249999999997
2302,-478.76117020264974,0,-0.012671422995238876,1551.2859385172526,0.7247234265009562,0.000213675
2303,-144.27231839069498,0,-0.0139344803057611,237.19711163838704,0.727382383743922,0.00021363749999999998
2304,-82.09029130108482,0,-0.001870514266192913,134.5867015838623,0.7327226549386978,0.00021359999999999996
2305,-122.88947682675908,0,-0.024509698362089695,126.99051221211751,0.728209787607193,0.0002135625
2306,-145.49783667123455,1,1.3079059620698293e-05,7806.046061197917,0.7242918769518535,0.00021352499999999997
2307,-243.3803777218366,0,-0.008809815471371015,258.8247655232747,0.7248439997434616,0.00021348749999999998
2308,-266.2682192338068,0,-0.01168687615543604,459.35196868896486,0.7273685097694397,0.00021344999999999998
2309,-95.77200457643748,0,-0.011788076705609758,26.01972943941752,0.7300132105747859,0.00021341249999999996
2310,-121.05279026557973,0,-0.017803071377178032,28.896442222595216,0.7249785790840785,0.00021337499999999997
2311,-104.13211441370315,0,-0.01636202749311148,14.85907617410024,0.712714284658432,0.00021333749999999997
2312,-109.25676595837322,0,-0.030733470246195792,15.518114054203034,0.7083700587352116,0.0002133
2313,-109.06100599077398,0,-0.014823640479395788,23.991600588957468,0.7148427764574686,0.00021326249999999996
2314,-95.48602198698136,0,-0.03051004751274983,20.063625822216274,0.7284781058629354,0.000213225
2315,-62.87301127979295,0,0.04605959455172221,14.161166501790285,0.7387179334958395,0.0002131875
2316,593.5378307525916,1,0.009284376539289952,12717.512915039062,0.7406990766525269,0.00021314999999999998
2317,-162.0090577884943,0,-0.008983413285265366,163.06112815141677,0.7419523467620214,0.00021311249999999998
2318,-172.59198266608456,0,-0.021133140148594975,177.42086570739747,0.7450658643245697,0.000213075
2319,-66.1598301890342,0,-0.02337175600230694,52.337602615356445,0.7442630624771118,0.0002130375
2320,-93.47160693563848,0,-0.01124448626069352,18.106393756866456,0.7366714310646058,0.00021299999999999997
2321,-118.85861679265547,0,-0.014052333341290553,9.613883173465728,0.7340573956569035,0.00021296249999999998
2322,-127.4261374130386,0,-0.00744343736829857,15.331182702382405,0.7447859535614649,0.00021292499999999998
2323,-63.81011164689586,0,-0.024844976514577864,8.199835747977097,0.7489703357219696,0.00021288749999999996
2324,-53.401296487490285,0,-0.0013839684116343657,4.7099844093124075,0.727789302666982,0.00021285
2325,-71.13261068841783,0,-0.008789685116304706,8.638008002440134,0.7098836700121561,0.00021281249999999998
2326,-54.49274083537377,0,-0.03599745063111186,3.0231580127030613,0.7041818410158157,0.00021277499999999995
2327,-97.07261547457884,0,-0.016166056413203476,8.796414093176525,0.7068915277719497,0.0002127375
2328,-133.89192804671882,0,-0.01918520631734282,29.694452428817748,0.7178812185923259,0.0002127
2329,-78.17858778522766,0,-0.00868261264016231,7.8182234505812325,0.7223974287509918,0.00021266249999999994
2330,-158.05970089262868,0,-0.008730730414390564,29.01542360385259,0.7212177713712057,0.00021262499999999998
2331,475.2230187104066,1,-0.005321537909549079,3199.7495666503905,0.7242973104119301,0.0002125875
2332,-7.388397939619892,1,-0.0026075817450570563,5164.769087727865,0.7245302180449168,0.00021255
2333,219.93081429749037,1,-0.006451222517838081,1184.857341003418,0.7247895280520121,0.00021251249999999997
2334,531.6279888882048,1,-0.02993239191127941,9591.276025390625,0.7247756361961365,0.000212475
2335,617.1680370329327,1,0.07444287482649088,13199.629470825195,0.7248534888029099,0.00021243749999999998
2336,468.21314913627367,1,-0.004735915054334327,1715.3329193115235,0.7250715553760528,0.00021239999999999996
2337,491.1740953448883,1,-0.009413685416802764,1499.4922416687011,0.7251897647976875,0.0002123625
2338,495.989797518395,1,-0.0033326608245261014,3141.358074951172,0.7251005232334137,0.00021232499999999997
2339,625.888860544317,1,-0.018227992858737708,7788.34423828125,0.7251939356327057,0.00021228749999999998
2340,520.1792594407228,1,-0.01358328852802515,1073.0115447998046,0.7253163158893585,0.00021224999999999998
2341,590.7478755732275,1,0.011231883440632372,4277.766455078125,0.7253038913011551,0.00021221249999999996
2342,562.9733418393353,1,0.0012885904405266046,1967.7755157470704,0.7252815216779709,0.00021217499999999997
2343,616.3629025140865,1,0.011529995035380125,2024.3528579711915,0.7252705276012421,0.00021213749999999997
2344,573.8558700964227,1,-0.00989377424120903,438.5272331237793,0.7253318756818772,0.0002121
2345,573.6446327796111,1,-0.010084225237369538,498.87519760131835,0.7250230997800827,0.00021206249999999996
2346,589.2277270867701,1,-0.05599018819630146,390.8414478302002,0.7247769683599472,0.000212025
2347,579.6805155615612,1,-0.055797414295375346,168.26531219482422,0.7238073348999023,0.0002119875
2348,567.5068942880382,1,-0.06334914779290557,237.13047046661376,0.7203773438930512,0.00021194999999999997
2349,584.7475787355125,1,-0.09165235627442599,54.5919171333313,0.7175500363111496,0.00021191249999999998
2350,591.1830081956363,1,-0.009162061288952828,1160.4183868408204,0.7122999936342239,0.000211875
2351,534.2641492665678,1,-0.01151528077510496,1068.9755737304688,0.709916869799296,0.0002118375
2352,529.131956239389,1,-0.019580741319805382,766.1083709716797,0.7082196086645126,0.00021179999999999997
2353,568.2844209153618,1,-0.030610330402851105,348.74320220947266,0.707805934548378,0.00021176249999999998
2354,556.2668566012513,1,-0.017859789822250605,265.07403564453125,0.7071686774492264,0.00021172499999999998
2355,593.9714307193216,1,-0.03624120731838047,134.21382331848145,0.7046371936798096,0.00021168749999999996
2356,569.2183016902194,1,0.0008637952443677932,181.8186550140381,0.7033848613500595,0.00021165
2357,609.08012739181,1,-0.023164417722728103,153.39131231307982,0.7009182423353195,0.00021161249999999997
2358,470.88301748833425,1,-0.01517046894878149,1466.4833709716797,0.6996559530496598,0.00021157499999999995
2359,287.50684415383614,1,-0.03296889909543097,1800.5544689178466,0.6993262559175492,0.00021153749999999999
2360,578.7492806028937,1,-0.04127151264983695,391.46451034545896,0.6992517203092575,0.0002115
2361,591.6250346293621,1,-0.009106889506801963,163.89269790649413,0.6991165429353714,0.00021146249999999997
2362,577.384675253059,1,-0.01366413477808237,142.23850955963135,0.6975712954998017,0.00021142499999999998
2363,469.2401571811848,1,-0.02494089149404317,1252.8035949707032,0.6972255259752274,0.0002113875
2364,533.5023323091127,1,-0.033295692410320044,331.7284309387207,0.6976934105157853,0.00021135
2365,603.5014676121125,1,-0.005187094318202412,519.3489379882812,0.6987106680870057,0.00021131249999999997
2366,621.643111844093,1,-0.020646840147674084,143.40630054473877,0.698942345380783,0.000211275
2367,263.05445893839817,1,0.011662046134006232,3948.7739013671876,0.6990637322266896,0.00021123749999999998
2368,589.0432205835804,1,-0.0052008070051670074,174.3622776031494,0.6992542415857315,0.00021119999999999996
2369,421.1102739540278,1,-0.01386663862504065,3676.16162109375,0.699569433927536,0.0002111625
2370,497.78587799960576,1,-0.02737567713484168,504.4263610839844,0.6994127243757248,0.00021112499999999997
2371,596.4036129961773,1,-0.06295077707618475,308.8354562759399,0.6983714789152146,0.00021108749999999997
2372,534.804559945683,1,-0.01828862060319807,1478.4644287109375,0.6973252981901169,0.00021104999999999998
2373,593.9461355093965,1,-0.018498492147773504,432.2078426361084,0.695878067612648,0.00021101249999999999
2374,-1202.5582148835667,1,0.00430409331806004,4899.5907243347165,0.6969028514623642,0.00021097499999999996
2375,360.1243384864456,1,0.00046717132596919934,4473.7051188151045,0.7021715641021729,0.00021093749999999997
2376,109.80486777851564,1,-0.011985791940242052,6923.474926757813,0.7030781954526901,0.0002109
2377,577.5487752812605,1,-0.007463846914470195,2646.8523250579833,0.7035498052835465,0.00021086249999999998
2378,484.329999151872,1,0.007823184225708246,1474.1668273925782,0.7050215840339661,0.000210825
2379,-9.781981495948685,1,-0.0055273017846047875,6087.032690429687,0.7069649532437324,0.0002107875
2380,449.29715490536597,1,0.0032406533835455777,2333.371612548828,0.7076077461242676,0.00021074999999999997
2381,274.74007628135246,1,-0.0037941923830658196,6476.827319335937,0.7076948583126068,0.00021071249999999998
2382,429.24421701239714,1,-0.015639003473916092,2138.8613830566405,0.7076661318540574,0.00021067499999999998
2383,501.4943081184807,1,-0.04483549371361732,3602.9311279296876,0.7074697762727737,0.0002106375
2384,523.5189951130014,1,0.00903925308957696,1742.746240234375,0.7072176814079285,0.00021059999999999997
2385,194.92697993629213,1,-0.0003923372365534306,7258.466259765625,0.7067180663347244,0.0002105625
2386,600.2934360212454,1,-0.009127906616777181,1832.1316680908203,0.7068906724452972,0.00021052499999999998
2387,567.0075037380136,1,0.03798072906211018,1095.763373184204,0.7074775218963623,0.00021048749999999996
2388,499.57777896269516,1,-0.007718816958367824,1212.380563354492,0.7086184918880463,0.00021045
2389,458.94604743199966,1,-0.024633221141994,664.0832473754883,0.7108315587043762,0.0002104125
2390,504.83628037892584,1,-0.009850258007645607,935.0951820373535,0.7124583423137665,0.00021037499999999995
2391,170.51477379725497,1,0.0049118288676254455,7247.19423828125,0.7136634379625321,0.00021033749999999998
2392,426.35219306348233,1,-0.023891434352844954,3138.3056457519533,0.7141570270061492,0.0002103
2393,332.3257566341949,1,-0.018057912401854993,4852.878564453125,0.7145516067743302,0.0002102625
2394,528.4928196156213,1,-0.06244554314762354,1836.8680206298827,0.7145623028278351,0.00021022499999999997
2395,462.9195609994553,1,-0.0433132715523243,888.5491149902343,0.7140314638614654,0.0002101875
2396,19.968045045499252,1,0.0010624595917761326,9334.0470703125,0.7132062643766404,0.00021014999999999999
2397,-324.1128291204222,1,0.0010829866281710566,6071.629956054688,0.7132345229387284,0.00021011249999999996
2398,613.2196906259041,1,-0.004410973470658064,4057.005908203125,0.7142150521278381,0.000210075
2399,563.6325199150428,1,0.049957127310335636,1428.6803802490235,0.7146456658840179,0.00021003749999999998
2400,400.04290302141595,1,-0.0032494520768523217,2607.6026123046877,0.7161107778549194,0.00020999999999999998
2401,547.7663772303813,1,0.005295277386903763,1097.7010223388672,0.7169133007526398,0.0002099625
2402,589.4218014475409,1,0.033793605770915745,1307.7325973510742,0.7176808387041091,0.00020992499999999997
2403,558.1177512996378,1,-0.03363552736118436,288.6576789855957,0.7181240618228912,0.00020988749999999997
2404,609.0814130630939,1,0.002764063478377565,1098.0618041992188,0.720386266708374,0.00020984999999999998
2405,538.0274886324344,1,0.07377592297270893,453.0357582092285,0.7212843358516693,0.0002098125
2406,-266.8438708334665,1,0.02108120983466506,8134.107153320312,0.7205097928643227,0.00020977499999999996
2407,528.9370139913065,1,-0.04774805251508951,780.2174381256103,0.7208689689636231,0.00020973749999999997
2408,213.86977844070853,1,-0.004631865210831166,8222.257641601562,0.7209869921207428,0.0002097
2409,593.9246632034728,1,-0.002127713539557874,1402.1976928710938,0.7209936499595642,0.00020966249999999998
2410,466.10573407121484,1,-0.016543003730475903,700.5366104125976,0.7209035933017731,0.00020962499999999999
2411,505.0604862005236,1,-0.00791403604671359,510.3049743652344,0.7208420991897583,0.0002095875
2412,604.6710071410502,1,-0.0418846826069057,408.25317459106446,0.7197236120700836,0.00020955
2413,-8.145064024143892,1,0.08923486204197009,18025.353874524433,0.7191458861033122,0.00020951249999999998
2414,485.15007821596976,1,-0.01123316278681159,1061.1202911376954,0.7190233588218689,0.00020947499999999998
2415,210.76154614436396,1,-0.003477980336174369,8914.251635742188,0.7196374058723449,0.0002094375
2416,530.6426461041003,1,-0.006191491126082837,2895.1430572509767,0.719937464594841,0.00020939999999999997
2417,607.0232958069294,1,0.12634248118847607,1053.4798500061036,0.7198613703250885,0.0002093625
2418,572.7290895170313,1,-0.09371380228549242,725.5424768269062,0.7220177054405212,0.00020932499999999998
2419,531.334603628804,1,0.017132040951400994,1400.9483337402344,0.7277199789881706,0.00020928749999999996
2420,451.4276315556276,1,-0.013076266669668258,1320.3008178710938,0.7275165319442749,0.00020925
2421,467.96493592009733,1,-0.007364489852140347,1354.3305033365884,0.7282350520292918,0.0002092125
2422,362.6003383995398,1,-0.007017366681247949,3530.6719604492187,0.7288907647132874,0.00020917499999999995
2423,540.7965121139966,1,-0.004975270573049783,2684.915167236328,0.729317918419838,0.00020913749999999998
2424,602.6573714298579,1,-0.002691565358563253,2682.892431640625,0.7296192049980164,0.00020910000000000001
2425,502.4545575467007,1,0.018033434078097342,1272.7122467041015,0.7295045554637909,0.0002090625
2426,619.699036792596,1,-0.001205275622173474,2609.1582275390624,0.7291234135627747,0.00020902499999999997
2427,559.1171826263843,1,-0.00953885717317462,1050.2887115478516,0.7282516926527023,0.0002089875
2428,577.8986826143596,1,-0.07756512481719255,567.6367889404297,0.7263059407472611,0.00020894999999999998
2429,598.7901200597996,1,0.09260233789682389,451.4886138916016,0.7255463093519211,0.00020891249999999996
2430,169.17384528446456,1,-0.001918048714287579,7628.3916015625,0.725278553366661,0.000208875
2431,522.4484437866932,1,-0.028551305434666573,751.288459777832,0.7253732264041901,0.00020883749999999997
2432,517.652511088538,1,-0.10365161029621958,1558.813296508789,0.7252413928508759,0.00020879999999999998
2433,589.0050000506958,1,-0.0073758088062419345,466.2337127685547,0.7250076413154602,0.00020876249999999999
2434,346.3527486569494,1,-0.007479899888858199,3590.6513061523438,0.7247867286205292,0.00020872499999999996
2435,360.53456429650436,1,-0.004182188492268324,2744.3064453125,0.7248323857784271,0.00020868749999999997
2436,-1185.7476133831426,1,0.0019437764945905655,9239.674530029297,0.7245721250772477,0.00020864999999999998
2437,417.82800284500337,1,-0.023107354436069726,2194.1548461914062,0.7252197623252868,0.0002086125
2438,552.6515954641461,1,-0.15947353634983302,889.7226585388183,0.7257696837186813,0.00020857499999999996
2439,579.8241678529748,1,-0.0010144256055355072,855.2648010253906,0.7259151697158813,0.00020853749999999997
2440,532.5331139036972,1,0.008087904658168554,273.77818031311034,0.7269867181777954,0.0002085
2441,602.5762878700439,1,0.00017436891794204713,556.9079376220703,0.7282207369804382,0.00020846249999999998
2442,208.43777068073277,1,-0.011593572096899152,5890.495654296875,0.7272072404623031,0.00020842499999999998
2443,375.18981938877397,1,-0.00448752548545599,2353.2295349121096,0.7270827889442444,0.0002083875
2444,442.963221314137,1,-0.0368455161806196,1380.061441040039,0.7273623406887054,0.00020835
2445,321.0297692657241,1,-0.01791584687307477,2127.898718261719,0.7284542948007584,0.00020831249999999997
2446,385.62480061768144,1,-0.006529552966821939,3276.7473876953127,0.729246985912323,0.00020827499999999998
2447,440.2906955746077,1,-0.0025191922672092915,1084.9307739257813,0.7285714447498322,0.00020823749999999999
2448,618.7253381768427,1,-0.0021358883276221263,3145.8951416015625,0.7287078201770782,0.00020819999999999996
2449,386.8246422849614,1,0.009317792300134898,1878.6867248535157,0.7288708299398422,0.0002081625
2450,15.463253987941982,1,-0.012307143149276575,8259.594213867187,0.7292919754981995,0.00020812499999999998
2451,557.6251744021841,1,-0.014643777720630169,2216.348065185547,0.7296117544174194,0.00020808749999999996
2452,529.3992720340375,1,0.00661770049482584,896.2241226196289,0.7297690957784653,0.00020805
2453,465.14602957835353,1,-0.021271061105653643,1411.8358825683595,0.7304276764392853,0.0002080125
2454,587.9650781532757,1,-0.000402568094432354,2315.42470703125,0.7314923405647278,0.00020797499999999995
2455,546.0006793108915,1,-0.013920307531952858,299.40416488647463,0.7321253657341004,0.00020793749999999998
2456,455.14234518000075,1,-0.03805245235562325,1615.4707611083984,0.733422189950943,0.0002079
2457,534.3400176754003,1,-0.023006176089984363,458.30809326171874,0.7339427471160889,0.0002078625
2458,583.627536425244,1,-0.012958284188061952,658.7502426147461,0.7320935368537903,0.00020782499999999997
2459,432.14135557156317,1,-0.009663520893082023,2565.07607421875,0.7325297147035599,0.0002077875
2460,510.1350696035417,1,-0.010307081462815403,529.7731292724609,0.733537620306015,0.00020774999999999998
2461,523.2684777010003,1,-0.011678152531385422,483.8669464111328,0.7360768169164658,0.00020771249999999996
2462,586.5969726903904,1,-0.07021168284118176,591.6164375305176,0.7388829022645951,0.000207675
2463,567.5493141878244,1,-0.02919022850692272,574.7336868286133,0.7395791709423065,0.00020763749999999997
2464,566.254566315367,1,-0.053478835336864,893.1544815063477,0.7399694353342057,0.00020759999999999998
2465,438.10247940423926,1,-0.06801683818921447,1992.0312866210938,0.7405062645673752,0.00020756249999999998
2466,567.8860626670787,1,-0.03871302055194974,1041.4917495727539,0.7405038833618164,0.00020752499999999996
2467,589.9890139799762,1,-0.002845749817788601,583.1470977783204,0.739933305978775,0.00020748749999999997
2468,233.31200524312905,1,-0.008700678404420615,5434.099291992187,0.7388810276985168,0.00020744999999999997
2469,531.7012054950927,1,-0.024027540208771826,469.25731201171874,0.7381239295005798,0.0002074125
2470,618.8938666944916,1,-0.0010492643847456406,1160.9640747070312,0.7372368454933167,0.00020737499999999996
2471,561.916517084391,1,-0.06298305429518222,446.2291091918945,0.7366867601871491,0.0002073375
2472,-1659.7033423703758,1,0.004332602061331272,8761.41803100586,0.736076682806015,0.0002073
2473,194.9923933255846,1,-0.004040200018789619,9241.474438476562,0.73730189204216,0.00020726249999999998
2474,415.2561015475723,1,-0.0378638903144747,2703.4615783691406,0.7378892123699188,0.00020722499999999998
2475,627.8617720416337,1,-0.0014791292736934026,1449.9745849609376,0.7384230613708496,0.0002071875
2476,610.5999824849584,1,-0.023784693144261838,567.2570735931397,0.7383881211280823,0.00020715
2477,579.248556556749,1,0.011247114464640617,201.4416591644287,0.7377037346363068,0.00020711249999999997
2478,559.9765183246725,1,-0.02297550505027175,387.48286590576174,0.7336115837097168,0.00020707499999999998
2479,607.0004415302873,1,0.05125527717173099,393.1785236358643,0.7331248015165329,0.00020703749999999998
2480,362.84081205460785,1,0.007662444002926349,3903.8120361328124,0.7335679769515991,0.00020699999999999996
2481,173.44405883518462,1,-0.003154881205409765,6418.306640625,0.7340838313102722,0.0002069625
2482,596.1567690589145,1,0.18110066428780555,284.50796165466306,0.7343925088644028,0.00020692499999999997
2483,597.7058424967454,1,-0.09244064828380942,454.93899154663086,0.7372702062129974,0.00020688749999999995
2484,583.201292583619,1,-0.039522258657962085,214.46538124084472,0.7356651157140732,0.00020684999999999999
2485,533.2688979942427,1,0.021814098162576557,1167.8273914337158,0.7267909675836564,0.0002068125
2486,552.8758742645241,1,0.01276825200766325,258.5055847167969,0.72310591340065,0.00020677499999999994
2487,317.391884052876,1,0.018243991862982513,7410.628735351563,0.7227506548166275,0.00020673749999999998
2488,564.7243288576985,1,0.03135430850088596,335.3691764831543,0.7219733357429504,0.0002067
2489,607.0484086009585,1,0.19009760674089193,193.91774864196776,0.7210287481546402,0.0002066625
2490,555.1954249000311,1,-0.03954822113737464,112.22097473144531,0.7234778553247452,0.00020662499999999997
2491,597.151012082455,1,-0.01770059484988451,197.54932250976563,0.7233878970146179,0.0002065875
2492,368.459469544265,1,0.018777581863105297,5715.9903564453125,0.7226703137159347,0.00020654999999999998
2493,619.4579534692901,1,-0.01088702366839982,505.5353485107422,0.7227315127849578,0.00020651249999999996
2494,454.76738875583794,1,0.06123162074945867,1433.43349609375,0.722647175192833,0.000206475
2495,324.16054624804127,1,-0.014438661467283963,5659.262231445313,0.7233394235372543,0.00020643749999999997
2496,547.2562877974826,1,-0.013185734767466784,416.35240364074707,0.7241240799427032,0.00020639999999999998
2497,515.7787587666048,1,0.0722101280465722,684.2426910400391,0.7253793478012085,0.00020636249999999998
2498,-629.995348946482,1,-0.002512778826057911,6196.093745117188,0.7229598796367646,0.000206325
2499,580.0004942403987,1,-0.0021713212132453918,1091.6791870117188,0.7227771818637848,0.00020628749999999997
2500,479.0065393193069,1,-0.012190206348896027,1619.992431640625,0.722295168042183,0.00020624999999999997
2501,330.04978303561415,1,0.006314528174698353,4050.0310302734374,0.7213735312223435,0.0002062125
2502,364.88299504127366,1,-0.022425666579511016,3008.7146850585937,0.7217319548130036,0.00020617499999999998
2503,149.42241544255205,1,-0.0016406349915390214,9088.619938151041,0.7223417739073436,0.0002061375
2504,367.98990762580246,1,0.0028324125955502192,1772.1494710286458,0.7223081032435099,0.0002061
2505,516.8547969505819,1,0.056630908884108065,1358.1837631225585,0.7215216964483261,0.00020606249999999997
2506,-1512.998259993362,1,-0.005235301357294832,6739.846765136719,0.7221276240689414,0.00020602499999999998
2507,469.37086605807343,1,0.018115375811855,1407.7510447184245,0.7220262289047241,0.00020598749999999999
2508,-1166.9989289656971,1,-0.0035264708295774955,7423.2384847005205,0.7224740952253341,0.00020595
2509,557.6831888658419,1,-0.06844218941405415,10889.83469543457,0.7230949997901917,0.00020591249999999997
2510,477.3580571210933,1,-0.04245477812364697,6704.9617919921875,0.7238092452287674,0.000205875
2511,249.60272398866985,1,-0.02368048329371959,4907.505944824219,0.7237304955720901,0.00020583749999999998
2512,529.1462303712261,1,0.018094812193885444,1607.8702014923097,0.7227406322956085,0.00020579999999999996
2513,578.8483052520742,1,-0.0014759570906583974,5852.90732421875,0.7219871997833252,0.0002057625
2514,-962.7653164787107,1,-0.003573467194413145,6677.100834147135,0.7224607209364573,0.000205725
2515,486.64875004463175,1,-0.040836289338767526,3590.511602783203,0.7238777637481689,0.00020568749999999995
2516,578.7650660108274,1,0.00032188679638949224,7216.61005859375,0.7240942776203155,0.00020564999999999998
2517,353.5284026588764,1,-0.010216194950044156,9070.0302734375,0.7241569995880127,0.0002056125
2518,403.70380180144934,1,-0.009448875300586223,3897.679064941406,0.7241686344146728,0.000205575
2519,568.8151488141982,1,0.09336734334938228,3641.383768081665,0.7245350569486618,0.00020553749999999997
2520,243.85652811905837,1,-0.0027682546293362974,7228.617919921875,0.7257314443588256,0.0002055
2521,615.7483452813957,1,-6.490647992194454e-05,7008.584326171875,0.7268003702163697,0.0002054625
2522,569.2725473174714,1,0.007306818617507815,4988.1898595809935,0.7273565143346786,0.00020542499999999997
2523,549.8130916861786,1,0.07273363892454654,1957.41180267334,0.7281544417142868,0.0002053875
2524,568.9682620341853,1,-0.003004200291859149,2585.306884765625,0.7281819760799408,0.00020534999999999998
2525,346.5042325952701,1,-0.019651489844545723,3966.5429443359376,0.728062030673027,0.00020531249999999996
2526,574.7649239742593,1,-0.0001763151461940282,2258.8186767578127,0.7280571103096009,0.000205275
2527,550.4311612296667,1,-0.0015209626501883732,3764.8893310546873,0.7279392063617707,0.00020523749999999997
2528,572.2581895743465,1,-0.010075058974325656,953.8688552856445,0.7281020164489747,0.00020519999999999997
2529,527.6475591327705,1,-0.07711202576756478,384.9984161376953,0.7286093384027481,0.00020516249999999998
2530,418.8034024789145,1,0.044671481591649354,3185.7427978515625,0.7312094271183014,0.000205125
2531,495.45550892500444,1,0.07674766294658183,381.6302299499512,0.7318832904100419,0.00020508749999999996
2532,-921.8109981435994,1,0.0012336351163685323,8840.153837890624,0.7317329585552216,0.00020504999999999997
2533,46.986491214635066,1,-0.018548520840704442,6569.570686848959,0.732363756497701,0.0002050125
2534,428.53461082860923,1,-0.05638259537518024,2523.659765625,0.7337442457675933,0.00020497499999999998
2535,543.7257053534927,1,-0.035783582087606194,1696.7913648605347,0.7357238590717315,0.0002049375
2536,578.8354954522654,1,-0.0043859682709253885,1884.0802734375,0.737283343076706,0.0002049
2537,631.0561034618418,1,5.230795009083522e-05,4046.79853515625,0.7378240466117859,0.00020486249999999997
2538,524.2356302396623,1,-0.09186612335033714,582.9873790740967,0.7384728699922561,0.00020482499999999998
2539,337.9114957203343,1,-0.029619316663593055,2304.24296875,0.7402028203010559,0.00020478749999999998
2540,532.955348660453,1,-0.06597162154503167,546.4100807189941,0.7418662250041962,0.00020475
2541,403.3562035628069,1,-0.01749523126054555,1711.950979614258,0.7436941355466843,0.00020471249999999997
2542,131.45920927915012,1,-0.006629561011989912,8640.7248046875,0.7439119597276052,0.000204675
2543,550.4572814867099,1,-0.04388521079090424,1113.4784912109376,0.7440009742975235,0.00020463749999999998
2544,401.56528177863527,1,-0.013834985438734293,2936.4804077148438,0.7443492591381073,0.00020459999999999996
2545,479.45826743186507,1,-0.01869341395795345,1184.9224914550782,0.7441892594099044,0.0002045625
2546,418.3898472942085,1,-0.04240675689652562,1582.3462615966796,0.742289987206459,0.000204525
2547,598.2624683789825,1,-0.003964837454259395,1413.761279296875,0.7406480967998504,0.00020448749999999995
2548,548.9398925650165,1,-0.05092634130269289,1389.486410522461,0.7409344583749771,0.00020444999999999998
2549,616.8186383855586,1,-0.005357679165899754,795.8702102661133,0.7421652793884277,0.0002044125
2550,528.814875928481,1,0.025356649421155453,855.7007934570313,0.7424760639667511,0.000204375
2551,586.0455982829615,1,0.049142300896346566,342.7867832183838,0.7393319219350815,0.00020433749999999997
2552,586.7802665439514,1,-0.011068109964253382,124.25448226928711,0.7377694427967072,0.0002043
2553,609.2435533019174,1,0.0033811891187610853,524.919564819336,0.7393800556659699,0.00020426249999999998
2554,583.3525790236167,1,-0.0640674571506679,138.2843045592308,0.7381164938211441,0.00020422499999999996
2555,545.2195624918357,1,-0.009136924240738153,554.5436157226562,0.7293599992990494,0.0002041875
2556,553.2559894878983,1,0.008967923745512963,261.7821350097656,0.7221919983625412,0.00020414999999999997
2557,609.1656795148585,1,-0.017481244914233685,847.9329833984375,0.7187883257865906,0.00020411249999999998
2558,563.9743964809007,1,-0.019998413696885108,681.8809509277344,0.7174930095672607,0.000204075
2559,542.3164470511003,1,0.022756720206234603,539.8587799072266,0.7181363046169281,0.00020403749999999997
2560,407.57273261043593,1,-0.01067275060340762,1744.2721557617188,0.7187645226716995,0.00020399999999999997
2561,583.9172301509427,1,-0.04462001589126885,337.818994140625,0.7200850397348404,0.00020396249999999998
2562,585.8894138450348,1,-0.04307085820473731,360.01245880126953,0.7210985720157623,0.000203925
2563,573.2140881000032,1,-0.01719944141805172,412.2761520385742,0.7226090848445892,0.00020388749999999996
2564,599.7003799408214,1,-0.08027474023401737,276.4588790893555,0.7243920296430588,0.00020384999999999997
2565,524.9773863090095,1,-0.04997191894799471,750.2873062133789,0.7256589382886887,0.0002038125
2566,572.4131867850122,1,-0.04325793483294547,341.0850601196289,0.7269834578037262,0.00020377499999999998
2567,423.17789357267617,1,0.013493029261007905,2395.7309143066404,0.7287673205137253,0.00020373749999999999
2568,618.3288166148452,1,0.16401783834735398,848.809478187561,0.7290213793516159,0.0002037
2569,565.312549155884,1,-0.03741769518237561,282.9267944335937,0.729827243089676,0.0002036625
2570,600.3405558471228,1,-0.01302624454256147,102.73159503936768,0.7294883251190185,0.00020362499999999998
2571,619.8331670206012,1,0.004349131457942868,645.0555236816406,0.7270888924598694,0.00020358749999999998
2572,496.3381283173075,1,0.01024270848138258,4346.166516113281,0.725843858718872,0.00020355
2573,418.4618771412503,1,0.024255920574069022,2574.764599609375,0.7261652380228043,0.00020351249999999997
2574,502.70828409554866,1,-0.017696325108408927,707.2065032958984,0.7248687744140625,0.000203475
2575,555.8884832637433,1,-0.045395198604092,325.01378707885743,0.7219230115413666,0.00020343749999999998
2576,450.74379395062186,1,-0.015500054392032326,1033.9319641113282,0.7205953806638717,0.00020339999999999996
2577,594.4689254440754,1,0.03142587710171938,415.6615463256836,0.7208298236131668,0.0002033625
2578,525.8603254285588,1,-0.029213964520022274,356.15377578735354,0.7212458848953247,0.000203325
2579,534.2471183990731,1,0.05831322018057108,633.8814712524414,0.7215187758207321,0.00020328749999999995
2580,519.93753102545,1,0.015090052597224712,320.3973327636719,0.7238405644893646,0.00020324999999999998
2581,603.9111563038955,1,-0.04336938112974167,177.1950714111328,0.7262087285518646,0.0002032125
2582,591.4349780709146,1,0.03545194882899523,181.10838050842284,0.7272396236658096,0.000203175
2583,-146.61006723984107,0,-0.008806612174957991,5635.182119140625,0.7309119570255279,0.00020313749999999997
2584,-84.82875912014737,0,-0.007957493998110294,3032.549981689453,0.7314895164966583,0.0002031
2585,-41.22288821000199,0,0.0015318691357970237,1718.9881100463867,0.7323283922672271,0.00020306249999999998
2586,-49.932369028023,0,-0.003210028680041432,815.7226501464844,0.7334676957130433,0.00020302499999999996
2587,-63.28311557703625,0,-0.0018327647447586059,316.1628288269043,0.7338917291164399,0.0002029875
2588,-52.03663189672049,0,-0.007880130168050527,160.18610956192018,0.7342464971542358,0.00020294999999999997
2589,-52.268783050513136,0,0.07705793347209693,146.14792907714843,0.7360357391834259,0.00020291249999999998
2590,-41.14903054883432,0,0.03656785931438208,71.1442212486267,0.7350386226177216,0.00020287499999999998
2591,-41.83581216196068,0,0.009910151213407516,59.55427799224854,0.7308130490779877,0.00020283749999999996
2592,-72.34610136788024,0,-0.008513065986335278,26.534760522842408,0.7266431248188019,0.00020279999999999997
2593,-53.16255030295742,0,0.023500725608319045,32.583795862197874,0.7308535015583039,0.00020276249999999998
2594,-82.94934097231238,0,-0.014043285199441015,13.791958413124085,0.7323399472236634,0.000202725
2595,-103.45975028847121,0,-0.005537992576137185,50.51712787628174,0.7411828362941741,0.00020268749999999996
2596,-77.53889980327811,0,-0.01535082533955574,11.146942563056946,0.7474066948890686,0.00020264999999999997
2597,14.929821517340123,0,0.007571249082684517,560.7745971679688,0.7466723132133484,0.0002026125
2598,14.581704278391342,0,-0.009472054964862763,661.2159062385559,0.7483339205384254,0.00020257499999999998
2599,-36.378836484459065,0,-0.02503282766789198,375.7869357299805,0.7475003302097321,0.00020253749999999998
2600,40.60425643885056,0,-0.01092170795891434,116.61025743484497,0.7458077758550644,0.0002025
2601,13.663136323718867,0,-0.0028765423037111757,84.3624868106842,0.7442415452003479,0.0002024625
2602,525.0391935491915,1,0.00030000479309819637,4855.836169433594,0.7430892020463944,0.00020242499999999997
2603,42.47731343906579,0,-0.014191680689691566,355.68445053100584,0.7427604213356972,0.00020238749999999998
2604,351.09212154824434,1,-0.12248367086052894,3124.2293527555466,0.742318879365921,0.00020234999999999999
2605,501.2389427603425,1,0.0070391177432611585,2069.6112518310547,0.7419746056199074,0.00020231249999999996
2606,18.885186086404104,0,0.08795322317397222,952.1828804489086,0.7408907330036163,0.000202275
2607,72.44055970880802,0,0.04000297535210848,468.301321182251,0.7316124033927918,0.00020223749999999998
2608,43.59860395523521,0,-0.011064389164675958,255.5066710472107,0.7321726068854332,0.00020219999999999995
2609,-8.58788411031766,0,0.010044247526675463,267.71486328125,0.7325442993640899,0.0002021625
2610,48.98739392205833,0,-0.015028240240644664,56.81874756813049,0.7327576711773872,0.000202125
2611,31.183081766991478,0,-0.021028338550240732,85.75372185707093,0.7349949732422829,0.00020208749999999995
2612,434.3638844053695,1,0.006562342531979084,3874.4721383666993,0.7374994707107544,0.00020204999999999998
2613,35.67305497284345,0,-0.017026784494519234,256.7049950814247,0.7376987147331238,0.0002020125
2614,523.5810060205571,1,0.007927749399095773,3781.957650756836,0.7381284907460213,0.000201975
2615,463.0026823931216,1,-0.1311403727158904,3078.720648097992,0.7381737923622131,0.00020193749999999997
2616,402.04498555385084,1,-0.010722373090684413,956.0097953796387,0.738554060459137,0.0002019
2617,499.48836533499383,1,-0.017315135354874656,598.5992568969726,0.7387683972716331,0.00020186249999999998
2618,25.393257402148762,0,-0.005728021040558815,3035.7333894348144,0.738658492565155,0.00020182499999999996
2619,393.58051117699694,1,0.014893195480108262,487.35224609375,0.7384140634536743,0.0002017875
2620,484.9127517744312,1,-0.014303594664670526,571.2707382202149,0.7381847515702248,0.00020174999999999997
2621,394.5770222016941,1,-0.02337224790127948,412.0301397228241,0.73799840092659,0.00020171249999999998
2622,484.1678135028265,1,-0.01304571531363763,233.1357816696167,0.738007465004921,0.00020167499999999998
2623,488.2302083075164,1,-0.014305328112095594,200.6799472808838,0.7383672833442688,0.00020163749999999996
2624,458.83964176712726,1,-0.013417619094252587,161.89913539886476,0.7393135100603103,0.00020159999999999997
2625,533.2815048617663,1,-0.001436496339738369,183.29795780181885,0.7388273984193802,0.00020156249999999997
2626,503.3552314716523,1,-0.0017589173628948628,231.41797657012938,0.7387477964162826,0.000201525
2627,500.36910570619136,1,-0.01583413511980325,199.7543748855591,0.7388790592551231,0.00020148749999999998
2628,540.3563682745204,1,-0.011498019611462951,190.89900569915773,0.7390137553215027,0.00020145
2629,519.3919579894014,1,-0.01435418175533414,90.1061577796936,0.7373715877532959,0.0002014125
2630,481.2834733736951,1,-0.02235392453148961,235.29355702400207,0.7342199698090554,0.00020137499999999998
2631,544.3701176144798,1,-0.07482934263534843,101.65170245170593,0.7325389936566353,0.00020133749999999998
2632,524.3596768189128,1,0.0023701807794471582,198.5237553914388,0.7286799152692159,0.0002013
2633,441.6386224659126,1,-0.014989049872383475,444.6029821395874,0.7275698259472847,0.0002012625
2634,-148.4353495628012,0,-0.003774926136247814,6943.432662963867,0.7275415003299713,0.00020122499999999997
2635,407.67184570375014,1,-0.009376144409179688,754.231630452474,0.7274300694465637,0.00020118749999999998
2636,549.9310645413577,1,-0.02419641213491559,238.15032475789388,0.7273776412010193,0.00020114999999999998
2637,58.01205767828867,1,0.0032056810916401444,6352.291357421875,0.7273122772574425,0.00020111249999999996
2638,-258.0205171129915,0,0.11049099572002888,5678.906611938477,0.7274880504608154,0.000201075
2639,585.9162592618899,1,-0.012291907030157746,876.3695119222006,0.727435048421224,0.0002010375
2640,535.369637431822,1,-0.0223416352023681,299.6016395568848,0.7272758622964223,0.00020099999999999995
2641,474.1993421624852,1,-0.013929703986893098,333.1173772176107,0.7273138741652171,0.00020096249999999999
2642,570.6274704202327,1,-0.015152802038937808,263.8632179260254,0.7273428916931153,0.000200925
2643,443.04987251698145,1,0.017803443409502507,194.55284156799317,0.7273014530539512,0.0002008875
2644,524.7054007510892,1,-0.017766099671522775,147.16456451416016,0.7284793794155121,0.00020084999999999998
2645,532.1883680226423,1,-0.018768977001309396,131.34431393941244,0.7279821177323659,0.0002008125
2646,555.5843862955663,1,-0.006366315390914678,110.69486033121744,0.7278587222099304,0.000200775
2647,572.0332774764005,1,-0.008338136070718368,114.556170018514,0.7264398594697317,0.00020073749999999997
2648,580.4464133052887,1,-0.006802358059212565,149.14216702779134,0.7258278946081798,0.0002007
2649,516.4233441697908,1,-0.00396760484824578,247.90328979492188,0.7263708213965098,0.00020066249999999998
2650,519.9201683766718,1,0.002242094976827502,293.2677490234375,0.7269634246826172,0.00020062499999999996
2651,502.77579741666307,1,-0.021948918079336483,131.26641159057618,0.7271921773751576,0.0002005875
2652,502.34064239443694,1,-0.005358280676106612,475.0801020304362,0.7291279077529907,0.00020054999999999997
2653,501.40188790968085,1,-0.0349253062158823,172.67541478474934,0.7303304652372996,0.00020051249999999997
2654,-186.1799405496492,1,0.015461074607446789,2925.7310638427734,0.7317570328712464,0.00020047499999999998
2655,524.7417124864443,1,-0.030196072223285835,187.0551554361979,0.7322303791840871,0.0002004375
2656,-163.60738999537233,0,-0.01057835821993649,4424.132800292969,0.7319196924567223,0.00020039999999999997
2657,543.186090788854,1,0.004014384684463342,315.53752924601235,0.7312450647354126,0.00020036249999999997
2658,592.5985163678054,1,-0.016534790582954883,325.58533274332683,0.7298615097999572,0.000200325
2659,543.4815949147916,1,-0.012733075814321638,130.60909830729167,0.7286714772383373,0.00020028749999999998
2660,312.96906113043997,1,-0.015542868028084437,1362.3160064697265,0.7277777969837189,0.00020025
2661,481.36940382556793,1,-0.025170583029588064,155.07867787679035,0.727747090657552,0.0002002125
2662,462.7217524107454,1,-0.0171392793689544,325.85230865478513,0.7261799295743306,0.00020017499999999997
2663,481.78188469778763,1,-0.028500105906277894,339.12391967773436,0.7255648374557495,0.00020013749999999998
2664,535.2699460582222,1,-0.01870266515761614,291.6914857228597,0.7254770874977112,0.00020009999999999998
2665,-108.30211510252039,0,-0.001884276932105422,3341.7690765380858,0.7247705072164535,0.0002000625
2666,463.4541111705553,1,-0.032718008197844026,397.3523203531901,0.7248047113418579,0.00020002499999999997
2667,579.2722942116847,1,-0.026792491786181927,477.0323720296224,0.7255773782730103,0.0001999875
2668,514.958030684487,1,-0.0040006997063755986,151.87370859781902,0.7263280272483825,0.00019994999999999998
2669,105.15319750246482,1,-0.0014183118008077144,4288.377850341797,0.7260208427906036,0.00019991249999999996
2670,524.6279617082248,1,-0.04103569369763136,123.24037869771321,0.7274641772111257,0.000199875
2671,537.869284958913,1,0.00975289586931467,157.21764901479085,0.7284439663092296,0.0001998375
2672,581.9458180290019,1,-0.03268646433328589,136.85745798746746,0.7287194192409515,0.00019979999999999995
2673,432.0527092866508,1,-0.007888082352777322,868.6640452067057,0.7276193459828695,0.00019976249999999998
2674,-23.876282622401924,0,0.0036250579729676245,2094.619345703125,0.7278582823276519,0.000199725
2675,377.3787363049851,1,9.995761017004649e-06,3349.5946533203123,0.7273916979630788,0.0001996875
2676,557.0982795266391,1,0.018172664971401294,296.40503323872883,0.7272059718767802,0.00019964999999999997
2677,527.6274622609533,1,-0.0882687116197,121.73002891540527,0.7264926493167877,0.0001996125
2678,578.590741200493,1,-0.009142217350502808,94.01212615966797,0.7256630937258403,0.00019957499999999999
2679,552.0590683866257,1,-0.026192050155562658,78.53114700317383,0.7266520738601685,0.00019953749999999996
2680,529.357118169463,1,0.0033739744996031124,119.8594736735026,0.7276829103628795,0.0001995
2681,483.3186270507313,1,-0.0609872421870629,817.2958466847738,0.7286418219407399,0.00019946249999999998
2682,-90.61860855726565,0,-0.02280789939686656,2322.5609564208985,0.7279584002494812,0.00019942499999999995
2683,498.79927764334695,1,-0.019460825497905412,185.79302762349445,0.7288967808087666,0.0001993875
2684,-150.77810268529305,0,0.04890876777470112,1611.1097497558594,0.7310720467567444,0.00019934999999999997
2685,591.6474413292469,1,-0.03736787208666404,452.1775945027669,0.7304800013701122,0.00019931249999999997
2686,476.68907128835633,1,-0.014849236235022545,551.2695088704427,0.7307945092519125,0.00019927499999999998
2687,548.4888087361088,1,-0.04055253739158313,122.50174554189046,0.7320003608862559,0.0001992375
2688,483.6699739431216,1,-0.0440900777777036,320.18999710083006,0.7338967363039652,0.00019919999999999996
2689,547.7118876022788,1,0.0010840645680824915,142.19181089401246,0.7332897702852885,0.00019916249999999997
2690,534.0325522442176,1,-0.017904354756077132,77.44550031026205,0.7299016555150349,0.000199125
2691,586.7274128226685,1,-0.02152531947940588,233.0113327026367,0.727547800540924,0.00019908749999999998
2692,522.601661134441,1,0.00557932990292708,158.98707332611085,0.7276983976364135,0.00019905
2693,499.4956912515755,1,0.017910556122660636,117.60376898447673,0.7280561069647471,0.0001990125
2694,455.11896698620177,1,-0.0843472352406631,307.3883907318115,0.7277922928333282,0.00019897499999999997
2695,406.9123201738155,1,-0.009378495998680592,632.8623291015625,0.7265960514545441,0.00019893749999999998
2696,564.9693604403267,1,-0.002728881931398064,646.3050537109375,0.7250012904405594,0.00019889999999999998
2697,440.44448434343605,1,-0.012383906605343024,705.599198404948,0.7237093309561412,0.0001988625
2698,412.0450107848584,1,-0.07808891969422499,469.4080286661784,0.7233835240205129,0.00019882499999999997
2699,508.2540169356386,1,-0.04648976594520112,357.46244761149086,0.7229050139586131,0.0001987875
2700,581.9674061861946,1,-0.010780381597578525,407.7832649230957,0.7213144123554229,0.00019874999999999998
2701,591.4871516086524,1,-0.018219257767001788,234.39422149658202,0.720218825340271,0.00019871249999999996
2702,533.1203803461826,1,-0.011776647716760635,346.4304260253906,0.7213870704174041,0.000198675
2703,589.7259179993105,1,0.051768081324795885,188.88292067845663,0.7222430467605591,0.0001986375
2704,426.14895173109517,1,-0.008551735803484917,856.688764444987,0.7233834763367971,0.00019859999999999995
2705,597.1792286626146,1,-0.07535705231130123,178.4927017211914,0.7224507947762807,0.00019856249999999998
2706,491.79212431312544,1,-0.021670827145377793,447.8523989359538,0.7212631662686666,0.000198525
2707,507.8156358025185,1,-0.04244544071455796,147.97785981496176,0.7221403022607168,0.0001984875
2708,247.53152320915518,1,0.011054314207285643,3388.873787434896,0.7205683867136637,0.00019844999999999997
2709,514.2232403163854,1,-0.02109220555673043,109.609077390035,0.7192101875940958,0.0001984125
2710,569.2871850273256,1,-0.0075826698506716635,124.2709597269694,0.716040184100469,0.00019837499999999998
2711,495.8092700401012,1,0.009434275949994722,166.650124613444,0.7155447979768117,0.00019833749999999996
2712,550.2507670040779,1,-0.006733949234088262,85.69210573832194,0.7163275321324666,0.0001983
2713,32.4924480792028,1,0.06885310920188203,2005.2257092952727,0.712499013543129,0.00019826249999999997
2714,505.92371488413,1,-0.0278169055779775,152.13057403564454,0.713291871547699,0.00019822499999999998
2715,568.017974936781,1,0.028120156936347486,155.2565544764201,0.714235778649648,0.00019818749999999999
2716,563.2218203445057,1,0.06566095277667046,56.096629810333255,0.7116064806779225,0.00019814999999999996
2717,-337.40110515777576,1,0.09317057446751278,4916.371859741211,0.7001888260245324,0.00019811249999999997
2718,396.73024464687984,1,-0.009251174315189322,954.6721476236979,0.6993477960427602,0.00019807499999999998
2719,264.81443563987574,1,-0.017963209911249577,1523.6599487304688,0.7005448147654534,0.0001980375
2720,-114.40226526468982,0,-0.013636989705264568,2711.977165222168,0.7020255982875824,0.00019799999999999996
2721,-267.58076448042135,0,-0.011564636938273906,1514.8531394577026,0.701597603559494,0.00019796249999999997
2722,-225.34196244410228,0,-0.00711905300617218,1025.9838562011719,0.7013808596134186,0.000197925
2723,-340.56114710605004,1,-0.004352298360317946,6261.971337890625,0.6996388375759125,0.00019788749999999998
2724,-219.07898893845754,0,-0.008198610320687295,1293.771421813965,0.6998507007956505,0.00019784999999999998
2725,538.341156370516,1,-0.009543637124200663,3691.8027180989584,0.7002871294816335,0.0001978125
2726,-157.95042267157453,0,-0.006882509985007346,468.6470714569092,0.7004299759864807,0.000197775
2727,-77.13644776269558,0,-0.005210741425980814,216.62637310028077,0.7025717943906784,0.00019773749999999997
2728,498.47739604139633,1,-0.0026442816791435084,5050.513256835938,0.7069105108579,0.00019769999999999998
2729,-139.78355708250837,0,-0.024700389103963973,331.030930519104,0.7070077627897262,0.0001976625
2730,291.41413089230963,1,-0.010903155896812677,2546.9183024088543,0.7057904680569966,0.00019762499999999997
2731,501.6285574598876,1,-0.021258641158541043,2836.410188802083,0.7061167160669962,0.0001975875
2732,527.6418217313661,1,-0.009516430071865518,1340.6242441813151,0.7061469356218973,0.00019754999999999998
2733,450.5953534369541,1,-0.002652888682981332,676.5284383138021,0.7060078680515289,0.00019751249999999996
2734,-137.63993826917408,0,-0.010209857746958732,724.013470916748,0.7055763936042786,0.000197475
2735,481.710129172056,1,-0.0076942098016540205,906.127382405599,0.7001970469951629,0.0001974375
2736,216.42101012842002,1,-0.01598747584503144,2988.201541137695,0.6999068260192871,0.00019739999999999995
2737,577.0379101457796,1,-0.007975344359874726,680.2983774820964,0.7007852137088776,0.00019736249999999998
2738,431.13620221460917,1,-0.009593597721929352,477.1952540079753,0.7012730399767558,0.000197325
2739,486.55989740579446,1,-0.0042933812364935875,646.4239034016927,0.702772730588913,0.0001972875
2740,531.2241760116582,1,-0.0169913224875927,159.68005345662434,0.7039323091506958,0.00019724999999999997
2741,560.7447186049559,1,-0.023682768580814202,175.8989688873291,0.7068186461925506,0.0001972125
2742,523.1473280852822,1,-0.02448740303516388,145.28249753316243,0.7049379666646322,0.00019717499999999998
2743,541.6013111310942,1,-0.024433599940190714,156.09174702962238,0.701286115248998,0.00019713749999999996
2744,391.17913984336013,1,-0.032519137812778355,419.62209129333496,0.7004120945930481,0.0001971
2745,-125.09423220656168,1,-0.0019190398976206779,4099.756661376953,0.7017097270488739,0.00019706249999999997
2746,346.3994460813444,1,0.01604036132339388,757.5724643707275,0.7055407002568245,0.00019702499999999998
2747,459.99573615451413,1,-0.022274436615407466,153.99429270426432,0.7034658292929331,0.00019698749999999998
2748,466.3078666957057,1,-0.016276574072738487,394.1875264485677,0.6974079171816508,0.00019694999999999996
2749,526.4254450307768,1,-0.022108517214655878,313.83349482218426,0.6958557903766632,0.00019691249999999997
2750,434.92532754001326,1,-0.012981492591400941,227.44927088419595,0.6949585815270741,0.00019687499999999997
2751,497.0286060724642,1,-0.03238542173057794,140.59833246866862,0.6966420849164326,0.0001968375
2752,548.2036273729441,1,-0.008013348157207171,331.7929936726888,0.692829296986262,0.00019679999999999999
2753,554.1115188411275,1,-0.02521473066881299,159.48959732055664,0.6930838604768117,0.0001967625
2754,567.3191664441428,1,-0.01631675831352671,119.75582021077474,0.6964485168457031,0.000196725
2755,442.7192086887825,1,0.008086765479917327,487.1749933878581,0.6964513878027598,0.00019668749999999998
2756,464.8186472600056,1,0.00025667486091454823,482.9164632161458,0.694752428929011,0.00019664999999999998
2757,482.2134518846493,1,-0.013173527643084526,433.15881093343097,0.6958985308806102,0.0001966125
2758,495.75980199853404,1,0.0006787198906143507,226.17348289489746,0.6955788572629292,0.000196575
2759,544.0033027571835,1,-0.03879924112310012,77.6845598856608,0.6952187915643057,0.00019653749999999997
2760,183.34852483743936,1,0.010862174319724242,1910.130704752604,0.6930117925008138,0.00019649999999999998
2761,542.9693558246036,1,-0.012106394581496715,49.625218804677324,0.6923928757508596,0.00019646249999999998
2762,576.7465430889093,1,-0.012048668662707011,83.57951542536418,0.68647141456604,0.00019642499999999996
2763,570.7444184532691,1,-0.01243759657566746,88.53233331044515,0.6850429713726044,0.0001963875
2764,564.8747301938021,1,0.01859423766533534,69.91781686147054,0.687123449643453,0.00019635
2765,468.3561860220433,1,-0.025109437604745228,456.9025461832682,0.6876649002234141,0.00019631249999999995
2766,500.20847966206225,1,-0.0033572579423586527,114.00310853322347,0.683976000547409,0.000196275
2767,-42.625151866587174,0,0.06748797055333852,2112.078434753418,0.6787535533308983,0.0001962375
2768,-30.44239605985847,0,-0.0005858618300408125,1883.0125686645508,0.6782603606581687,0.0001962
2769,-164.41598164539158,0,-0.007266944039147347,1304.7423754882811,0.6771190333366394,0.00019616249999999998
2770,-93.18337790046513,0,-0.004962193127721548,1903.0709518432618,0.6764910891652107,0.000196125
2771,415.4278248486667,1,-0.006225239268193642,651.7625010172526,0.6763849437236786,0.0001960875
2772,344.9431162689991,1,-0.01868775101999442,1319.502158610026,0.6773553232351939,0.00019604999999999997
2773,554.7927069768318,1,0.023070738402505717,739.0393269856771,0.6764777958393097,0.0001960125
2774,298.94481306879794,1,0.003543865804870923,1076.3001678466796,0.6760809580485027,0.00019597499999999998
2775,440.71871603942236,1,-0.0024240991411109765,1936.4862996419272,0.6763053317864736,0.00019593749999999996
2776,-123.09207926038155,0,-0.015712440549395978,1730.4203533172608,0.6763404026627541,0.0001959
2777,-947.1148451925715,0,-0.0027089036690692105,2549.7753662109376,0.6761672735214234,0.00019586249999999997
2778,575.7565466537628,1,0.004692118304471175,1987.7126703898111,0.6770297050476074,0.00019582499999999998
2779,352.9527876514838,1,-0.01512621574414273,1451.2283711751302,0.6765767157077789,0.00019578749999999998
2780,557.4093266673108,1,-0.004794793420781692,1649.81580657959,0.6741412778695425,0.00019575000000000001
2781,592.3708199073158,1,-0.009980057738721371,1108.4721099853516,0.6739122867584229,0.00019571249999999997
2782,548.6010104635948,1,-0.010492092867692312,393.4258972167969,0.6737208902835846,0.00019567499999999997
2783,481.30403318653055,1,-0.057611415286858876,441.14407030741376,0.6743673086166382,0.0001956375
2784,551.9870062814359,1,-0.048274706055720644,417.49577178955076,0.6772831420103709,0.00019559999999999998
2785,518.4722786980485,1,0.004107198569302758,332.2096883138021,0.6775450925032298,0.0001955625
2786,396.34019311876875,1,-0.012895094510167838,2320.975764973958,0.6794771830240885,0.000195525
2787,595.5711738914061,1,-0.03607066199183464,523.1305755615234,0.6803494354089101,0.00019548749999999997
2788,408.9041237275524,1,-0.028214298685391746,893.7199994405111,0.6799131751060485,0.00019544999999999998
2789,601.9193086256032,1,0.06285203055789074,487.0331128279368,0.6810368061065674,0.00019541249999999999
2790,554.9911217490519,1,-0.009916500002145768,111.47936884562175,0.6819574852784475,0.000195375
2791,562.535339166812,1,-0.03794508293891947,127.37204831441244,0.6800032715002696,0.00019533749999999997
2792,-103.086403381604,0,0.004435916323564016,2747.5338653564454,0.6766592741012574,0.00019529999999999998
2793,537.00732481752,1,-0.03222186624382933,201.93567454020183,0.6765244603157043,0.00019526249999999998
2794,486.810978425651,1,-0.013235415266050647,285.7818102518717,0.679534540573756,0.00019522499999999996
2795,569.9232764288129,1,-0.0160877033136785,167.5471176147461,0.6791866391897201,0.0001951875
2796,579.901672095553,1,-0.057829716304938,89.97722202936808,0.6770982543627421,0.00019515
2797,-83.40312671327193,0,-0.004665984027087689,2190.384493408203,0.6695724558830262,0.00019511249999999995
2798,563.2531967782736,1,-0.020097582787275314,265.5361904144287,0.6676094204187393,0.00019507499999999998
2799,579.3560813347933,1,-0.027941988385282456,234.7098587036133,0.6685204863548279,0.0001950375
2800,-83.3530915131744,0,-0.018561090589500964,1638.5599572753906,0.6689887118339538,0.000195
2801,487.67346081428843,1,-0.01227495726197958,695.0260437011718,0.668118155002594,0.00019496249999999998
2802,577.8539164760455,1,-0.015367298759520054,140.63916702270507,0.6705226600170135,0.000194925
2803,496.92019325895933,1,-0.004530120454728603,743.1399795532227,0.6744099080562591,0.0001948875
2804,569.0015271899292,1,-0.02605735926190391,204.71429519653321,0.6754775494337082,0.00019484999999999997
2805,558.7550816031107,1,-0.018982012895867227,100.28623542785644,0.6740850299596787,0.0001948125
2806,586.8695213691234,1,-0.01912376950494945,77.08035106658936,0.6742049545049668,0.00019477499999999998
2807,520.4883917026334,1,-0.009824510384351014,156.47210006713868,0.6743331640958786,0.00019473749999999996
2808,525.4529926088964,1,-0.0009152814745903015,461.5707305908203,0.6730061441659927,0.0001947
2809,566.4295286588068,1,-0.012177830538712442,102.52983932495117,0.6733512639999389,0.00019466249999999997
2810,573.8605894491047,1,-0.025672604283317923,56.63233041763306,0.6754399329423905,0.00019462499999999997
2811,547.9798472929938,1,-0.013980484346393495,159.55016403198243,0.6688619792461395,0.00019458749999999998
2812,-72.0767222225021,1,0.009664022736251355,4519.983724975586,0.6625273823738098,0.00019455
2813,592.892422191606,1,-0.005876564397476613,456.50815734863284,0.6623341321945191,0.00019451249999999996
2814,-56.53228187185533,1,0.001969189289957285,6046.513079833984,0.6621896862983704,0.00019447499999999997
2815,-139.39351596176425,0,0.0022877974435687063,2045.726778564453,0.6638361310958862,0.0001944375
2816,-1333.3847271601219,1,-0.005309241730719805,6383.451687011719,0.6637495303153992,0.00019439999999999998
2817,536.6444723357127,1,-0.015739158261567354,1044.9262283325195,0.664111003279686,0.0001943625
2818,598.9581470277199,1,-0.01499311551451683,501.99938583374023,0.6631167143583298,0.000194325
2819,579.4233870471977,1,-0.02104538381099701,152.75042419433595,0.6608556538820267,0.00019428749999999997
2820,-154.59306787336283,0,0.0010657765281697114,1188.9770506540933,0.6596786161263783,0.00019424999999999998
2821,599.1674739886973,1,-0.002199125150218606,839.7243469238281,0.6584479719400406,0.00019421249999999998
2822,496.5720969407493,1,-0.013329811739095022,644.7220825195312,0.6603588372468948,0.000194175
2823,576.4517054624071,1,-0.01918145262170583,246.94785537719727,0.6627259105443954,0.00019413749999999997
2824,459.53541843256824,1,-0.02175324913114309,683.2899444580078,0.662175515294075,0.0001941
2825,594.7636476131986,1,-0.01332395786885172,307.3076766967773,0.6605468600988388,0.00019406249999999998
2826,322.73101848376734,1,-0.006072690834601721,10128.343098958334,0.6593621452649434,0.00019402499999999996
2827,337.148370265792,1,-0.005794159043580294,1281.332357788086,0.6595892995595932,0.0001939875
2828,293.4870063352348,1,-0.0019199236606558163,7208.813623046875,0.6596263964970907,0.00019395
2829,573.3561456046953,1,-0.02318421909585595,703.4280441284179,0.6599125057458878,0.00019391249999999995
2830,580.1986879525659,1,-0.040813650470227,301.1869403839111,0.659471544623375,0.00019387499999999998
2831,605.4316956332814,1,-0.010910286474972964,456.59767761230466,0.6555103659629822,0.0001938375
2832,-138.32798389779086,0,0.0313495226825277,1169.8690178871154,0.6514113942782084,0.0001938
2833,581.9334670228914,1,0.05924778049811721,514.3069900512695,0.6483171075582504,0.00019376249999999997
2834,-167.37245562271517,0,0.007608121205121279,822.6644918823242,0.6459134602546692,0.000193725
2835,-364.6244347795082,0,-0.005513495989143849,2701.2850903320314,0.6467201280593872,0.00019368749999999998
2836,-196.8089688165549,0,-0.01297520574182272,622.8389102172852,0.6491488265991211,0.00019364999999999996
2837,-151.05992102791208,0,-0.012996670734137296,399.55908050537107,0.6517613351345062,0.0001936125
2838,587.8721784132529,1,-0.019893680280074478,5550.381530761719,0.6530537724494934,0.00019357499999999998
2839,-150.15231810236054,0,-0.010883161659003236,495.5710107421875,0.6542554032802582,0.00019353749999999995
2840,-164.74567877466794,0,-0.007310979006191095,204.0573252995809,0.6594344168901444,0.0001935
2841,563.1542688736638,1,0.12187633775174618,7514.140380859375,0.6596750646829606,0.00019346249999999997
2842,-160.99647512635764,0,-0.0019465488071242969,255.37491811116536,0.6604617953300476,0.00019342499999999997
2843,-196.91980035746246,0,-0.025419522697726887,148.91769406000773,0.6649322231610616,0.00019338749999999998
2844,-158.8346126625399,0,0.01433310997672379,76.9899075826009,0.67417886753877,0.00019335
2845,538.610177367316,1,0.0708164282143116,5970.5628662109375,0.6896993299325307,0.00019331249999999996
2846,471.5548768237052,1,-0.014308110810816288,4797.029516601562,0.6921237468719482,0.00019327499999999997
2847,583.2530921016555,1,-0.005269109085202217,3451.521630859375,0.6926825731992722,0.0001932375
2848,-151.71539505184614,0,-0.0166941340547055,399.24792734781903,0.6933202614386876,0.00019319999999999998
2849,596.6801550679941,1,0.006218113657087088,3820.671356201172,0.6916171789169312,0.00019316249999999999
2850,550.2894587675441,1,0.012722037608424823,2641.078055826823,0.6915658911069235,0.000193125
2851,599.5603847423233,1,0.00198249127715826,1866.7617431640624,0.6923708587884903,0.0001930875
2852,602.3174818200632,1,-0.020504645712208003,1384.437551879883,0.692842322587967,0.00019304999999999998
2853,446.93682294723544,1,-0.017416782677173615,6334.4635009765625,0.6935844153165818,0.00019301249999999998
2854,-124.61223449022697,0,-0.016443290086463093,2033.8836596679687,0.6946652269363404,0.000192975
2855,600.0431005779567,1,-0.02009645625948906,945.4897933959961,0.6959955215454101,0.00019293749999999997
2856,553.2157862810764,1,-0.03347108014859259,252.4050407409668,0.6964475303888321,0.0001929
2857,550.294938952467,1,0.03604917940683663,542.5981582641601,0.6953498363494873,0.00019286249999999998
2858,565.6593231683005,1,-0.005876600835472345,231.0853485107422,0.6951826423406601,0.00019282499999999996
2859,610.0285677473727,1,-0.011867208033800125,333.10763931274414,0.6969806164503097,0.0001927875
2860,539.8801252053051,1,-0.00817363178357482,759.1622344970704,0.6983416914939881,0.00019275
2861,551.1247924381237,1,-0.04186790115199983,140.49511680603027,0.6973542809486389,0.00019271249999999995
2862,586.2231249191047,1,-0.0030651954235509037,153.88464431762696,0.6925809949636459,0.00019267499999999998
2863,-248.76209828612073,0,0.023570716194808484,1360.2618479410808,0.6927299569050471,0.00019263750000000001
2864,606.7302174898167,1,0.010897698951885105,548.3450904846192,0.694450631737709,0.0001926
2865,528.3664155128428,1,-0.004928349982947111,341.0507987976074,0.6958259910345077,0.00019256249999999997
2866,600.0943456891446,1,-0.01993544939905405,473.87578735351565,0.6990013509988785,0.000192525
2867,620.9356498637835,1,0.01911609503440559,208.19061203002929,0.7002694100141525,0.00019248749999999998
2868,583.337655097655,1,0.03277751175919548,483.51247634887693,0.6994769692420959,0.00019244999999999996
2869,228.85533455924758,1,-0.00880640810355544,10012.11552734375,0.6998418718576431,0.0001924125
2870,363.5442948901223,1,-0.001000995677895844,4615.564111328125,0.7002580970525741,0.00019237499999999997
2871,594.5809269898285,1,-7.619541138410568e-05,306.31444396972654,0.7004426687955856,0.00019233749999999998
2872,584.0372107114833,1,-0.056330135092139244,223.27183952331544,0.7004264265298843,0.00019229999999999999
2873,584.4214113334583,1,-0.03957303091883659,166.20661659240722,0.7003807693719863,0.00019226249999999996
2874,617.1740210367757,1,0.002404750697314739,227.72574920654296,0.7004336595535279,0.00019222499999999997
2875,575.8646434563054,1,-0.012155687902122736,355.74322910308837,0.6995506137609482,0.00019218749999999998
2876,-193.2024218104629,0,-0.006958068006982406,1575.8065592447917,0.6993778944015503,0.00019215
2877,507.0058044475543,1,-0.058959754556417464,947.0743873596191,0.7002870351076126,0.0001921125
2878,617.2366826533324,1,-0.13025483321398496,692.7665321350098,0.6999401569366455,0.00019207499999999997
2879,565.0720038993978,1,-0.01628250852227211,162.38054962158202,0.7008081793785095,0.0001920375
2880,-427.5750309384771,0,-0.0012043302762322129,3374.4652319335937,0.7032168900966644,0.00019199999999999998
2881,580.839385503655,1,-0.04434848595410586,816.6699325561524,0.7045570552349091,0.00019196249999999998
2882,587.289436623137,1,-0.02546947868540883,135.97662315368652,0.704421517252922,0.000191925
2883,355.4440654993359,1,0.039754588605137545,4629.7386474609375,0.6983377695083618,0.0001918875
2884,-401.5154210719211,1,-0.004422744759358466,6722.280053710938,0.6967882141470909,0.00019184999999999997
2885,300.0033478698665,1,-0.05322457822039724,4129.41923828125,0.6975907534360886,0.00019181249999999998
2886,607.2325037403349,1,-0.08805579072795808,1068.3279571533203,0.6976695477962493,0.00019177499999999999
2887,478.0236094794585,1,-0.026001751562580465,1633.2741333007812,0.6974785804748536,0.00019173749999999996
2888,401.6752150105769,1,-0.03989341575652361,1891.2748901367188,0.6976607233285904,0.0001917
2889,388.6956481756822,1,0.005338684073649347,2321.797717285156,0.6976759165525437,0.0001916625
2890,99.81084276954766,1,-0.00389949664240703,5643.382409667969,0.6978246629238128,0.00019162499999999996
2891,436.8255857294254,1,-0.013586140517145396,2408.2091735839845,0.6980131655931473,0.0001915875
2892,602.5338484336451,1,0.0722688821144402,1460.2878143310547,0.698783403635025,0.00019155
2893,596.344202058604,1,-0.031249302346259354,547.6026901245117,0.6984760254621506,0.0001915125
2894,596.9242855107395,1,0.02783366108778864,351.7128993034363,0.6962119847536087,0.00019147499999999998
2895,628.8684963960835,1,-0.006724826619029045,580.6574615478515,0.6938679158687592,0.0001914375
2896,577.0830600915474,1,-0.25876345662400124,157.12232442200184,0.6941990822553634,0.0001914
2897,608.4236952525531,1,0.08084922069683671,281.82057294845583,0.6949419140815735,0.00019136249999999997
2898,605.3527698445766,1,-0.004401601385325193,138.17600393295288,0.6934057593345642,0.000191325
2899,618.5858279616338,1,-0.01586769483983517,98.7572120666504,0.6914450883865356,0.00019128749999999998
2900,576.7339668988872,1,-0.006124346423894167,116.00733542442322,0.6889254480600357,0.00019124999999999996
2901,199.1149494672604,1,-0.001899497676640749,5203.266247558594,0.6864347934722901,0.0001912125
2902,592.1642057975939,1,-0.09505037129856646,86.66059255599976,0.6849076062440872,0.00019117499999999997
2903,593.0551003735422,1,-0.04059846587479114,143.13014488220216,0.6804944038391113,0.00019113749999999998
2904,610.9377037253581,1,-0.08300866764038801,51.360070037841794,0.6767430901527405,0.00019109999999999998
2905,553.9908462423484,1,0.011600530100986361,988.3721405029297,0.6728567183017731,0.00019106250000000002
2906,626.0218095058633,1,0.07771613663062453,215.17722415924072,0.6718468248844147,0.00019102499999999997
2907,-147.39832158849472,0,-0.0014449322285751502,1284.059265645345,0.6723735650380452,0.00019098749999999997
2908,-168.66619968575927,0,-0.008060434677948555,980.1673782348632,0.6722737818956375,0.00019095
2909,-163.27563116230255,0,-0.005950442363973707,397.27122427622476,0.6735557734966278,0.00019091249999999999
2910,619.5114205723501,1,-0.011281768493354605,6894.655810546875,0.6759441614151,0.000190875
2911,551.4642238897061,1,0.06583450920879841,2324.415963745117,0.6765335708856582,0.0001908375
2912,281.4050085965147,1,-0.007798775943228975,5120.583422851562,0.676820594072342,0.00019079999999999998
2913,592.7513176367579,1,-0.016744086798280478,1730.8454940795898,0.6769114226102829,0.00019076249999999998
2914,544.7939858525887,1,0.055027935467660424,1657.4956420898438,0.6773101210594177,0.000190725
2915,512.7552273466036,1,-0.04308427026262507,1600.8183868408203,0.6773886114358902,0.0001906875
2916,553.4622102976864,1,-0.1124189043417573,670.4019744873046,0.6770692378282547,0.00019064999999999997
2917,574.5681009136358,1,0.006689701112918556,365.96789207458494,0.6777574956417084,0.00019061249999999998
2918,613.1491482716549,1,0.05817772718146443,103.32613229751587,0.6777755498886109,0.00019057499999999998
2919,-1572.3576517079855,1,-0.0005575550872890745,5100.260217285157,0.6770389445126057,0.00019053749999999996
2920,45.95917557163068,1,-0.009239563470085461,12409.23447265625,0.6776726961135864,0.0001905
2921,504.3842022325073,1,-0.03054974377155304,497.921768951416,0.6766930937767028,0.0001904625
2922,-1251.5410212124611,1,-0.002504627246941839,5895.219134083816,0.6738380576883044,0.00019042499999999995
2923,-1530.6369605318062,1,-0.0026953847613185645,6429.989856338501,0.6742806032299995,0.00019038749999999999
2924,15.288209858870744,1,-0.0024118083994835613,7958.21708984375,0.6745089987913767,0.00019035
2925,354.99238519594235,1,-0.007480706553906202,6472.577416992188,0.6747296243906021,0.0001903125
2926,575.1095666762028,1,0.08126569557935,3169.8562881469725,0.6748262286186218,0.00019027499999999998
2927,605.2117010434661,1,0.0415740117430687,2530.8468820571898,0.6755780935287475,0.0001902375
2928,606.1859296663275,1,0.03805446112528443,1195.6869453430177,0.6783349931240081,0.0001902
2929,-2844.639994116621,1,-0.010676977240170043,2807.4600141297656,0.6800004770358403,0.00019016249999999997
2930,566.7359864491691,1,-0.04655369576066733,1737.1413818359374,0.6793415546417236,0.000190125
2931,-183.52243116536508,0,-0.007408133203474184,973.1862116495769,0.6796476125717164,0.00019008749999999998
2932,597.3513890954843,1,-0.20158443842083215,2152.737196445465,0.6795127928256989,0.00019004999999999996
2933,451.8005063298985,1,-0.03055676044896245,1380.333433532715,0.6808316856622696,0.0001900125
2934,608.9314043688713,1,-0.002049726423197562,1947.551318359375,0.681801187992096,0.00018997499999999997
2935,587.1263070857253,1,-0.1521247748285532,980.8153457641602,0.6819925367832184,0.00018993749999999998
2936,569.1043818646456,1,-0.03496492188423872,2140.341780090332,0.6819024324417114,0.00018989999999999998
2937,608.3638936226278,1,-0.010365658067166805,628.175927734375,0.6821724772453308,0.00018986250000000001
2938,607.4416768337009,1,-0.00781908119097352,573.2083587646484,0.6821022748947143,0.00018982499999999997
2939,596.5753824810465,1,0.008813699334859848,463.93780517578125,0.6817218571901321,0.00018978749999999997
2940,609.625365888005,1,0.0010343472058714554,416.3352111816406,0.6815350234508515,0.00018975
2941,271.6587996895066,1,-0.011421593837440014,3475.342150878906,0.6813674002885819,0.00018971249999999998
2942,589.1737158228933,1,-0.013532270604434071,333.31507873535156,0.681418514251709,0.000189675
2943,523.5387378707027,1,-0.02952662846073508,812.2656963348388,0.681601133942604,0.0001896375
2944,497.20450078200133,1,0.05213504256680608,804.6198707580567,0.68186115026474,0.00018959999999999997
2945,570.3457937333357,1,-0.012158886156976223,228.62952270507813,0.6823576927185059,0.00018956249999999998
2946,592.2596259436772,1,-0.009684750437736511,167.18162384033204,0.6821821331977844,0.00018952499999999999
2947,608.7831179223895,1,-0.021974549449664947,199.92737503051757,0.6798402190208435,0.0001894875
2948,579.6359931847821,1,0.16673096334561704,248.09733924865722,0.6787112563848495,0.00018944999999999997
2949,475.4536248919053,1,-0.056357064936310056,1051.5425155639648,0.6785769015550613,0.00018941249999999998
2950,555.2054733394747,1,-0.048241089656949045,498.33749504089354,0.6788838326930999,0.00018937499999999998
2951,57.80360453265865,1,-0.011633178777992725,8312.250813802084,0.6803474644819896,0.00018933749999999996
2952,-280.3375237609613,0,-0.01631050743162632,3085.108493652344,0.6808642792701721,0.0001893
2953,577.8391099908844,1,-0.13597931871190666,1241.9098024845123,0.6828069686889648,0.0001892625
2954,494.7901349174535,1,-0.061977322399616244,748.2957191467285,0.6852124989032745,0.00018922499999999995
2955,506.4032710288709,1,-0.03945297645404935,444.1454456329346,0.6862437009811402,0.00018918749999999998
2956,610.1469947147676,1,-0.006261992026796293,1560.2891235351562,0.6865065395832062,0.00018915
2957,567.9594084023436,1,-0.03358624200336635,326.40127103328706,0.6864929735660553,0.0001891125
2958,577.8318276891578,1,-0.013653121430368032,325.8085205078125,0.6872616648674011,0.00018907499999999997
2959,597.1837077393857,1,-0.02289725028510503,348.6659698486328,0.6876636147499084,0.0001890375
2960,539.0947668538873,1,-0.04313823636621237,361.7712768554687,0.6874097406864166,0.00018899999999999999
2961,546.754790292597,1,-0.09243129137903452,383.1691303253174,0.6859881848096847,0.00018896249999999996
2962,85.10813994058446,1,0.006220068658391634,7320.135441080729,0.6845016797383626,0.000188925
2963,598.147395437793,1,-0.013475865538453036,443.61414489746096,0.6843982994556427,0.00018888749999999998
2964,-183.10737900472284,0,-0.006622122895593444,938.0536722819011,0.68531793653965,0.00018884999999999996
2965,-113.61803268534152,0,-0.018280439972877503,1360.004626159668,0.6887000238895417,0.0001888125
2966,404.5335951660636,1,-0.003213743062224239,3389.2103515625,0.6892298698425293,0.00018877499999999997
2967,600.5701874990627,1,0.0002214885090765506,3415.152099609375,0.6890663862228393,0.00018873749999999997
2968,546.6559313420898,1,0.04750888515263796,781.0413810729981,0.6892426192760468,0.00018869999999999998
2969,589.1719689115355,1,0.028179083671420812,1422.6707916259766,0.6900556445121765,0.0001886625
2970,-34.31569876480023,0,0.017154322680435142,1546.5603326416015,0.6909906291961669,0.00018862499999999996
2971,625.1775035545637,1,0.0009636717615649105,3771.635791015625,0.6919232070446014,0.00018858749999999997
2972,-161.3649872505702,0,-0.0035600971430540087,771.9710308074951,0.6920533200105031,0.00018855
2973,590.3968084646021,1,-0.0004058206360767258,4068.11787109375,0.6915537059307099,0.00018851249999999998
2974,538.5606810847465,1,0.05878329621627927,2480.8924926757813,0.6914172351360321,0.000188475
2975,483.40610572297703,1,0.04083339786157012,1284.1491729736329,0.6915434449911118,0.0001884375
2976,-168.15600358201087,0,-0.004491266111532847,621.3776557922363,0.6927573988835017,0.00018839999999999997
2977,615.1363436346596,1,0.0011342151410644874,5872.2109375,0.694619607925415,0.00018836249999999998
2978,-218.6502798936428,0,-0.009300836509404083,371.5823123296102,0.6954586694637934,0.00018832499999999998
2979,515.306318014855,1,0.0283250012435019,5198.070672607422,0.6971790879964829,0.0001882875
2980,597.2014954788158,1,-0.0015323293395340444,5183.718225097657,0.6976857542991638,0.00018824999999999997
2981,-262.8260204177686,0,-0.004241909459233284,1493.9021493530274,0.6984574484825135,0.0001882125
2982,620.405804722512,1,-0.002798283909013932,9394.9357421875,0.6993649423122406,0.00018817499999999998
2983,525.3308104404318,1,-0.05633333036676049,5198.8516845703125,0.6995998561382294,0.00018813749999999996
2984,515.9047571079736,1,-0.06159780099987984,2041.6951816558837,0.6996079742908478,0.0001881
2985,513.4021951456955,1,-0.055547993443906304,1423.5059478759765,0.6995947897434235,0.0001880625
2986,549.4556908895888,1,-0.010605183988809585,1496.6480346679687,0.7000082492828369,0.00018802499999999995
2987,515.5551414485348,1,-0.022721549589186908,763.7199737548829,0.6999318987131119,0.00018798749999999998
2988,602.4139182986844,1,-0.009060961297447535,1763.76943359375,0.699127995967865,0.00018795
2989,573.916473022299,1,-0.006333258596714586,491.66844787597654,0.6989129304885864,0.0001879125
2990,577.3898322428481,1,-0.027545968536287546,642.2415504455566,0.6983432352542878,0.00018787499999999997
2991,519.3938790527164,1,-0.1196637311950326,702.9981506347656,0.6958801627159119,0.0001878375
2992,48.59115115260397,1,-0.001997713465243578,11879.1267578125,0.694238257408142,0.00018779999999999998
2993,610.318017830977,1,-0.0038205541400614606,731.34619140625,0.6938276529312134,0.00018776249999999996
2994,574.5711674749145,1,-0.00642110127849449,676.1781860351563,0.6937618255615234,0.000187725
2995,376.480540090552,1,0.0008763947036641185,4093.116748046875,0.6936937749385834,0.00018768749999999997
2996,599.9179574577997,1,-0.011805010958729411,694.8610534667969,0.6937676906585694,0.00018764999999999998
2997,34.17869093224323,1,0.0038934572599828242,13588.072607421875,0.6931750237941742,0.00018761249999999999
2998,-530.423248111553,1,0.003317930311895907,6530.578107910156,0.6934836161136627,0.00018757499999999997
2999,527.6686878284182,1,-0.21244709072634577,1244.0294570922852,0.6954256117343902,0.00018753749999999997
3000,497.4630668851984,1,-0.06545270420610905,632.4422241210938,0.6962006837129593,0.00018749999999999998
3001,506.545542050673,1,0.03419975880533457,847.6521179199219,0.6969871938228607,0.0001874625
3002,400.31894979758647,1,-0.03683277443051338,1367.3175659179688,0.6999109983444214,0.000187425
3003,583.640326591726,1,-0.018467510113259776,751.7020538330078,0.700623071193695,0.00018738749999999997
3004,555.7520956909318,1,-0.058984515443444255,474.98956775665283,0.6995814293622971,0.00018735
3005,438.3636149066087,1,-0.008995432499796152,2922.476452636719,0.697692584991455,0.00018731249999999998
3006,573.848603439642,1,-0.1147467203438282,925.8697095684707,0.6971697151660919,0.00018727499999999998
3007,196.0134869848795,1,-0.0018165169283747673,9063.058520507813,0.6991344124078751,0.0001872375
3008,474.93429277926657,1,-0.018816152994986624,2089.2714965820314,0.700711578130722,0.0001872
3009,-3284.1109910036657,1,-0.007751511685042219,8124.653187144886,0.7018421351909637,0.00018716249999999998
3010,-151.95238099049874,0,0.029797853405276933,927.7154991149903,0.702273886402448,0.00018712499999999998
3011,-180.76097900107624,1,-0.01848017182201147,13909.743310546875,0.7020728011926015,0.0001870875
3012,-151.38121699202037,0,-0.010801030490547418,470.3564625549316,0.7018433880805969,0.00018704999999999997
3013,619.4865516033448,1,-0.0015985910248076606,11549.370703125,0.7011004269123078,0.0001870125
3014,-75.86334884353087,0,-0.009990594194581112,297.0417864163717,0.7017097721497217,0.000186975
3015,-62.46960695986155,1,0.005747536135216554,7806.937670898437,0.704988686243693,0.00018693749999999996
3016,-80.84633242894574,0,0.004919237096328288,165.95272420247395,0.706704247991244,0.0001869
3017,-248.5739189996868,0,0.0015628588308269778,154.62531808217366,0.7095780909061432,0.0001868625
3018,-177.74812962468212,0,0.03655225429683924,62.417009942872184,0.7111990213394165,0.000186825
3019,-177.46670092858642,0,0.015924417367205023,42.06348214149475,0.7153616001208624,0.00018678749999999998
3020,-99.85247638511798,0,-0.004942113098998864,147.8593232313792,0.7218245993057887,0.00018675
3021,482.98678650089863,1,0.08701833020895719,11664.563403320313,0.7255994021892548,0.0001867125
3022,-793.7160124566168,1,0.0030245746113359926,7126.107431640625,0.726488140821457,0.00018667499999999997
3023,-76.11792114120291,0,-0.014447675001186629,40.65941820939382,0.728114902973175,0.0001866375
3024,-184.74916172794207,0,-0.0036783413030207156,61.25316019058228,0.7325845102469126,0.00018659999999999998
3025,-803.2366930228638,1,-0.00377755337045528,5628.481057128906,0.7387457990646362,0.00018656249999999996
3026,-84.60836526017636,1,-0.018286988822122416,10432.683064778646,0.7394659837086995,0.000186525
3027,-301.3269838578053,1,0.016775517025962472,7003.83765258789,0.7397369936108589,0.00018648749999999997
3028,-1995.5770498624868,1,0.0011749767077465852,7865.90170694987,0.7402516225973765,0.00018644999999999998
3029,150.51251931935252,1,-0.003833462996408343,25469.350048828124,0.7403710961341858,0.00018641249999999998
3030,33.20448708368218,1,0.0058768896696468195,5193.305322265625,0.7404648045698802,0.00018637500000000002
3031,292.50201165778435,1,0.0034725662000710143,13719.267529296874,0.7406877607107163,0.00018633749999999997
3032,523.3130111183588,1,-0.07948394448612817,15615.6890625,0.7408430337905884,0.00018629999999999997
3033,-58.98836592941299,0,-0.009005682271284362,33.84217659632365,0.7400315423806508,0.0001862625
3034,-3262.4503508750036,0,0.009035800164565445,2038.984517322887,0.7403147729960355,0.000186225
3035,-47.61885272496812,1,-0.00232269166832945,5927.229899088542,0.7479912618796031,0.00018618749999999997
3036,-1761.8369657116357,1,0.0013374896021559834,4411.6552062988285,0.7494011975824832,0.00018615
3037,-183.4686573313052,0,-0.016972286875049272,176.14720662434897,0.7522863934437434,0.00018611249999999998
3038,-52.582207120736854,0,-0.010293858558482801,22.120848055680593,0.754754689335823,0.00018607499999999998
3039,-306.97857470778143,1,-0.004135013651102781,8314.136637369791,0.7476210017999013,0.0001860375
3040,528.1015655748666,1,0.04335697088390589,29613.97449645996,0.7470653295516968,0.000186
3041,-453.44789119015326,1,-0.01837964102625847,6219.771123046875,0.7474249565601349,0.00018596249999999997
3042,-190.70138249252108,0,-0.005417304468574002,35.5002153078715,0.7445973118146261,0.00018592499999999998
3043,-282.2851436486677,1,0.007646286301314831,15596.4185546875,0.7366829256216685,0.00018588749999999999
3044,-173.12788164314284,0,-0.0029278586929043135,23.61320069630941,0.7333767205476761,0.00018584999999999996
3045,-1181.465906542767,0,-0.01082347723422572,622.1974600897895,0.7273698237207201,0.0001858125
3046,-420.27282838742804,1,0.0008489338506478816,7716.61616821289,0.7372479647397995,0.000185775
3047,-171.30629660533634,1,-0.011740935345490774,14813.006868489583,0.7384997208913168,0.00018573749999999995
3048,426.8713379856381,1,0.014155462943017482,25012.724072265624,0.7387319058179855,0.0001857
3049,-57.70138354725222,0,-0.007643005717545748,37.86254771153132,0.7372319380442302,0.0001856625
3050,-6411.25350365291,1,-0.012693231223771969,3670.4050628662108,0.7322375118732453,0.000185625
3051,-6853.928192361827,0,-0.00570068730556063,1183.2129527844882,0.7360344133879009,0.00018558749999999998
3052,-57.090199215575595,0,0.010324331008208294,118.82855976422628,0.7377998451391856,0.00018555
3053,-1960.6493657938397,1,0.008503007143735886,13555.0143359375,0.7303552091121673,0.0001855125
3054,-114.39780413379515,1,-0.0005042081698775292,21831.2236328125,0.7299502491950989,0.00018547499999999997
3055,207.87287238450872,1,0.006118302326649427,18458.371142578126,0.7300487190485001,0.0001854375
3056,580.0083863647219,1,-0.0003212400448905584,45613.576953125,0.730119651556015,0.00018539999999999998
3057,-790.6235809932099,0,-0.004707003225173269,1130.78238394601,0.7320088599409376,0.00018536249999999996
3058,-5615.888660691544,0,-0.009693534184541356,640.6007229855186,0.7477458467609004,0.000185325
3059,-525.4897156690688,1,-0.0011681085956903796,18497.5513671875,0.7648002346356709,0.00018528749999999997
3060,-808.5336042340973,1,0.004993160022422671,11604.621099853515,0.7657197505235672,0.00018524999999999998
3061,-1149.4702558920217,1,-0.004196771296362082,8605.739778645833,0.7661830991506576,0.00018521249999999998
3062,-7433.141906256255,0,-0.010309364984890348,1645.3166825143915,0.7681408822536469,0.00018517500000000002
3063,144.9783829473632,1,-0.004920953814871609,24588.226513671874,0.7712509512901307,0.00018513749999999997
3064,383.20098203521815,1,-0.062103374488651754,14537.772900390624,0.7713642954826355,0.00018509999999999997
3065,-5573.673139153445,0,-0.0011915267224570638,733.5333038631238,0.7736703336238862,0.0001850625
3066,-1445.932569120424,1,0.0034780584142676423,7133.523831612723,0.7791985128607068,0.00018502499999999998
3067,-1679.1747407730309,1,-0.0022793603548780083,13551.185463867187,0.7808201503753662,0.0001849875
3068,-359.61380725592085,0,-0.029904635676315853,768.7119369779315,0.7821625547749655,0.00018495
3069,-159.32109704180522,0,-0.01053675798078378,179.38914063771566,0.7833979249000549,0.00018491249999999997
3070,-0.9219354974972589,1,-8.202190510928631e-05,15759.408447265625,0.781386336684227,0.00018487499999999998
3071,-5451.015670288453,0,-0.008041972193965002,618.9934183421888,0.7879671921855524,0.0001848375
3072,-5010.883704385124,0,0.0021873002920887973,743.0756924880178,0.804310235224272,0.0001848
3073,-5718.525809013155,0,-0.0019426279137597273,984.364686263235,0.807697994458048,0.00018476249999999997
3074,-182.9630844301573,0,-0.010548740576875085,827.6276796976725,0.805278800924619,0.00018472499999999998
3075,-41.33326703969507,0,0.001073617332925399,485.863401222229,0.809424082438151,0.00018468749999999998
3076,-87.44381211077226,0,-0.04895967760433753,290.36664460500083,0.8146299133698146,0.00018464999999999996
3077,-1108.3290426462288,1,0.004471189668402075,8763.800655110677,0.8175189395745596,0.0001846125
3078,-75.86523925471111,0,-0.006399073156838616,167.6025829633077,0.8200845420360565,0.000184575
3079,-38.647750410678775,0,0.018721148635571203,117.05809941689174,0.8280254612366359,0.00018453749999999995
3080,516.4175221110517,1,0.03609844464808702,20802.042236328125,0.8273121982812881,0.00018449999999999999
3081,-307.979751808443,0,-0.015102917524442698,448.1199094136556,0.8278507639964422,0.0001844625
3082,136.06082018302845,1,-0.000749244901817292,6051.136401367187,0.8282491028308868,0.000184425
3083,-30.78370565297382,0,-0.014177070239869256,55.85827606519063,0.8233832746744156,0.00018438749999999998
3084,-442.8134120354674,0,-0.01024295799434185,529.4449211120606,0.8134819169839224,0.00018435
3085,-159.22207387703386,0,-0.005767565893863017,27.838346886634827,0.8089286019404729,0.0001843125
3086,-4641.160386957645,0,-0.0013400413046934102,507.27665877091255,0.806885650283412,0.00018427499999999997
3087,-211.21889855825088,0,-0.0070939580715882284,36.36878247261048,0.8248526155948639,0.0001842375
3088,-142.64437156414164,0,0.01139729783559839,7.315283133586248,0.8158337344725927,0.00018419999999999998
3089,-186.41407876456915,0,-0.0020400337254007656,39.27530777851741,0.8128861010074615,0.00018416249999999996
3090,-420.51627587155104,0,-0.015201124362647533,191.49399852752686,0.8115144769350687,0.000184125
3091,-87.42665744541517,0,-0.004558641719631851,76.93598413467407,0.8102684666713079,0.00018408749999999997
3092,-152.08874054877538,0,-0.013673392535323122,23.81776959101359,0.8059273252884547,0.00018404999999999997
3093,-180.74392188334423,0,-0.0035551438108086587,12.721610021591186,0.7995910654465358,0.00018401249999999998
3094,-224.8943211842413,0,-0.009920973610132933,18.959492015838624,0.8019784818092982,0.000183975
3095,-178.30456988334987,0,-0.015933884121477605,5.426558281977972,0.8040777603785197,0.00018393749999999996
3096,-193.1119331108876,0,-0.01765458342852071,11.309877367814382,0.794720388452212,0.00018389999999999997
3097,-268.09390296583706,0,-0.00826641172170639,150.9886494954427,0.7871465633312861,0.0001838625
3098,-157.4313096329646,0,-0.007674672338180244,2.3633578206102053,0.7869838088750839,0.00018382499999999998
3099,-158.1213272102846,0,-0.009308849833905697,8.27783749550581,0.7905252426862717,0.0001837875
3100,-167.7914987179455,0,-0.018966105052580437,4.628977205355962,0.7948038627703985,0.00018375
3101,-161.39584344670823,0,-0.011389816583444675,2.847351943453153,0.7900853176911672,0.00018371249999999997
3102,-169.8232154600763,0,-0.010793066358504196,2.107855023443699,0.7838677167892456,0.00018367499999999998
3103,-1810.302098437272,1,-0.002646259148605168,4469.8400604248045,0.7822015516459941,0.00018363749999999998
3104,-117.1260466315821,0,-0.024467941901336113,92.96244530677795,0.7828507512807846,0.0001836
3105,-42.347938354439094,0,-0.07322022005294761,99.17681848208109,0.7834832578897476,0.00018356249999999997
3106,-83.8838821945804,0,-0.02287653828971088,29.4980331659317,0.7810700933138529,0.000183525
3107,453.7238355432677,1,0.012620725855231284,12656.227221679688,0.7773906320333481,0.00018348749999999998
3108,243.4515077748403,1,0.009923001937568187,4860.416589355469,0.7769508332014083,0.00018344999999999996
3109,-227.71238078631535,1,0.004183762206230313,7906.208215332032,0.7770109683275223,0.0001834125
3110,-119.9986626822738,0,-0.00939772892743349,116.61536277770996,0.7769602370262146,0.000183375
3111,-5307.738964568098,1,-0.013953597863225944,5871.870131336559,0.7765194090929899,0.00018333749999999995
3112,451.08664501956576,1,-0.000816583214327693,3980.523565673828,0.7766946405172348,0.00018329999999999998
3113,-1034.2206526075145,1,0.00314717391350617,6489.345910644532,0.7767584611972173,0.0001832625
3114,-174.15143917785366,0,0.03423791180054347,390.2474092010719,0.7772224307060241,0.000183225
3115,340.11936712510084,1,0.0036921898648142816,2042.8499920654297,0.7776644778251648,0.00018318749999999997
3116,524.6219185365511,1,0.0175018398091197,5401.343310546875,0.7779163002967835,0.00018315
3117,525.110485762529,1,-0.00728827640414238,5653.61689453125,0.7779351562261582,0.00018311249999999999
3118,-179.81899595515227,0,-0.009010765198618174,625.3652294921875,0.7778294801712036,0.00018307499999999996
3119,408.8815752626584,1,0.014165600953856484,3113.757678222656,0.7772270798683166,0.0001830375
3120,564.7863170314033,1,-0.012788121588528156,3315.046514892578,0.7770989239215851,0.00018299999999999998
3121,557.2050412565043,1,-0.021458404635389648,2255.336637369792,0.7769368628660838,0.00018296249999999995
3122,510.4863552329384,1,-9.196633473038674e-05,2370.53359375,0.7766625553369522,0.000182925
3123,285.60693474773245,1,-0.014475401863455773,6060.737084960938,0.7767367988824845,0.00018288749999999997
3124,461.02848169492887,1,-0.013860980235040187,2251.891485595703,0.7770221382379532,0.00018284999999999997
3125,596.2376359473385,1,-0.03614029521122575,2005.1411163330079,0.7773154824972153,0.00018281249999999998
3126,463.1332755032083,1,0.01073502991348505,2586.5828491210937,0.7775911688804626,0.000182775
3127,-296.4470582722753,1,-0.007641856310268243,11347.644303385418,0.777959410349528,0.0001827375
3128,575.6087157671805,1,-0.003174390830099583,2373.0768127441406,0.7780691981315613,0.00018269999999999997
3129,-164.602586544725,0,-0.02079688906669617,1150.5942774454752,0.777610891064008,0.0001826625
3130,464.4966905555964,1,-0.03284962510224432,3006.880908203125,0.7761604845523834,0.00018262499999999998
3131,-929.3751016042846,1,0.002355414442718029,10863.220703125,0.7759473323822021,0.00018258749999999999
3132,528.9022560909772,1,0.0195353327319026,3154.720166015625,0.776020759344101,0.00018255
3133,170.03090075339762,1,-0.0016248848910133044,2993.050325520833,0.7760837654272715,0.00018251249999999997
3134,516.5567705133477,1,-0.005284022353589535,1936.144423421224,0.7762744426727295,0.00018247499999999998
3135,428.1714345237026,1,0.024798677675426005,3231.9145629882814,0.7763429343700409,0.00018243749999999998
3136,324.1030611116106,1,0.000695137376897037,4540.016271972656,0.7763909637928009,0.0001824
3137,576.7988947976846,1,-0.0469758533872664,3169.9350646972657,0.7763413637876511,0.00018236249999999997
3138,434.73188335389125,1,-0.0113769868388772,2107.752233886719,0.7761654138565064,0.000182325
3139,592.7426181833325,1,-0.03210624023340643,2344.534030151367,0.7759245961904526,0.0001822875
3140,484.9768502337779,1,0.010164184775203467,1680.9963500976562,0.7761670857667923,0.00018224999999999996
3141,596.944273098144,1,-0.014845078089274466,606.3848007202148,0.7764073967933655,0.0001822125
3142,365.2601071898184,1,0.004624021798372268,3777.3877197265624,0.7753815352916718,0.000182175
3143,528.5034065321958,1,-0.040925253089517354,126.88516426086426,0.7755638808012009,0.0001821375
3144,579.9826923457302,1,-0.0033440635044826193,518.8044013977051,0.7773064106702805,0.00018209999999999998
3145,524.1280576808632,1,-0.015631444426253437,1092.6426147460938,0.7773798912763595,0.0001820625
3146,584.9269010540594,1,-0.03606574386358261,130.90960350036622,0.7773469716310502,0.000182025
3147,476.68709522653774,1,-0.011613487266004086,1697.3153503417968,0.7766680181026459,0.00018198749999999997
3148,538.8667406328332,1,-0.027372195571660995,324.6222785949707,0.7765701144933701,0.00018195
3149,-893.4273535409989,1,0.00683767506852746,14001.533184814452,0.777100995182991,0.00018191249999999998
3150,582.6699203400656,1,-0.027158209402114154,536.9661109924316,0.776921957731247,0.00018187499999999996
3151,542.8843805348077,1,0.03450480910638968,1080.4253743489583,0.7761689404646556,0.0001818375
3152,611.8695087812295,1,-0.02550291661173105,759.3315498352051,0.7760262280702591,0.00018179999999999997
3153,545.5596580114234,1,-0.08215316310524941,268.01287002563475,0.7764914214611054,0.00018176249999999998
3154,567.4492171522595,1,-0.004972438056332369,1472.3907897949218,0.7768779675165812,0.00018172499999999999
3155,464.04267599635807,1,-0.01143241347745061,1180.2763214111328,0.7776019722223282,0.00018168750000000002
3156,606.9323777439236,1,-0.008558589220046996,1388.7570495605469,0.7782645374536514,0.00018164999999999997
3157,467.19607963824376,1,0.0012427968438714742,1161.5561248779297,0.778569546341896,0.00018161249999999998
3158,548.7426231759538,1,-0.034004611987620594,1581.706768798828,0.7798515915870666,0.000181575
3159,520.7718165010547,1,0.0005476171325426548,574.8510391235352,0.7804024279117584,0.0001815375
3160,513.2912663369262,1,-0.03941911654546857,598.6039016723632,0.7808242738246918,0.00018149999999999997
3161,562.3066785271404,1,0.06279727444052696,473.28022651672364,0.7818209767341614,0.0001814625
3162,601.2619732067153,1,-0.006402959185652435,285.2535259246826,0.7833857774734497,0.00018142499999999998
3163,599.3361097501792,1,-0.014161338843405247,123.51748924255371,0.7829816907644271,0.00018138749999999998
3164,249.48807888928195,1,-0.005901403026655316,5691.176684570312,0.7793715626001358,0.00018135
3165,524.2621824153911,1,0.001092659682035446,265.0458099365234,0.7774281412363052,0.0001813125
3166,535.1170140523218,1,-0.0039506511452297366,2300.434777832031,0.773622723420461,0.00018127499999999997
3167,523.2137647221424,1,-0.04572340377296011,963.5963806152344,0.7723853131135304,0.00018123749999999998
3168,497.99791298311686,1,-0.022868161805672572,436.6446197509766,0.772220715880394,0.00018119999999999999
3169,566.5395609766445,1,-0.027921499928925186,909.2678268432617,0.7728325992822647,0.00018116249999999997
3170,609.3854043490237,1,9.472275940822784e-05,1483.6174072265626,0.7727352023124695,0.000181125
3171,512.726572497385,1,0.017688625445589422,1392.7487731933593,0.772648423910141,0.0001810875
3172,570.90307865635,1,-0.011783950822427868,381.9980895996094,0.772739115357399,0.00018104999999999996
3173,614.475316158866,1,-0.018693064525723457,939.8224166870117,0.7731425285339355,0.0001810125
3174,523.1210597033323,1,-0.026552452798932792,877.8185546875,0.7756314605474472,0.000180975
3175,566.2565799149911,1,-0.0023329826071858406,140.90438690185547,0.7768052279949188,0.0001809375
3176,563.7457047568888,1,0.03447221538517624,242.48395805358888,0.773367390036583,0.00018089999999999998
3177,510.2474737967107,1,-0.006722893519327045,278.788497543335,0.770023089647293,0.0001808625
3178,567.852149226512,1,0.006791505962610245,184.89258708953858,0.7704910814762116,0.000180825
3179,544.3135906017391,1,0.019664559792727233,309.72410583496094,0.7723064184188843,0.00018078749999999997
3180,599.2221080384727,1,-0.0013922348727874122,439.44346618652344,0.7744493424892426,0.00018075
3181,492.6182658799171,1,0.00202667685225606,1582.6881454467773,0.7756701052188874,0.00018071249999999998
3182,598.8792262816572,1,-0.011327813006937503,612.10322265625,0.7757189989089965,0.00018067499999999996
3183,587.3458776834966,1,0.025688970182090997,256.02281684875487,0.7751993745565414,0.0001806375
3184,552.0537034084307,1,-0.0037264171056449412,71.89827995300293,0.7724633187055587,0.00018059999999999997
3185,521.3134061089419,1,-0.03353132167831063,207.85060653686523,0.766372898221016,0.00018056249999999998
3186,371.87893554835813,1,0.020070197619497777,4804.706860351563,0.7647898584604264,0.00018052499999999998
3187,585.4928459479028,1,0.016337843798100948,514.1494756698609,0.7649153172969818,0.00018048750000000002
3188,576.5453772881582,1,-0.0681465188972652,72.07038431167602,0.7634434193372727,0.00018044999999999997
3189,597.3413011105761,1,-0.01796781290322542,332.7188881874084,0.75315420627594,0.00018041249999999997
3190,567.5960321021456,1,-0.04737682482227683,444.66008682250975,0.7517969936132431,0.000180375
3191,-655.7642228682582,1,-0.0046917878650128845,8951.774775390624,0.7515553855895996,0.00018033749999999999
3192,628.0502373522258,1,-0.0028557586119141833,937.9506286621094,0.7517146050930024,0.00018029999999999996
3193,523.7218187434329,1,-0.0010295609012246133,776.7311248779297,0.7519054770469665,0.0001802625
3194,568.2497992768895,1,-0.014441740847541951,114.88977766036987,0.7515099257230758,0.00018022499999999998
3195,442.8861215320819,1,0.01604155097156763,1872.1699005126952,0.7505350291728974,0.00018018749999999998
3196,504.22542041242656,1,-0.003676120005548,530.7995681762695,0.7498097121715546,0.00018015
3197,569.0128011823379,1,-0.03526470679789782,351.5433654785156,0.7493750423192977,0.0001801125
3198,612.6147972041205,1,-0.02268740963190794,898.7343505859375,0.7499202966690064,0.00018007499999999997
3199,600.1292426361383,1,-0.013081777693268038,685.4473999023437,0.7500207781791687,0.00018003749999999998
3200,485.0843913845195,1,-0.046652263053692876,918.0705688476562,0.7498537927865982,0.00017999999999999998
3201,593.8851792176226,1,0.019692528620362283,322.66926498413085,0.7501204133033752,0.00017996249999999996
3202,560.2496459211178,1,-0.0218444500293117,800.3697494506836,0.7501148879528046,0.000179925
3203,556.4781967251001,1,-0.04592873509973287,169.94464149475098,0.7478618413209915,0.0001798875
3204,194.95669630208172,1,-0.006557425274513662,5531.3682861328125,0.7443862527608871,0.00017984999999999995
3205,537.3755375205756,1,0.10098578445613385,542.7440803527832,0.7439672529697419,0.0001798125
3206,583.718360311396,1,0.0003521481528878212,448.874853515625,0.745563006401062,0.000179775
3207,578.2519880305063,1,-0.00501304604113102,1178.9258972167968,0.7465791940689087,0.0001797375
3208,590.5155572572378,1,-0.025652051903307438,1095.9578979492187,0.7464880853891372,0.00017969999999999998
3209,402.7274708569051,1,-0.01315914625301957,3485.114892578125,0.7474467813968658,0.0001796625
3210,598.4657794720084,1,-0.003383920714259148,645.36162109375,0.7476974725723267,0.000179625
3211,590.1555815296593,1,-0.022897104837064575,685.6502685546875,0.7475849747657776,0.00017958749999999997
3212,579.7280161969687,1,-0.008785674814134836,476.58968048095704,0.747359111905098,0.00017955
3213,577.6092417513398,1,-0.0880337830632925,480.2637979507446,0.7466698229312897,0.00017951249999999998
3214,107.49066208417025,1,0.00033730100840330125,8218.571044921875,0.7467335879802703,0.00017947499999999996
3215,621.6514121032556,1,-0.0016733672803511013,1125.375927734375,0.7468353033065795,0.0001794375
3216,464.7081105560447,1,0.05231231395155191,1901.9170166015624,0.7468656718730926,0.00017939999999999997
3217,-1742.9689124163401,1,0.0008034337172284722,17579.393996582032,0.7472306632995606,0.00017936249999999998
3218,536.1081996404109,1,-0.06845014016143977,626.3436630249023,0.7471777975559235,0.00017932499999999998
3219,45.6435190239082,1,-0.016767894104123115,7247.571044921875,0.7476165980100632,0.00017928750000000001
3220,560.1217931328583,1,0.11927200937643648,558.8453827857971,0.7476671695709228,0.00017924999999999997
3221,614.2927858726538,1,-0.005499638329055756,758.9438110351563,0.74529527425766,0.00017921249999999997
3222,519.6803118907926,1,-0.009192189294844865,2467.5769775390627,0.744236770272255,0.000179175
3223,222.9454560813563,1,-0.008320525370072574,3074.000653076172,0.7437195479869843,0.00017913749999999998
3224,537.2293415590914,1,-0.04434972545132041,1914.1110229492188,0.7437782704830169,0.0001791
3225,557.4879041286383,1,0.21275151418522,721.0625980377197,0.74455406665802,0.0001790625
3226,536.6657845937938,1,0.1035297996364534,506.57780799865725,0.746178388595581,0.00017902499999999997
3227,283.6842237810098,1,-0.02115223612636328,6027.926257324219,0.7472263395786285,0.00017898749999999998
3228,-7155.580256167893,0,-0.007523333144031073,3248.3902762162056,0.7483579723458541,0.00017894999999999999
3229,449.68823332145746,1,-0.008683265931904317,2710.9287292480467,0.7510050028562546,0.0001789125
3230,-1584.6677617893474,1,0.001085548922419548,15108.613354492187,0.7510363507270813,0.00017887499999999997
3231,-723.4530482353954,1,-0.00031028064899146557,6114.765620117188,0.75120307803154,0.00017883749999999998
3232,615.4562003311179,1,-0.0018601924305379214,10481.93984375,0.7517689108848572,0.00017879999999999998
3233,619.8248844998292,1,-0.0028689779590280297,8619.671533203125,0.7519077837467194,0.00017876249999999996
3234,599.0884949448881,1,-0.002151873251617431,6903.65869140625,0.7520023703575134,0.000178725
3235,621.0204466815059,1,-0.0017975651960959738,8283.293212890625,0.7520340204238891,0.0001786875
3236,594.233651889653,1,-0.0018743121996521949,2999.2695556640624,0.7520222306251526,0.00017864999999999995
3237,590.5762864340907,1,0.0019343653911825243,3962.5454833984377,0.7520089089870453,0.00017861249999999998
3238,617.9132982630044,1,-0.0009296722269878544,3379.4155029296876,0.7520540595054627,0.000178575
3239,415.0888197033636,1,0.03760613719932735,3461.656576538086,0.7520567804574967,0.0001785375
3240,282.2855299565723,1,0.005251268541906029,5717.42685546875,0.7519111812114716,0.00017849999999999997
3241,580.1242592029816,1,-0.00023753778590673846,2459.549658203125,0.7518233776092529,0.0001784625
3242,527.1910148948568,1,0.010769274551421404,1346.509115600586,0.7519038021564484,0.000178425
3243,531.5305594395236,1,0.10820107078179717,452.4141792297363,0.7523230999708176,0.00017838749999999997
3244,237.8690249624317,1,-0.011990542733110487,8695.8212890625,0.7527212619781494,0.00017835
3245,517.979424475026,1,-0.017264523124322296,1080.3526611328125,0.7525415360927582,0.00017831249999999998
3246,-2558.191582652436,1,-0.0009143125110616287,11343.805725097656,0.7514872819185257,0.00017827499999999996
3247,584.9617520713211,1,-0.001214637653902173,2457.561376953125,0.7516630351543426,0.0001782375
3248,362.9382481186147,1,-0.01593478675931692,3616.0450439453125,0.7516850918531418,0.00017819999999999997
3249,557.0127501355984,1,-0.09269335151911946,1131.8605987548829,0.7517346262931823,0.00017816249999999997
3250,459.74556890100956,1,-0.012290211580693721,1486.5569091796874,0.7515113055706024,0.00017812499999999998
3251,402.7559391572761,1,-0.05068033065181225,3439.695867919922,0.7511223524808883,0.0001780875
3252,621.4903523416175,1,-0.00020167681527709646,2432.852197265625,0.7509521245956421,0.00017805
3253,496.91857769155115,1,-0.06273904340341688,1499.759033203125,0.7509370476007462,0.00017801249999999997
3254,-59.08893878974476,1,-0.007879367594917615,4810.638122558594,0.7513534982999166,0.000177975
3255,539.5033426711667,1,-0.006398424878716469,558.54287109375,0.7518832921981812,0.00017793749999999998
3256,-1543.4664684111165,1,-0.014061757754534483,14195.584819335938,0.752378648519516,0.0001779
3257,568.6433892441121,1,-0.0029928773641586305,1310.0681884765625,0.7525058031082154,0.0001778625
3258,514.0911472756698,1,0.14574945196509362,943.4424583435059,0.7519666075706481,0.00017782499999999997
3259,510.6108088432243,1,0.04015246322378516,574.1489143371582,0.7512706726789474,0.00017778749999999998
3260,334.81483584449654,1,-0.019021793454885482,2236.665087890625,0.7524486601352691,0.00017774999999999998
3261,401.96827008426123,1,-0.027959006559103727,3329.4229736328125,0.7527586817741394,0.0001777125
3262,-2841.5875385731038,1,-0.007967613531010491,8546.911074393136,0.7529870782579694,0.00017767499999999997
3263,-2026.030725651753,1,-0.0004690570756793022,14065.296669921874,0.7538776206970215,0.0001776375
3264,375.37590936785296,1,-0.023238937929272653,4714.046887207031,0.7541081488132477,0.0001776
3265,591.9199031504232,1,-0.03791086305864155,2018.9437927246095,0.7540639132261276,0.00017756249999999996
3266,522.2355522356612,1,-0.14021234288811685,8032.098336029053,0.7535971879959107,0.000177525
3267,234.06592152902434,1,-0.018417131365276874,24437.66982421875,0.7533758044242859,0.0001774875
3268,215.4579328062833,1,-0.00018026530742645263,9855.147509765626,0.7534683436155319,0.00017745
3269,424.47671774588787,1,0.0012911627069115638,1044.4309432983398,0.7538487434387207,0.00017741249999999998
3270,532.9844237527916,1,0.026888121012598278,885.085108947754,0.7552739232778549,0.000177375
3271,-1211.1446628281126,1,-0.0028917319723404944,14830.823059082031,0.7562091663479805,0.0001773375
3272,453.1699956182129,1,-0.006632757838815451,2930.767041015625,0.7560598224401474,0.00017729999999999997
3273,604.8039464775042,1,-0.0006496752718099686,3830.2185302734374,0.7554793357849121,0.0001772625
3274,6.278812130029678,1,-0.0020004395085076493,6898.2699788411455,0.7553712666034699,0.00017722499999999998
3275,543.875997301283,1,0.011753185978159308,2427.103805541992,0.7555973261594773,0.00017718749999999996
3276,603.503954999408,1,-0.0020734027028083803,4020.7164794921873,0.7557938098907471,0.00017715
3277,557.6785748013376,1,0.10259953010827302,3920.2415817260744,0.7560702443122864,0.00017711249999999998
3278,505.927344335848,1,0.015562084037810564,1869.0288696289062,0.7564113557338714,0.00017707499999999995
3279,558.7251891984816,1,0.0001950660522858527,1381.3906982421875,0.7561042368412018,0.0001770375
3280,587.3062749599927,1,-0.018721658765571192,836.386994934082,0.7560122519731521,0.00017700000000000002
3281,479.8844037486115,1,0.0006127431367834409,2209.463098144531,0.7561850925286611,0.00017696249999999997
3282,518.4924336205404,1,-0.010750655829906464,587.2009872436523,0.7564855813980103,0.00017692499999999998
3283,535.4826384131144,1,0.10743237407878041,659.7343322753907,0.7565682083368301,0.0001768875
3284,600.4650978780616,1,0.00017444910062494045,3099.7417236328124,0.756956422328949,0.00017685
3285,-216.20230789488193,1,0.010397848052283129,17186.655338541666,0.7572900414466858,0.00017681249999999997
3286,589.6659636904222,1,-0.005964375512614595,1049.1525573730469,0.7575925052165985,0.000176775
3287,567.4616957618205,1,-0.0747139884158969,403.70689687728884,0.7582741141319275,0.00017673749999999998
3288,582.9328192487665,1,0.0034551916643977163,523.4064392089844,0.7591496348381043,0.00017669999999999999
3289,547.3388113871188,1,-0.02577570457942784,251.05023956298828,0.7600563883781433,0.0001766625
3290,485.793088570314,1,-0.02468161741271615,2389.552117919922,0.7616550981998443,0.00017662499999999997
3291,433.3735950288038,1,-0.03178666775347665,3703.214178466797,0.7624915778636933,0.00017658749999999998
3292,570.934974825421,1,-0.0011234973631260915,1159.2912231445312,0.7628280222415924,0.00017654999999999998
3293,-304.05420278065895,1,-0.03075040690600872,6713.407861328125,0.7625228273868561,0.0001765125
3294,93.8708092230907,1,-0.01446506412466988,13901.86630859375,0.762785941362381,0.00017647499999999997
3295,501.36872292187286,1,0.008430339768528939,719.2426345825195,0.7628865092992783,0.0001764375
3296,-34.48940954422318,1,-0.0008634562604129314,11387.177197265624,0.7633869171142578,0.0001764
3297,599.90392344025,1,-0.0016991342259765397,1449.0178466796874,0.7637214958667755,0.00017636249999999996
3298,-2089.7597868886182,1,-0.019138890660057466,9295.724973551432,0.7642364760239919,0.000176325
3299,322.15322937608016,1,0.015659298468381166,15854.676953125,0.7648168176412582,0.0001762875
3300,-2515.9886144021375,1,-0.0011909825541079045,3473.8550955200194,0.7665768939256669,0.00017625
3301,-1235.504983739108,1,-0.00992131758913664,4908.051325988769,0.7708092408520835,0.00017621249999999998
3302,575.0119612174748,1,0.0046810775995254515,3122.2683532714846,0.7723382085561752,0.00017617499999999999
3303,-102.00258227039842,1,-8.341483771800995e-06,8897.897054036459,0.7725496133168538,0.0001761375
3304,511.0339368036835,1,-0.028225465398281812,4125.017779541015,0.7729339718818664,0.00017609999999999997
3305,589.657196540047,1,-0.008316472452133895,3878.3744384765623,0.7732424259185791,0.0001760625
3306,600.1190997252008,1,-0.0019184817103660378,3576.049951171875,0.7733589172363281,0.00017602499999999998
3307,362.76447968707555,1,-0.0027026754221878948,3831.556921386719,0.77352095246315,0.00017598749999999996
3308,554.3877362914284,1,-0.053830200154334304,1233.6923828125,0.7739591479301453,0.00017595
3309,588.0439368128314,1,-0.00298679880797863,1170.455548095703,0.7738552570343018,0.00017591249999999997
3310,161.27060166359868,1,0.003933059741393663,11159.807250976562,0.7738553941249847,0.00017587499999999998
3311,615.4855092451445,1,-0.000640553872460714,1685.6775024414062,0.7738277614116669,0.00017583749999999998
3312,614.2222979403089,1,-0.0028248765814064213,1567.93212890625,0.7736823618412018,0.00017580000000000002
3313,599.8057168246128,1,-0.027160655917419518,920.8532287597657,0.7735102474689484,0.00017576249999999997
3314,578.5339956982165,1,-0.001795652674304904,784.4367492675781,0.7732825338840484,0.00017572499999999998
3315,477.56899403692455,1,0.04180769608356059,4798.869630432129,0.7726903319358825,0.0001756875
3316,-2542.9050662979034,1,-0.0009739367291331291,4523.227561645508,0.7737809473276138,0.00017565
3317,598.8173943686381,1,-0.011355823092162608,1106.7681640625,0.7756091117858886,0.00017561249999999997
3318,500.9876799677926,1,-0.07752783028408886,1619.3372711181642,0.7764334142208099,0.000175575
3319,576.9351961456704,1,-0.030367029132321477,688.5848693847656,0.7768483936786652,0.00017553749999999998
3320,563.1895983830957,1,0.06318928012624384,1419.732509303093,0.7772874295711517,0.00017549999999999998
3321,593.629398158797,1,0.023252047689992138,364.0090759277344,0.7810156166553497,0.0001754625
3322,588.4618270374042,1,-0.003273441298635582,657.4877868652344,0.7816035151481628,0.000175425
3323,610.4914669690917,1,-0.012225098439228078,618.3730590820312,0.7818938374519349,0.00017538749999999997
3324,568.700058918552,1,-0.0060180470189681754,348.3663848876953,0.7826484620571137,0.00017534999999999998
3325,487.9161923329237,1,-0.00808472717180848,1932.8959106445313,0.7802126228809356,0.00017531249999999999
3326,345.7674989918341,1,-0.005847708322107792,1636.0423889160156,0.7791813224554062,0.00017527499999999996
3327,548.6027484370582,1,-0.009110845252871513,203.91800937652587,0.7785887062549591,0.0001752375
3328,538.321533647338,1,-0.07997638694941997,494.8431701660156,0.7772426754236221,0.0001752
3329,541.5693475730716,1,-0.0052602535113692285,675.1310241699218,0.7769107341766357,0.00017516249999999995
3330,425.16879616874184,1,-0.01915653785690665,1716.3015594482422,0.7775910258293152,0.000175125
3331,556.2492062421937,1,0.001002045115455985,418.2033149719238,0.7786991178989411,0.0001750875
3332,477.936693005658,1,-0.028997380286455154,1677.2067714691161,0.7786949455738068,0.00017505
3333,630.6595961605894,1,-0.0009270682244789441,1128.7018676757812,0.7780941069126129,0.00017501249999999998
3334,571.9944985323818,1,0.09707706794142723,159.49428987503052,0.7783107578754425,0.000174975
3335,388.46437538886664,1,-0.004265908105298877,1753.6700317382813,0.7798257738351821,0.0001749375
3336,343.0219378375652,1,-0.02049192087724805,2207.579180908203,0.7803121209144592,0.00017489999999999997
3337,571.4711063773989,1,-0.018150675017386673,187.48026342391967,0.7807508319616318,0.0001748625
3338,599.3799184953458,1,-0.0004300583153963089,266.9766784667969,0.7813945531845092,0.00017482499999999998
3339,442.4592147133809,1,0.009036369860405102,2765.1990661621094,0.7827127397060394,0.00017478749999999996
3340,618.4385846461091,1,-0.01033202870878327,550.6416015625,0.782756507396698,0.00017475
3341,453.30472972536535,1,-0.03133995793759823,2536.3410441080728,0.7825567225615183,0.00017471249999999997
3342,573.1206270678978,1,-0.012198217026889325,322.41469116210936,0.7826756954193115,0.00017467499999999998
3343,603.7180582705574,1,-0.004614349522867656,438.3554656982422,0.7824335873126984,0.00017463749999999998
3344,568.8509356448124,1,-0.004341500125998721,206.75275115966798,0.7820314764976501,0.00017460000000000002
3345,561.32272661015,1,-0.000804538931697607,287.38224892616273,0.7813385426998138,0.00017456249999999997
3346,315.70590708218333,1,0.03311602063477039,7704.261303710938,0.7815978646278381,0.00017452499999999997
3347,388.3407653630307,1,-0.008097252404938141,2306.0087341308595,0.7821298698584239,0.0001744875
3348,577.3238407995013,1,0.08252760879695416,326.856436252594,0.7823768615722656,0.00017444999999999998
3349,619.7824231430845,1,-0.004305055009901082,584.5693572998047,0.7822777330875397,0.0001744125
3350,593.9153029314668,1,-0.12851796727627515,140.41232769861818,0.7812858998775483,0.000174375
3351,517.7761570296277,1,-0.15549227197964985,2264.6836334228515,0.7805065870285034,0.00017433749999999998
3352,463.0542772275588,1,-0.007816928415559232,1670.422420501709,0.7797144442796707,0.00017429999999999998
3353,-1366.9907365296056,1,-0.002865172869392804,8220.320585632324,0.7788931046213422,0.0001742625
3354,-900.0322463216897,1,-0.024772693240083753,11081.772756958007,0.7790972918272019,0.000174225
3355,-3780.70580334235,1,0.0003941698155055443,8109.131691487631,0.7800930152336757,0.00017418749999999997
3356,517.85460489707,1,-0.021579598472453655,2241.7648040771483,0.7816245168447494,0.00017414999999999998
3357,-2593.390746657288,1,0.0012486057262867689,7561.320167236328,0.7822301310300827,0.00017411249999999998
3358,-575.7360298334088,1,0.05085061237215996,6651.751922912597,0.7833730053901672,0.00017407499999999996
3359,373.9114057931315,1,-0.002511688383917014,4183.0438517252605,0.7839515248934428,0.0001740375
3360,511.4331914009343,1,0.07996557988226413,10776.65171508789,0.7839441001415253,0.000174
3361,517.9073785111717,1,-0.09836656348779797,11786.600323486327,0.7840995222330094,0.00017396249999999995
3362,551.8802280155244,1,-0.0036730296909809113,6985.667224121094,0.7843090653419494,0.00017392499999999999
3363,-2388.4443608161155,1,-0.004068740587681532,6308.418859863281,0.7848791182041168,0.0001738875
3364,578.2823220609839,1,-0.010799081111326814,5250.209460449219,0.7856362938880921,0.00017385
3365,-2886.5494277946445,1,0.0001047528941522945,6003.561536754261,0.7861623384735801,0.00017381249999999998
3366,-321.71044485710456,1,-0.0037146716844290496,15256.07626953125,0.7874948993325234,0.000173775
3367,569.8360536558122,1,-0.0002582193548732903,29026.9208984375,0.7882900714874268,0.0001737375
3368,529.9388951776149,1,0.011761938408017158,5340.7399759928385,0.7883970399697622,0.00017369999999999997
3369,573.6482967452059,1,-0.00018260631338833376,15795.3779296875,0.7883035242557526,0.0001736625
3370,-1332.9373769870635,1,-0.0007885828082050596,7542.199773297991,0.7888517805508205,0.00017362499999999998
3371,180.81188515640633,1,0.003137803799472749,20591.63779296875,0.7904997050762177,0.00017358749999999996
3372,492.9022644116467,1,-0.004427444003522396,6823.8859375,0.7906859755516052,0.00017355
3373,-2107.2897241780943,1,8.053132074160708e-05,4561.44506632487,0.7914347940021091,0.00017351249999999997
3374,-3766.936485619543,1,-0.0034534443742953815,3531.0207575871395,0.7940190828763521,0.00017347499999999997
3375,599.4872777152236,1,-0.000759870651042327,38828.94765625,0.7945970177650452,0.00017343749999999998
3376,504.2430241089869,1,-0.00197318090358749,13824.170947265626,0.7945919603109359,0.0001734
3377,463.384773979638,1,-0.0020846374332904815,17705.1076171875,0.7945585548877716,0.0001733625
3378,282.44080303914234,1,-0.01930265814686815,14367.297526041666,0.7946779708067576,0.00017332499999999997
3379,551.7500149638213,1,-0.008775438368320464,12407.977734375,0.7948664516210556,0.0001732875
3380,284.3738959584771,1,-0.02031615572050214,16248.5248046875,0.7949144303798675,0.00017324999999999998
3381,-1411.6952697519314,1,0.004982828460633755,8843.725107421875,0.7951233279705048,0.0001732125
3382,506.54828283625415,1,0.025240330677479505,9006.326043701172,0.7954779982566833,0.000173175
3383,458.8662626134652,1,0.09174180328845978,8673.46015625,0.7956380873918534,0.00017313749999999997
3384,-200.30457398765594,1,0.05314252208918333,18626.97080078125,0.7958976129690806,0.00017309999999999998
3385,-2275.9977749399836,1,0.006393478838726878,4937.059204711914,0.7971273809671402,0.00017306249999999999
3386,609.2903688796503,1,-0.0006822142060837422,18276.7408203125,0.799409031867981,0.000173025
3387,390.12971263516937,1,-0.038690206687897445,2721.437908935547,0.7996937006711959,0.00017298749999999997
3388,-1282.4130950996587,1,-0.0008505512494593858,14578.51142578125,0.8001290321350097,0.00017294999999999998
3389,-991.460140923625,1,0.00011634311328331629,9318.050286865235,0.8004924952983856,0.0001729125
3390,-3675.550636467574,1,-0.005479344015475363,7841.401009368897,0.8009347751736641,0.00017287499999999996
3391,-683.8447233088395,1,-0.0011657480872236193,11170.884604492188,0.8015204775333404,0.0001728375
3392,-1355.734302820834,1,-0.002811325208417007,6459.264706856864,0.8023680107934135,0.0001728
3393,-1305.9265299658591,1,-0.0010022508446127175,6423.125388590494,0.8038502395153045,0.0001727625
3394,617.9337822976424,1,0.00012920879198716762,41215.244921875,0.8049272298812866,0.00017272499999999998
3395,381.45401661845153,1,-0.021763415483292192,26052.476806640625,0.8050807446241379,0.0001726875
3396,-608.6616916897369,1,-0.0008084069937467575,10488.603607177734,0.8053940683603287,0.00017265
3397,-450.56106390441977,1,-7.508802227675914e-05,12676.346630859374,0.8066536515951157,0.00017261249999999997
3398,-526.1198208961383,1,-0.0005517951833705107,19983.434212239583,0.8077460805575053,0.000172575
3399,571.9221187139804,1,0.09698320263996721,23134.91437988281,0.8080960482358932,0.00017253749999999999
3400,454.44738597537236,1,-0.017969383951276542,14238.545452880859,0.808089804649353,0.00017249999999999996
3401,-2260.848126755631,1,0.006557781688336815,8065.565097917829,0.808567578451974,0.0001724625
3402,549.5623161514575,1,0.00023452751338481903,46867.15,0.8098236680030823,0.00017242499999999998
3403,523.4050331760816,1,0.0807875631377101,27379.038821411134,0.8100936561822891,0.00017238749999999996
3404,-375.8202859118117,1,-0.007936714286915957,7656.369763183594,0.8105773001909256,0.00017235
3405,233.07652450505478,1,0.021725231781601906,19187.2673828125,0.8112693637609482,0.00017231250000000002
3406,475.9049115848025,1,0.0010906058829277753,20893.913159179687,0.8114067018032074,0.00017227499999999997
3407,-245.58147520149538,1,-0.0022287461906671524,8693.561669921875,0.8115157981713613,0.00017223749999999998
3408,-5495.512013641703,1,-0.0025439251628186967,3006.4699332343207,0.8157993064986335,0.0001722
3409,528.0998105160567,1,-0.17145765675231814,42043.14440917969,0.8218058168888092,0.0001721625
3410,-194.722285683694,1,0.00862699329542617,15024.0734375,0.8220256129900615,0.00017212499999999997
3411,437.302271052148,1,0.00383468649815768,17432.012060546876,0.8222731351852417,0.0001720875
3412,497.927091516014,1,0.026131290569901468,12247.062316894531,0.8223307937383652,0.00017204999999999998
3413,629.4106876551314,1,-0.001387352679462417,17228.84560546875,0.8224191844463349,0.0001720125
3414,-2420.9383932789788,1,-0.0052709040852884454,11846.931193033854,0.8225523461898168,0.000171975
3415,454.9611027971387,1,0.0026698853820562364,14329.009448242188,0.8229744285345078,0.00017193749999999997
3416,322.95686091077306,1,8.878642693161964e-05,2631.240936279297,0.8235082477331161,0.00017189999999999998
3417,-1038.770913698121,1,-0.001288893329910934,13861.112622070312,0.8250656932592392,0.00017186249999999998
3418,-1796.6990649249733,1,-0.004720141962170601,7192.391201171875,0.8257069361209869,0.000171825
3419,-1011.9329365475335,1,-0.0032789022972186405,9204.27880045573,0.8264708002408345,0.00017178749999999997
3420,-4989.574163234257,1,-0.007025021401100925,4517.758671351841,0.8299048040594373,0.00017175
3421,-484.31285346577704,1,-0.002672993065789342,9527.731237792968,0.8352531015872955,0.0001717125
3422,-3985.9630804384465,1,0.006817503857115904,2235.4295829900107,0.8396003850301107,0.00017167499999999996
3423,579.9799382959529,1,-0.0002778017633083607,42947.466796875,0.8464178085327149,0.0001716375
3424,-775.5322437847094,1,0.00024187440052628517,7221.572075195312,0.8473119235038757,0.0001716
3425,94.24537241894438,1,-0.007029372220858932,28428.57197265625,0.848336398601532,0.0001715625
3426,7.835376997202388,1,-0.003244312386959791,25779.89140625,0.8485211074352265,0.00017152499999999998
3427,557.3463997845715,1,-0.0004663053900003433,27449.2923828125,0.8485308527946472,0.0001714875
3428,406.59438663513913,1,-0.016757155023515224,12133.767041015624,0.8485717236995697,0.00017145
3429,273.45788705970256,1,0.010067596280714497,7248.787658691406,0.8488183557987213,0.00017141249999999997
3430,566.5587495365014,1,0.03659892706200481,12281.19091796875,0.8491445362567902,0.000171375
3431,-471.11662492353736,1,-0.00053337129453818,17203.381966145833,0.8492009003957113,0.00017133749999999998
3432,-3321.969246277462,1,-0.0044625988230109215,4030.576351928711,0.8512417743603389,0.00017129999999999996
3433,-9.246434623167033,1,0.003418723531649448,16902.9673828125,0.8551662147045136,0.0001712625
3434,557.3769450306676,1,0.011358987167477607,10615.868505859375,0.8555354982614517,0.00017122499999999997
3435,365.0819466919111,1,-0.004652823135256767,5320.271411132812,0.8556787192821502,0.00017118749999999995
3436,166.8041315008236,1,0.009316832199692726,12295.876774088541,0.8560270527998607,0.00017114999999999999
3437,-638.1649380933752,1,-0.0007001364137977362,14070.153015136719,0.8570435076951981,0.00017111250000000002
3438,599.0836669154627,1,-0.0003964704977679645,17651.501953125,0.8571737587451935,0.00017107499999999997
3439,538.4599546805384,1,0.05373666901141405,15212.843621063232,0.8574068456888199,0.00017103749999999998
3440,356.09579012755023,1,0.003073594000306912,8679.988671875,0.8582974076271057,0.000171
3441,-667.1156695860999,1,0.0036290242616087197,6510.687512207031,0.8590724647045136,0.0001709625
3442,384.5633371797774,1,0.012096628826111556,6241.088159179688,0.8598346054553986,0.00017092499999999997
3443,546.6166564952015,1,-0.030813471507281066,9366.906640625,0.860036090016365,0.0001708875
3444,-1557.5871903428194,1,-0.0024119229721171515,6402.481107875279,0.8610821732452938,0.00017084999999999998
3445,516.6723343392508,1,-0.07163348756730556,9379.583050537109,0.8649645864963531,0.00017081249999999998
3446,-1559.4655232811863,1,-0.0010550856217741967,8663.274633789062,0.8661538100242615,0.000170775
3447,329.4837288050387,1,0.012290451861917972,3749.4195068359377,0.8684756398200989,0.00017073749999999997
3448,-11.15200710183234,1,-0.001560947299003601,21164.002994791666,0.869740895430247,0.00017069999999999998
3449,-451.11205736674475,1,0.0014378298074007034,16215.47544555664,0.870325145125389,0.00017066249999999998
3450,423.0823230504361,1,-0.007440322637557983,6927.51240234375,0.8709379613399506,0.000170625
3451,608.82456850724,1,0.000646218298740564,13417.0115234375,0.871134078502655,0.00017058749999999997
3452,-6.388612840993289,1,-0.0035276337177492676,11296.461376953124,0.871400898694992,0.00017055
3453,542.7538148295059,1,0.014459665166214108,6318.8695068359375,0.8721911787986756,0.0001705125
3454,-8.44159552804041,1,-0.020087265782058238,16920.259602864582,0.8730642517407735,0.00017047499999999996
3455,457.312992716333,1,-0.017855095211416483,7991.141418457031,0.8742224037647247,0.0001704375
3456,505.9321492468274,1,-0.07231406276114286,2584.9463439941405,0.8749975860118866,0.0001704
3457,365.0459045118238,1,-0.020235840207897128,3741.58974609375,0.8750843465328216,0.0001703625
3458,495.8387594595254,1,-0.02152977269142866,2638.7578063964843,0.8750927358865738,0.00017032499999999998
3459,607.2113987954399,1,0.015650880709290504,3561.180710601807,0.8749137789011001,0.0001702875
3460,385.4535992431088,1,-0.02079920073156245,1388.9063232421875,0.8756235659122467,0.00017025
3461,485.55542662479485,1,0.016655674343928693,2949.041424560547,0.8775151550769806,0.00017021249999999997
3462,599.1989391454024,1,-0.004460740901606641,3352.5521728515623,0.8782741129398346,0.000170175
3463,515.616636295359,1,-0.02280527874827385,614.9110038757324,0.8786364406347275,0.00017013749999999998
3464,-2003.2982910523529,1,-0.0408149061355895,12488.53823038737,0.8797917813062668,0.00017009999999999996
3465,552.3809226210313,1,-0.015316529106348753,1433.2869262695312,0.8804041564464569,0.0001700625
3466,363.1000989722275,1,0.0027208982966840265,2235.6715576171873,0.8798555463552475,0.00017002499999999997
3467,529.2184889500156,1,-0.04986485056579113,1196.5783203125,0.8793899267911911,0.00016998749999999998
3468,527.3147329379196,1,-0.007516101468354464,8435.01905517578,0.8801897704601288,0.00016994999999999998
3469,510.10241090750424,1,0.0038137642201036214,453.18781356811525,0.8816231936216354,0.00016991250000000002
3470,-1178.5863372573592,1,0.0026157935016921587,6292.020041765485,0.884591692686081,0.00016987499999999997
3471,-62.76998066604381,1,-0.016776507999747992,10846.70743001302,0.8875731746355693,0.00016983749999999997
3472,-1118.1673425807385,1,-0.0007760503018895785,6585.062652587891,0.889467810591062,0.0001698
3473,434.9940162319362,1,0.018610358994919807,2114.3643432617187,0.8911257445812225,0.00016976249999999999
3474,-2284.2317540340873,1,-0.010731771308928727,8464.170096842448,0.8940691610177358,0.00016972499999999996
3475,297.3557820044225,1,-0.014654748141765594,10250.192309570313,0.897814828157425,0.0001696875
3476,259.2975585449225,1,-0.013649080181494355,4131.720324707031,0.8988971322774887,0.00016964999999999998
3477,-442.4353107076591,1,0.02260312605649233,14251.77139892578,0.9000009089708328,0.00016961249999999998
3478,576.4366198618944,1,0.18952712519094347,2688.0812377929688,0.901246988773346,0.000169575
3479,344.7045371281895,1,-0.00343739619711414,14728.014501953125,0.9023067653179169,0.0001695375
3480,197.34038867649582,1,-0.007044348493218422,12164.067626953125,0.902504950761795,0.00016949999999999997
3481,365.0330851822037,1,0.008419601060450078,4322.258850097656,0.9025193154811859,0.00016946249999999998
3482,-22.174581361645835,1,-0.0018835029564797877,9784.443872070313,0.9023061662912368,0.00016942499999999998
3483,-598.0541623218251,1,-0.00663470160216093,7271.240346679688,0.9030315816402436,0.00016938749999999996
3484,557.2213722732906,1,-0.0787355661392212,3966.855514526367,0.9039760738611221,0.00016935
3485,454.256734796938,1,-0.019808365730568767,863.5821807861328,0.9060331791639328,0.0001693125
3486,314.8531865194461,1,0.004438097844831646,6402.5477294921875,0.9104204475879669,0.00016927499999999995
3487,44.78276291211887,1,-0.0030213687103241684,6050.834252929688,0.9132602095603943,0.0001692375
3488,246.19753385935974,1,-0.041213638801127675,5818.807434082031,0.9148583739995957,0.0001692
3489,546.5679287929722,1,-0.06127916448749602,2882.932958984375,0.914981335401535,0.0001691625
3490,275.1392525814681,1,-0.012157794274389743,2931.477655029297,0.9143269300460816,0.00016912499999999998
3491,545.9414313522304,1,-0.062100847624242304,1414.6392547607422,0.9150371342897415,0.0001690875
3492,481.0260999903959,1,0.014177449885755778,1675.808445739746,0.9140026688575744,0.00016905
3493,65.29424867138772,1,-0.004272511275485158,6029.756005859375,0.9150637030601502,0.00016901249999999997
3494,450.1777359893148,1,-0.007139394013211131,5187.372253417969,0.9191953420639039,0.000168975
3495,-176.58578999856377,1,-0.04966844436712563,8445.978970336913,0.9200836047530174,0.00016893749999999998
3496,476.1697770046299,1,0.03073042295873165,3122.877331542969,0.9196314096450806,0.00016889999999999996
3497,503.90450939365326,1,-0.03983151726424694,1817.8139526367188,0.921142166852951,0.0001688625
3498,440.58865346339223,1,0.008709131320938469,903.5634948730469,0.924588656425476,0.00016882499999999997
3499,553.2999255045015,1,0.0324284833855927,377.83509254455566,0.9273575127124787,0.00016878749999999998
3500,-97.45679709709873,1,-0.04509365124007066,6235.577498372396,0.9284100075562794,0.00016874999999999998
3501,394.34451384239804,1,-0.023690636828541757,2116.9493103027344,0.9291982054710388,0.00016871250000000001
3502,429.82927419980444,1,-0.020448655635118485,5079.847338867187,0.9296907544136047,0.000168675
3503,-2942.7245008666355,1,-0.004121400642075709,8054.333727155413,0.9300607698304313,0.00016863749999999997
3504,3.4401448229260723,1,0.012837126799665081,5583.896549479166,0.9329898556073507,0.0001686
3505,421.20992203828496,1,0.030483293379074895,1222.5148956298829,0.9345828980207443,0.00016856249999999998
3506,503.8707997937599,1,-0.04805014953017235,1612.0047302246094,0.9365989327430725,0.000168525
3507,589.2670269431958,1,-0.0005412279967650591,4980.679833984375,0.9381350219249726,0.0001684875
3508,526.9731476897824,1,-0.018765990622341633,616.0249664306641,0.9388683825731278,0.00016844999999999997
3509,-533.2385454441834,1,0.04009889551787637,7731.396411132812,0.9413452053070068,0.00016841249999999998
3510,607.583423932919,1,-0.0004441291649619927,3816.2438720703126,0.9422384440898895,0.00016837499999999999
3511,571.4384979803564,1,-0.014057963457889854,1041.7303680419923,0.9432098686695098,0.0001683375
3512,538.5386540570088,1,-0.05740813389420509,1765.8055084228515,0.9442095130681991,0.00016829999999999997
3513,435.67429011776,1,-0.00852646753191948,1154.7613891601563,0.9436743974685669,0.00016826249999999998
3514,598.8479111052231,1,-0.0005762706020917107,1962.031201171875,0.9432865142822265,0.000168225
3515,517.2271050897475,1,-0.013567730085924268,1140.2627395629884,0.9443720757961274,0.00016818749999999996
3516,63.0082251632067,1,0.07372826139132181,7304.447556050619,0.9489286800225576,0.00016815
3517,388.57878242461715,1,-0.03585141251484553,1687.8093587239584,0.9506318906943003,0.0001681125
3518,574.6448142957349,1,0.031500404234975576,1941.424090576172,0.9518035560846329,0.000168075
3519,495.6128467011206,1,-0.02430949192494154,1399.4552368164063,0.9525812417268753,0.00016803749999999998
3520,529.9209352046762,1,-0.060121908457949756,1248.0084259033204,0.9536805242300034,0.000168
3521,475.3645704190749,1,-0.06130826473236084,999.8247451782227,0.9549044907093048,0.0001679625
3522,-77.65158167636758,1,-0.020623116474598645,7456.374829101563,0.9563784380753835,0.00016792499999999998
3523,339.1922187479006,1,0.016886190231889486,3050.861608886719,0.957396787405014,0.0001678875
3524,557.7593650859951,1,0.19693005543085745,1893.6882293701171,0.9571996122598648,0.00016785
3525,476.525539663342,1,0.004575548321008682,1378.2816696166992,0.9605503141880035,0.00016781249999999997
3526,590.3560038603281,1,-0.0005520757287740708,1876.077490234375,0.963712465763092,0.000167775
3527,514.9294272474215,1,-0.010642120894044638,2524.5697540283204,0.9644118160009384,0.00016773749999999998
3528,610.5293602450579,1,-0.002605507803303908,2124.321240234375,0.9651623129844665,0.00016769999999999996
3529,602.0078478521104,1,-0.008248926326632499,1148.7442626953125,0.965146952867508,0.0001676625
3530,583.511130782129,1,-0.0020116183906793593,703.6016296386719,0.9647715270519257,0.00016762500000000002
3531,562.1272789952068,1,-0.016167684755055235,235.10406608581542,0.9635271549224853,0.00016758749999999997
3532,-423.17782855270985,1,-0.005696108285337687,9466.236645507812,0.9592662483453751,0.00016754999999999998
3533,490.64134626761006,1,-0.0064947777427732944,277.8575050354004,0.9593014597892762,0.0001675125
3534,306.3369689282618,1,0.007340582711913157,12541.73759765625,0.9611170649528503,0.000167475
3535,384.5116033512265,1,-0.0276750682387501,1641.9521240234376,0.9620396256446838,0.00016743749999999997
3536,485.8837853206075,1,0.01708400584757328,815.9784393310547,0.9642688632011414,0.0001674
3537,521.6295189484387,1,0.02246395107358694,1162.2019973754882,0.9674267292022705,0.00016736249999999998
3538,116.6004958061933,1,-0.0029717014404013753,3921.3630249023436,0.9688409447669983,0.000167325
3539,475.48807759758864,1,-0.01380707286298275,1474.0633453369142,0.9696999698877334,0.0001672875
3540,585.1856186258641,1,-0.02071709295269102,1035.3201812744142,0.9703183352947236,0.00016724999999999997
3541,604.0190800167071,1,-0.002213916545576211,1349.1746215820312,0.9689570426940918,0.00016721249999999998
3542,624.9040316588494,1,-0.002295150810772384,1293.1866027832032,0.9679942965507508,0.00016717499999999998
3543,398.2718673507052,1,0.037135009095072745,1935.7109680175781,0.9676821827888489,0.0001671375
3544,570.011001295922,1,-0.00044806157885943774,984.8401489257812,0.9677014112472534,0.00016709999999999997
3545,-101.5422527992813,1,-0.005004839148993293,6308.717805989583,0.9678998450438182,0.00016706249999999997
3546,532.5496437640053,1,-0.02733193854801357,641.2927398681641,0.9682331889867782,0.000167025
3547,620.8825935765883,1,-7.635954557372315e-05,1695.7046508789062,0.9674577355384827,0.00016698749999999996
3548,520.39482823054,1,0.025489852158352734,982.66997756958,0.9658329606056213,0.00016695
3549,360.8965396589997,1,0.0026640236377716065,1308.7732696533203,0.9658634483814239,0.0001669125
3550,283.36603692377867,1,-0.005830267630517483,5156.7069091796875,0.9677461892366409,0.000166875
3551,490.31798021332634,1,-0.026775245647877456,267.796915435791,0.9696887016296387,0.00016683749999999998
3552,567.1794548812092,1,0.0032725833356380464,340.9439292907715,0.971717557311058,0.0001668
3553,28.084255583900074,1,0.003811273630708456,6510.856042480469,0.9688421100378036,0.0001667625
3554,586.2973325040475,1,-0.03079666933044791,472.4297302246094,0.9669750571250916,0.00016672499999999997
3555,557.7012920805851,1,0.026999178249388932,450.43373945951464,0.9624637931585311,0.0001666875
3556,603.497529132404,1,-0.009768545873402345,431.0354370117187,0.9577610731124878,0.00016664999999999998
3557,281.95638695902863,1,-0.002915716962888837,8952.752075195312,0.9506107121706009,0.00016661249999999996
3558,600.345601427192,1,-0.012237129864267704,358.764501953125,0.9480089545249939,0.000166575
3559,555.122252764003,1,-0.07151903389021755,631.8739234924317,0.9452581763267517,0.00016653749999999998
3560,-578.9573857382638,1,-0.008233631663024425,8430.734521484375,0.9416506540775299,0.00016649999999999995
3561,558.1313413246892,1,-0.1834184649400413,1459.4432167053224,0.9416636615991593,0.0001664625
3562,623.1749444829899,1,-0.15658166594803333,360.782901763916,0.9419705480337143,0.00016642500000000002
3563,569.0333314392082,1,-0.35518870865926144,173.77890869379044,0.9396438151597977,0.00016638749999999997
3564,569.1904546278822,1,-0.012656974443234503,73.49920293092728,0.933676689863205,0.00016634999999999998
3565,279.6362841084949,1,0.0021771445870399477,2811.757275390625,0.9334497094154358,0.0001663125
3566,334.6175183431294,1,-0.0014309800229966641,4466.86220703125,0.9331487566232681,0.000166275
3567,558.8534273309192,1,0.00708423312753439,154.08797874450684,0.9321528464555741,0.00016623749999999997
3568,553.249905159737,1,-0.03431238792836666,449.1522071838379,0.9299018412828446,0.0001662
3569,275.4425607490141,1,-0.0039669332094490525,9933.777172851562,0.9297174751758576,0.00016616249999999998
3570,545.68357576737,1,-0.099685665871948,528.3858390808106,0.9284862399101257,0.00016612499999999999
3571,580.0105380061849,1,-0.02422315776348114,1030.7249969482423,0.9251914173364639,0.0001660875
3572,307.14133184808514,1,-0.00669231778010726,5165.8791015625,0.922490906715393,0.00016604999999999997
3573,552.2539629145846,1,-0.049110476346686485,559.9151191711426,0.9224117308855057,0.00016601249999999998
3574,587.8936531841435,1,-0.12641829513013364,357.6824100494385,0.9218356490135193,0.00016597499999999998
3575,514.4622390561817,1,-0.04957431983202696,899.4503288269043,0.9219367235898972,0.0001659375
3576,531.7750755659117,1,-0.09853964019566774,268.78810958862306,0.9222715616226196,0.00016589999999999997
3577,514.2433583101913,1,-0.028697044838918374,234.58221397399902,0.9221890658140183,0.0001658625
3578,526.7638447549223,1,-0.0777476373128593,222.33759746551513,0.9177635431289672,0.000165825
3579,589.4194025988502,1,0.08198857586830854,686.9498492956161,0.9125180751085281,0.00016578749999999996
3580,587.5445791607466,1,0.037766683101654056,358.2887810707092,0.912126362323761,0.00016575
3581,-30.39450795876253,0,-0.011161116902949289,3512.6254028320313,0.9134675216674805,0.0001657125
3582,523.754028620587,1,0.002139094937592745,250.62166175842285,0.9133060187101364,0.000165675
3583,620.5894817906873,1,0.032585597783327105,476.8667840242386,0.9122344642877579,0.00016563749999999998
3584,451.06810706157773,1,-0.0290715953335166,2576.044781494141,0.9159347325563431,0.0001656
3585,487.04194172101245,1,-0.0396730428095907,3723.0583374023436,0.9175217688083649,0.0001655625
3586,516.3885258108703,1,-0.00631466352691253,1736.004239908854,0.918080723285675,0.00016552499999999997
3587,489.492845184468,1,-0.004616983979940414,1050.1014190673827,0.9183957993984222,0.0001654875
3588,610.1166334822099,1,-0.008675735103962624,969.5467468261719,0.9189558982849121,0.00016544999999999998
3589,597.8847403093246,1,-0.012405996583402157,618.3954376220703,0.9188912153244019,0.00016541249999999996
3590,424.37970387849464,1,-0.009233749005943537,2323.814910888672,0.9186918616294861,0.000165375
3591,36.27476786146077,0,-0.004726882129907608,3563.488659667969,0.9190201878547668,0.00016533749999999997
3592,577.426089164208,1,-0.06826099236495793,493.30616226196287,0.9188120156526566,0.00016529999999999998
3593,577.2613657973445,1,-0.06593250324949622,575.3189208984375,0.9184842467308044,0.00016526249999999999
3594,504.8963067827168,1,-0.0052776737604290245,1771.556185913086,0.9189966082572937,0.00016522500000000002
3595,477.505843609832,1,-0.013074910535942763,2045.268098449707,0.9193527460098266,0.00016518749999999997
3596,-384.0419446035581,1,0.02052036135767897,6165.700452677409,0.9211394081513087,0.00016514999999999998
3597,506.7472426304773,1,-0.01425798578808705,1478.0378051757812,0.9227773904800415,0.0001651125
3598,488.4728511405381,1,0.005374252982437611,1673.4051574707032,0.9238166660070419,0.000165075
3599,584.0986070419488,1,0.012275877470771471,2093.5715494791666,0.9247852861881256,0.00016503749999999997
3600,539.5025259966048,1,-0.017054720611001054,1254.3630065917969,0.9257062474886576,0.000165
3601,610.4805995937119,1,-0.07209992790594696,4304.810980224609,0.9264565199613571,0.00016496249999999998
3602,289.5335225216302,1,0.002306881360709667,2839.1770446777346,0.9271337375044822,0.00016492499999999998
3603,553.9995865906055,1,-0.036098045739345254,1758.1284484863281,0.9286550263563792,0.0001648875
3604,497.13165060190175,1,-0.013952437788248062,610.8573318481446,0.9301922996838887,0.00016485
3605,562.4681202986862,1,0.009411723725497723,3719.4582427978517,0.9314024358987808,0.00016481249999999997
3606,468.01789676699394,1,0.030095988325774668,3062.3296325683596,0.9320921152830124,0.00016477499999999998
3607,-369.8521218794382,1,-0.0035510405083186924,12106.49912109375,0.932410116493702,0.00016473749999999999
3608,492.7688849731649,1,0.00355726620182395,760.574320602417,0.9320842295885086,0.00016469999999999996
3609,552.6617081763059,1,0.024469443317502736,2481.3447875976562,0.932126373052597,0.0001646625
3610,553.9357181491321,1,-0.042753801308572294,1759.4326049804688,0.9320312023162842,0.000164625
3611,565.2118043940479,1,0.02218586839735508,1180.7013412475585,0.9316363781690598,0.00016458749999999996
3612,552.4784900094811,1,0.021093877870589493,1010.668663406372,0.9311057657003403,0.00016455
3613,565.0641550982721,1,-0.028082452217737832,1219.948907470703,0.9315619965394338,0.0001645125
3614,610.7233691926189,1,-0.0010789180059589398,3980.4540771484376,0.9322507619857788,0.000164475
3615,613.2156201374435,1,-0.003097447073818671,3447.344677734375,0.9323723375797272,0.00016443749999999998
3616,515.6717258424147,1,-0.05337597969919443,1117.9406295776366,0.9322523832321167,0.0001644
3617,587.9082010819865,1,0.1610564859583974,802.4093884944916,0.933707457780838,0.0001643625
3618,515.854167457214,1,-0.0027419259771704675,796.001675415039,0.938696363568306,0.00016432499999999997
3619,545.5522189032545,1,0.01736516784876585,1043.6155506134032,0.9384785428643226,0.0001642875
3620,586.8145951148324,1,0.10267076543532312,1169.544278717041,0.9370739847421646,0.00016424999999999998
3621,537.4304176910283,1,0.0038616977632045745,1319.9622360229491,0.9379985392093658,0.00016421249999999996
3622,494.0959230819452,1,0.03946386529132724,1635.5300491333007,0.938922467827797,0.000164175
3623,491.284882844488,1,-0.0371826522052288,891.6206787109375,0.9396919071674347,0.00016413749999999997
3624,558.2109097169911,1,-0.0442062733694911,1481.3619506835937,0.9399363577365876,0.00016409999999999998
3625,522.8729495913707,1,0.03820798754692078,1215.0273193359376,0.9393707072734833,0.00016406249999999998
3626,-258.6616839765626,1,0.0010200246702879666,8680.601196289062,0.939959055185318,0.00016402500000000002
3627,-262.5968086249077,1,-0.003979571489617228,12123.495764160156,0.9405708461999893,0.0001639875
3628,-264.6267552413019,1,-0.002533618966117501,8322.069956054687,0.941319580078125,0.00016394999999999997
3629,331.44399334869325,1,-0.007440073369070888,4138.837084960937,0.9419758498668671,0.0001639125
3630,-223.45040558618462,1,0.01410644263960421,10315.052709960937,0.9422403112053871,0.00016387499999999999
3631,560.8963737034844,1,-0.016339145973324774,10297.244717788697,0.9426223337650299,0.00016383749999999996
3632,525.1544500053865,1,-0.001362296985462308,1395.95125,0.9430999541282654,0.0001638
3633,191.29778102866322,1,-0.0004039705381728709,8289.710913085937,0.9415935486555099,0.00016376249999999998
3634,417.2409205553352,1,-0.009037465183064341,10015.908471679688,0.9413101822137833,0.00016372499999999998
3635,414.4974734408797,1,-0.014145929319784045,3663.0590759277343,0.9413053780794144,0.0001636875
3636,478.1737310370727,1,-0.016543078375980257,603.9782783508301,0.9417673349380493,0.00016365
3637,536.212325382409,1,-0.06508536823093891,3273.5340881347656,0.9431213587522507,0.00016361249999999997
3638,455.01455183769195,1,-0.012441621976904571,604.9521873474121,0.9434558555483818,0.00016357499999999998
3639,479.87887997098875,1,-0.029070020467042924,1769.865771484375,0.9430659949779511,0.0001635375
3640,433.69088135627914,1,0.004399163846392185,1816.6176147460938,0.9428380921483039,0.00016349999999999996
3641,-194.65944553378773,1,-0.00670192209072411,6756.4015441894535,0.9431260108947754,0.0001634625
3642,505.8990313705447,1,-0.01342266472056508,490.2190773010254,0.9450564175844193,0.000163425
3643,568.2929790401798,1,-0.009182032290846109,7263.32349243164,0.9480034440755845,0.00016338749999999998
3644,597.3606403137289,1,-0.019484204612672328,5300.634713745118,0.9485657006502152,0.00016334999999999999
3645,-219.19463119310308,1,-0.009033298906870187,3104.72578125,0.9493279016017914,0.0001633125
3646,557.1140569453202,1,0.0029160537756979465,4805.260815429688,0.9518079906702042,0.000163275
3647,556.9560841100187,1,-0.05468322313390672,2570.323715209961,0.9524100840091705,0.00016323749999999998
3648,539.4381043999676,1,0.03846693422638055,3320.2565795898436,0.9525765508413315,0.0001632
3649,525.9978177723236,1,-0.015353433322161436,1406.037661743164,0.9524522483348846,0.0001631625
3650,-2218.2657856103087,1,-0.0016903445745507877,4487.481792195638,0.9531325525707669,0.00016312499999999997
3651,539.5900361305336,1,-0.0003107793896415245,1628.2658935546874,0.9557271003723145,0.0001630875
3652,407.60919459544266,1,0.007503090193495154,7828.982421875,0.9560303509235382,0.00016304999999999998
3653,547.986008354394,1,-0.16098076095804573,1572.0275451660157,0.9560380190610885,0.00016301249999999996
3654,429.1626425297591,1,-0.008244368445593864,977.7595268249512,0.956318786740303,0.000162975
3655,370.66143867544054,1,0.01158345201984048,6900.5928955078125,0.9560008764266967,0.0001629375
3656,370.38841884173473,1,0.0034339655190706252,4293.992468261718,0.9562231779098511,0.00016289999999999998
3657,605.1108262724802,1,6.819279197145534e-05,4648.775537109375,0.9566421210765839,0.00016286249999999998
3658,374.75417296734327,1,-0.01176279941573739,1050.6137474060058,0.9572746887803077,0.00016282500000000001
3659,497.42655608186305,1,0.018086811900138854,3911.360241699219,0.9581456631422043,0.0001627875
3660,588.4660321309842,1,-0.0018402357918809286,3965.22080078125,0.9584119737148284,0.00016274999999999997
3661,503.2250831699469,1,-0.022064227114121118,643.4834777832032,0.958318156003952,0.0001627125
3662,512.2602857217599,1,0.06785359410569072,1309.6337860107421,0.9574573755264282,0.00016267499999999998
3663,537.2270236412838,1,-0.07649763058871031,2796.632775878906,0.9577831864356995,0.0001626375
3664,-937.5995844772315,1,-0.006282300408929587,4720.941718546549,0.9581854750712713,0.0001626
3665,588.6719361609447,1,-0.0005528855360552142,2729.197607421875,0.9580730259418487,0.00016256249999999997
3666,566.2593038665236,1,-0.004689108394086361,1854.3244232177735,0.9577168017625809,0.00016252499999999998
3667,629.6460317509648,1,0.0013736692584771504,2875.3114990234376,0.9568750917911529,0.00016248749999999999
3668,601.1431540440766,1,-0.00024324799277444242,1996.8282836914063,0.9565095067024231,0.00016245
3669,594.4140479723605,1,-0.055568743497133255,374.30859527587893,0.9565686404705047,0.00016241249999999997
3670,431.8541504997895,1,-0.031141294911503793,1581.2384490966797,0.9574368804693222,0.00016237499999999998
3671,225.8627774167428,1,-0.001971032842993736,9204.303198242187,0.9586522430181503,0.0001623375
3672,557.8997568399567,1,-0.06024099844507873,530.2091873168945,0.9583440035581589,0.00016229999999999996
3673,593.1788023866502,1,-0.004787263736896819,524.3892822265625,0.9559988081455231,0.0001622625
3674,553.34600498784,1,0.012205268535763026,146.75947313308717,0.9539398312568664,0.000162225
3675,486.0292422490412,1,-0.007116645680313619,1569.2756408691407,0.9530256927013397,0.0001621875
3676,464.9804466338013,1,-0.006910901260562241,2315.7870849609376,0.9530357241630554,0.00016214999999999998
3677,558.175961556068,1,-0.26684005903080105,573.1511451721192,0.9537067353725434,0.0001621125
3678,365.23262489007425,1,0.011139056901447475,3202.461145019531,0.9523032814264297,0.000162075
3679,578.3462438953438,1,-0.00172178503125906,792.745849609375,0.9517277538776397,0.00016203749999999997
3680,471.47707584320295,1,-0.008107776474207639,1216.3413492838542,0.9516981283823649,0.000162
3681,551.4390335022817,1,-0.0469116528518498,752.3021202087402,0.9531996965408325,0.00016196249999999999
3682,374.97241850355283,1,0.022785748913884164,1725.0601776123046,0.9569056123495102,0.00016192499999999997
3683,439.4793702859505,1,-0.028207978629507125,960.4143463134766,0.9590435564517975,0.0001618875
3684,578.8640073092877,1,0.021799153462052346,1386.8297241210937,0.9589423686265945,0.00016184999999999998
3685,578.2487145976871,1,-0.0022341956384479998,441.7179428100586,0.9592022150754929,0.00016181249999999996
3686,574.6082490250981,1,0.0001589761581271887,483.9691589355469,0.9603637307882309,0.000161775
3687,600.5293090109785,1,-0.010161140545073976,759.1159973144531,0.9622279465198517,0.00016173750000000002
3688,519.7620334250614,1,-0.006065830495208502,1644.9457356770833,0.9622975746790569,0.00016169999999999997
3689,511.1919001747172,1,-0.045583946350961926,784.5118530273437,0.963570898771286,0.00016166249999999998
3690,582.9533332016849,1,-0.004946926794946194,570.9295959472656,0.9647415816783905,0.000161625
3691,472.91897133129794,1,0.06651646154932678,997.4138732910156,0.9658126920461655,0.0001615875
3692,427.7466599140527,1,-0.017712883185595274,2244.346253967285,0.9669671684503556,0.00016154999999999997
3693,483.6025204539242,1,0.005083084013313055,487.46855545043945,0.9674651622772217,0.0001615125
3694,423.6457700869516,1,0.005621510557830334,1131.6846893310546,0.967672798037529,0.00016147499999999998
3695,544.9483089862008,1,0.005704114772379398,1339.9983810424806,0.9669683963060379,0.0001614375
3696,453.2567444842458,1,-0.0013877416960895062,1622.3972473144531,0.9685613065958023,0.0001614
3697,436.3934393365935,1,-0.0006376565201207995,4100.595288085938,0.9701665550470352,0.00016136249999999997
3698,593.3289580984748,1,0.1519780445843935,850.626127243042,0.9714634209871292,0.00016132499999999998
3699,369.0983603354997,1,-0.012545506469905376,2505.2921122233074,0.971147338549296,0.00016128749999999998
3700,608.8003355214623,1,-0.0003705245751564945,1316.8052124023438,0.9703226506710052,0.00016125
3701,-252.16886370506273,1,-9.580658127864202e-05,11195.279964192709,0.969675999879837,0.00016121249999999997
3702,577.6762907277123,1,-0.005532774794846773,1279.0407318115235,0.9699608862400055,0.000161175
3703,589.9874806249204,1,-0.07299955710768699,1045.7288864135742,0.9709260821342468,0.0001611375
3704,599.915731504785,1,0.0401052295230329,491.06856592297555,0.971076837182045,0.00016109999999999996
3705,409.5527129617,1,-0.00464137033559382,1754.8843505859375,0.9703901529312133,0.0001610625
3706,346.20423176576037,1,-0.014896945841610432,3215.6448608398437,0.9700464546680451,0.000161025
3707,531.8192647195108,1,-0.01682978719472885,1574.0189697265625,0.9695589035749436,0.0001609875
3708,521.9371167289769,1,0.059095336496829985,517.9564239501954,0.9677386611700058,0.00016094999999999998
3709,606.2947217401999,1,-0.05027351584285498,708.7730102539062,0.9665811866521835,0.0001609125
3710,571.099691537,1,0.05143530713394284,329.47070236206054,0.9678844034671783,0.000160875
3711,462.4049375169906,1,-0.012225908692926168,2265.9231201171874,0.9703602939844131,0.00016083749999999997
3712,565.9134536398516,1,-0.12738109501078726,372.94033737182616,0.9706695646047592,0.0001608
3713,448.9567642221517,1,-0.0003584176922837893,1772.390244547526,0.9690871377786,0.00016076249999999998
3714,526.9933462678464,1,0.0715952217578888,1550.1638549804688,0.968410649895668,0.00016072499999999996
3715,270.88360724463837,1,-0.010868465201929212,6597.73388671875,0.9693737149238586,0.0001606875
3716,565.7011286520625,1,-0.0031513890251517298,281.37218742370607,0.9697490751743316,0.00016064999999999997
3717,478.1803418377265,1,0.004284625151194632,2935.234509277344,0.9705778777599334,0.00016061249999999995
3718,571.65157837593,1,-0.002195211296202615,877.0328430175781,0.971417886018753,0.00016057499999999999
3719,560.8346819203762,1,-0.011703383363783359,656.2394592285157,0.9736788213253021,0.00016053750000000002
3720,449.9913996490411,1,-0.020684863976202904,667.4096252441407,0.9761864751577377,0.00016049999999999997
3721,518.3904635317288,1,-0.06940025147050619,1318.3919525146484,0.9783322006464005,0.00016046249999999998
3722,550.2488970182834,1,-0.0014343564190248514,1372.7854125976562,0.9787818312644958,0.000160425
3723,566.1008635896873,1,-0.012248900998383761,1345.2804290771485,0.9789228975772858,0.0001603875
3724,568.222669238904,1,0.23090810077264906,416.2958627820015,0.9811026841402054,0.00016034999999999997
3725,362.5045044567881,1,-0.00879303882829845,6170.532849121094,0.9852721750736236,0.0001603125
3726,499.63996736548506,1,-0.0049537651861707365,1279.15087890625,0.9853433012962342,0.00016027499999999998
3727,65.79469429058736,1,-0.005767622155447801,7048.69033203125,0.9853084524472554,0.00016023749999999998
3728,573.5538416103709,1,-0.0017893243581056594,1304.497137451172,0.9853149235248566,0.0001602
3729,421.2117957121526,1,0.03394284760579467,2185.3609130859377,0.9853384137153626,0.00016016249999999997
3730,331.0958889212468,1,-0.0014763225801289082,8511.400337727864,0.9853496372699737,0.00016012499999999998
3731,335.0985418475901,1,0.03253200296312571,3761.172399902344,0.9857117652893066,0.00016008749999999998
3732,286.2752294134509,1,-0.035080630083878836,7178.699308268229,0.9863502701123555,0.00016005
3733,26.774007970980506,1,-0.0011533895041793585,5559.264208984375,0.9867456957697869,0.00016001249999999997
3734,444.2717772134061,1,-0.009477966465055943,2509.588555908203,0.9871710926294327,0.000159975
3735,612.6189380806779,1,0.00022161688701149984,5232.250927734375,0.9873556554317474,0.0001599375
3736,626.7959143824945,1,-3.174206042899641e-05,7226.95419921875,0.9874090552330017,0.00015989999999999996
3737,370.54564039224147,1,-0.00709642570776244,2933.016251627604,0.9875538527965546,0.0001598625
3738,427.32665810834476,1,0.004129600804299116,3410.8847412109376,0.9879151672124863,0.000159825
3739,535.8193709100481,1,0.061025879345834255,2766.5493202209473,0.9883209466934204,0.0001597875
3740,-21.783375131790024,1,-0.00358087164349854,5904.755224609375,0.9884132266044616,0.00015974999999999998
3741,469.736810454263,1,-0.04479866791516542,4007.557263183594,0.988518351316452,0.00015971249999999999
3742,586.3223679488417,1,0.02462251582182944,2707.1769958496093,0.9887022346258163,0.000159675
3743,-3514.3417299765683,1,0.0009196957788215233,3648.3796818659857,0.9893444881989406,0.00015963749999999997
3744,478.2833736456043,1,0.0339105942286551,8891.174670410157,0.9910871863365174,0.0001596
3745,130.19100956658752,1,0.014101611077785492,8530.987133789062,0.9913811385631561,0.00015956249999999998
3746,31.755204401845106,1,-0.0038848424640794597,5092.068774414062,0.9915340165297191,0.00015952499999999996
3747,-295.74184401952573,1,0.013887405768036843,5951.58521118164,0.9918881535530091,0.0001594875
3748,605.5068154838524,1,0.17389875380322337,13800.418047714233,0.9924104928970336,0.00015944999999999997
3749,603.2348573780066,1,-0.0006253357976675033,13776.8166015625,0.9926254630088807,0.00015941249999999998
3750,-319.96158141437985,1,-0.0007264419924467802,5677.735388183593,0.9928303167223931,0.00015937499999999998
3751,550.6957224760338,1,-0.01131580090150237,8161.836010742188,0.9931115359067917,0.00015933750000000002
3752,-179.75720203149535,1,-0.0011329887434840201,5911.794415283203,0.9932309806346893,0.0001593
3753,527.3442116921317,1,0.07125761443749071,14023.831317138673,0.9935389697551728,0.00015926249999999997
3754,-890.8985759825609,1,0.006222921200096607,6288.048046875,0.9937421083450317,0.000159225
3755,521.6265440120691,1,-0.030547355022281408,17143.0294921875,0.9941715151071548,0.0001591875
3756,544.3391206818043,1,-0.003281893697567284,6400.201733398438,0.9942424863576889,0.00015914999999999997
3757,-22.96134306617779,1,0.0006208778669436773,7425.519873046875,0.9941542625427247,0.0001591125
3758,296.6264759859105,1,0.0018558109644800425,5862.560119628906,0.9942684233188629,0.00015907499999999998
3759,57.29579833358713,1,0.015231555265684923,4139.793839518229,0.9947731018066406,0.00015903749999999998
3760,544.013990546656,1,0.0014021839946508408,15948.115234375,0.9952044367790223,0.000159
3761,-821.3020875697628,1,0.00336998055378596,4948.011614990234,0.9954854339361191,0.0001589625
3762,-61.181041816173206,1,-0.002935187208155791,7310.2251953125,0.9962363084157307,0.00015892499999999997
3763,447.61787210003024,1,0.008331823535263539,7569.256042480469,0.997141882777214,0.00015888749999999998
3764,333.6973634231885,1,-0.00028106579557061193,12291.164086914063,0.9974025160074234,0.00015885
3765,178.68093657989033,1,-0.06876910918702682,5697.7151840845745,0.9977511028448741,0.00015881249999999996
3766,332.4998965533755,1,-0.003956612137456735,4276.769116210938,0.998566351334254,0.000158775
3767,251.12381439063503,1,-0.0017695211921818555,4001.3635498046874,0.9990591764450073,0.0001587375
3768,166.14165111715957,1,0.008766287999848524,4662.577449544271,1.0001320481300353,0.00015869999999999998
3769,-911.7608929625444,1,0.01379647379120191,3133.6722462972007,1.0015759408473968,0.0001586625
3770,473.5771125906202,1,0.021543553611263633,9235.162155151367,1.0032189249992371,0.000158625
3771,288.2315959540774,1,0.0011306993508090576,3689.7027384440103,1.0037146131197612,0.0001585875
3772,-210.29589522238086,1,0.008905419614166021,4033.822036743164,1.0039673089981078,0.00015854999999999998
3773,-515.3753870450657,1,0.011874650977551937,5422.063944091797,1.004965867996216,0.0001585125
3774,-1172.1878655232877,1,-0.00027478810710211595,4878.839003499349,1.0054973562558491,0.000158475
3775,628.2646037606833,1,0.0001200541695652646,41660.1328125,1.005873966217041,0.00015843749999999997
3776,-1237.0121640553305,0,0.002020350036521753,7305.048478190104,1.0060140271981557,0.0001584
3777,-2522.213537303569,1,-0.0012282475386018632,3186.708017578125,1.006581757068634,0.00015836249999999998
3778,-307.727414240425,1,0.0027606242801994085,6877.588589477539,1.0074395060539245,0.00015832499999999996
3779,312.14221641291033,1,0.0156651115976274,15721.205224609375,1.007836526632309,0.0001582875
3780,288.87513568603583,1,-1.4484627172350883e-05,15491.002319335938,1.008013790845871,0.00015825
3781,-10.768997538799283,1,-0.0027195521319905917,9927.418782552084,1.0088614106178284,0.00015821249999999998
3782,511.5592410727286,1,-0.00380950178951025,28960.495703125,1.010154914855957,0.00015817499999999998
3783,413.4683219773911,1,0.002073373645544052,9722.009008789062,1.010477715730667,0.00015813750000000002
3784,-1294.9122715253318,1,-0.005172506906092167,6171.188213239398,1.0110499092510767,0.0001581
3785,290.0555185764976,1,-0.009068823512643575,16634.99921875,1.0120083272457123,0.00015806249999999997
3786,-326.2808649702531,1,-0.0012804934754967689,9930.346891276042,1.0122812072436014,0.000158025
3787,537.5331753719915,1,0.0585817189887166,19195.645141601562,1.0125201225280762,0.00015798749999999998
3788,594.2018179753912,1,-0.041076968610286715,15287.979711914062,1.0126612782478333,0.00015794999999999996
3789,508.92063584812246,1,-0.03899858985096216,11827.761172485352,1.0127259075641633,0.0001579125
3790,509.7572385917454,1,0.03578902585431933,6158.338049316406,1.012945944070816,0.00015787499999999997
3791,199.67549243952465,1,0.007836975033084552,5813.961079915364,1.0133243997891743,0.00015783749999999998
3792,560.8167659491655,1,0.030976918525993824,7688.5193145751955,1.0134924709796906,0.0001578
3793,-531.8140808844335,1,0.001219608960673213,8113.515197753906,1.013824599981308,0.0001577625
3794,582.9670980419455,1,-0.05279733370989561,10849.114697265624,1.0142560660839082,0.00015772499999999997
3795,-1003.129353342689,1,-0.000920247674609224,6289.172971598307,1.0146923780441284,0.00015768749999999998
3796,572.3596828144082,1,-0.0704904324375093,14253.282275390626,1.0159389913082122,0.00015765
3797,516.948893529386,1,-0.021773332776501775,10324.867260742187,1.016230708360672,0.00015761249999999996
3798,-108.62675334999034,1,-0.0035605358270307383,9428.403271484374,1.0164933959643045,0.000157575
3799,-821.2673323081124,1,0.023008822168534,6632.643929036459,1.0168290913105011,0.0001575375
3800,476.6093515267438,1,-0.015929006226360797,9428.439868164063,1.0175731360912323,0.00015749999999999998
3801,-397.38164976386366,1,-0.008227252028882503,9004.467340087891,1.0178463160991669,0.00015746249999999999
3802,533.080642222274,1,0.024905665405094625,15867.116168212891,1.0184835493564606,0.000157425
3803,-1016.7034060849351,1,-0.0017753206193447113,5883.180177815755,1.0189371784528096,0.0001573875
3804,357.3410658428569,1,-0.009918645583093166,18596.901440429687,1.0201068460941314,0.00015734999999999998
3805,474.8134468973434,1,0.03934543495997787,12709.135620117188,1.0204847633838654,0.0001573125
3806,485.6593610528938,1,0.04645097441971302,11565.70565185547,1.020624142885208,0.000157275
3807,308.6390169682272,1,-0.0033694179728627205,9039.556103515624,1.020821315050125,0.00015723749999999997
3808,294.9462279335088,1,-0.001068659545853734,7164.106176757812,1.0212674677371978,0.0001572
3809,445.9870751101244,1,-0.01935524707660079,9755.997412109375,1.021236425638199,0.00015716249999999998
3810,583.8571856142227,1,-0.05609602686017752,7746.272973632813,1.0211819529533386,0.00015712499999999996
3811,325.18277995914,1,0.013526385836303233,9746.443530273438,1.0212879359722138,0.0001570875
3812,609.778202489655,1,-0.0009235424259305347,12048.9521484375,1.0213358402252197,0.00015705000000000002
3813,111.29088127914093,1,0.004557068708042304,5922.941943359375,1.0216150442759195,0.00015701249999999997
3814,514.8345530898847,1,-0.0285568792372942,4703.104138183594,1.0221790194511413,0.00015697499999999998
3815,389.08775287848295,1,0.0008931881748139858,2502.8440185546874,1.0224057018756867,0.0001569375
3816,461.30228551610736,1,-0.04627175554633141,6548.980554199219,1.022838532924652,0.0001569
3817,590.4192461033097,1,-0.0008921679293678153,5598.2173828125,1.0232658386230469,0.00015686249999999997
3818,525.5467407156762,1,-0.050254800193943086,2988.7123962402343,1.0235299587249755,0.000156825
3819,515.0640579328335,1,0.00902713593095541,1800.6432037353516,1.0241862654685974,0.00015678749999999998
3820,581.4939355079335,1,0.05048605022020638,741.9883361816406,1.0254680812358856,0.00015675
3821,563.1251915499572,1,0.15793330371379852,781.7332563519478,1.0266423583030702,0.0001567125
3822,529.3715160422549,1,0.009310486481990666,971.6809432983398,1.026288056373596,0.00015667499999999997
3823,312.4753289438161,1,-0.007513619338472684,2644.588584391276,1.025424063205719,0.00015663749999999998
3824,565.322414063482,1,-0.006242339308664668,1155.0909057617187,1.0254584729671479,0.00015659999999999998
3825,485.6305153677953,1,-0.03361503328196704,962.7337600708008,1.0258524239063262,0.0001565625
3826,479.88538398236403,1,0.00953960157930851,566.0785858154297,1.0259543359279633,0.00015652499999999997
3827,607.146708801137,1,-0.21177382757887245,1649.1824645996094,1.0264994144439696,0.00015648749999999998
3828,520.5734023786036,1,-0.006973971705883741,576.8862209320068,1.0264005362987518,0.00015645
3829,371.574620744208,1,-0.02849771096371114,5443.530126953125,1.026301807165146,0.00015641249999999996
3830,356.1785411524882,1,-0.006426992733031512,1814.8440673828125,1.026025754213333,0.000156375
3831,605.110030334645,1,-0.0008673239411223221,2205.45185546875,1.026069974899292,0.0001563375
3832,448.63121074293684,1,-0.01859798850491643,1554.1105143229167,1.0260715723037719,0.0001563
3833,519.9203596037781,1,-0.0841567948460579,1048.8685470581054,1.0261034727096559,0.00015626249999999998
3834,559.3214342242793,1,-0.0009998062625527382,983.6282943725586,1.0255127906799317,0.000156225
3835,15.27285452288595,1,0.02058028175185124,9603.996142578126,1.025384215513865,0.0001561875
3836,529.9412251152245,1,0.01167294904589653,2301.049456787109,1.0254634737968444,0.00015614999999999997
3837,569.9018536120518,1,0.05078107183799148,391.8882743835449,1.0259412825107574,0.0001561125
3838,577.5144713069127,1,0.041740738600492475,578.7127861022949,1.0255554735660553,0.00015607499999999999
3839,395.71551089757764,1,-0.03711726693436503,2820.1860900878905,1.024097990989685,0.00015603749999999996
3840,407.70411565180984,1,0.0391776910983026,2777.6906860351564,1.0230799853801726,0.000156
3841,585.5117098840883,1,0.011616928083822132,735.6936737060547,1.0226056218147277,0.00015596249999999998
3842,521.2804526099653,1,0.035950072854757306,522.8542984008789,1.0220584452152253,0.00015592499999999995
3843,7.969377663068997,1,0.00027264775708317756,6350.550964355469,1.020773673057556,0.0001558875
3844,-135.14743249591066,1,-0.003577650881682833,9157.913020833334,1.0202616333961487,0.00015585000000000002
3845,536.9998551679421,1,0.02370456336066127,802.6001098632812,1.020295113325119,0.00015581249999999997
3846,467.18281973061676,1,0.006872261315584183,636.920297241211,1.0215912938117981,0.00015577499999999998
3847,445.87331791676803,1,-0.012464019004255533,846.2308395385742,1.0245485723018646,0.0001557375
3848,547.9852580071714,1,0.029347598925232886,697.2099166870117,1.0257405459880828,0.0001557
3849,503.2150856824361,1,-0.028752440912649037,405.606729888916,1.0267539978027345,0.00015566249999999997
3850,449.7451176495265,1,0.004224393889307976,1304.8184509277344,1.0276850044727326,0.000155625
3851,467.8601743089365,1,0.009173881402239204,660.2299751281738,1.0276991903781891,0.00015558749999999998
3852,595.3144060791716,1,-0.014407768193632365,849.0567459106445,1.0279930114746094,0.00015554999999999999
3853,609.3939661212332,1,-0.003012630783507575,1483.2778198242188,1.0288779497146607,0.0001555125
3854,212.04516703531314,1,-0.02373788713787993,7500.670255533854,1.0289791742960612,0.00015547499999999997
3855,567.6341947742073,1,0.03927976805716753,1025.2649200439453,1.0285057783126832,0.00015543749999999998
3856,575.2973245397741,1,-0.0784802352078259,554.9819160461426,1.0280787110328675,0.00015539999999999998
3857,551.3054157869734,1,0.03295406405813992,428.20192794799806,1.0286005437374115,0.0001553625
3858,551.5100703485937,1,0.008318700367817655,596.4550704956055,1.0279448628425598,0.00015532499999999997
3859,370.80240633130774,1,0.030971073638647796,4316.140185546875,1.0292324662208556,0.0001552875
3860,479.9268864369741,1,0.06562482612207532,1264.7787353515625,1.0295966863632202,0.00015525
3861,475.9384033214935,1,-0.012825307250022889,343.5457145690918,1.0304925322532654,0.00015521249999999996
3862,577.3636117801284,1,-0.030737597635015844,255.40229568481445,1.0318919479846955,0.000155175
3863,606.3024600814521,1,-0.04901807447895408,440.15504455566406,1.033624792098999,0.0001551375
3864,601.5715994194888,1,0.09576226454228162,224.01494636535645,1.0343578577041626,0.0001551
3865,599.7227508454189,1,-0.00873737738497482,456.2439453125,1.0330514311790466,0.00015506249999999998
3866,-638.1678705102534,1,-0.001430775225162506,13145.16952311198,1.0322476426760356,0.000155025
3867,598.3469210568257,1,-0.10337718548253179,394.5378353327513,1.0321199774742127,0.0001549875
3868,247.47291997700637,1,-0.005701369524467736,10489.23525390625,1.0340521931648254,0.00015494999999999997
3869,568.7582703844179,1,-0.0026211712509393694,432.1654510498047,1.0349904656410218,0.0001549125
3870,546.0455690383587,1,0.08836284819990396,1618.9144195556642,1.0358114302158357,0.00015487499999999998
3871,512.8837099860291,1,0.005254070833325386,430.47752990722654,1.036421275138855,0.00015483749999999996
3872,576.8335598384047,1,-0.028675900120288134,312.6486846923828,1.035027027130127,0.0001548
3873,628.1265267954299,1,-0.11141412984579802,412.6166542053223,1.0327246069908143,0.00015476249999999997
3874,596.7464159913754,1,0.10680600362829865,123.69904899597168,1.0325435042381286,0.00015472499999999995
3875,579.0495095254677,1,-0.00434472537599504,180.1350959777832,1.036343264579773,0.00015468749999999999
3876,597.5924223028035,1,0.035983994230628015,156.00529518127442,1.0361274659633637,0.00015465000000000002
3877,614.3109107828104,1,-0.049378416314721105,173.33659229278564,1.0361190855503082,0.0001546125
3878,525.0746587940912,1,-0.03597212806344032,1175.9224090576172,1.0348286032676697,0.00015457499999999998
3879,568.5030886017336,1,-0.01678473437204957,122.65412845611573,1.0344705760478974,0.0001545375
3880,288.09832239158334,1,-0.011468523368239402,4898.123559570313,1.0337356269359588,0.0001545
3881,600.3012666772971,1,-0.0419358448125422,1084.4078369140625,1.0336665153503417,0.00015446249999999997
3882,575.5610982542773,1,-0.012664316222071648,364.4032844543457,1.0335395872592925,0.000154425
3883,599.9191402445495,1,-0.011293069645761022,312.5206756591797,1.032801878452301,0.00015438749999999998
3884,-291.7967497444798,1,-0.00738104940392077,10102.347839355469,1.0320559471845627,0.00015434999999999998
3885,618.7319155202872,1,-0.0040119040158657525,423.3823608398437,1.0318486928939818,0.0001543125
3886,515.9743689592864,1,-0.006815840024501085,1287.701382446289,1.0315444052219391,0.00015427499999999997
3887,587.3654831748238,1,-0.012684737844392658,475.17730407714845,1.030950564146042,0.00015423749999999997
3888,486.58081907856763,1,0.09050971493124962,1882.7665405273438,1.0301136016845702,0.00015419999999999998
3889,590.3018265009171,1,-0.005562808700528876,573.8112487792969,1.0292773604393006,0.0001541625
3890,598.1702870252406,1,-0.11132777904858812,324.17212693095206,1.031209933757782,0.00015412499999999997
3891,508.8529928382036,1,0.002804708294570446,1180.840478515625,1.0355343580245973,0.0001540875
3892,578.8359848238754,1,-0.10566688817925751,257.07703628540037,1.0363872408866883,0.00015405
3893,-67.56619786391316,0,-0.0077762392163276675,8298.832331542968,1.03732159614563,0.00015401249999999998
3894,-95.25579841358797,0,-0.010052715204656124,4429.0009173583985,1.0373630976676942,0.000153975
3895,587.3497256112976,1,0.006032189074903727,1142.2011379241944,1.0373896300792693,0.0001539375
3896,-1878.9278666107862,0,-0.008066776762383857,8929.945589773995,1.037186643055507,0.0001539
3897,-57.70738513797035,0,-0.001807394198840484,1699.6951995849608,1.0371274113655091,0.00015386249999999998
3898,-74.6757744737905,0,0.004243821576237678,676.420144958496,1.0371051931381225,0.00015382499999999998
3899,-81.63769430537894,1,0.0024573735892772673,12721.066569010416,1.0375198245048523,0.0001537875
3900,-190.4158256948161,0,0.010191463492810726,598.7009573364257,1.0380705571174622,0.00015374999999999997
3901,304.1695363086602,1,-0.02047432678130766,6223.650830078125,1.0387790282567342,0.0001537125
3902,599.2973525879837,1,-0.0004027267695406067,12631.9447265625,1.0389712691307067,0.00015367499999999998
3903,-42.44257423335526,0,-0.0275744117051363,269.80654476165773,1.0388540172576903,0.00015363749999999996
3904,-150.6815753944765,0,-0.009558385126292706,244.6598629760742,1.0381844568252563,0.0001536
3905,569.5293330361208,1,-0.0010969818109856533,13627.32587890625,1.0386557102203369,0.0001535625
3906,553.2210888422271,1,-0.025415643490850924,5842.740051269531,1.0387464761734009,0.00015352499999999998
3907,565.6258866968637,1,0.0463815959636122,3597.4888702392577,1.0388376772403718,0.00015348749999999998
3908,339.8103014862169,1,0.007659681762258212,3750.885323079427,1.0391184449195863,0.00015345000000000002
3909,18.76512335530174,1,-0.021619181009009482,7054.216613769531,1.0392107039690017,0.0001534125
3910,583.0987338738626,1,-0.04351192824542523,6027.394780158997,1.0392366170883178,0.00015337499999999997
3911,243.08846392225084,1,0.014206379652023315,8600.3791015625,1.040046465396881,0.0001533375
3912,102.99895409658711,1,-0.006135930493474007,11040.04228515625,1.040375429391861,0.00015329999999999999
3913,-280.8935080984191,1,0.0031116203404963016,8912.528149414062,1.0404126822948456,0.00015326249999999996
3914,394.89462535817086,1,-0.007564922980964184,6530.565026855469,1.0404767155647279,0.000153225
3915,542.0814618094945,1,0.04185224439715966,2259.6314697265625,1.0405372202396392,0.00015318749999999998
3916,546.6285885610047,1,-0.005429274775087834,1834.8486114501952,1.0404643356800078,0.00015314999999999998
3917,-967.6659336020919,1,0.002450704031313459,6832.2650675455725,1.0403486788272858,0.0001531125
3918,436.5775834829958,1,-0.005104027315974235,3123.4137268066406,1.0403912603855132,0.000153075
3919,506.0600323665901,1,0.014568639220669866,2196.7142120361327,1.0403561115264892,0.00015303749999999997
3920,-129.12001321044602,1,0.00012566428631544113,9157.038460286458,1.040259552001953,0.00015299999999999998
3921,532.7718091996325,1,-0.008785407128743827,2627.1629272460937,1.0403728365898133,0.0001529625
3922,400.4086635935244,1,0.0052724586799740795,2361.769647216797,1.0404922425746919,0.00015292499999999996
3923,526.370889813737,1,-0.010029485356062651,2454.491534423828,1.040459156036377,0.0001528875
3924,-1001.9394500945382,1,0.006127125575828055,8064.2311319986975,1.0403940478960674,0.00015285
3925,402.34354803779655,1,0.009746637335047126,1711.954312133789,1.0404923617839814,0.00015281249999999998
3926,401.1335474808682,1,0.018497193325310947,7323.123461914062,1.040781432390213,0.000152775
3927,547.011990639237,1,0.06493474012240767,2605.186929321289,1.0408645272254944,0.0001527375
3928,536.3340402144034,1,-0.02959043737500906,2294.188830566406,1.0409154832363128,0.0001527
3929,261.4377561117007,1,-0.0012869685306213796,8909.187524414063,1.0409068167209625,0.00015266249999999998
3930,546.9598737343608,1,-0.005176153499633074,2206.423937988281,1.0410576641559601,0.000152625
3931,548.1919138184977,1,-0.06723255352117122,1059.237963414192,1.0417270243167878,0.0001525875
3932,364.5421657043193,1,-0.0012851758860051633,8968.66201171875,1.0425867080688476,0.00015254999999999997
3933,371.18307364194084,1,-0.0014314223313704132,1772.1869323730468,1.0429790377616883,0.0001525125
3934,524.8190837871023,1,-0.07601593369618058,4282.318264770508,1.0431859493255615,0.00015247499999999998
3935,454.3765579282777,1,-0.005355636402964592,1602.7371337890625,1.0430189311504363,0.00015243749999999996
3936,586.3953421052354,1,0.09006200889125467,1395.6416397094727,1.0428672432899475,0.0001524
3937,517.8222786636858,1,-0.08865286037325859,488.50347900390625,1.0429150760173798,0.0001523625
3938,261.352001061803,1,-0.006435465323738754,4135.240087890625,1.0423050224781036,0.00015232499999999998
3939,506.67780831982986,1,0.0010346599214244635,1509.52060546875,1.0423276543617248,0.00015228749999999998
3940,374.5525697350536,1,-0.027900658221915363,3008.5772094726562,1.0427209854125976,0.00015225000000000001
3941,459.6293684687397,1,0.005061772279441356,806.6941162109375,1.0427358269691467,0.0001522125
3942,479.1133321454291,1,0.030311793368309737,2512.099200439453,1.0424517035484313,0.00015217499999999997
3943,600.7273916357753,1,-0.06874037031084299,1182.9196746826171,1.0426639139652252,0.0001521375
3944,562.1809242451716,1,-0.020689723477698863,520.5439235687256,1.0422880411148072,0.00015209999999999998
3945,560.0783295862,1,-0.025842135399580003,196.2004550933838,1.0422802805900573,0.0001520625
3946,496.3749534661088,1,-0.05114473791763885,1079.030419921875,1.0434799432754516,0.000152025
3947,555.9812272713112,1,-0.09081190060824156,264.2799839019775,1.0438171327114105,0.00015198749999999997
3948,434.6374887712541,1,-0.009877895750105382,923.6811126708984,1.0434139132499696,0.00015194999999999998
3949,585.8820431844853,1,-0.03312204005196691,568.1183670043945,1.0430231153964997,0.00015191249999999999
3950,555.0290877790203,1,0.0012680945917963981,759.322299194336,1.0429385542869567,0.000151875
3951,560.7699427668845,1,-0.017313131131231785,158.18699913024903,1.0410231053829193,0.00015183749999999997
3952,591.6946205488587,1,-0.0898521013557911,83.93757939338684,1.0361427187919616,0.00015179999999999998
3953,447.03511035636745,1,0.007708232710137963,2548.6064331054686,1.0328929245471954,0.0001517625
3954,620.8756392344235,1,-0.0034072982509627536,844.6050476074219,1.032125508785248,0.00015172499999999996
3955,561.8426081047221,1,0.07188854347914457,159.2538143157959,1.0318570733070374,0.0001516875
3956,566.4297310919371,1,0.039635778218507764,250.39791526794434,1.0334782898426056,0.00015165
3957,521.0526071833153,1,-0.004640620830468833,518.4481811523438,1.0332021474838258,0.0001516125
3958,322.78475058289877,1,-0.019814470317214727,3520.63779296875,1.0333246171474457,0.00015157499999999998
3959,557.37155401367,1,-0.045197205850854516,390.0348958969116,1.035034078359604,0.0001515375
3960,-192.81484628004296,1,-0.019797054724767803,8357.070385742187,1.037049376964569,0.0001515
3961,179.68259493484868,1,-0.011439171247184276,2748.052770996094,1.0376088500022889,0.00015146249999999997
3962,586.243500458395,1,-0.007640387676656246,1078.2093963623047,1.0377423167228699,0.000151425
3963,265.4628608755261,1,-0.003699396923184395,7924.745849609375,1.037146008014679,0.0001513875
3964,568.3052122944329,1,-0.09535085167735816,1281.1126670837402,1.0373511552810668,0.00015134999999999997
3965,-226.15472534427494,1,0.0010966407135128975,10096.398028564454,1.0380840480327607,0.0001513125
3966,440.0590547468356,1,0.006960878521203995,1993.1001892089844,1.0380435764789582,0.00015127499999999998
3967,545.704446148492,1,0.0018572588451206684,678.7834991455078,1.0378632843494415,0.00015123749999999996
3968,247.85256039327652,1,0.0037196856457740067,13184.19765625,1.0379475712776185,0.0001512
3969,568.1538567106986,1,-0.00181374941021204,1512.3670532226563,1.0383607149124146,0.00015116250000000002
3970,592.6781805194339,1,-0.12367251142859459,1089.6883735656738,1.0387463212013244,0.00015112499999999997
3971,427.3183953947769,1,0.017924332967959346,2833.2812255859376,1.0393138229846954,0.00015108749999999998
3972,600.2185788391083,1,-0.0017375240741831278,2078.9362915039064,1.039847183227539,0.00015105
3973,496.20794427398675,1,-0.002666801307350397,664.9122192382813,1.0398498237133027,0.0001510125
3974,526.520022145862,1,-0.0013512798584997654,1631.0291870117187,1.0392732977867127,0.00015097499999999997
3975,554.4701223473845,1,-0.01833669375628233,490.0656478881836,1.0390303432941437,0.0001509375
3976,592.2667616017903,1,-0.062314088363200425,1106.1246185302734,1.0382385969161987,0.00015089999999999998
3977,490.07873389492306,1,0.010136533761397004,232.40432472229003,1.0378678143024445,0.0001508625
3978,616.3371641991472,1,-0.039828913379460575,680.869044494629,1.0363252997398376,0.000150825
3979,482.81602618788446,1,0.004684485169127584,1839.768701171875,1.0356489181518556,0.00015078749999999997
3980,574.3781024350073,1,-0.040317703830078246,108.09268188476562,1.0344210982322692,0.00015074999999999998
3981,613.0444384751715,1,-0.09268614482134581,366.595149230957,1.029835045337677,0.00015071249999999998
3982,592.8849048180492,1,0.016355126071721314,212.88005409240722,1.0259571254253388,0.000150675
3983,604.514925909171,1,-0.08206113651394845,113.80845375061035,1.0256169080734252,0.00015063749999999997
3984,414.53210590390364,1,-0.03699532803148031,3444.067724609375,1.026058691740036,0.00015059999999999997
3985,610.4581878366834,1,-0.009975370783054415,528.6691741943359,1.0263635516166687,0.0001505625
3986,499.56511901774326,1,-0.04876148619999488,1591.0894978841145,1.0258992950121562,0.00015052499999999996
3987,537.1362614534064,1,-0.001673804937551419,1112.4358530680338,1.0246096014976502,0.0001504875
3988,451.0686967910243,1,-0.012322883245845635,1689.0234497070312,1.0244468132654825,0.00015045
3989,570.9559440906744,1,-0.013522052782354877,338.65040760040284,1.024986630678177,0.0001504125
3990,572.1134446281837,1,0.12899282881990076,291.99371218681335,1.0269214928150177,0.00015037499999999998
3991,559.7148731679104,1,0.025917538938423,1834.7640482584636,1.0330468495686849,0.0001503375
3992,555.5527130246119,1,-0.026936135720461607,514.6010833740235,1.0349188029766083,0.0001503
3993,451.2087086982367,1,0.05431653391569853,1287.0889831542968,1.0359300076961517,0.00015026249999999997
3994,569.7937316579408,1,-0.060502206347882746,630.7399421691895,1.0364100992679597,0.000150225
3995,-214.56845514272715,1,-0.04275968065485358,10086.161534118652,1.036627146601677,0.00015018749999999998
3996,568.4223989908564,1,-0.1027754306793213,1321.5552764892577,1.0362872183322906,0.00015014999999999996
3997,401.5522160362215,1,-0.000963682122528553,1971.3413146972657,1.0363860726356506,0.0001501125
3998,465.0474039125223,1,0.007533002272248268,1145.8824737548828,1.036716675758362,0.00015007499999999998
3999,557.1135703515704,1,-0.04210554081946612,2048.9205037434895,1.036501145362854,0.00015003749999999995
4000,576.7550472437262,1,-0.08587679043412208,822.9069141387939,1.0363617897033692,0.00015
4001,574.9239080569465,1,-0.08749955072999001,528.4807595968247,1.0388741493225098,0.00014996249999999997
4002,234.4635376991639,1,-0.004127145568781998,4147.242057291666,1.0418272693951924,0.000149925
4003,619.6625734147518,1,-0.0009664470386866242,1655.5480590820312,1.0424561619758606,0.00014988749999999998
4004,478.94992328147345,1,-0.021555716078728436,950.5044296264648,1.042827844619751,0.00014985
4005,607.2328058072873,1,-0.014311598986387253,729.5724838256835,1.043445110321045,0.0001498125
4006,576.6916836077145,1,-0.08262989418581128,357.3650242805481,1.0429162859916687,0.00014977499999999997
4007,581.3809450973828,1,-0.034693187940865754,230.08797855377196,1.0407639145851135,0.0001497375
4008,580.0081219640094,1,-0.0012424142179597198,174.68745498657228,1.0373165607452393,0.00014969999999999998
4009,575.7447147356035,1,-0.04357868768274784,2568.2195949554443,1.0367800354957581,0.00014966249999999999
4010,467.948047206163,1,0.00026834728196263314,2798.488525390625,1.037414127588272,0.000149625
4011,507.48637403955337,1,-0.0580908281262964,374.812003326416,1.0370608508586883,0.00014958749999999997
4012,544.5893372359782,1,-0.026764144003391267,1095.1587829589844,1.0358688294887544,0.00014955
4013,457.92725486728665,1,-0.0032744670286774637,3577.0103759765625,1.0358964681625367,0.00014951249999999998
4014,591.5678512871996,1,0.004763298109173775,1764.0605346679688,1.0357578814029693,0.000149475
4015,529.6174384381414,1,-0.001982963364571333,697.3382278442383,1.0348932564258575,0.0001494375
4016,588.4291288921014,1,-0.07161667495965958,689.5974571228028,1.0349143326282502,0.0001494
4017,593.1465267427616,1,-0.01508676866069436,563.4974365234375,1.0342604279518128,0.00014936249999999998
4018,475.6616392396662,1,-0.007326548243872822,2295.266748046875,1.0335432887077332,0.00014932499999999998
4019,536.5125261972471,1,0.009957754611968994,368.1608661651611,1.032480502128601,0.0001492875
4020,444.6356826268019,1,-0.017517061019316316,1601.7173950195313,1.0300197839736938,0.00014925
4021,426.7387503585863,1,0.0005108324810862541,1708.0196594238282,1.029852318763733,0.0001492125
4022,437.7540925378512,1,-0.0019095880910754205,1019.289828491211,1.0301872789859772,0.00014917499999999998
4023,595.9799769005822,1,0.09792508203536272,483.50804138183594,1.0310406148433686,0.00014913749999999999
4024,553.4812222064575,1,-0.0350673516979441,520.285774230957,1.031808477640152,0.0001491
4025,582.4960265587372,1,0.08048005495220423,138.28319911956788,1.0327009201049804,0.00014906249999999997
4026,593.7860715200675,1,0.002042480558156967,698.1531753540039,1.0338480472564697,0.000149025
4027,476.17757231300607,1,-0.02091753324493766,3240.234582519531,1.0345048189163208,0.00014898749999999998
4028,471.92337131940167,1,0.019280207715928553,660.0439041137695,1.0342650592327118,0.00014895000000000002
4029,590.9512882927482,1,-0.01197380491066724,690.5488739013672,1.0341366171836852,0.0001489125
4030,583.5583951581475,1,-0.013328150287270546,492.587580871582,1.0335904359817505,0.00014887499999999997
4031,571.8179543305497,1,-0.1356855330057442,649.0749984741211,1.0349164843559264,0.0001488375
4032,541.0568994734429,1,0.08521694634109736,214.65127258300782,1.0351643204689025,0.00014879999999999998
4033,530.0864585156609,1,-0.04165447521954775,177.3579954147339,1.0331647872924805,0.00014876249999999996
4034,566.1603770645678,1,-0.0009532676078379155,191.48096809387206,1.0293468534946442,0.000148725
4035,613.4111543978942,1,0.039368735067546366,317.6879201412201,1.0280281126499176,0.00014868749999999998
4036,615.751585907328,1,-0.0018939047305821077,417.63246154785156,1.028768491744995,0.00014865
4037,545.0588017968518,1,-0.039343922911211845,675.2613891601562,1.0299393832683563,0.0001486125
4038,378.05769791157013,1,0.017820673622190954,2957.4539428710937,1.030675333738327,0.00014857499999999997
4039,598.4585935516031,1,0.0008556319400668145,141.51517448425292,1.0316115736961364,0.0001485375
4040,628.9086451089902,1,-0.0019790342077612875,322.5299530029297,1.0332958817481994,0.00014849999999999998
4041,459.42914682386254,1,-0.029572822526097296,1096.9021759033203,1.0329095661640166,0.00014846249999999998
4042,418.34527533223707,1,-0.0003969901241362095,1716.8937194824218,1.0322041869163514,0.000148425
4043,573.0766084998099,1,0.03311530537903309,321.9300262451172,1.0319679379463196,0.00014838749999999997
4044,517.4299696684617,1,-0.0015376812778413295,762.5767684936524,1.0308149576187133,0.00014835
4045,466.225331116005,1,-0.025573355332016944,1004.8699890136719,1.0299566745758058,0.00014831249999999998
4046,590.7384102813503,1,0.016684701293706895,127.70063514709473,1.029308295249939,0.00014827499999999999
4047,563.0855889686229,1,0.0024106243858113886,327.88644180297854,1.0283795535564422,0.0001482375
4048,531.5938012944299,1,0.015499287843704223,1288.0253875732421,1.0291966676712037,0.0001482
4049,394.6451831304292,1,-0.00557648295070976,2101.244274902344,1.0300597548484802,0.00014816249999999998
4050,501.541902528092,1,-0.010946073476225138,546.0298873901368,1.0307168185710907,0.00014812499999999998
4051,388.8668911864902,1,0.0021659154910594223,1973.8801330566407,1.031195068359375,0.0001480875
4052,579.0768955888101,1,9.8426453769207e-05,1388.5159439086915,1.0317101061344147,0.00014805
4053,562.2401273227249,1,-0.10379208782687784,704.2612968444824,1.0322566092014314,0.0001480125
4054,588.3756106222814,1,-0.07744666701182723,378.7772132873535,1.0331316113471984,0.00014797499999999998
4055,604.1017160843553,1,-0.0035773586481809617,232.9416175842285,1.0343556880950928,0.00014793749999999998
4056,541.6967482652141,1,-0.022769279219210146,294.45792655944825,1.0335435628890992,0.0001479
4057,577.799116724284,1,0.007402438391000033,200.08246726989745,1.0322063446044922,0.00014786249999999997
4058,546.5366332483775,1,-0.007277845218777656,135.11506533622742,1.0325188040733337,0.000147825
4059,581.1187713790343,1,0.019478827249258757,169.20856399536132,1.0312591552734376,0.00014778749999999998
4060,526.710675819583,1,0.07276153862476349,1277.8037872314453,1.0318222880363463,0.00014775
4061,492.1936836112645,1,-0.05018632297869772,1229.1407516479492,1.0312920391559601,0.0001477125
4062,504.85450617755123,1,-0.017857828922569752,354.6540054321289,1.0315543115139008,0.00014767499999999997
4063,563.8444286320673,1,-0.010221444815397263,202.69032592773436,1.0323529243469238,0.0001476375
4064,599.6031176288235,1,-0.006553037147583041,460.7077880859375,1.0321449518203736,0.00014759999999999998
4065,570.5379236815795,1,-0.019760480942204596,285.8301662445068,1.0332530796527863,0.00014756249999999996
4066,493.8925907304347,1,-0.04309956259094179,726.4148422241211,1.035191798210144,0.000147525
4067,434.0808532078144,1,0.012889843550510705,2512.2099060058595,1.0345644295215606,0.00014748749999999997
4068,565.1318997806612,1,-0.021547689847648144,572.0503181457519,1.034669029712677,0.00014745
4069,582.8832839884124,1,-0.0029313738457858564,275.5652374267578,1.0358210682868958,0.00014741249999999998
4070,528.9721986301001,1,-0.03939045146107674,1200.9788177490234,1.03850759267807,0.00014737499999999996
4071,608.5846316616344,1,-0.12530212830752135,269.67825813293456,1.0400019705295562,0.0001473375
4072,549.0591529710357,1,-0.0036589683671961913,379.15517272949216,1.0397209525108337,0.00014729999999999998
4073,627.5727335784194,1,-0.00879569873213768,339.6155242919922,1.0396799325942994,0.00014726249999999998
4074,505.55238546070774,1,0.03992112278938294,759.6657005310059,1.0401423037052155,0.000147225
4075,452.1151630536781,1,0.03563732411712408,1668.8778259277344,1.0406684577465057,0.0001471875
4076,542.1627120967697,1,0.00397995701059699,140.9699794769287,1.040403240919113,0.00014715
4077,125.9207155245586,1,-0.0035039366533358893,8309.098291015625,1.0402817567189535,0.00014711249999999998
4078,566.4841496647978,1,0.016977244708687066,225.11858787536622,1.039872270822525,0.00014707499999999998
4079,444.6140489542345,1,-0.023938438820187,2247.4296447753904,1.037508088350296,0.0001470375
4080,537.3570144585225,1,-0.05630971258506179,560.7109802246093,1.036336201429367,0.000147
4081,240.07702430258044,1,0.0016267889295704663,5965.8045654296875,1.035690575838089,0.00014696249999999997
4082,595.5034224975332,1,-0.03615585481747985,558.3848808288574,1.0353872895240783,0.00014692499999999998
4083,597.6298112999807,1,-0.11901801293715834,451.4582695007324,1.0345860540866851,0.00014688749999999999
4084,576.8368643969799,1,0.06096122525632382,209.0713357925415,1.0343885242938995,0.00014685
4085,176.2780696177854,1,0.02286266180065771,6782.8399658203125,1.0345413406689963,0.0001468125
4086,431.7556154202542,1,-0.010107007250189782,2789.029925537109,1.0344950735569,0.00014677499999999998
4087,-277.0373578499031,1,0.00031401986877123514,13330.133463541666,1.0339093248049418,0.0001467375
4088,-1060.4130259323813,1,-0.019347864852752538,8911.572700195313,1.0337407755851746,0.0001467
4089,384.0927222840627,1,-0.01391134763834998,4591.871447753906,1.0341298580169678,0.00014666249999999997
4090,537.2844023790469,1,0.03268309459090233,1112.0525329589843,1.0343405306339264,0.000146625
4091,476.18642751754425,1,0.0028489620191976426,1211.167919921875,1.0339323818683623,0.00014658749999999998
4092,620.2695324385048,1,0.0011660232612172195,2047.8918823242188,1.033882248401642,0.00014655
4093,495.6042503439362,1,-0.10999466245993972,892.417854309082,1.033843857049942,0.0001465125
4094,608.7550059538188,1,-0.010385098095819955,1134.2923583984375,1.0338414192199707,0.00014647499999999997
4095,598.073697219126,1,-0.0666928706690669,848.3862182617188,1.0338887155056,0.0001464375
4096,498.8777911570618,1,-0.03527959317434579,782.5982070922852,1.0342120349407196,0.00014639999999999998
4097,563.0879522552744,1,-0.017039407324045897,305.22610702514646,1.0350193500518798,0.00014636249999999996
4098,474.4106609423608,1,0.01604578159749508,962.536978149414,1.034888607263565,0.000146325
4099,464.3405041231026,1,-0.01793963834643364,4685.557861328125,1.0341136574745178,0.00014628749999999997
4100,582.4470365740748,1,0.0644359271042049,374.7316123008728,1.0321626126766206,0.00014625
4101,568.8898915573914,1,-0.005827149376273155,497.4605377197266,1.0272501111030579,0.00014621249999999998
4102,451.5497034298045,1,-0.009996465500444173,1689.8566528320312,1.025284367799759,0.000146175
4103,595.6124578298787,1,-0.0002757158239578672,691.3720275878907,1.0244009613990783,0.0001461375
4104,569.2445382415664,1,-0.0013685562132785378,363.22901306152346,1.0241610646247863,0.00014609999999999997
4105,-330.9383837228618,1,-0.001016991725191474,9041.181579589844,1.0237906396389007,0.00014606249999999998
4106,512.8678749730148,1,-0.004302143672248349,364.59517974853514,1.0235495746135712,0.00014602499999999999
4107,504.4279135335128,1,-0.00942943871486932,882.9256988525391,1.0230237305164338,0.0001459875
4108,532.5092403264279,1,-0.018357730004936457,1405.9729553222655,1.0226499497890473,0.00014595
4109,502.7341187630623,1,-0.006196409277617931,940.0670654296875,1.0220601558685303,0.00014591249999999998
4110,561.8413751904202,1,-0.028313256753608584,512.2922485351562,1.0223287522792817,0.00014587499999999998
4111,476.87249362758513,1,-0.002448716387152672,1883.2796966552735,1.0232555389404296,0.0001458375
4112,558.4879819791188,1,0.11713675481732935,420.50851249694824,1.0239688515663148,0.0001458
4113,498.9663157797258,1,0.05925781354308128,1069.5902084350587,1.0246741473674774,0.00014576249999999997
4114,538.7441453985008,1,0.06673467662185431,549.7446411132812,1.024869441986084,0.000145725
4115,472.87433087187094,1,-0.017940974421799184,851.2051391601562,1.0250191807746887,0.00014568749999999998
4116,561.1914727317096,1,-0.0012553358954683347,987.6477966308594,1.0249307990074157,0.00014565
4117,467.35366457352416,1,-0.07517519975081086,1027.810494995117,1.0249777793884278,0.0001456125
4118,567.9512353088007,1,-0.01292315572500229,334.8222427368164,1.0258625328540802,0.00014557499999999997
4119,489.58756996497016,1,-0.04812146360054612,1346.6277099609374,1.026618903875351,0.0001455375
4120,157.23337950823117,1,-0.0021296686958521605,6929.598681640625,1.026970589160919,0.00014549999999999999
4121,590.84611991979,1,-0.00023521066315979056,1819.4801025390625,1.027075219154358,0.00014546249999999996
4122,223.97694280556462,1,-0.015019899932667613,5956.9732421875,1.0271186053752899,0.000145425
4123,232.98972432652315,1,-0.0014737909863470123,4238.252575683594,1.0272214353084563,0.00014538749999999998
4124,541.8839600852439,1,-0.007269874401390553,1297.8435028076171,1.0274199664592742,0.00014535
4125,556.3575336602498,1,0.005912642180919647,822.4759826660156,1.0276967287063599,0.0001453125
4126,544.3633769823699,1,-0.0624501914717257,716.4348594665528,1.0284476101398468,0.00014527499999999997
4127,589.0436007984898,1,-0.020058336568303047,610.8317352294922,1.0284660935401917,0.0001452375
4128,561.7646965033761,1,0.09002644065767526,216.87809410095215,1.0278773128986358,0.00014519999999999998
4129,118.39915183531355,1,0.003581324488914106,7212.59541015625,1.0255913078784942,0.0001451625
4130,551.6348998496848,1,-0.09003321472555399,420.4066558837891,1.0243856132030487,0.000145125
4131,572.9630366348872,1,-0.059333857614547014,838.3870513916015,1.0232134103775024,0.00014508749999999997
4132,563.0529862290188,1,0.21838703118264674,212.0605963417329,1.0262853682041169,0.00014505
4133,550.4346546476338,1,-0.01844890471547842,296.2965171813965,1.0312680184841156,0.00014501249999999998
4134,524.0601178983187,1,-0.01940327314659953,1053.7884704589844,1.0319562375545501,0.000144975
4135,428.0595928479282,1,-0.0031444917432963846,1166.868112182617,1.0320365965366363,0.0001449375
4136,358.6349268952603,1,-0.01030034082941711,3988.9397094726564,1.0320788025856018,0.00014489999999999997
4137,392.2267595341141,1,0.011597976833581925,7707.911352539062,1.0321027636528015,0.0001448625
4138,456.5734532075215,1,-0.004182371404021978,2907.7961669921874,1.0321142256259919,0.00014482499999999998
4139,443.35969001062483,1,-0.046625436004251244,1830.7839942932128,1.032062405347824,0.0001447875
4140,610.2149387232635,1,-0.0012440847659647147,2028.6672607421874,1.0319648504257202,0.00014475
4141,574.4024641892922,1,0.0103369802236557,963.8159379135817,1.0319640040397644,0.00014471249999999997
4142,596.7695012213404,1,0.11117901029065251,777.515787410736,1.0320748567581177,0.00014467499999999998
4143,-134.2507537227967,0,-0.01529640305787325,4648.192642822266,1.0321798014640808,0.00014463749999999999
4144,-1781.157706989413,1,-0.0017352676019072532,3546.7431229485405,1.0321841478347777,0.0001446
4145,554.3422012045805,1,0.04442430939525366,769.8498031616211,1.032205092906952,0.0001445625
4146,209.08980396129832,1,-0.0008823540061712265,11626.250732421875,1.0322032749652863,0.000144525
4147,-127.56941501132708,0,-0.010046867299824952,1959.1743350219726,1.032214274406433,0.00014448749999999998
4148,-429.5735645664952,1,-0.0016053895279765128,5421.566202392578,1.0322123622894288,0.00014445
4149,-134.82249153520087,0,0.0031669284962117673,625.6851187896729,1.0322369813919068,0.0001444125
4150,-116.33538572631072,0,-0.018675078414380552,497.4465816497803,1.0323047924041748,0.00014437499999999997
4151,-1111.5098420552185,1,-0.00017331639038664954,4846.977535247803,1.032381045818329,0.0001443375
4152,-144.2455023070957,1,0.000555759109556675,7978.774572753906,1.0324360400438308,0.00014429999999999998
4153,592.1055494607655,1,0.06510036271065474,14620.392639160156,1.032455986738205,0.0001442625
4154,-879.7417085606675,1,-0.0027934283192735166,5314.519142659506,1.0324644804000855,0.000144225
4155,-135.50867002788058,0,-0.007888634726405143,137.09057773590087,1.03250426530838,0.00014418749999999997
4156,213.6157698911365,1,0.026112206652760504,13167.190120442709,1.0326088309288024,0.00014415
4157,-773.4007567982917,1,0.00022603101562708615,3842.8404345703125,1.0326180362701416,0.00014411249999999999
4158,-105.22209459169471,1,-0.001161438599228859,10840.646858723958,1.0326069116592407,0.00014407499999999996
4159,-388.6438605903531,1,0.0005244008905719965,4844.918298339844,1.032630491256714,0.0001440375
4160,551.1772187325008,1,-0.03416429948993027,30562.940460205078,1.032655656337738,0.00014399999999999998
4161,-450.1833158417767,1,0.04210969835519791,3817.8666162109375,1.0326804471015931,0.0001439625
4162,-512.2524736939743,1,0.00600543144159019,3179.118278808594,1.0327639126777648,0.000143925
4163,68.02139614730072,1,-0.007694212983672817,5774.342195638021,1.032865305741628,0.00014388749999999997
4164,-462.8372974983785,1,0.019056790322065354,3894.742723388672,1.0329205441474913,0.00014385
4165,29.73473094519869,1,0.004498323487738768,5384.348950195313,1.032950520515442,0.00014381249999999998
4166,-1154.6707464275837,1,0.014777699525335005,3069.0508819580077,1.0330069507871356,0.00014377499999999998
4167,-691.8697430499362,1,-0.0010705449432134627,3461.1207690429687,1.0330780792236327,0.0001437375
4168,-49.22461239697628,1,1.6409670934081078e-05,13411.862371063233,1.033085960149765,0.00014369999999999997
4169,-594.6938225213289,1,-0.00534607358276844,11026.385900878906,1.0331053167581559,0.0001436625
4170,-313.4401205458375,1,-0.0005936532281339169,6123.342156982422,1.0331439644098281,0.00014362499999999998
4171,-483.83401645609297,1,0.0005530329048633576,6669.470362548828,1.033263750076294,0.0001435875
4172,-1598.4084116036747,1,0.020158433000324293,5554.037331390381,1.0333450987935067,0.00014355
4173,585.4716015613592,1,0.03737620273604989,35641.911376953125,1.0334020376205444,0.0001435125
4174,260.7125381993956,1,-0.0057586494367569685,5314.144567871093,1.033410370349884,0.00014347499999999998
4175,-890.8951325668684,1,-3.0046366155147553e-05,4118.087734375,1.033426194190979,0.00014343749999999998
4176,-269.96817014129783,1,0.03025320963934064,6384.001617431641,1.0334511578083039,0.0001434
4177,535.5095931527353,1,0.052934281248599294,29298.429931640625,1.0334856510162354,0.0001433625
4178,276.5063090364236,1,-0.016299222968518733,20211.806884765625,1.033497405052185,0.000143325
4179,-2927.157747306837,1,-0.0011656205635517836,3212.996531829834,1.0335456025600434,0.00014328749999999998
4180,-555.6966430541916,1,-0.008344031907618045,2618.0277337646485,1.0336443948745728,0.00014324999999999999
4181,-1467.7563360416996,1,-0.0009779291759644236,3017.4112095424107,1.033764146055494,0.0001432125
4182,342.0354213188805,1,0.02373035065829754,17249.372048763435,1.0339027722676595,0.00014317499999999997
4183,-202.92178003564118,1,-0.010062112705782056,5585.4139404296875,1.0339367806911468,0.0001431375
4184,-284.18466715818016,1,-0.007978409491479398,3000.4974841308594,1.0339771723747253,0.00014309999999999998
4185,421.142641609204,1,-0.015421610814519227,12320.72578125,1.0340282142162323,0.00014306250000000001
4186,-810.5551517339194,1,7.73150473833084e-05,3807.9189868164062,1.034050452709198,0.000143025
4187,-996.4624702081874,1,-0.026933839016904434,5814.025996907552,1.0341019491354624,0.00014298749999999997
4188,-577.1355992668234,1,-0.0042493842542171475,7461.445483398437,1.0341053056716918,0.00014295
4189,-58.85290396616767,1,0.0014240989151100317,3177.6092244466145,1.0341385126113891,0.00014291249999999998
4190,-542.3281924743042,1,-0.0015326873119920492,2623.176593017578,1.0342419505119325,0.00014287499999999996
4191,-1157.7690571211265,1,0.0025768013671040534,4017.440658569336,1.0344871540864309,0.0001428375
4192,-2671.8886242944,1,0.004810955824161117,2356.852767250755,1.0349121928215026,0.00014279999999999997
4193,-1416.4858442957013,1,-0.0015089123642870357,3012.190542166574,1.0352459924561637,0.0001427625
4194,-365.24482846882955,1,0.003585601132363081,6014.021179199219,1.0352995812892913,0.00014272499999999999
4195,-1233.7530062017047,1,0.003134794533252716,2718.763300868443,1.035319788115365,0.00014268749999999996
4196,-154.22031607882707,1,-0.003232580004259944,8424.109413528442,1.0354188054800033,0.00014265
4197,-287.4482910444542,1,-0.010706202406436206,4893.316394042969,1.0355123817920684,0.00014261249999999998
4198,301.05842577690385,1,-0.0005967769771814347,7100.872534179687,1.0356262981891633,0.00014257499999999998
4199,-2418.472917484799,1,-0.0006529560778290033,3304.800612182617,1.0356562292575837,0.0001425375
4200,-542.9235310897518,1,-0.005188087522983551,5623.4862060546875,1.035743019580841,0.0001425
4201,-35.61855463281182,1,-0.0029771246947348116,6285.826599121094,1.0359076291322709,0.0001424625
4202,560.0920390399199,1,-0.015382521227002144,26959.843505859375,1.0359226703643798,0.00014242499999999998
4203,-101.77142839217663,1,0.0008910615928471088,5735.530794270833,1.0359311739603678,0.00014238749999999998
4204,460.3653469502603,1,0.027296675555408,15980.553784179687,1.03595769405365,0.00014235
4205,-420.8824752019305,1,-0.0006284692295594141,5460.256506347656,1.0359878718852997,0.0001423125
4206,118.78844707838044,1,0.0009593686088919639,7536.0198160807295,1.0360693256060283,0.00014227499999999998
4207,-131.7177809125481,1,-0.007058266829699278,5281.2640380859375,1.036137765645981,0.00014223749999999998
4208,378.7729713551415,1,0.001010123205681642,5526.766365559896,1.0362847844759624,0.0001422
4209,100.09757642332363,1,0.0007646066990370552,6968.159541829427,1.0363250891367595,0.0001421625
4210,-766.9420531967598,1,0.0013874921714887023,4095.2620092773436,1.036391658782959,0.000142125
4211,269.31814390504974,1,0.004225028958171606,5046.692932128906,1.0365404605865478,0.00014208749999999998
4212,-169.4783541023084,1,0.0015670847613364458,4512.402801513672,1.0366626679897308,0.00014205
4213,412.79843354017044,1,0.007681464310735464,12371.63984375,1.0368025243282317,0.0001420125
4214,-4050.210162412025,1,-0.004335456121552852,1938.1551577504476,1.037026089032491,0.00014197499999999997
4215,196.161466368855,1,0.04857072408000628,2898.862493387858,1.0373743216196696,0.0001419375
4216,475.694244085027,1,0.004144485015422106,7157.411840820312,1.0375449180603027,0.00014189999999999998
4217,-2173.7759146818726,1,-0.00157457258966234,2854.9025780571833,1.0375761932796903,0.0001418625
4218,199.502143627957,1,-0.0601096650895973,5665.648712158203,1.0375712553660075,0.000141825
4219,524.517426315364,1,-0.03795502567663789,12778.305218505859,1.0376345098018647,0.00014178749999999997
4220,305.2250600317421,1,-0.0066570046357810496,6379.212744140625,1.0376561164855957,0.00014175
4221,619.5449577427032,1,-0.0018130005548783856,16384.2517578125,1.0376427531242371,0.00014171249999999998
4222,324.58419746768243,1,0.002502593258395791,2401.972509765625,1.037636262178421,0.00014167499999999996
4223,-1041.457253802406,1,0.0022561743836073825,5827.266438802083,1.0376769920190176,0.0001416375
4224,-1052.0315357104523,1,-0.0029479698122789463,3382.525109863281,1.0377668817838033,0.00014159999999999997
4225,242.50309298289667,1,-0.0011859067250043153,5841.223010253906,1.0380178570747376,0.0001415625
4226,-15.73463975741629,1,-0.0047282996897896135,5143.1336140950525,1.0381847620010376,0.00014152499999999998
4227,531.0869140684316,1,0.037886610440909865,14455.802905273438,1.0382962763309478,0.00014148749999999996
4228,-203.10832730336642,1,0.014969521248713136,3842.367092895508,1.038356974720955,0.00014145
4229,-731.80542359876,1,5.009077489376068e-05,4022.2288623046875,1.0385380840301515,0.00014141249999999997
4230,619.9601132948167,1,-0.0011497217122400372,38248.5359375,1.0387808680534363,0.00014137499999999998
4231,13.189442340655205,1,-0.004787205904722214,7327.676627604166,1.038866639137268,0.00014133749999999999
4232,-69.86312544814581,1,-0.0022674221235016983,4382.477099609375,1.0390016277631124,0.0001413
4233,551.0401414711133,1,0.020852103549987077,21945.312353515626,1.0391552209854127,0.0001412625
4234,422.633653443159,1,0.024062352534383536,8289.374377441407,1.0391840636730194,0.00014122499999999998
4235,557.2383933092051,1,-0.0006267525255680084,15722.974609375,1.0391938090324402,0.00014118749999999998
4236,432.37078361342867,1,-0.0432950739748776,7392.8585205078125,1.0391972482204437,0.00014115
4237,291.87501580291445,1,0.002243620762601495,7385.670458984375,1.039216649532318,0.0001411125
4238,-218.6206573385598,1,-0.0010526536963880063,7258.955767822265,1.0393197119235993,0.00014107499999999997
4239,546.569275921398,1,-0.02121424414217472,9159.14873046875,1.0394119799137116,0.00014103749999999998
4240,246.98599796597716,1,-0.010547451162710785,5311.9493408203125,1.0394272744655608,0.00014099999999999998
4241,-2664.57548802082,1,0.0029718289829113267,4384.431346269087,1.039526762745597,0.0001409625
4242,-48.52505324543358,1,-0.004853495598460237,6486.610408528646,1.0400641401608786,0.000140925
4243,239.52360839486522,1,-0.045486939450105034,8881.759236017862,1.0401741981506347,0.00014088749999999998
4244,-78.81075611950257,1,0.05062556590419263,4669.9974353790285,1.0405702471733094,0.00014085
4245,-425.58059200845935,1,0.00031433234689757226,6100.119067382812,1.0409361451864243,0.0001408125
4246,-600.4342842128725,1,0.006185755860060454,4492.848269042969,1.0411168146133423,0.00014077499999999997
4247,593.6627673864049,1,0.05137563906610012,29554.786376953125,1.0412384390830993,0.0001407375
4248,271.0996805382598,1,-0.0007041879929602146,9650.342163085938,1.0412693858146667,0.00014069999999999998
4249,-394.8495530143795,1,-0.023169581638649107,5301.622589111328,1.0413053721189498,0.0001406625
4250,426.94465084053803,1,-0.003737525688484311,7267.427099609375,1.0413624465465545,0.000140625
4251,87.95102137196199,1,0.0016458061213294665,5215.886804199219,1.0413900454839071,0.00014058749999999997
4252,599.1832716723115,1,-0.0008370611987210452,37146.403125,1.04141708612442,0.00014055
4253,379.1804784941289,1,0.009615420250338503,7776.370434570313,1.0414311766624451,0.00014051249999999998
4254,516.0183879305423,1,-0.0011710146442055701,8194.141577148437,1.041467559337616,0.000140475
4255,434.1051645451539,1,0.020705609302967786,4752.008349609375,1.0415359735488892,0.0001404375
4256,-191.9765379213165,1,0.004767360538244248,6358.841961669922,1.041686949133873,0.00014039999999999997
4257,-191.93890641585443,1,0.016634355764836073,3689.510549926758,1.0417751342058181,0.0001403625
4258,577.4319904856536,1,0.021268104575574397,15396.159124755859,1.041754776239395,0.00014032499999999998
4259,34.94548049807929,1,0.016302129967759052,6811.434171549479,1.0417691588401794,0.0001402875
4260,90.66169439742066,1,0.006645625022550424,4623.72587890625,1.041965333620707,0.00014025
4261,-35.81907011385783,1,0.0015449269364277522,5670.202416992188,1.0422481616338095,0.00014021249999999997
4262,475.6610195563316,1,0.032306045992299914,15876.332495117187,1.0424086630344391,0.000140175
4263,536.6218456911388,1,0.013046987541019916,9959.053927612305,1.0424702644348145,0.00014013749999999998
4264,-94.39479991470114,1,-0.0007881404055903355,4685.984773763021,1.0425239086151123,0.0001401
4265,170.8365838868005,1,-0.005624723434448242,5554.9785399119055,1.0426331877708435,0.0001400625
4266,82.08043860497202,1,0.0020520992577075957,4118.523453776042,1.0430353204409282,0.00014002499999999997
4267,508.32550949972415,1,-0.0065115198725834485,9489.951708984376,1.043175756931305,0.00013998749999999998
4268,281.6311065238952,1,-0.0012632886180654168,4123.311785888672,1.0432057201862335,0.00013995
4269,-405.2858624224297,1,-0.002684434852562845,4204.755480957031,1.0432621866464615,0.0001399125
4270,486.17170256370497,1,0.023154832888394594,23707.270874023438,1.0433239102363587,0.000139875
4271,255.69303736051347,1,0.0036110944929532707,12921.8640625,1.043318271636963,0.0001398375
4272,316.3635764707233,1,-0.004080299474298954,5508.3519287109375,1.0433968245983123,0.00013979999999999998
4273,556.1695473736224,1,0.04613363561220467,9104.716638183594,1.0436480164527893,0.0001397625
4274,-1511.7720847088983,1,0.009632967284414918,6418.815477752685,1.0438247561454772,0.000139725
4275,417.61841504353873,1,-0.006734877824783325,12956.084326171875,1.0441497266292572,0.00013968749999999997
4276,245.59836562397766,1,-0.0021532993763685227,5318.401684570313,1.0443045854568482,0.00013965
4277,405.55740349486683,1,0.030836894642561674,10185.600244140625,1.0444858908653258,0.00013961249999999999
4278,557.2378793663083,1,-0.0031795608811080456,7662.39603881836,1.0445639967918396,0.000139575
4279,321.19703799424735,1,-0.012351227016188205,4756.658203125,1.0446209967136384,0.0001395375
4280,364.67153229334446,1,-0.0042706368491053585,5486.091552734375,1.0447570919990539,0.00013949999999999998
4281,-1477.4303609745448,1,-0.0006556921505502292,5236.970234026227,1.044935975755964,0.0001394625
4282,-101.87195800123834,1,-0.0007550143171101808,6669.036287434896,1.0453126708666483,0.000139425
4283,-394.8007995516808,1,0.0025197554379701613,4053.7800476074217,1.045572081208229,0.00013938749999999997
4284,222.20459086678244,1,0.026410564593970776,5015.0214436848955,1.0460551540056864,0.00013935
4285,484.6731362757548,1,-0.052274929638952014,21876.892041015624,1.046190071105957,0.00013931249999999998
4286,-310.93694796130063,1,-0.0032869907561689617,4923.841387939453,1.046250155568123,0.000139275
4287,-340.2378275426015,1,0.005224912753328681,5525.764660644531,1.046383836865425,0.0001392375
4288,483.87934016381325,1,0.025966233853250743,29367.13984375,1.046754002571106,0.00013919999999999997
4289,499.55435045255723,1,0.01954343020915985,15703.13701171875,1.0468396067619323,0.0001391625
4290,529.5176972437515,1,0.000992964394390583,18244.477313232423,1.0469196438789368,0.00013912499999999998
4291,508.3321729912485,1,0.019509858824312686,11210.856420898437,1.046968549489975,0.00013908749999999999
4292,516.4247488361286,1,-0.061565350322052834,7647.269775390625,1.047014343738556,0.00013905
4293,414.7596087254015,1,-0.009644433483481407,4027.175228881836,1.0471319437026978,0.00013901249999999997
4294,581.0664114614161,1,-0.013955938955768942,3533.9199462890624,1.047306376695633,0.000138975
4295,535.1319872268587,1,-0.06892477604560554,2182.205517578125,1.0474309265613555,0.00013893749999999998
4296,406.66553712884837,1,-0.005989158758893609,4658.9576416015625,1.0476078748703004,0.0001389
4297,271.1570996546686,1,-0.008260999387130142,4027.076025390625,1.0478615164756775,0.0001388625
4298,-203.6770059833944,1,0.0413992996327579,6232.571841430664,1.047987911105156,0.00013882499999999997
4299,-790.1782566681278,1,0.013962789267922441,6374.131359863281,1.0478765606880187,0.00013878749999999998
4300,395.7731090799343,1,-0.01258872114121914,6644.5047607421875,1.0477989792823792,0.00013874999999999998
4301,-102.56865412686307,1,-0.0006161606560150782,11001.018115234376,1.0477866371472677,0.0001387125
4302,237.78522325288645,1,-0.010838392935693265,10750.195532226562,1.0478833854198455,0.000138675
4303,461.99126139123086,1,0.005620850250124931,11508.293920898437,1.0480259597301482,0.0001386375
4304,322.30583689142884,1,-0.005507709085941314,10018.757641601562,1.0480642020702362,0.00013859999999999998
4305,441.43367137972854,1,0.010217024479061365,6981.196836853027,1.0480287849903107,0.0001385625
4306,601.7079857523571,1,-0.019122923817485572,6968.888130187988,1.0480800688266754,0.000138525
4307,490.8353593750459,1,-0.0293392535764724,2459.6981201171875,1.048157775402069,0.00013848749999999997
4308,595.0756094035557,1,0.01166173405945301,2494.631982421875,1.0481129348278047,0.00013845
4309,237.97889033331126,1,-0.007520961668342352,4085.5470458984373,1.0481393337249756,0.00013841249999999998
4310,523.6831774183255,1,-0.040333399828523395,1861.1903747558595,1.0481597065925599,0.00013837500000000002
4311,587.592519468062,1,-0.0066716991364955906,2776.1723388671876,1.0481753706932069,0.0001383375
4312,513.1543740372374,1,0.02204955892448197,898.0939582824707,1.0481952488422395,0.00013829999999999997
4313,599.8558966432704,1,-0.0009075576012330444,2355.2331787109374,1.048117458820343,0.0001382625
4314,253.84576911853458,1,0.01022782470099628,5196.760717773437,1.0481992185115814,0.00013822499999999999
4315,547.2627501375599,1,-0.03133990503847599,2217.461779785156,1.0485100150108337,0.00013818749999999996
4316,494.3305317052531,1,0.008934958279132843,868.8164184570312,1.048675036430359,0.00013815
4317,225.35080093955455,1,-0.03346137255430222,5505.576195049286,1.0474058866500855,0.00013811249999999998
4318,547.9410582960786,1,0.04394161123782396,1682.469985961914,1.0459894716739655,0.000138075
4319,494.73253629022395,1,0.06937869926914572,304.8664665222168,1.046032226085663,0.0001380375
4320,608.161635096905,1,0.021755031403154136,1190.3215423583983,1.047058492898941,0.00013799999999999997
4321,-270.47310746922454,1,-0.025988218327984213,10317.252551269532,1.0471093237400055,0.0001379625
4322,469.55526450415203,1,0.014521990204229951,1568.9040466308593,1.0472404837608338,0.00013792499999999998
4323,534.7007516013616,1,-0.0459730114787817,1504.28387298584,1.0475449800491332,0.00013788749999999998
4324,488.4948382149017,1,-0.02124410350807011,1020.5923522949219,1.0476670920848847,0.00013785
4325,450.2033937772038,1,-0.02524340748786926,380.5481842041016,1.0485642731189728,0.00013781249999999997
4326,483.02713760974797,1,0.025319294538348913,7947.435681152344,1.0501978993415833,0.000137775
4327,459.4736433373902,1,-0.09942927360534667,1105.79990234375,1.0502306938171386,0.00013773749999999998
4328,451.8320238279689,1,-0.0045599197968840596,1057.2305755615234,1.049234962463379,0.00013769999999999999
4329,604.8742081038811,1,-0.00022686882088578385,2571.51044921875,1.049119246006012,0.0001376625
4330,391.05130937063836,1,-0.018327575229341163,6124.896264648438,1.0491050839424134,0.000137625
4331,344.9567128880743,1,0.0007837845012545585,4875.155187988281,1.0491294860839844,0.00013758749999999998
4332,514.494083849536,1,-0.06691102515906096,1035.3085906982421,1.0487770557403564,0.00013754999999999998
4333,465.67511699284006,1,-0.04413680847501382,963.0961975097656,1.048448246717453,0.0001375125
4334,519.7112961857522,1,0.13188834730535745,1021.9515860915184,1.0513645172119142,0.000137475
4335,344.2622915909144,1,-0.00665683934930712,5044.598889160156,1.0553846776485443,0.0001374375
4336,181.3935713733513,1,0.07623397642746568,8691.400447591146,1.0559247930844624,0.00013739999999999998
4337,-1504.8857876606558,1,-0.001779054125238742,5952.009423828125,1.0557194999286106,0.00013736249999999998
4338,547.7789325482755,1,-0.1955234596505761,2569.112071990967,1.0559996485710144,0.000137325
4339,402.8205551435046,1,-0.019235527026467025,2115.5725830078127,1.0560958862304688,0.00013728749999999997
4340,-114.10373106614372,1,-0.004262272191044758,6629.893803405762,1.0562954992055893,0.00013725
4341,596.0600290340911,1,0.015532228117808699,4707.836694335938,1.0563596367836,0.00013721249999999998
4342,579.6086889975466,1,0.0003361094743013382,5521.541796875,1.0563566923141479,0.00013717500000000001
4343,490.5616933478497,1,0.007243637228384614,971.7889114379883,1.056557261943817,0.0001371375
4344,310.058457404243,1,-0.0056662357703316955,7283.471826171875,1.0571626663208007,0.00013709999999999997
4345,-216.63558107262622,1,0.0011762333412965139,14314.462044270833,1.0573543310165405,0.0001370625
4346,266.6537187527463,1,0.008772303280420602,8010.801708984375,1.0576000392436982,0.00013702499999999998
4347,393.82837004059655,1,-0.020567279122769833,823.9268203735352,1.0579396665096283,0.00013698749999999996
4348,505.69555250472325,1,0.030136082600802184,1544.644352722168,1.058107203245163,0.00013695
4349,323.79962473014166,1,-0.012973916984628886,4457.3888671875,1.0583693563938141,0.00013691249999999997
4350,-1510.0134472867544,1,-0.0026850631859685692,5538.980262974331,1.058611685889108,0.000136875
4351,528.6016956725388,1,0.0017962525365874172,5924.101879882813,1.0589895844459534,0.00013683749999999999
4352,516.2993570375606,1,-0.0045970703009516,4037.0610961914062,1.0590176820755004,0.00013679999999999996
4353,543.4130012066125,1,0.026028576891985723,1635.5416412353516,1.059003120660782,0.0001367625
4354,546.8383736834514,1,0.019829221162945034,1267.7482772827148,1.058923715353012,0.00013672499999999998
4355,560.1790710451382,1,0.0002606335269405236,2183.1954711914063,1.0587274551391601,0.00013668749999999998
4356,524.9104015550607,1,0.004742398939561099,633.0768005371094,1.0583661258220673,0.00013665
4357,538.8246605048945,1,-0.01333889674860984,629.3747329711914,1.0577374398708344,0.0001366125
4358,578.2022643891796,1,0.0008889846503734589,1488.5777954101563,1.0576490402221679,0.000136575
4359,599.547917884113,1,-0.0004241659703410505,1975.325634765625,1.057775092124939,0.00013653749999999998
4360,545.7233288594359,1,-0.011105878464877605,893.76796875,1.0577243328094483,0.00013649999999999998
4361,561.6412211860212,1,-0.21487880162894726,1093.7020568847656,1.0572460055351258,0.0001364625
4362,536.0732360965814,1,0.08914216924458743,389.32107696533205,1.0572644770145416,0.000136425
4363,502.4155148046922,1,-0.017728158412501215,429.59690856933594,1.0575738787651061,0.00013638749999999997
4364,350.9873785203428,1,-0.02030430231243372,3564.2259887695313,1.0572362661361694,0.00013634999999999998
4365,400.88417329123496,1,-0.024598251655697824,1335.942190551758,1.0576678812503815,0.00013631249999999999
4366,589.8378765480633,1,-0.2087962929159403,1532.2989654541016,1.0581283569335938,0.000136275
4367,173.33559404506892,1,0.0016929333563894034,8025.134228515625,1.0579403221607209,0.0001362375
4368,367.72425160795467,1,0.0033907863311469556,2615.1809814453127,1.0579162955284118,0.00013619999999999998
4369,589.6705401095603,1,-0.001760472764304666,2121.184765625,1.0580910325050354,0.0001361625
4370,569.2313939646057,1,0.004345701355487108,1104.247984313965,1.0584611415863037,0.000136125
4371,375.88214825536465,1,-0.022838736604899167,1084.3210876464843,1.0593109428882599,0.00013608749999999997
4372,569.4013494224772,1,0.01862906648311764,1662.7543151855468,1.0597333252429961,0.00013605
4373,-680.6001830157263,1,-4.573881160467863e-06,7242.5799951171875,1.060157630443573,0.00013601249999999998
4374,524.9191468983676,1,-0.04155672593042255,934.966030883789,1.0600871920585633,0.000135975
4375,465.9846768375013,1,0.003795227175578475,673.0669326782227,1.0584701240062713,0.0001359375
4376,75.95759847651226,1,-0.00989391418794791,8984.914078776043,1.0568655570348104,0.00013589999999999997
4377,502.8489313786842,1,-0.016146026086062193,1236.2098663330078,1.0568434476852417,0.0001358625
4378,415.2055280839023,1,0.01979363104328513,1306.9834075927733,1.0577898502349854,0.00013582499999999998
4379,590.2993788828513,1,0.04751808997243643,1186.670913696289,1.0586096584796905,0.00013578750000000001
4380,542.1264578590393,1,0.05089397002011538,540.1713146209717,1.0589981079101562,0.00013575
4381,496.36970279928823,1,-0.021291081607341767,1299.263119506836,1.0601139187812805,0.00013571249999999997
4382,173.0464563205499,1,0.00994336074218154,5138.862414550781,1.0610454320907592,0.000135675
4383,466.8574866793017,1,0.09764347039163113,1335.1228637695312,1.0613438427448272,0.00013563749999999998
4384,590.6302248810948,1,0.09498922266066075,823.8984680175781,1.0617164015769958,0.00013559999999999996
4385,547.8628878833697,1,-0.08928984915837646,1596.1476928710938,1.061649453639984,0.0001355625
4386,581.7767770133581,1,0.07207953725010156,455.89885940551756,1.0610892951488495,0.00013552499999999997
4387,557.6263528061859,1,-0.2864333502948284,323.1862258272246,1.0602701127529144,0.0001354875
4388,599.2555957493606,1,-0.011950560242555497,406.8638153076172,1.0600725173950196,0.00013544999999999999
4389,546.3264771327638,1,-0.04921183940023184,217.7025382041931,1.0582363724708557,0.0001354125
4390,593.704562218164,1,-0.004174871928989887,279.53474578857424,1.0556799530982972,0.000135375
4391,564.6702789064782,1,0.02644498264417052,354.944075012207,1.0535874962806702,0.00013533749999999998
4392,571.8102421941417,1,0.0009508710354566574,124.97366905212402,1.0529850721359253,0.00013529999999999998
4393,571.5544693883479,1,0.07226977497339249,472.2714973449707,1.0527880489826202,0.0001352625
4394,508.6737705538391,1,-0.00708130206912756,939.9273284912109,1.0533253014087678,0.000135225
4395,464.8867650195401,1,0.011401719972491264,2534.082550048828,1.0537080347537995,0.0001351875
4396,545.3633890657254,1,-0.044786365079926324,370.8085479736328,1.0545514881610871,0.00013514999999999998
4397,470.2984596855189,1,-0.014287571236491204,1240.9377426147462,1.0554673194885253,0.00013511249999999998
4398,535.7735514367607,1,-0.012350569106638431,271.2656002998352,1.0556728661060333,0.000135075
4399,547.8051575811577,1,-0.0870581810362637,431.3238815307617,1.0562537074089051,0.0001350375
4400,557.3589661542012,1,-0.008891573175787926,655.1573829650879,1.056169754266739,0.00013499999999999997
4401,317.167103775389,1,-0.011608540359884501,4322.524633789062,1.0574521541595459,0.0001349625
4402,582.6789405863739,1,0.31735583092086017,437.45026142001154,1.0607483625411986,0.00013492499999999999
4403,412.8637822426595,1,-0.026931216777302324,3103.961309814453,1.0678578853607177,0.0001348875
4404,163.81824919401848,1,-0.18832320744792622,6509.95663913091,1.069398566087087,0.00013485
4405,509.9961676113793,1,-0.015249869413673877,711.0738174438477,1.0696912109851837,0.00013481249999999998
4406,521.7795014058302,1,0.024030352476984262,1378.5269714355468,1.06947181224823,0.000134775
4407,527.122533304358,1,-0.022676724940538406,975.6879638671875,1.0698673963546752,0.0001347375
4408,554.226784327733,1,0.008562147244811058,529.7218574523926,1.0705530107021333,0.00013469999999999997
4409,504.46740190600985,1,0.026417121663689612,429.04207000732424,1.0717625856399535,0.0001346625
4410,452.17681194790697,1,0.0049138002505060285,768.3534454345703,1.0729839324951171,0.00013462499999999998
4411,501.39811034675915,1,-0.0011659272635976474,1808.0897013346355,1.0738187352816264,0.0001345875
4412,582.8899893892585,1,-0.0012826907448470592,907.5699111938477,1.0736732721328734,0.00013455
4413,589.7968985643927,1,-0.0023150438558275253,1042.425030517578,1.0734771370887757,0.00013451249999999997
4414,472.2544729580246,1,0.033247661963105204,827.5400299072265,1.0732405126094817,0.000134475
4415,524.231256274274,1,0.004260622867150232,457.6793800354004,1.0731673955917358,0.00013443749999999998
4416,465.43105581483053,1,0.03654056955128908,354.5847557067871,1.0738280534744262,0.0001344
4417,548.6697151601059,1,0.0089397007599473,776.9613265991211,1.0744351267814636,0.0001343625
4418,444.8316195923873,1,-0.016202927272145947,1784.4000244140625,1.0747239192326863,0.00013432499999999997
4419,565.6586299826541,1,-0.01781482957303524,464.0387138366699,1.074664729833603,0.0001342875
4420,478.3193691197604,1,0.0004141229515274366,897.5080891927083,1.0748149911562601,0.00013424999999999998
4421,548.7884605382096,1,0.0015209924313239753,352.25047836303713,1.0747430264949798,0.0001342125
4422,523.0082451799743,1,0.0024420779819289843,933.0583206176758,1.0752431313196817,0.000134175
4423,399.89245881061623,1,-0.008411024184897541,2804.6731567382812,1.0749752938747406,0.00013413749999999997
4424,538.1980480997231,1,0.04616499738767743,899.4180877685546,1.0749647676944734,0.00013409999999999998
4425,424.94726790227617,1,-0.008467428712174296,2399.245495605469,1.0746037721633912,0.00013406249999999999
4426,409.50709165059897,1,-0.022188017144799232,1895.629571533203,1.0742612719535827,0.000134025
4427,505.45656492680473,1,-0.018627950362861155,892.2935745239258,1.0740607678890228,0.0001339875
4428,520.7915416096005,1,-0.027559636533260344,1769.568408203125,1.0739186525344848,0.00013395
4429,447.86103567539,1,0.0015005690045654773,1639.7616027832032,1.0739407598972321,0.00013391249999999998
4430,607.5087011085658,1,-0.004106242209672928,1002.19404296875,1.0736788868904115,0.000133875
4431,587.9367044262606,1,0.00330905681475997,568.8298233032226,1.073412925004959,0.0001338375
4432,599.8332291859074,1,-0.06517875492572785,418.7444122314453,1.0736303508281708,0.00013379999999999997
4433,403.1246588376364,1,-0.008892508037388325,1847.4950134277344,1.0733605980873109,0.0001337625
4434,449.10637135825567,1,0.04055782902675371,2645.2199310541155,1.0736588438351948,0.00013372499999999998
4435,-80.98942974006809,0,0.0092849851725623,3262.769267578125,1.0741616940498353,0.0001336875
4436,-137.7213220526736,0,-0.013496186658740044,1844.836420288086,1.0739870357513428,0.00013365
4437,-943.3114795255616,0,-9.579180429379146e-05,6410.998498535157,1.073751417795817,0.00013361249999999997
4438,-67.68503152503902,0,-0.012453035097569226,377.0715878295898,1.0738605237007142,0.000133575
4439,-147.881827514322,0,-0.009502435252070427,520.1921282958984,1.0743886160850524,0.0001335375
4440,-54.777205534749946,0,0.004277668669819832,71.93167533874512,1.0757072353363037,0.00013349999999999997
4441,458.45101307752685,1,0.019481548806652427,3676.4202880859375,1.0746403604745864,0.0001334625
4442,-1194.7538089269888,0,-6.724940612912178e-05,3553.6098775227865,1.0747671584288279,0.00013342499999999998
4443,-520.9835172842818,0,-0.0033047422021627425,1702.7525268554687,1.0754659700393676,0.0001333875
4444,-105.6055035417139,0,-0.011228710133582353,116.21662887573243,1.075927858352661,0.00013335
4445,-32.00471636920657,0,-0.018466316014528274,45.940046615600586,1.0757899689674377,0.00013331249999999997
4446,-146.14077759160085,0,-0.010626719743013381,45.07662246704101,1.078027801513672,0.000133275
4447,-149.28976476054413,0,-0.021626222655177118,37.66676616668701,1.083124759197235,0.00013323749999999998
4448,-238.8516478442146,0,-0.004495860857423395,258.3344682312012,1.084222059249878,0.00013319999999999999
4449,-69.04340558878691,0,-0.008239698447287083,53.60355102539062,1.0837170052528382,0.0001331625
4450,-349.96078943064947,0,-0.03274006036420663,493.29355536699296,1.0848206202189128,0.00013312499999999997
4451,-115.56384777169005,0,0.00012379534542560577,182.87357948303222,1.0850852513313294,0.0001330875
4452,-88.68810776406453,0,-0.013772424571216106,51.57977310180664,1.0816794300079347,0.00013304999999999998
4453,-75.14141051886278,0,0.006204186114482582,39.68652052879334,1.0779514622688293,0.0001330125
4454,-68.91821355056233,0,-0.015856671100482344,12.895537843704224,1.07661039352417,0.000132975
4455,-78.4460908859169,0,-0.018930538201821036,11.71842149734497,1.0720002484321594,0.0001329375
4456,-113.78767076030326,0,-0.012692919336259365,22.37457808494568,1.0706252264976501,0.00013289999999999998
4457,376.18067475340865,1,-0.00017930100439116358,7023.509594726563,1.0789518296718597,0.00013286249999999998
4458,-175.51438926393,0,0.003987212479114532,87.54007553100585,1.0809354424476623,0.000132825
4459,-49.689879287924,0,0.004104766212403774,27.098234474658966,1.0817498636245728,0.0001327875
4460,-106.42863797630255,0,-0.012123889699578285,29.102363176345825,1.0735633540153504,0.00013275
4461,-30.84774856566105,0,-0.02171301169320941,59.97262492656708,1.0711538219451904,0.00013271249999999998
4462,-27.921887195387004,0,-0.0015562249068170786,13.397034118175506,1.0643384456634521,0.00013267499999999999
4463,-161.49923146482524,0,0.0011293257959187032,190.32061767578125,1.0613298583030701,0.0001326375
4464,-40.339467697608335,0,-0.003807842805981636,12.224067635536194,1.0623191618919372,0.00013259999999999997
4465,-39.611551112699146,0,-0.008759168162941932,5.916923220157623,1.052514340877533,0.0001325625
4466,-132.85805061515578,0,-0.002259374652057886,44.26149137496948,1.0440021228790284,0.00013252499999999998
4467,-81.89841490658387,0,-0.01751394532620907,26.815159449577333,1.0432414770126344,0.00013248750000000002
4468,-149.00740817308684,0,-0.016997533785179257,57.76264923095703,1.0427486109733581,0.00013245
4469,-258.13541312475706,0,-0.0019141193106770515,210.7861985015869,1.0446212363243104,0.00013241249999999997
4470,-385.09788347520924,0,-0.004276945168385282,762.863910522461,1.0457069277763367,0.000132375
4471,-121.42501966636172,0,-0.010930450186133384,36.72649885177612,1.0476648235321044,0.00013233749999999998
4472,-56.3711073252205,0,-0.0085862323269248,20.49627772808075,1.0487187933921813,0.00013229999999999996
4473,-267.51293299854785,0,-0.00851209443062544,295.57583938598634,1.0446904444694518,0.0001322625
4474,-75.9826725549544,0,-0.02101587500423193,35.57557940483093,1.0445588493347169,0.00013222499999999997
4475,-74.426966043753,0,-0.0053863745741546155,19.48240836620331,1.041012179851532,0.0001321875
4476,-71.44272176857575,0,-0.012727987710386515,56.73570432662964,1.0350931286811829,0.00013215
4477,-74.01839095295071,0,-0.009736188277602196,14.996852462291718,1.031110439300537,0.00013211249999999997
4478,-65.17721006145042,0,-0.01457558063790202,7.913800175189972,1.0265734028816222,0.000132075
4479,-188.61159056980478,0,0.04688402359994749,91.90583420804082,1.0148852388064067,0.00013203749999999998
4480,-1072.395917286354,0,-0.010431126380960146,2031.4137858072916,1.0149343351523081,0.00013199999999999998
4481,-34.88952775461306,0,-0.0009228217881172895,78.50427402496338,1.0151094174385071,0.0001319625
4482,-115.82757131911887,0,-0.004841938614845276,77.3923290348053,1.0141549587249756,0.00013192499999999997
4483,-57.58406856491756,0,-0.007715065181255341,21.492207136154175,1.0136958932876587,0.0001318875
4484,-208.6185170510114,0,-0.0037618513032794,206.3213321685791,1.0106050181388855,0.00013184999999999998
4485,-131.7097724661658,0,-0.02292910950258374,168.89931838989258,1.0123328733444215,0.00013181249999999999
4486,259.2620377102786,1,-0.1998479229087631,12176.077200190226,1.0130690892537435,0.000131775
4487,-472.4035020572484,0,-0.008535296935588122,695.8913434346517,1.0136604964733125,0.0001317375
4488,-51.508716522679826,0,-0.0127715178206563,50.06726993560791,1.0146950364112854,0.00013169999999999998
4489,-162.1099997123626,0,-0.012161188749596477,147.93942543029786,1.0123704767227173,0.00013166249999999998
4490,-486.6668343738362,0,-0.008678881862821678,623.6617196400961,1.0121417939662933,0.000131625
4491,-121.64576534052368,0,-0.0021998262405395507,33.11542096614838,1.014004876613617,0.0001315875
4492,-101.2122338925525,0,-0.013173445016145707,12.96245120048523,1.0158609938621521,0.00013155
4493,-53.52005325600764,0,-0.008644860871136188,34.06868270874023,1.0111268973350525,0.00013151249999999998
4494,-86.74900427791776,0,-0.010539962127804756,33.305038523674014,1.0073207998275757,0.00013147499999999998
4495,-94.20799738016075,0,-0.018670911062508823,32.87777272224426,1.005221769809723,0.0001314375
4496,-297.40865459574474,0,-0.006344776106998324,624.8257929992676,1.0015978908538818,0.00013139999999999997
4497,-33.267456530700244,0,-0.010696166455745696,49.93590227127075,1.0014039969444275,0.0001313625
4498,-65.74031310634663,0,-0.024195579616352915,72.92438989639282,0.9974917435646057,0.00013132499999999998
4499,-246.54835466495462,0,-0.00765622928738594,187.96611578067143,0.9944431821505229,0.0001312875
4500,-25.516210841411237,0,0.0043719582259655,25.655927453041077,0.9928399074077606,0.00013125
4501,-86.31219828093549,0,-0.026043766578659415,33.89720474243164,0.9871637248992919,0.00013121249999999997
4502,-49.55344737512553,0,-0.013532948046922684,4.4873546183109285,0.9825497817993164,0.000131175
4503,-60.278540520748074,0,-0.0008538372826296836,5.184590880870819,0.9687666797637939,0.00013113749999999998
4504,-98.745741133232,0,-0.01522545717190951,25.6127530670166,0.9677561759948731,0.00013110000000000002
4505,-105.69577059327297,0,-0.013959104232490062,14.00507532119751,0.9716438174247741,0.0001310625
4506,-214.90495963001493,0,0.00041834330186247827,201.62844818115235,0.9718512761592865,0.00013102499999999997
4507,-50.053105309656225,0,-0.009312813077121973,25.92559998512268,0.971151133775711,0.0001309875
4508,-59.13971576634034,0,-0.016715422831475736,6.313425443172455,0.9621595060825348,0.00013094999999999998
4509,-77.70979355381829,0,-0.0037313182465732097,27.92353306889534,0.9517953860759735,0.00013091249999999996
4510,-107.23312974038322,0,-0.015591036342084409,14.816875400543212,0.9535224425792694,0.000130875
4511,-40.31826049835488,0,-0.006363182775676251,16.067729535102846,0.9541391003131866,0.00013083749999999998
4512,-84.06155684573304,0,-0.003925371579825878,19.295649619102477,0.9502079844474792,0.0001308
4513,-88.61732098784347,0,-0.0015319143561646341,5.7356542801857,0.9452461087703705,0.0001307625
4514,-783.6480458816643,0,0.033111169437567395,1432.3652760823568,0.9374490559101105,0.000130725
4515,-90.6850465751716,0,-0.012362007237970828,36.131224732398984,0.9367463898658752,0.0001306875
4516,-239.15836325139628,0,-0.03876647145176927,287.317817846934,0.9339209794998169,0.00013064999999999998
4517,-48.071648983936704,0,-0.0006623974442481994,39.122334351539614,0.9313961482048034,0.00013061249999999998
4518,-157.7551261542455,0,-0.01753513416275382,128.7653074645996,0.9246991205215455,0.000130575
4519,-69.6439641544992,0,-0.015286339092999696,6.638223421573639,0.9215204250812531,0.0001305375
4520,-48.396175279300685,0,0.00010285761207342148,7.5535298609733585,0.9103546476364136,0.0001305
4521,-33.0509765400328,0,-0.017534065283834933,3.7742104959487914,0.8986699080467224,0.00013046249999999998
4522,-96.50587921012242,0,-0.019884896823205055,35.63576626777649,0.8888840806484223,0.00013042499999999999
4523,-123.95893606873435,0,-0.008991047237068416,38.71141300201416,0.8902837109565734,0.0001303875
4524,-133.4383162070321,0,-0.0062868888583034275,88.60052814483643,0.8903099954128265,0.00013035
4525,-97.98659144828139,0,-0.013751898631453515,57.04072122573852,0.8910474836826324,0.00013031249999999998
4526,-77.51497019569946,0,-0.013325303681194783,21.047581162452698,0.892871642112732,0.000130275
4527,-132.3068068505568,0,-0.015963173347214858,15.89946651359399,0.8933513601620992,0.0001302375
4528,-91.5657465571539,0,-0.0013163705045978228,20.477527224024136,0.8949638138214747,0.0001302
4529,-92.07131703922434,0,-0.008477216940373183,34.10709302425384,0.8944870603084564,0.0001301625
4530,-235.17368379981616,0,-0.005540373185649514,151.93943614959716,0.8945705080032349,0.00013012499999999998
4531,-109.066823869328,0,-0.008215621071867645,100.35109767913818,0.8952296471595764,0.0001300875
4532,-59.439753707353375,0,-0.013840824402868747,27.533108887672423,0.8918128836154938,0.00013005
4533,-12048.897178817724,0,0.0028492093135259653,3363.7472404389005,0.8861282016101636,0.00013001249999999997
4534,-237.56816282926428,0,-0.013311157189309596,299.7510012817383,0.8838250696659088,0.000129975
4535,-124.59322072988809,0,-0.008133292552083731,32.63775952339172,0.8839216709136963,0.00012993749999999998
4536,-68.95037716436795,0,-0.012896056538447737,33.05091748714447,0.882875314950943,0.0001299
4537,-61.34017858222239,0,-0.006901011844165623,21.677308621406556,0.8806582987308502,0.0001298625
4538,-58.76827805269528,0,-0.01148569917306304,9.237750368118286,0.8770216584205628,0.00012982499999999997
4539,-55.55431722512755,0,-0.004535537324845791,4.894077723622322,0.8711252093315125,0.0001297875
4540,-70.47708003527525,0,0.011117371885726849,9.950716454349458,0.8652586211760839,0.00012974999999999998
4541,-77.87191003990569,0,-0.0009765371237881481,11.784195966720581,0.8641124320030212,0.00012971249999999996
4542,-1032.685004379669,0,-0.004067354489650045,1855.4225982666017,0.8647794697965895,0.000129675
4543,-65.41283801872906,0,-0.010077769998461009,21.483508746623993,0.8646197402477265,0.00012963749999999997
4544,-120.26344569566427,0,-0.02157448510018488,6.045632748305797,0.863203443090121,0.0001296
4545,-35.31653852582191,0,-0.011341765960678459,14.27249856710434,0.8621099197864532,0.00012956249999999998
4546,-31.32482832107545,0,-0.005619330569170415,8.478421709537507,0.8584683120250702,0.000129525
4547,-255.621421117542,0,-0.009838152602314949,241.63014114379882,0.8557369899749756,0.0001294875
4548,-37.651560054086694,0,-0.020878003239631654,14.39805404663086,0.8564898765087128,0.00012944999999999998
4549,-350.18902509455387,0,-0.004634940773248672,585.0922265625,0.8563912403583527,0.00012941249999999998
4550,-2187.897982632674,0,-0.00017910459344940526,4485.095689174107,0.8565733645643506,0.000129375
4551,-132.37944903279129,0,-0.004555131075903773,109.43403898874918,0.8572245210409164,0.0001293375
4552,-223.10997766347054,0,-0.010483139865876486,118.06945276260376,0.8595859785874684,0.0001293
4553,-134.8031101314687,0,-0.006012722253799439,253.3149676513672,0.8620635843276978,0.0001292625
4554,-185.0088325516769,0,0.013467052169144154,296.52731712341307,0.8624265670776368,0.00012922499999999998
4555,-62.126478447478874,0,-0.0030418503656983375,137.20094178199767,0.8617541360855102,0.0001291875
4556,-143.2577741734639,0,-0.017763550244271755,60.350597324371336,0.8599396061897278,0.00012915
4557,-46.227982762541856,0,-0.0027932862440745035,53.06818424165249,0.858483973145485,0.00012911249999999997
4558,-213.5102704879909,0,-0.017225890988484024,147.503525390625,0.858388112783432,0.000129075
4559,-28.10199335219388,0,-0.018506978796795012,43.97813188552856,0.8583557367324829,0.00012903749999999999
4560,-61.92040743623684,0,-0.012361232144758105,14.188627977371215,0.8559442567825317,0.000129
4561,-36.72228256499546,0,-0.010857474170625209,7.538395631313324,0.8533725571632386,0.0001289625
4562,-78.1101166109218,0,0.06549069664130608,12.772936839486162,0.8491939345995585,0.00012892499999999998
4563,-112.28590862215259,0,-0.018395530059933662,34.29007643699646,0.8559117960929871,0.0001288875
4564,-613.2152938162467,0,0.0038707066948215165,1060.8344722747802,0.8585050861040752,0.00012885
4565,-128.66171295478114,0,-0.014427981078624726,62.263183517456056,0.8601225531101226,0.00012881249999999997
4566,-107.14914151549422,0,-0.012064827773720026,40.534007663726804,0.8607809710502624,0.000128775
4567,-794.1584850521314,0,-0.0014125215200086435,1361.7788853963216,0.8581206073363622,0.00012873749999999998
4568,-57.20635358070492,0,-0.013110465072095394,76.35485512733459,0.8572030711174011,0.0001287
4569,-72.44667925991027,0,-0.005519964685663581,15.173482535779476,0.8537003775437673,0.0001286625
4570,-38.62334500101985,0,-0.00641063641756773,11.28568413257599,0.8511466574668884,0.00012862499999999997
4571,-274.5324287610718,0,-0.0025935690850019456,499.41956634521483,0.8447593641281128,0.0001285875
4572,-50.59445916715721,0,0.018908186412105957,14.136346778273582,0.8452568411827087,0.00012854999999999998
4573,-80.42986284041956,0,-0.012376741319894791,15.48302857875824,0.8444987308979034,0.00012851249999999999
4574,-90.93308684596681,0,-0.004255121350288391,147.3484523200989,0.8429212093353271,0.000128475
4575,-56.56916843086839,0,-0.009240030162036419,12.530197567939759,0.8413716912269592,0.00012843749999999997
4576,-58.9399971398494,0,-0.027140837752570708,7.8132498809446895,0.8342826724052429,0.0001284
4577,-67.94358775237599,0,-0.032216428934286036,1.8313963006561,0.8274772018194199,0.00012836249999999998
4578,-3379.300552446364,0,0.10823832225054503,3293.389242324829,0.8285274237394333,0.000128325
4579,-47.952651984552496,0,-0.0007310265054305394,23.910983995348214,0.8309408167997996,0.0001282875
4580,-119.56272881806385,0,-0.005246749799698591,57.556530017852786,0.8291737806797027,0.00012824999999999997
4581,-62.00087815544785,0,-0.0015331227332353592,250.1183716392517,0.830150420665741,0.00012821249999999998
4582,-871.3842512757981,0,-0.016688955734883035,1682.9881471497672,0.8302521007401603,0.00012817499999999998
4583,-31.203934930541216,0,-0.006435960344970226,24.752183923721315,0.8289736425876617,0.0001281375
4584,-382.4700822545509,0,-0.0029165075781444707,665.2852872212728,0.821671845515569,0.0001281
4585,-114.44888470463972,0,0.010335587213436763,27.324607469638188,0.8202475925286611,0.0001280625
4586,-784.8644478667752,0,0.02698549660188811,1964.6188123145273,0.816567108460835,0.00012802499999999998
4587,-1200.4629734928972,0,-0.0010424944439104626,2560.358421107701,0.8175293454102107,0.0001279875
4588,-107.18962561723782,0,-0.0035398996248841284,122.34996231079101,0.8174253118038177,0.00012795
4589,-887.3012376748318,0,-0.003996944582156305,2894.376529121399,0.8159538303102766,0.00012791249999999997
4590,-64.77331753355702,0,-0.006878372343877951,729.6919742330908,0.8166366159915924,0.000127875
4591,-64.91507539941011,0,-0.003926830578129739,250.20539494991303,0.8159227883815765,0.00012783749999999998
4592,-42.26068459167911,0,-0.005262519363313913,16.77038302898407,0.8141380298137665,0.0001278
4593,-2489.8457411560594,0,-0.0028754862770438193,2877.398098754883,0.8125554329156875,0.0001277625
4594,-73.31359575202151,0,-0.01069252347922884,17.2385409450531,0.8118028616905213,0.00012772499999999997
4595,-38.797520823231054,0,-0.028240607058008512,8.73942372413973,0.8008387873570124,0.0001276875
4596,-65.60461716778254,0,0.04979429403708006,15.79327184042583,0.7847440004348755,0.00012764999999999999
4597,-66.35294676628116,0,-0.005203808688869079,34.51195378247648,0.7853207508722941,0.00012761249999999996
4598,-39.583772590772604,0,-0.009997069602832198,5.229178492426872,0.7861772298812866,0.000127575
4599,-35.5934796176514,0,0.01262520869107296,1.8297188024036586,0.781693364183108,0.00012753749999999998
4600,-119.06507132860551,0,0.011748521737754345,78.11615051269531,0.7682590436935425,0.0001275
4601,-75.10340769616374,0,0.02336476743221283,5.145481809477011,0.7686341991027196,0.0001274625
4602,-47.80302175307662,0,-0.0016345838395257792,2.525152097145716,0.7676515877246857,0.00012742499999999997
4603,-51.96174608787572,0,0.032804723580678305,2.2195121168818637,0.7618062436580658,0.0001273875
4604,-50.75611825711222,0,-0.03289763160670797,2.187639698262016,0.7518417954444885,0.00012734999999999998
4605,-39.20610322258819,0,-0.006170051374162237,1.0476013431946436,0.7397815177838007,0.00012731249999999998
4606,-75.20539739518463,0,-0.012521564370642106,9.359901364023488,0.7319799105326334,0.000127275
4607,-45.36490214656235,0,0.007226805342361331,1.9317795635511479,0.7291899661223094,0.00012723749999999997
4608,-34.937543368180165,0,-0.011470272950828076,1.1902729588250318,0.7221299519141515,0.0001272
4609,-56.33831430523761,0,-0.017279799820001548,0.8233676293243964,0.7121457686026891,0.00012716249999999998
4610,-64.17258555235782,0,-0.008994943586488564,1.671723092844089,0.7174790620803833,0.000127125
4611,-135.6433587653824,0,-0.01399025870487094,42.19819643497467,0.7194065153598785,0.0001270875
4612,-309.1156749983104,0,-0.009545472830844422,307.0982514063517,0.7212810536225637,0.00012705
4613,-56.71123199713664,0,-0.017435162638624508,63.45122844179471,0.7215619345506032,0.00012701249999999998
4614,-1188.7749011593387,0,-0.0005387398181483149,1355.761932837963,0.7205963537096978,0.00012697499999999998
4615,-159.31749105374038,0,-0.010449780876903484,167.7682306925456,0.7214342604080836,0.0001269375
4616,-80.00431738002345,0,-0.023185669079733393,26.307675059636434,0.721061552564303,0.0001269
4617,-82.86904992175286,0,-0.016156621370464565,13.151921065648397,0.7182040294011434,0.0001268625
4618,-119.19300096589055,0,-0.012963536047997574,17.777316689491272,0.7178572009007136,0.00012682499999999998
4619,-75.61780291125218,0,0.01000052442153295,183.69161804591616,0.7181806564331055,0.00012678749999999999
4620,-57.398183787209184,0,-0.015441753381552795,3.0686625966181356,0.7165928304195404,0.00012675
4621,-158.49921244981175,0,-0.018649720369527736,68.03811952074369,0.713618591427803,0.00012671249999999997
4622,-95.86337203596443,0,-0.004187124346693357,8.368174587686857,0.7127968311309815,0.000126675
4623,-95.90985705849184,0,-0.00702249090342472,8.966631442308426,0.7074361433585484,0.00012663749999999998
4624,-69.3157375384881,0,-0.0052503629277149836,11.540403148531913,0.7041340390841166,0.00012660000000000001
4625,-44.33710390279373,0,-0.011572887785732747,27.984212636947632,0.7001862251758575,0.0001265625
4626,-109.88945547734941,0,-0.020808516582474113,13.957152183850607,0.7005532016356786,0.00012652499999999997
4627,-52.15612848136223,0,-0.009749823963890474,7.261116520563761,0.6976145396629969,0.0001264875
4628,-118.4348274101058,0,-0.01018121181987226,19.08604614039262,0.6909706920385361,0.00012644999999999998
4629,-60.64894268707465,0,-0.017528402716076624,9.844198102752367,0.6903064290682475,0.00012641250000000002
4630,-77.67714811458264,0,-0.020514831536759932,19.67454453309377,0.68218441704909,0.000126375
4631,-55.662999820321524,0,-0.01632784738515814,2.5957485726724068,0.6791468501091004,0.00012633749999999997
4632,-67.10171022571961,0,-0.018902640665570895,2.9005439008275666,0.6682553191979727,0.0001263
4633,-58.05233341293386,0,-0.0262958217645064,4.126517395178477,0.661345245440801,0.00012626249999999999
4634,-77.6057810681818,0,-0.03779519693925977,10.046398742186527,0.6601014316082001,0.00012622499999999996
4635,-149.31090786218346,0,-0.011175106093287469,87.87359027465185,0.6621666232744853,0.0001261875
4636,-45.6524644595042,0,-0.0037833835425165794,16.24794087385138,0.6627752403418223,0.00012614999999999998
4637,-240.5034813451418,0,0.010791828408837318,370.0075743865967,0.6619692122936249,0.0001261125
4638,-41.950167679475264,0,-0.0026902616396546363,45.53117766857147,0.6617309582233429,0.000126075
4639,-776.0456960396772,0,0.004270370721185047,1567.9529414585659,0.6594447868210929,0.00012603749999999997
4640,-78.98970675391877,0,-0.006254364612201849,33.267244723935924,0.660004049539566,0.000126
4641,-45.93468248574873,0,0.013620795930425327,5.796348016957442,0.6579723636309306,0.00012596249999999998
4642,-59.751691417062595,0,-0.0023596819024533033,4.7470521697153645,0.6516619851191838,0.00012592499999999998
4643,-48.64833784244521,0,-0.007773634154970447,1.8360571779931585,0.6420876542727153,0.0001258875
4644,-43.392960622811835,0,-0.01824295524507761,3.0211086189746856,0.628200740814209,0.00012585
4645,-49.868275897689415,0,-0.020360067517807088,1.2631140831857919,0.6272139946619669,0.0001258125
4646,-46.54031011024671,0,0.041665838286280635,1.5928640762033561,0.6309065679709117,0.00012577499999999998
4647,-85.91694940560491,0,-0.004017089369396368,10.810583466291428,0.6355815211931864,0.0001257375
4648,-47.231548991356014,0,-0.006189622388531765,123.67438515623411,0.6424418687820435,0.0001257
4649,-1784.2819880269576,0,-0.014512148178699944,2091.9774849573773,0.6428923235999213,0.0001256625
4650,-152.2232369562152,0,-0.004145887494087219,51.83275156021118,0.6438543339570363,0.00012562499999999998
4651,-125.56905109611012,0,-0.0010789570747874676,138.92301185925803,0.6445552170276642,0.00012558749999999998
4652,-90.613679652939,0,-0.016549914671729008,8.818628851075967,0.6430845012267431,0.00012555
4653,-41.516351518857505,0,-0.007360046970037123,173.18293083856503,0.6385723988215128,0.0001255125
4654,-419.9181109876988,0,0.01261861893747534,781.3545251028878,0.6371151890073504,0.000125475
4655,-231.90604647750848,0,-0.00244820158307751,108.5534850438436,0.6381930559873581,0.00012543749999999998
4656,-7796.723920929541,0,-0.014788708670271768,2125.528817929162,0.6417166382074356,0.0001254
4657,-58.074072091197195,0,-0.002460176032036543,50.25584150950114,0.6458347340424856,0.0001253625
4658,-106.36201669551181,0,-0.0009103541262447834,43.84459002415339,0.644350657860438,0.00012532499999999997
4659,-41.298843942126865,0,-0.0031690793111920357,14.75144249300162,0.6437240093946457,0.0001252875
4660,-88.14533138423414,0,-0.02474322388879955,6.244658188025157,0.6421293069918951,0.00012524999999999998
4661,-84.57229900776782,0,-0.019014023570343853,1.9750736301143965,0.6380160431067149,0.00012521250000000001
4662,-582.3711658944477,0,0.004321427204247032,1109.5765172549657,0.6361591679709299,0.000125175
4663,-248.49358592003236,0,-0.006930065193834404,207.0720708847046,0.6367055555184682,0.00012513749999999997
4664,-43.32795015425168,0,-0.009431468229740858,53.096934004624686,0.6366206854581833,0.0001251
4665,-73.51760113300074,0,-0.017286335211247207,16.264940868814787,0.6335084706544876,0.00012506249999999998
4666,-82.8431230844788,0,-0.0021197925981444616,8.635791738828024,0.6308285415172576,0.00012502499999999996
4667,-148.29957634385315,0,-0.02353337239474058,100.15235399405161,0.6288168738285701,0.0001249875
4668,-183.72781579787227,0,-0.016221962962299587,129.21725193659464,0.6304741531610489,0.00012494999999999997
4669,-211.62421316383796,0,-0.0038040141575038434,238.65290155410767,0.6321981290976206,0.0001249125
4670,-2727.8425480363594,0,-0.0027237282320857047,2691.747390975952,0.6347313469648361,0.00012487499999999999
4671,-107.46448451117743,0,-0.010647588968276977,29.190490965048472,0.6351500948270162,0.0001248375
4672,-72.16245692055674,0,-0.007997609737018744,17.14414925724268,0.6284126629432042,0.0001248
4673,-43.227604923899364,0,-0.018946854832271733,14.531404695908229,0.6227157890796662,0.00012476249999999998
4674,-101.54828986566743,0,-0.019468456537773213,11.960738807916641,0.6161641279856364,0.00012472499999999998
4675,-73.93979351347362,0,-0.013310733204707503,8.200354848802089,0.617016609509786,0.0001246875
4676,-70.12644391496715,0,-0.010030240782847007,4.407662949959437,0.6137511124213536,0.00012465
4677,-248.26937701938346,0,0.004924490954726935,426.17624842325847,0.6104937732219696,0.0001246125
4678,-77.56237437735003,0,0.0010638005410631497,14.65788141687711,0.6092441221078236,0.00012457499999999998
4679,-187.67723367566987,0,-0.0125443110242486,73.4136511484782,0.6047561526298523,0.00012453749999999998
4680,-105.13918969977274,0,-0.01471903407946229,18.539485053221384,0.6035972197850545,0.0001245
4681,-85.98039698283792,0,-0.013470346822092931,18.750487462679544,0.5997299989064534,0.0001244625
4682,-46.30776957241285,0,-0.0029492019675672054,9.244370118031899,0.5954955995082856,0.00012442499999999998
4683,-55.79348809215213,0,0.0024531707788507146,3.1418123388042054,0.5791693747043609,0.0001243875
4684,-93.35981272521367,0,-0.031296249838279826,3.6388631772382984,0.5686396649905614,0.00012435
4685,-60.471857673921576,0,0.004605428750316302,2.2152351712187133,0.564506608247757,0.0001243125
4686,-61.48967015306525,0,-0.012618536517644921,1.2872340281804402,0.5610884189605713,0.000124275
4687,-91.45911199972184,0,0.03367053052144391,5.883621966785618,0.5605783479554313,0.00012423749999999998
4688,-77.05003582934776,0,-0.022513480143000683,2.8518091067671776,0.5638539095719656,0.0001242
4689,-101.14513490663609,0,-0.00977391257349934,5.0847847049789765,0.5572087441171919,0.0001241625
4690,-67.73777213303774,0,-0.013842417417375448,1.258464360733827,0.5521489381790161,0.00012412499999999997
4691,-61.06031161011213,0,-0.01383079291942219,1.2933869635065396,0.5428636391957601,0.0001240875
4692,-81.47991654235642,0,-0.0027277628891170026,6.041937796274821,0.5418912887573242,0.00012404999999999998
4693,-86.10733153104468,0,-0.02346612251518915,2.956725352505843,0.5486656069755554,0.0001240125
4694,-78.01251557235827,0,-0.008938573068007827,1.905162546535333,0.5534952561060588,0.000123975
4695,-837.2314388879302,0,0.011834766226820647,1565.3553559461375,0.5502195879817009,0.00012393749999999997
4696,-150.84651503578067,0,-0.009257657133275643,64.15191068649293,0.5512672583262126,0.0001239
4697,-337.9134304172122,0,-0.008494528433463227,254.06403948465984,0.5527534584204356,0.00012386249999999998
4698,-155.79455676621208,0,-0.006476657542710503,145.05253308614095,0.5536590427160263,0.000123825
4699,-181.72424801911376,0,-0.00558352245328327,111.85441605250041,0.5535046279430389,0.0001237875
4700,-58.606279888704634,0,-0.007594112896670898,55.05310696760814,0.5536060581604639,0.00012374999999999997
4701,-56.4012518149255,0,-0.009094987018033861,14.673973459005357,0.5502490093310674,0.0001237125
4702,-121.10916353830996,0,-6.264783442020417e-05,14.46687319278717,0.5439097315073014,0.00012367499999999998
4703,-69.36583641786088,0,-0.017359814637651048,7.037751850734154,0.5451340874036154,0.0001236375
4704,-183.7705975557359,0,-0.015084329806268216,84.65753984451294,0.5424814303716023,0.0001236
4705,-202.67259514232006,0,-0.025835784633333483,140.92662943204243,0.5435113936662674,0.00012356249999999997
4706,-222.2601767146083,0,-0.009394493140280246,125.03549861907959,0.54581405321757,0.00012352499999999998
4707,-56.77167643469619,0,-0.010635357544136545,13.132246216138205,0.5446887999773026,0.00012348749999999999
4708,-71.11693153600456,0,-0.0275437006726861,4.791124441226324,0.5400890300671259,0.00012345
4709,-60.45560553578517,0,-0.006562136299908161,2.6884495879213017,0.5352464139461517,0.0001234125
4710,-102.4433278065227,0,-0.00447034309618175,11.70684151450793,0.5317416419585546,0.000123375
4711,-219.76541338142792,0,-0.011403169141461451,436.35611292521156,0.5287164996067683,0.00012333749999999998
4712,-266.7716018737676,0,0.003746066934296063,217.1190253666469,0.5287368995802743,0.0001233
4713,-354.84689668774394,0,-0.02111389705290397,387.3557993570964,0.5296670764684677,0.0001232625
4714,-137.0996167862661,0,-0.009447143692523242,26.3735319852829,0.5300998628139496,0.00012322499999999997
4715,-78.63026151851336,0,-0.012825067605202396,29.939603622754415,0.5283514400323231,0.0001231875
4716,-147.2929173848571,0,-0.01736440281868757,23.710696999231974,0.5256564209858576,0.00012314999999999998
4717,-49.33922743355165,0,-0.018035500993331274,11.073760241270065,0.5198400715986887,0.0001231125
4718,-111.04126028778697,0,-0.018957046213715027,14.557010255257289,0.5140292018651962,0.000123075
4719,-130.7528568526721,0,-0.004252040067998072,84.03756189346313,0.5145880212386449,0.00012303749999999998
4720,-155.61979060685806,0,-0.016086784905443588,100.21942806243896,0.5132997264464696,0.000123
4721,-71.42622997041138,0,-0.016982779814861716,6.276672873894373,0.5122964819272359,0.0001229625
4722,-71.77392162731599,0,-0.030023106094449758,2.6472691217703477,0.5049758161817278,0.00012292499999999997
4723,-108.36522794520842,0,-0.01194513212889433,92.01518089294433,0.5010312986373902,0.0001228875
4724,-95.24178282616589,0,-0.015944655301670232,15.371314430236817,0.499310860534509,0.00012284999999999998
4725,-97.28881398686289,0,-0.0025832372717559337,5.24810146689415,0.4963384419679642,0.0001228125
4726,-190.74739569567265,0,0.0006090861124296983,106.54159418741862,0.49638426502545674,0.000122775
4727,-75.47806427555243,0,0.0025396230830145735,116.58065998894828,0.4961026127849306,0.00012273749999999997
4728,-90.02396655335296,0,-0.01506349268768515,2.121617613519941,0.49544030257633753,0.0001227
4729,-88.2684506766384,0,-0.014556724415160715,55.49711047808329,0.49227854212125144,0.00012266249999999998
4730,-208.65558836939502,0,-0.004712818339467049,93.1560391998291,0.4928230822086334,0.00012262499999999999
4731,-71.40639822210812,0,-0.029218714870512485,8.249689010637146,0.4930334257228034,0.0001225875
4732,-62.6655892030911,0,-0.00974652310833335,2.6952378019690513,0.4899753893415133,0.00012254999999999997
4733,-225.53524772973154,0,0.01646266644820571,70.4313850402832,0.48757741749286654,0.0001225125
4734,-384.45223925638896,0,-0.033989080573831286,618.5187494141715,0.48894184487206593,0.00012247499999999998
4735,-76.8218005533084,0,-0.011784727095315854,21.669675954182942,0.48850608666737877,0.0001224375
4736,-113.78275775648339,0,-0.0070413299991438786,66.29391167163848,0.48439501722653705,0.0001224
4737,-158.04459305172995,0,0.006504774200064795,24.356000931083692,0.4814764295305525,0.00012236249999999997
4738,-166.8854299669345,0,-0.0031529556106155115,29.960593072573342,0.4820034126440684,0.00012232499999999998
4739,-673.9707747508704,0,0.018194909300655128,1134.1620308876038,0.4852418709546328,0.00012228749999999998
4740,-105.24528390856149,0,-0.014082409751911959,22.000111413002013,0.485144712527593,0.00012225
4741,-70.18946705401054,0,-0.00436090137809515,49.652464811007185,0.4824139684438705,0.0001222125
4742,-123.26044211435843,0,-0.018414043924227977,47.753567949930826,0.48213255157073337,0.000122175
4743,-65.43342077365595,0,-0.006851280139138301,5.890609845519066,0.4796786879499753,0.00012213749999999998
4744,-70.63919706389763,0,-0.026625962519998818,15.558422142267228,0.4744961102803548,0.00012209999999999999
4745,-159.94103314555485,0,-0.0062878870560477175,58.345941130320234,0.4746983582774798,0.00012206249999999998
4746,-78.00745958472874,0,-0.020596893721570572,17.240755931536356,0.47424302746852237,0.00012202499999999997
4747,-148.94140697170172,0,-0.015407539997249841,44.28680587609609,0.4727396825949351,0.00012198749999999999
4748,-68.6102598967496,0,-0.007040404574945569,5.019458372394244,0.47102873971064885,0.00012194999999999998
4749,-242.1162474686283,0,-0.02114242936617562,111.53149520839963,0.46567157549517496,0.0001219125
4750,-76.91942487690216,0,-0.01286489237099886,10.37291233582156,0.4649700403213501,0.000121875
4751,-73.8060509420745,0,-0.02293989575867142,12.64645262828895,0.4558853251593454,0.00012183749999999997
4752,-86.3733764749613,0,-0.009356621854628126,3.8329928601781527,0.4513496478398641,0.00012179999999999999
4753,-60.768508030193296,0,-0.007255594272698675,1.638840136703636,0.4513401401894433,0.00012176249999999998
4754,-95.0637706679998,0,-0.01941246826512118,12.099222350120545,0.44845912208159766,0.000121725
4755,-181.7744166527189,0,-0.01487664239636312,88.90076508522034,0.4516778811812401,0.0001216875
4756,-65.34385954656246,0,-0.014437275255719821,2.734131107230981,0.4510641877849897,0.00012164999999999998
4757,-75.53736590109837,0,-0.01570303833910397,4.033240721694061,0.44556200674601965,0.00012161250000000001
4758,-99.11007304382056,0,-0.01966369491336601,4.4135808970246995,0.44395828757967265,0.00012157499999999999
4759,-231.83979369011757,0,-0.0005076216542095478,88.34771357604436,0.44414379724434444,0.00012153749999999998
4760,-65.78372478654676,0,-0.0106326109330569,4.7603977612086705,0.4418130206210273,0.0001215
4761,-476.0202457126032,0,0.0028011916105502416,642.9069896153042,0.4345551567418235,0.00012146249999999999
4762,-99.49092392281494,0,0.028034989489242435,8.418731906371457,0.4339944707495826,0.00012142500000000001
4763,-126.18510422660543,0,-0.01850299191262041,21.99087905202593,0.4329198918172291,0.00012138749999999999
4764,-79.44288316462145,0,-0.01125084093461434,3.166856492559115,0.43203056007623675,0.00012134999999999998
4765,-140.8949337342761,0,-0.017542206682264805,36.5540865500768,0.4301954428354899,0.0001213125
4766,-78.95809617984341,0,-0.01780483578996999,6.583427821951253,0.43093404727322715,0.000121275
4767,-103.59422465349776,0,-0.004050281164901597,3.9452407802854266,0.4353303790092468,0.00012123749999999997
4768,-67.51728235877853,0,-0.0128112376978,1.0019494029382865,0.43178957551717756,0.00012119999999999999
4769,-106.88057376444938,0,-0.012938119038673384,6.57048571982554,0.41914668210915157,0.00012116249999999998
4770,-60.77373974605908,0,0.014458159357309342,3.3297654766855493,0.42104947907584056,0.000121125
4771,-126.5090859082128,0,-0.012248978790427958,10.717443850849357,0.41985001138278416,0.0001210875
4772,-96.27291626619919,0,-0.016644455678761005,4.65421557075211,0.4198776641062328,0.00012104999999999997
4773,-161.6643724460158,0,-0.009084781392344407,24.001772103990827,0.4151869978223528,0.00012101250000000001
4774,-162.7818781761304,0,-0.0020662207289465838,44.89421227659498,0.41848962221826824,0.00012097499999999999
4775,-66.3553380107075,0,-0.020460518768855504,76.4268408366612,0.4216361165046692,0.00012093749999999998
4776,-139.52358165053968,0,-0.008708807080984116,237.46018951416016,0.4225648593902588,0.0001209
4777,-126.04295913463115,0,-0.009477781706179182,51.25401436487834,0.4227801849444707,0.00012086249999999999
4778,-104.42304504918812,0,-0.0007477906133447374,17.01233422756195,0.42128265031746454,0.00012082500000000001
4779,-82.73517267270843,0,0.016817026771605015,9.213094430310386,0.418347156047821,0.00012078749999999999
4780,-537.6562652363411,0,-0.000899731065146625,859.903292298317,0.41560497842729094,0.00012074999999999998
4781,-116.68522927270973,0,-0.011950763740709849,37.23448185920715,0.4158405393362045,0.0001207125
4782,-86.1446234243576,0,-0.012466231201376235,12.115054354071617,0.41249271503516605,0.00012067499999999999
4783,-150.3789950918681,0,-0.008553219120949506,12.129107584272113,0.4067455576998847,0.00012063749999999997
4784,-120.69702528686588,0,-0.008470418836389269,4.794079766528947,0.40475427423204696,0.00012059999999999999
4785,39.15646647228795,0,-0.00906143185372154,1050.859966023763,0.3994018872578939,0.00012056249999999998
4786,-64.71545882810604,0,-0.01733669896743127,7.40329640337399,0.3950929624693734,0.000120525
4787,-101.9436396848453,0,-0.023871425412861365,6.609034339019231,0.3810714828116553,0.0001204875
4788,-128.08302472740223,0,-0.015210393071174621,7.674094181401389,0.3769523561000824,0.00012044999999999997
4789,-74.50804314661009,0,-0.01482537603005767,2.785325119963714,0.37949149438313073,0.0001204125
4790,1.7985390532494634,0,-0.01108221063124282,270.7403341974531,0.3743039595229285,0.00012037499999999999
4791,27.023356936321434,0,-0.03509157371840307,182.89716127876724,0.37380208117621283,0.00012033749999999998
4792,-33.88602419276984,0,-0.009713814816703754,71.33501377105713,0.3734582973378045,0.0001203
4793,1.7485307242697132,0,-0.0077188436740211076,63.424319403512136,0.3756355881690979,0.00012026249999999999
4794,-38.15016203760726,0,-0.011700468997670604,48.37133703231812,0.37445463154997144,0.00012022500000000001
4795,446.73060378521416,1,0.004664576479366848,2773.398264653026,0.3749793972287859,0.00012018749999999999
4796,37.123760992470295,0,-0.0005360934572915236,319.5601012547811,0.37732410381237663,0.00012014999999999998
4797,446.68798807811044,1,-0.004361814307048917,2969.6698822021485,0.3779305209716161,0.0001201125
4798,-77.86272389338113,0,-0.009287733010326822,828.1849538167318,0.37805040727059047,0.00012007499999999999
4799,18.90035791373873,0,-0.015603554667904973,285.7416568120321,0.37836427291234337,0.00012003749999999997
4800,-3.728023936099902,0,-0.009341629541346005,124.34177058764867,0.3785216327224459,0.00011999999999999999
4801,-17.4978604466193,0,-0.012304918747395277,121.11842238108316,0.3795003185669581,0.00011996249999999998
4802,-101.97394584532168,0,-0.019099750875362326,195.25616383893149,0.37988909142357963,0.000119925
4803,-66.44196777710576,0,-0.020152716664597392,83.26996507644654,0.37983375142018,0.0001198875
4804,-98.04389090639575,0,-0.01051733461873872,98.77563501085554,0.3795861827475684,0.00011984999999999999
4805,-30.639842087890564,0,-0.018376536729435126,42.24245913823446,0.37829415102799735,0.0001198125
4806,-4401.030589209338,1,-0.009043140035982316,4878.1240055964545,0.37611766916054945,0.00011977499999999998
4807,495.8211272895361,1,-0.007217744309455157,3981.1131640625,0.37715572357177735,0.00011973749999999998
4808,448.363401025174,1,-0.003859252556285355,2913.369453125,0.37719775319099424,0.0001197
4809,488.17246545929663,1,-0.0070377011969685556,2552.610001220703,0.37714497327804564,0.00011966249999999999
4810,276.25204523001526,1,-0.01197203024290502,2406.8573864746095,0.3771001261472702,0.00011962500000000001
4811,-1722.3358178946983,1,-0.005799738503992557,3488.5343119303384,0.37735920482211643,0.00011958749999999999
4812,485.21799852429257,1,-0.013898698152042926,1224.8280865478516,0.3784438169002533,0.00011954999999999998
4813,516.0128290300992,1,-0.011948298327624798,1091.5891241455079,0.37856662034988403,0.0001195125
4814,448.8694003763982,1,-0.01010541882365942,1087.7353662109374,0.37830872952938077,0.00011947499999999999
4815,449.2365634115526,1,-0.007154351845383644,948.9466647338867,0.3781191462278366,0.00011943749999999997
4816,429.76054886934855,1,-0.015234220027923583,677.6073127746582,0.3784764863550663,0.0001194
4817,384.9563532927769,1,-0.01233839601278305,876.4618746948242,0.3788597047328949,0.00011936249999999998
4818,501.8434926998633,1,-0.022238029871368782,1196.178214263916,0.3793152250349522,0.000119325
4819,538.2672328967765,1,0.037702131923288106,1263.7439685821532,0.3793653748929501,0.00011928749999999999
4820,505.31919627518846,1,-0.005934815248474478,912.4326919555664,0.379535511136055,0.00011924999999999998
4821,415.4234161408403,1,-0.0024518010672181846,1168.0918090820312,0.37989900037646296,0.0001192125
4822,488.1127994909465,1,0.003216358553618193,702.6030461311341,0.38017148077487944,0.00011917499999999998
4823,453.99812880700154,1,-0.0010008883352080982,984.3078440348307,0.38063966035842894,0.00011913749999999998
4824,555.3349751734305,1,-0.003254074323922396,1166.520109049479,0.38092289566993714,0.0001191
4825,411.40843463983305,1,-0.007019372625897328,1253.4693684895833,0.3813318133354187,0.00011906249999999999
4826,490.0370137318983,1,-0.02164430757984519,446.9651406288147,0.3816199660301208,0.000119025
4827,597.5603979560385,1,0.008591047922770182,1557.4032185872395,0.3811931292215983,0.00011898749999999999
4828,587.6093145775912,1,-0.010163034626748413,1255.3623962402344,0.3811588615179062,0.00011894999999999998
4829,537.246458744409,1,-0.08152749209354321,757.7441833496093,0.38116043905417124,0.0001189125
4830,585.8627776115045,1,0.029046110808849335,1638.7089965820312,0.381263929605484,0.00011887499999999999
4831,577.5950589637664,1,0.022581796596447625,298.9216157277425,0.38113540410995483,0.00011883749999999997
4832,529.4397636919002,1,-0.042978828350411884,399.60951137542725,0.38084826469421384,0.0001188
4833,594.0050963710626,1,-0.017221468244679274,454.0164138793945,0.3812168210744858,0.00011876249999999998
4834,559.4331236729329,1,-0.006603861536132172,616.0010269165039,0.3815257400274277,0.000118725
4835,546.8431355957107,1,-0.006739487213781104,807.6944442749024,0.3818077027797699,0.00011868749999999999
4836,584.7561540317635,1,-0.017021360341459513,330.0719421386719,0.38193185329437257,0.00011864999999999998
4837,535.8433714082437,1,-0.03247835780493915,419.8280319213867,0.3822142884135246,0.0001186125
4838,618.5729345149302,1,0.004423117428086698,380.60019836425784,0.38258005380630494,0.00011857499999999998
4839,160.50266242062781,1,-0.013193868612870575,6297.0990234375,0.38256058692932127,0.00011853749999999997
4840,-2238.9122904590117,1,-0.0004904945070544879,9663.07176513672,0.38261915097634,0.0001185
4841,559.7940575589002,1,-0.0020936009183060377,462.89205780029295,0.3827316418290138,0.00011846249999999999
4842,600.1243801512128,1,0.020605835877358914,463.68747940063474,0.3828297138214111,0.000118425
4843,547.995689756339,1,-0.010465372167527676,234.34524841308593,0.3832141116261482,0.00011838749999999998
4844,459.14702937225115,1,-0.009442393388599157,849.7468765258789,0.38351503759622574,0.00011834999999999998
4845,505.8276918988098,1,-0.008535369485616683,352.27152862548826,0.38344566226005555,0.0001183125
4846,411.094136059475,1,0.0002315211109817028,2136.7887451171873,0.383072267472744,0.00011827499999999999
4847,140.18879197063603,1,0.0015393042936921119,3319.1828735351564,0.3830200692017873,0.00011823749999999998
4848,520.7239346798967,1,-0.015970628149807452,319.2345680236816,0.3833479568362236,0.0001182
4849,602.5393787631422,1,-0.009710733545944095,742.0552856445313,0.3836946442723274,0.00011816249999999998
4850,568.5049336612652,1,-0.017789451777935027,545.9122421264649,0.3838253080844879,0.000118125
4851,518.9259848075084,1,-0.023628937773173674,440.6924163818359,0.38362287878990176,0.00011808749999999999
4852,559.4047923433784,1,0.0008237837813794613,316.54001541137694,0.38332107812166216,0.00011804999999999998
4853,-5946.532984188173,0,-0.008696828694327882,3205.4305142352455,0.3837633810545269,0.0001180125
4854,566.6204487329417,1,-0.05124777676537633,981.9634338378906,0.3856459826231003,0.00011797499999999998
4855,495.0959449927532,1,-0.0022720786510035396,941.9307037353516,0.3858976423740387,0.00011793749999999997
4856,587.182988210775,1,0.031249023508280516,703.6243713378906,0.38582815527915953,0.00011789999999999999
4857,590.5474878744003,1,0.004364588484168053,295.80874671936033,0.3855209946632385,0.00011786249999999998
4858,620.186091600447,1,0.008013738691806794,663.0834136962891,0.38474987745285033,0.000117825
4859,581.5610338931926,1,-0.006758480938151479,138.7129581451416,0.3846168726682663,0.0001177875
4860,577.027433722142,1,-0.001116749970242381,177.03845100402833,0.38431193232536315,0.00011774999999999998
4861,493.44638270217996,1,-0.02551764165982604,952.8041534423828,0.38374718874692915,0.0001177125
4862,532.5706414479582,1,-0.009035219065845012,567.5317665100098,0.38357617855072024,0.00011767499999999999
4863,522.6364969480944,1,0.016028303001075984,310.539241027832,0.38378401547670365,0.00011763749999999998
4864,-38.661960865407934,1,-0.019421442256619532,10048.412060546874,0.38415480256080625,0.0001176
4865,523.5401339864726,1,-0.01293587889522314,1092.4118377685547,0.3843393474817276,0.00011756249999999998
4866,468.3967027909153,1,-0.020590982958674432,1075.00958404541,0.3845603451132774,0.000117525
4867,393.19696323781864,1,-0.013926578825339675,2266.0629028320313,0.3845097228884697,0.00011748749999999999
4868,453.0457510234667,1,0.016313101351261138,604.2770347595215,0.3846008121967316,0.00011744999999999998
4869,595.444206255342,1,0.018718726839870213,1388.0355880737304,0.38478308320045473,0.0001174125
4870,544.633689512708,1,-0.046768644265830515,641.7272850036621,0.3846946656703949,0.00011737499999999998
4871,514.1408817467297,1,0.007288235193118453,1125.7734629313152,0.3843618104855219,0.00011733749999999997
4872,492.39525758697556,1,-0.01923456889344379,684.1738861083984,0.38428018242120743,0.00011729999999999999
4873,617.4110396865135,1,-0.01852504415437579,612.7575302124023,0.3842585921287537,0.00011726249999999998
4874,606.5397930545822,1,-0.079692470934242,705.2211410522461,0.38393332362174987,0.000117225
4875,-543.3993355009436,1,0.0011992156816025576,11799.419506835937,0.3839977900187174,0.0001171875
4876,561.4453294718334,1,0.0069238940253853794,284.7555503845215,0.38408952951431274,0.00011714999999999997
4877,-4436.413556084802,1,-0.002928140407635106,6073.577578396267,0.38460811641481185,0.0001171125
4878,596.0140573950064,1,-0.055603687185794115,643.3041912078858,0.38580645322799684,0.00011707499999999999
4879,523.4498625720566,1,0.046762269269675014,1167.1487991333008,0.3861523509025574,0.0001170375
4880,453.68291065188794,1,0.0450590590655338,723.9033950805664,0.38659622371196745,0.000117
4881,-11338.906006419142,0,-0.001874756430716891,4070.2697707126017,0.38725416660308837,0.00011696249999999998
4882,400.2488294212775,1,-0.032799675967544316,2671.388360595703,0.3879300743341446,0.000116925
4883,534.3778809903492,1,0.06788771450519562,914.8134174346924,0.3878686189651489,0.00011688749999999999
4884,597.3521187923843,1,-0.0678522183559835,1473.6633529663086,0.38794698715209963,0.00011684999999999998
4885,-4869.806484906915,1,-0.005251258537173271,7250.293712158204,0.3880294695496559,0.0001168125
4886,581.9073878422483,1,0.08725576288998127,667.8372791290283,0.3883081078529358,0.00011677499999999998
4887,545.0232633772566,1,-0.007311242260038852,510.41751556396486,0.3888082176446915,0.00011673750000000001
4888,-3291.65708095256,1,0.0018056393457719913,3605.7425161801852,0.39085868344857144,0.00011669999999999999
4889,525.8409025094259,1,-0.005334054678678512,1439.3256408691407,0.3946953654289246,0.00011666249999999998
4890,527.5710858601102,1,-0.028359175752848388,792.9563140869141,0.3949910461902618,0.000116625
4891,474.88025347404135,1,-0.013296083454042673,1279.193829345703,0.39497590661048887,0.0001165875
4892,576.6327602474862,1,-0.05991870816797018,1164.3945220947267,0.3951390266418457,0.00011654999999999997
4893,592.8106816539241,1,-0.00032312097027897835,1125.7914611816407,0.39525545835494996,0.00011651249999999999
4894,545.8249222725246,1,0.07463261494413018,871.2869384765625,0.39530478715896605,0.00011647499999999999
4895,526.4643843111785,1,-0.005794163653627038,1019.9662429809571,0.3953477680683136,0.0001164375
4896,558.8647725607519,1,-0.02470441390760243,276.9222180366516,0.395592588186264,0.0001164
4897,592.9730599329519,1,-0.0037440454569534153,269.0176834106445,0.3953433662652969,0.00011636249999999998
4898,443.5322991984231,1,-0.057296380028128625,1781.0319580078126,0.395128470659256,0.000116325
4899,-11711.297959428588,0,-0.000691596908788932,3709.766366159132,0.3954022024807177,0.00011628749999999999
4900,560.4540990335579,1,-0.009410495031625032,452.17246704101564,0.3966406583786011,0.00011624999999999998
4901,586.4235627712724,1,-0.0002184942364692688,292.18100662231444,0.39627188742160796,0.0001162125
4902,558.4738580258557,1,-0.06595664983615279,390.74125652313234,0.3953248143196106,0.00011617499999999999
4903,619.772395302624,1,-0.004603611307837241,825.3276794433593,0.3950340300798416,0.00011613750000000001
4904,469.06616252381104,1,-0.0025230064988136292,757.9797973632812,0.39510115385055544,0.00011609999999999999
4905,588.1445198221182,1,-0.009251305926591158,404.9102081298828,0.39534300565719604,0.00011606249999999998
4906,577.5169513174958,1,-0.08380001774057746,407.789567565918,0.3951773583889008,0.000116025
4907,546.3304451983402,1,-0.05325450720265508,204.5560558319092,0.3940362811088562,0.0001159875
4908,-184.04591643678003,1,-0.023953978406886258,14927.519954427084,0.39247806469599406,0.00011594999999999997
4909,577.0537594760783,1,0.10238053444772958,4785.109098625183,0.3923715651035309,0.00011591249999999999
4910,442.49981582135456,1,-0.0137140441685915,1534.4731719970703,0.3924920067191124,0.00011587499999999998
4911,449.65649375012777,1,-0.00031633474864065645,1738.135189819336,0.39194421619176867,0.0001158375
4912,347.52913493952,1,0.016698626428842546,5457.666247558594,0.3921594858169556,0.0001158
4913,423.816825572463,1,-0.06365646601188928,1780.1642959594726,0.39233648478984834,0.00011576249999999997
4914,598.6463603767666,1,-0.0008864966986664058,1239.8741333007813,0.3925976574420929,0.00011572500000000001
4915,389.3924408987617,1,0.0230076402425766,1918.31982421875,0.3925980031490326,0.00011568749999999999
4916,495.8073351494862,1,0.036053202114999294,843.3557037353515,0.3924546018242836,0.00011564999999999998
4917,609.4672865617089,1,-0.0019300333695696282,1719.4303466796875,0.39259820282459257,0.0001156125
4918,373.06443921460686,1,-0.019987615756690502,2646.0599609375,0.39263357371091845,0.00011557499999999999
4919,577.8544969334494,1,0.010421896446496248,973.9197677612304,0.39280408024787905,0.00011553750000000001
4920,568.9335725853355,1,0.0008743533166125417,376.33996810913084,0.39336044788360597,0.00011549999999999999
4921,-1716.170585357811,1,-0.0011671441490761936,19159.40576171875,0.3935512673854828,0.00011546249999999998
4922,583.8804331276651,1,-0.000567408534776348,1907.0485595703126,0.39361048936843873,0.000115425
4923,599.1689162610878,1,-0.0016388090843975078,1450.5556640625,0.39363421499729156,0.00011538749999999999
4924,571.517197674722,1,0.03785693608224392,508.0783638000488,0.3938069880008698,0.00011534999999999997
4925,515.6379852285721,1,-0.03614997907134239,9078.974188232422,0.39433897733688356,0.00011531249999999999
4926,262.5174744049932,1,-0.04807946737855673,7594.867431640625,0.3944650739431381,0.00011527499999999998
4927,550.2568389659821,1,-0.03077057283371687,2904.6207344055174,0.39457513093948365,0.0001152375
4928,588.0892702320684,1,-0.11061386261135339,466.9497573852539,0.3946251392364502,0.0001152
4929,521.9556078813591,1,-0.01950862891972065,146.27817640304565,0.39344242215156555,0.00011516249999999997
4930,-9214.478020365306,1,-0.004597198722117088,4480.363861186364,0.3904337975908728,0.000115125
4931,-974.8280439868264,1,0.0033800323493778706,14593.843420410156,0.3910791888833046,0.00011508749999999999
4932,604.2654955559858,1,-0.0037188950165493394,762.1039428710938,0.3912159472703934,0.00011504999999999998
4933,589.0637484368241,1,-1.603634048237268e-05,4688.8908203125,0.3913121670484543,0.0001150125
4934,587.7956677720856,1,-0.01757653513814148,353.8414336979389,0.39145525097846984,0.00011497499999999999
4935,-6313.5157469052665,1,-0.0009668918636937936,9631.451567840577,0.3919820557037989,0.00011493750000000001
4936,583.9619357072788,1,-0.000692995428462595,641.1245971679688,0.39237624406814575,0.00011489999999999999
4937,630.2427151677821,1,-0.0013933558378006693,1705.7527221679688,0.3923330456018448,0.00011486249999999998
4938,541.826648305077,1,0.044027430936694145,211.9461883544922,0.3918925940990448,0.000114825
4939,409.7161655666047,1,0.02792685437016189,2106.648223876953,0.39127363711595536,0.00011478749999999999
4940,579.0902792382507,1,-0.00047658306123139483,841.6328735351562,0.39140433967113497,0.00011474999999999997
4941,617.7419580623036,1,-5.961233736684335e-06,5587.4404296875,0.39133061170578004,0.00011471249999999999
4942,547.5502057194722,1,0.1284099861048162,503.786346244812,0.391773933172226,0.00011467499999999998
4943,491.71192959073846,1,0.01914254706352949,6260.492883300782,0.3929386079311371,0.0001146375
4944,-11511.21567833104,0,-0.002760319764676847,5205.2821635214905,0.39657670008508783,0.0001146
4945,-88.6582007411292,0,-0.02092199892753602,2364.9287667410713,0.4024589934519359,0.00011456249999999999
4946,589.9183253440442,1,-0.0012151195627595258,2842.0064208984377,0.4023584842681885,0.000114525
4947,-143.10314316720223,0,-9.703356772661209e-05,1834.9901609148299,0.4023663716656821,0.00011448749999999998
4948,573.1767264260112,1,0.041183230886235836,2995.6485838413237,0.4022074580192566,0.00011444999999999998
4949,425.2396563077059,1,-0.019117747759446503,13439.047045898438,0.4021819978952408,0.0001144125
4950,308.41198209758875,1,-0.015217342926189304,3802.7330993652345,0.40225147157907487,0.00011437499999999999
4951,-4609.9748179921025,1,0.004188962373882532,7608.515041974187,0.4024894022941589,0.00011433750000000001
4952,602.3059976679689,1,-0.14110971512272955,7013.404685115815,0.4027342200279236,0.00011429999999999999
4953,499.81923871266207,1,0.026653778180480002,2030.5777221679687,0.4026340186595917,0.00011426249999999998
4954,461.0505605184029,1,0.01709323711693287,2345.628625488281,0.4028669327497482,0.000114225
4955,417.40335475257154,1,0.0220337227685377,2108.9899353027345,0.4031067192554474,0.00011418749999999999
4956,557.6930047610127,1,-0.04650563625618816,1855.212710571289,0.4032630681991577,0.00011414999999999997
4957,575.1509891791259,1,0.029127266071736813,1218.215853881836,0.40330787301063536,0.0001141125
4958,516.2697902023839,1,0.008036169782280922,683.4012313842774,0.4029850125312805,0.00011407499999999998
4959,609.1069088818122,1,-0.009459293607412178,1559.4807373046874,0.4031282842159271,0.0001140375
4960,598.9472375040755,1,-0.00360288188831035,1053.9890197753907,0.4033294081687927,0.00011399999999999999
4961,612.9677166276114,1,-0.12806347627192735,532.4664871215821,0.4035852313041687,0.00011396249999999999
4962,502.8153037656733,1,0.010463593434542418,449.12373580932615,0.40372603535652163,0.000113925
4963,587.960065359574,1,-0.1314024525694549,572.637589263916,0.40393123030662537,0.00011388749999999998
4964,592.623037332625,1,-0.13832063898444175,315.78347358703616,0.40395353436470033,0.00011384999999999998
4965,565.4433078475522,1,-0.00064612478017807,257.050471496582,0.40338760912418364,0.0001138125
4966,513.9261550679802,1,-0.014271510858088731,413.8726287841797,0.40277470350265504,0.00011377499999999999
4967,565.8917712018134,1,0.016630164184607565,288.42190647125244,0.40270054489374163,0.0001137375
4968,-309.7352779377878,1,-0.00687594215075175,10316.909016927084,0.403127384185791,0.00011369999999999999
4969,564.5258033327366,1,-0.0004313107579946518,144.84650344848632,0.4027358293533325,0.00011366249999999998
4970,549.7735069397506,1,-0.055326354876160624,169.4460075378418,0.40122954696416857,0.000113625
4971,545.1233364176387,1,0.00998475793749094,78.04995937347412,0.40058674216270446,0.00011358749999999999
4972,502.95301326279287,1,-0.0038663802784867584,1174.2514373779297,0.3998236685991287,0.00011354999999999997
4973,577.5659032928272,1,-0.016048347903415562,364.0065700531006,0.39909398555755615,0.0001135125
4974,419.30092199013666,1,-0.022454363713040947,3865.626708984375,0.3996438056230545,0.00011347499999999998
4975,575.9081496403098,1,0.03568806620314717,213.0879997253418,0.3999053180217743,0.0001134375
4976,601.5389526730307,1,-0.012587963603436947,128.5710210800171,0.4006607949733734,0.00011339999999999999
4977,600.3169858357518,1,0.021341077610850336,94.99015388488769,0.40310444235801696,0.00011336249999999998
4978,560.8431047060272,1,0.04607244161888957,346.85358505249025,0.4043468236923218,0.000113325
4979,605.9707446592363,1,0.014860271383076907,89.63565330505371,0.4052464306354523,0.00011328749999999998
4980,567.322001430266,1,-0.00224301777780056,351.25300483703614,0.4060054361820221,0.00011324999999999997
4981,593.296223365989,1,0.09249459435231984,34.15660600066185,0.40723133087158203,0.0001132125
4982,492.25911250143594,1,-0.04951995387673378,1627.3139236450195,0.4092012420296669,0.00011317499999999999
4983,-2011.3846681193108,1,0.005379203427582979,9219.261108398438,0.40960138688484826,0.0001131375
4984,40.98176820128697,1,-0.0011701149865984916,11331.055151367187,0.4104888513684273,0.00011309999999999998
4985,-112.1767841888323,0,-0.004550715257846605,3369.647875467936,0.4113928963740667,0.00011306249999999998
4986,568.0710842777826,1,-0.0034300893545150756,246.67400207519532,0.41152076721191405,0.000113025
4987,-2485.4528843657145,1,-0.0007531950622797013,5324.35782836914,0.41180867165327073,0.00011298749999999999
4988,598.2622302497211,1,-4.150905461139942e-05,3627.7806396484375,0.41215530037879944,0.00011294999999999997
4989,-107.35612515157753,0,-0.005467286019120365,1735.4250391642252,0.4120785132050514,0.0001129125
4990,583.1495327119571,1,0.10603012265637517,2151.624058532715,0.4118420958518982,0.00011287499999999998
4991,583.8283734434972,1,-0.0029089828953146935,1597.4387084960938,0.41190301179885863,0.0001128375
4992,608.8926329068122,1,-0.0018867257982492446,2607.6660888671877,0.411985445022583,0.00011279999999999999
4993,568.6534582835349,1,-0.00022294751533706857,1259.5868286132813,0.4120165377855301,0.00011276249999999998
4994,58.58732792118775,1,0.0007285397499799728,17688.07900390625,0.41198735386133195,0.000112725
4995,589.9535191338721,1,-0.00046601051799370906,1716.1121948242187,0.41197084784507754,0.00011268749999999998
4996,-71.08724789878227,0,-0.003947944920510054,1796.7802081298828,0.41193032085895537,0.00011264999999999997
4997,609.4602606740981,1,0.015948963817209005,3807.6865295410157,0.41180487275123595,0.00011261249999999999
4998,-6467.883692917436,1,-0.0038686261667559545,7349.982481129964,0.4123813219368458,0.00011257499999999999
4999,610.4117660668678,1,-0.00021755771730429528,5560.33828125,0.4133049726486206,0.0001125375
5000,570.3453735990867,1,0.01375476261600852,2548.95569152832,0.41343953013420104,0.0001125
5001,619.1734148266254,1,-0.0019073989199849706,3983.1582275390624,0.41360834836959837,0.00011246249999999998
5002,374.2109251730408,1,-0.02572654318064451,2480.913739013672,0.41367503106594083,0.000112425
5003,557.9190581703681,1,0.013474567048251628,2710.934507751465,0.4137978434562683,0.00011238749999999999
5004,547.5281205919315,1,0.10051020113751293,10072.526504516602,0.414072160422802,0.00011235000000000001
5005,-5262.087561381001,1,0.015457323707894169,7104.307434082031,0.4144521268931302,0.0001123125
5006,426.6324579489112,1,-0.019553752988576888,1198.884262084961,0.4151500329375267,0.00011227499999999998
5007,443.7114494872526,1,-0.011643288840423338,1764.4209091186524,0.41531577706336975,0.0001122375
5008,580.6331959208442,1,-0.10722982725128531,1254.6646591186523,0.4155997022986412,0.00011219999999999999
5009,593.3864374872479,1,-0.0591601132415235,1499.804115486145,0.4158467173576355,0.00011216249999999998
5010,567.9462255194719,1,0.0037486846558749676,673.2661040306091,0.41637311577796937,0.000112125
5011,586.8878321706422,1,-0.1701478167437017,448.764684677124,0.4180057942867279,0.00011208749999999998
5012,597.8964055393931,1,0.0775168277323246,324.04876804351807,0.41943883895874023,0.00011205000000000001
5013,608.8319234880835,1,-0.06252849353477359,337.7874509811401,0.41976354718208314,0.00011201249999999999
5014,593.4496798104952,1,0.014211550261825323,276.4942230224609,0.4193497091531754,0.00011197499999999998
5015,616.3761468586597,1,0.04699974805116654,134.41783561706544,0.4188407719135284,0.0001119375
5016,593.5381534340304,1,-0.07028749694582075,194.19820766448976,0.41887200325727464,0.0001119
5017,553.6306388000055,1,-0.021677585784345865,163.00624923706056,0.416221895813942,0.00011186249999999997
5018,-8755.454413498037,1,0.001617588195949793,5409.286629104614,0.4149534413591027,0.000111825
5019,-696.6965160981744,1,-0.034102832060307266,17278.336151123047,0.41612591668963433,0.00011178749999999999
5020,-4604.938887674291,1,0.014238842939957976,9680.482258377075,0.416471973657608,0.00011175
5021,592.7804092850552,1,-0.003436143323779106,1216.3303833007812,0.4169556796550751,0.0001117125
5022,469.5806550238761,1,-0.022283777222037317,6653.578012084961,0.4169601082801819,0.00011167499999999998
5023,585.8080785286367,1,0.025965334754437207,615.8289337158203,0.41698097586631777,0.0001116375
5024,598.6751895859129,1,-0.1170254229567945,464.59657020568847,0.4173527777194977,0.00011159999999999999
5025,627.9743042277682,1,-0.0026662911288440226,673.1354309082031,0.4172842025756836,0.00011156249999999998
5026,-4058.80939019503,1,0.004288139628867308,10270.403804863823,0.4177229036887487,0.000111525
5027,-5251.2595182942005,1,0.005693955708887767,10298.394910222834,0.4201096204194156,0.00011148749999999998
5028,608.7428192831345,1,-0.0006800880067473258,1033.8395568847657,0.4212637484073639,0.00011145000000000001
5029,622.8748212736471,1,-0.0013534234836697578,782.8988037109375,0.4212137937545776,0.00011141249999999999
5030,566.9548541846561,1,-0.02880577389150858,423.7085494995117,0.42105676531791686,0.00011137499999999998
5031,-1830.2412853876026,1,-0.004522356572560966,21297.824033203124,0.42029212474822997,0.0001113375
5032,-12052.47561387456,0,0.000349479418640074,3161.5729022477803,0.4197494713883651,0.0001113
5033,519.8533122220033,1,-0.0414021669072099,853.0486137390137,0.41960237771272657,0.00011126249999999997
5034,577.8744533433597,1,0.04820838626474142,356.6006744384766,0.4202267721295357,0.00011122499999999999
5035,608.0984614356643,1,-0.0033645691350102425,636.1527465820312,0.4201043725013733,0.00011118749999999999
5036,-757.1336782367063,1,-0.006176303774118423,8658.257768554688,0.41983145117759707,0.00011115
5037,555.5888920334405,1,-0.0508334094658494,23411.137353515624,0.4200863495469093,0.0001111125
5038,631.402205385321,1,-0.0005738249109072058,1367.2723999023438,0.4201387107372284,0.00011107499999999998
5039,579.1483376046193,1,-0.0034072577953338625,478.66802368164065,0.42013704776763916,0.0001110375
5040,559.4638962874557,1,-0.017175860330462457,556.6638763427734,0.42006683349609375,0.00011099999999999999
5041,578.1150778595531,1,0.013170289900153875,66.7827356338501,0.418727970123291,0.00011096249999999998
5042,550.5055116720187,1,-0.06299339160323143,6326.0351638793945,0.4141551375389099,0.000110925
5043,578.1089019052506,1,-0.014443066902458668,167.41566467285156,0.4127953052520752,0.00011088749999999998
5044,596.8767531615166,1,0.03104922706261277,185.66600689291954,0.4122940957546234,0.00011085000000000001
5045,-338.6295985690057,1,0.013896388622621695,39335.65042317708,0.4128282417853673,0.00011081249999999999
5046,517.5772502112635,1,-0.01635749787092209,756.0391265869141,0.4132088288664818,0.00011077499999999998
5047,516.302159816095,1,-0.06839018408209085,707.3949569702148,0.4135159432888031,0.0001107375
5048,515.0598471997397,1,-0.011126274743583053,1782.5908508300781,0.4136440008878708,0.0001107
5049,-8521.196454486557,1,-0.001739566365722567,8271.251299858093,0.41412653122097254,0.00011066249999999997
5050,168.18517911503076,1,0.0029484141618013383,10777.43935546875,0.41533582359552385,0.00011062499999999999
5051,618.3556110010653,1,-0.0009944307846694756,2390.8991943359374,0.4156655192375183,0.00011058749999999998
5052,598.2673456327357,1,0.02712326906621456,1561.4138097226619,0.41674213409423827,0.00011055
5053,538.6270137090859,1,-0.047246182803064585,998.6345275878906,0.4202167436480522,0.0001105125
5054,504.23372812648114,1,-0.01786716305941809,401.7015884399414,0.4208592474460602,0.00011047499999999997
5055,586.3955003996847,1,0.025322244921699166,493.0707122802734,0.42085747569799425,0.0001104375
5056,619.135975554081,1,-0.0043206560425460335,619.4912811279297,0.42093961238861083,0.00011039999999999999
5057,515.8586135882697,1,0.0006041575223207473,9452.49171142578,0.42122397422790525,0.00011036249999999998
5058,587.3325878802793,1,-0.18599009094759822,395.8528999328613,0.4213976919651031,0.000110325
5059,-12055.518382922,0,-0.0006140008470729778,3389.976312888296,0.42053084122507195,0.00011028749999999999
5060,-173.53883732142435,1,0.019838387057340392,17658.18681640625,0.41721319456895195,0.00011025000000000001
5061,457.37150713280164,1,0.014766787085682154,68882.21100616455,0.41721826791763306,0.00011021249999999999
5062,620.3653069975697,1,-0.000999460578717759,856.744384765625,0.417219752073288,0.00011017499999999998
5063,-11751.348684120847,0,-0.002222385884899842,3670.730217780565,0.4174170261935184,0.0001101375
5064,548.500599242752,1,-0.06753304451704026,15829.556223297119,0.41810213923454287,0.00011009999999999999
5065,622.9452404440726,1,-0.002313045226037502,1502.5840942382813,0.4181327819824219,0.00011006249999999997
5066,-8066.404180982505,1,-0.0002749885556598504,9007.286902465821,0.4183904983599981,0.00011002499999999999
5067,537.3735179597529,1,-0.028418950084596873,693.0611068725586,0.4187157332897186,0.00010998749999999998
5068,-41.992954560615374,1,-0.000708947516977787,21298.0142578125,0.4185029298067093,0.00010995
5069,355.54417705640833,1,-0.005364222754724324,2671.8200500488283,0.4186182305216789,0.0001099125
5070,575.60670328396,1,-0.009047740511596203,6101.432360076904,0.41902942657470704,0.00010987499999999997
5071,-12056.414260982305,0,-0.0004951461757484235,4152.478763018156,0.42100825623462074,0.0001098375
5072,577.2751936228744,1,-0.027033325377851726,2431.853401184082,0.4260951042175293,0.00010979999999999999
5073,609.164195701781,1,0.001909767804174578,2178.9750122070313,0.4262600809335709,0.00010976249999999998
5074,631.8088915135799,1,-0.0016763966987905833,2400.015344238281,0.4262350916862488,0.000109725
5075,573.6149291803158,1,0.08409789358265699,20671.630183887482,0.42632665038108825,0.00010968749999999999
5076,552.9780910247883,1,-0.06828666934743524,306.57729415893556,0.4265478789806366,0.00010965000000000001
5077,518.3158960507603,1,-0.041155060799792406,474.0194808959961,0.42624382972717284,0.00010961249999999999
5078,539.3224687000011,1,0.08489063438028097,7439.797158622741,0.425908225774765,0.00010957499999999998
5079,579.7018694496373,1,-0.00473848807508972,402.227197265625,0.4259286761283875,0.0001095375
5080,-4569.278036356802,0,-0.001722487062215805,11991.219161752553,0.4258435249328613,0.00010949999999999999
5081,203.6171150774047,1,0.004668551621337732,17431.90440266927,0.42543367445468905,0.00010946249999999997
5082,546.9548629522616,1,-0.13296969160437583,30630.13747520447,0.4254129767417908,0.00010942499999999999
5083,-93.36539594015763,0,-0.005463370952444772,1410.1038955688477,0.4253762433926264,0.00010938749999999998
5084,599.0180339752045,1,-0.0013119728722990943,1169.5796508789062,0.4249538004398346,0.00010935
5085,608.2973947869546,1,-0.004038642832892947,770.7847717285156,0.42487449049949644,0.0001093125
5086,439.6966864172974,1,-0.028986420203000306,2343.902926635742,0.42481363415718076,0.00010927499999999997
5087,536.215740213835,1,0.047804145514965056,860.3904022216797,0.42454671263694765,0.0001092375
5088,-6032.334594962583,0,-0.010268057250466787,1473.3876258636776,0.42523301965311955,0.00010919999999999998
5089,537.6415182135325,1,-0.011988429725170136,3169.465167236328,0.42896679043769836,0.00010916249999999998
5090,618.6885298357943,1,-0.0005665773194895252,18658.80859375,0.4291062742471695,0.000109125
5091,614.470394652507,1,-0.0002890242263674736,2155.597790527344,0.4291256904602051,0.00010908749999999999
5092,557.7597489900601,1,0.06012380156607833,1063.0290237426757,0.4291499361395836,0.00010905000000000001
5093,419.52039278621845,1,-0.01803546380251646,26522.415234375,0.42916699647903445,0.00010901249999999999
5094,-205.1648632146791,1,0.019002810477589567,18646.246451822917,0.42920528054237367,0.00010897499999999998
5095,603.0024553426272,1,-0.007044259458780289,805.4508972167969,0.4292515993118286,0.0001089375
5096,520.9438077834889,1,-0.01577417952939868,865.1514587402344,0.429285903275013,0.00010889999999999999
5097,243.44793816894324,1,-0.01549395436886698,12465.75400390625,0.42925612777471545,0.00010886249999999997
5098,613.3739191945483,1,0.02693864479660988,914.044654083252,0.4294747173786163,0.00010882499999999999
5099,554.1908904269593,1,-0.11528749805875123,281.7751129150391,0.42934142500162126,0.00010878749999999998
5100,630.0599193539131,1,0.003074897940987853,1187.2158447265624,0.42895759344100953,0.00010875
5101,557.6354424272544,1,-0.041793933138251305,2149.360172526042,0.4288373013337453,0.00010871249999999999
5102,557.5161052998527,1,-0.098022429831326,245.34265689849855,0.4291471540927887,0.00010867499999999999
5103,550.2202664803906,1,-0.07919798530638218,186.3445146560669,0.4300726056098938,0.0001086375
5104,628.3901618361012,1,-0.005649371114594714,773.4643188476563,0.4298723042011261,0.00010859999999999998
5105,602.8385254794631,1,-0.008885900024324656,237.3395736694336,0.42989894151687624,0.00010856249999999998
5106,464.6974060092401,1,0.013716528750956058,936.660693359375,0.42989071011543273,0.000108525
5107,607.8381340227729,1,0.1441643290221691,471.8224996805191,0.42938310503959654,0.00010848749999999999
5108,597.6740948971825,1,-0.16814853809773922,126.73906041383744,0.42762994170188906,0.00010845000000000001
5109,-2185.5358634573904,1,0.011703460477292538,23178.096940104166,0.426917789876461,0.00010841249999999999
5110,587.252426958096,1,-0.01659755064174533,123.0356544494629,0.4266708493232727,0.00010837499999999998
5111,608.4144431203622,1,-0.0038573354482650756,201.91588287353517,0.4257785677909851,0.0001083375
5112,577.6343518890397,1,-0.10294182738289237,76.4085030324757,0.4244795262813568,0.00010829999999999999
5113,-8932.42522642249,1,-0.0007066080419463105,8893.497069644927,0.4224272187799215,0.00010826249999999997
5114,-4565.453881359309,1,-0.009605149365961551,7870.4654858398435,0.4231154930591583,0.000108225
5115,588.7468435276539,1,0.07718204008415341,133.10437107086182,0.42360050678253175,0.00010818749999999998
5116,411.409936382462,1,-0.027965685352683067,4448.873022460937,0.4236163154244423,0.00010815
5117,594.0925002719046,1,0.013976574875414371,273.1892974853516,0.4233758807182312,0.00010811249999999999
5118,520.1413744365831,1,-0.017655961494892836,321.4252479553223,0.4226528063416481,0.00010807499999999998
5119,619.2179118907025,1,-0.0001969202789979363,30390.0212890625,0.4221534252166748,0.0001080375
5120,598.1400026316032,1,0.0054275522008538244,521.4183219909668,0.4220645114779472,0.00010799999999999998
5121,596.9565155802943,1,-0.12537558134645224,164.6068597793579,0.42175756096839906,0.00010796249999999997
5122,370.3165390334203,1,0.009151356760412455,1996.1266540527345,0.4202659666538239,0.000107925
5123,555.2222536779285,1,0.05572726083919406,205.72062187194825,0.4191316843032837,0.00010788749999999999
5124,550.3295346008957,1,-0.013111180812120437,317.38745460510256,0.4171485543251038,0.00010785
5125,577.9396956300573,1,0.05408681333065033,986.3045192718506,0.416065913438797,0.00010781249999999998
5126,594.2846295692513,1,0.24294733414426445,138.57359835505486,0.41696907877922057,0.00010777499999999998
5127,620.3235380262981,1,-0.051182046672329305,132.04878349304198,0.4210789903998375,0.0001077375
5128,623.6356575453791,1,-0.014839841760620231,185.8934669494629,0.42261888086795807,0.00010769999999999999
5129,594.8213217139235,1,-0.1736532530747354,85.6494517326355,0.42200057208538055,0.00010766250000000001
5130,-2598.142614206491,1,-0.00018004411831498146,23704.908040364582,0.42061073780059816,0.000107625
5131,617.287766070551,1,-0.1453965587541461,89.73039503097534,0.4207291603088379,0.00010758749999999998
5132,597.3191734983718,1,0.009117330238223077,58.793619537353514,0.4197705119848251,0.00010755
5133,326.7317454797092,1,0.003513103211298585,8003.515795898437,0.4194547742605209,0.00010751249999999999
5134,516.5676018564844,1,0.044485333282500504,1316.1067932128906,0.41945449709892274,0.00010747499999999998
5135,586.6372317491267,1,-0.03667864752933383,298.9659934997559,0.41996136903762815,0.0001074375
5136,256.65710468271163,1,0.0042911462485790254,8747.628784179688,0.42036504447460177,0.00010739999999999998
5137,629.5033816332864,1,-0.0023871767355757357,502.6048248291016,0.4204974234104156,0.0001073625
5138,618.6229963131768,1,-0.001373811232392086,344.5900939941406,0.4206011086702347,0.00010732499999999999
5139,477.1683169586528,1,0.02544406084343791,1160.2802429199219,0.4206194281578064,0.00010728749999999999
5140,588.3734397998153,1,0.03909427486360073,112.50823469161988,0.42124067693948747,0.00010725
5141,569.8630421223852,1,-0.016017813980579377,281.73401832580566,0.4219516456127167,0.00010721249999999998
5142,-1119.893214262292,1,0.0006275671534240246,33791.911840820314,0.42207556292414666,0.00010717499999999998
5143,567.1789263309876,1,0.06330799087882041,184.45166912078858,0.42203635573387144,0.0001071375
5144,235.33855623948347,1,0.0019627628615126015,62565.05009765625,0.42184706330299376,0.00010709999999999999
5145,531.7804916072859,1,0.07919072601944208,970.3393249511719,0.42217824757099154,0.00010706250000000001
5146,618.6338048148459,1,-0.0028538383713765823,314.68511352539065,0.4227710783481598,0.000107025
5147,585.1054020061254,1,0.012064215634018183,80.87674798965455,0.42278202772140505,0.00010698749999999998
5148,344.9687629424923,1,-0.01789784982101992,5365.409338378906,0.4219991073012352,0.00010695
5149,617.5054159307355,1,-0.08075353750027717,242.12112846374512,0.4216349422931671,0.00010691249999999999
5150,597.8618901723742,1,-0.1838651891797781,231.35395596325398,0.42132443785667417,0.00010687499999999998
5151,-3724.0737583009504,1,0.07142371906957123,10427.021733093261,0.4255852732807398,0.0001068375
5152,317.2413382260686,1,-0.0008830634760670364,40730.3353515625,0.42606204450130464,0.00010679999999999998
5153,-11779.248296615644,0,-0.0006197489013797359,6571.458646673906,0.42622925796006855,0.0001067625
5154,-239.31687385518416,1,-0.005651342049241066,14236.857509765625,0.4266118913888931,0.00010672499999999999
5155,-994.8497242159062,1,0.005091019812971354,13018.343929036459,0.4266739378372828,0.00010668749999999998
5156,291.56107403853815,1,0.016117284522624686,2702.681640625,0.4268075056374073,0.00010665
5157,433.1766403709925,1,-0.008092726371251047,1758.9398010253906,0.4269299402832985,0.0001066125
5158,-11740.812462459216,0,-0.0018785439260107907,3366.7140479202335,0.4259771441158495,0.00010657499999999997
5159,536.2140885822523,1,-0.013839357905089856,31272.887744140626,0.42512326836586,0.0001065375
5160,461.5680963879765,1,0.0038348497037077323,3232.2150741577148,0.42517000436782837,0.00010649999999999999
5161,260.0913534036349,1,-8.959989063441753e-05,16471.99864349365,0.4252915821969509,0.0001064625
5162,480.88395380499554,1,-0.2245798885356635,2929.729909992218,0.4251952260732651,0.000106425
5163,278.2951919529098,1,-0.0023543891186515492,2731.3174031575522,0.42521345714728037,0.00010638749999999998
5164,495.2520455554365,1,-0.0031816491081068914,2352.012569173177,0.4254841864109039,0.00010635
5165,401.02853948988786,1,-0.006398417148739099,1512.903628540039,0.4257046528160572,0.00010631249999999999
5166,317.59454669008835,1,-0.003009633533656597,2620.388545735677,0.4262683262427648,0.00010627499999999998
5167,502.0551977828094,1,-0.00779269432532601,2833.575762939453,0.4267307847738266,0.0001062375
5168,-11768.947377666793,0,0.00022703411155625393,2852.8960037683187,0.42724107190182337,0.00010619999999999998
5169,-173.72867485530583,1,0.005864429225524267,14367.061588541666,0.42844788332780204,0.00010616250000000001
5170,-1615.4184748376576,1,-0.0004552917857654393,10753.72970703125,0.4287586838006973,0.00010612499999999999
5171,-1837.8803826237627,1,0.002003989554941654,9849.822147623698,0.4289277325073878,0.00010608749999999998
5172,-645.7751543613504,1,0.019671375565230846,11174.08568359375,0.4291128420829773,0.00010605
5173,392.38666483956035,1,-0.011738868989050388,6035.086352539062,0.429258668422699,0.0001060125
5174,-11768.844026780405,0,0.0014041138371746792,2760.390418404027,0.43044116559781526,0.00010597499999999997
5175,525.7951872789283,1,-0.052563544797400635,16707.13425102234,0.4326282968123754,0.0001059375
5176,-3077.205099935523,1,-0.0016889305843506008,8783.507363891602,0.43385152481496336,0.00010589999999999999
5177,-11739.829944904859,0,-0.0012681880769760984,3244.4187586934945,0.43586083964297645,0.0001058625
5178,-4821.38905479548,1,-0.030015782063657587,7696.495557750355,0.43877755403518676,0.000105825
5179,416.6684275795464,1,-0.007640265394002199,21789.471728515626,0.44002711176872256,0.00010578749999999998
5180,-991.1625493158101,1,-0.007810439150780439,15190.082563476562,0.44009088099002835,0.00010575
5181,531.3330243801432,1,-0.005070151636997858,13164.755246988932,0.4401741027832031,0.00010571249999999999
5182,505.8377396144301,1,-0.007511589583009482,8431.73134765625,0.44014243185520174,0.00010567499999999998
5183,610.4086310068103,1,-0.06004213113337755,15522.156494140625,0.44013069570064545,0.0001056375
5184,319.322768687908,1,0.035675694420933726,1843.297989908854,0.4402341842651367,0.00010559999999999998
5185,551.7726452815177,1,-0.01937662921845913,5028.27144165039,0.4404309824109077,0.00010556250000000001
5186,430.9739805508193,1,-0.004085699981078506,2975.66689453125,0.4403847709298134,0.00010552499999999999
5187,-304.6782156193826,1,-0.004070375487208367,39742.55865885417,0.44021110932032265,0.00010548749999999998
5188,506.92789850499076,1,0.0018606407567858696,2833.9953186035154,0.44016159921884535,0.00010545
5189,-697.5466176508569,1,-0.046066558873280886,30821.6841796875,0.44016570448875425,0.0001054125
5190,502.49646443284496,1,-0.0037039458751678468,2337.701550292969,0.4402084231376648,0.00010537499999999997
5191,-3377.4705760455195,1,0.0007673030253499746,14104.127819824218,0.4401492357254028,0.00010533749999999999
5192,547.9758713888083,1,-0.0053873020224273205,4611.263189697265,0.4401306092739105,0.00010529999999999998
5193,520.3053455280143,1,-0.013102660576502482,2363.3741353352866,0.4401788334051768,0.0001052625
5194,160.74084237384722,1,-0.05313379596918821,31114.069580078125,0.4403075138727824,0.000105225
5195,264.66498721502444,1,-0.0005722597939893604,2931.791180419922,0.44043942242860795,0.00010518749999999998
5196,589.602844609224,1,-0.042165948543697596,6988.96396484375,0.4408173322677612,0.00010515
5197,548.6793573096827,1,-0.01146033313125372,1961.657177734375,0.4408206075429916,0.00010511249999999999
5198,-826.6320030865897,1,0.0023272630758583547,17044.23308105469,0.4405512347817421,0.00010507499999999998
5199,557.7469361081697,1,0.004126680735498667,3479.881237792969,0.44054932743310926,0.0001050375
5200,415.50359684043275,1,-0.003182651847600937,15593.5380859375,0.44060505032539365,0.00010499999999999999
5201,587.8088003684504,1,0.017759288009256125,2235.968356323242,0.44057394862174987,0.00010496250000000001
5202,589.9807362686861,1,0.017262057634070516,833.0401084899902,0.4406027734279633,0.00010492499999999999
5203,586.339516637566,1,0.007500750478357077,458.2345588684082,0.44139026403427123,0.00010488749999999998
5204,610.2688178851414,1,0.023581948969513176,443.7789165496826,0.4432185187935829,0.00010485
5205,77.7161338785275,1,0.019255388900637625,21131.07668863932,0.4441274404525757,0.00010481249999999999
5206,-439.0304792379984,1,-0.0028719321824610235,16131.241015625,0.44427097936471305,0.00010477499999999997
5207,531.8001245468474,1,-0.017593314126133918,411.97924652099607,0.4443229019641876,0.00010473749999999999
5208,285.79463600345076,1,0.007726614875718951,4666.931140136719,0.4444541186094284,0.00010469999999999998
5209,581.8553619838406,1,-0.008860529866069555,474.6595626831055,0.44442546665668486,0.0001046625
5210,577.3305861860983,1,-0.025747407623566688,1797.7078174591065,0.44410870522260665,0.000104625
5211,396.6478041430765,1,-0.0029131773859262466,3654.8264892578127,0.4444311633706093,0.00010458749999999997
5212,-3130.3642907940157,1,-0.0008372496081782239,10927.830221121652,0.44494154368128097,0.00010455000000000001
5213,-9266.591955903301,1,-0.0027996145188808443,5909.592685362872,0.4459922774749644,0.00010451249999999999
5214,473.1785966502508,1,-0.012894531706115231,1522.4082336425781,0.4463115930557251,0.00010447499999999998
5215,594.4519680112566,1,0.020789850689470767,745.7541175842285,0.4458822324872017,0.0001044375
5216,542.5546203549507,1,-0.010020921193063258,7934.25248413086,0.4456784829497337,0.00010439999999999999
5217,603.3948730282253,1,0.00201525567099452,306.15323028564455,0.44582768678665163,0.00010436250000000001
5218,616.5482452383145,1,0.014575630985200405,299.4604007720947,0.44612076580524446,0.00010432499999999999
5219,610.8623845241648,1,-0.10597466863691807,145.6849863052368,0.44415444135665894,0.00010428749999999998
5220,462.89816067764093,1,-0.0048243384808301926,1558.0006286621094,0.4389131784439087,0.00010425
5221,564.5562957549134,1,-0.05565128102898598,73.40553789138794,0.439104700088501,0.00010421249999999999
5222,621.247035229317,1,-0.032414103765040635,140.46967391967775,0.4399063527584076,0.00010417499999999997
5223,594.7861023581297,1,-0.015068515762686729,107.80083332061767,0.4373841047286987,0.00010413749999999999
5224,582.9156425924331,1,-0.014884704910218715,107.63147811889648,0.43378576040267947,0.00010409999999999998
5225,601.0941759820086,1,-0.017349114012904465,72.34335777759551,0.4323935344815254,0.0001040625
5226,-752.2791795385453,1,-0.01034091233741492,20218.82296142578,0.4299365937709808,0.000104025
5227,587.6274400005623,1,-0.0688676412217319,211.17625198364257,0.4295806705951691,0.00010398749999999997
5228,538.0186170270805,1,0.03236537156626582,308.0993202209473,0.4299691915512085,0.00010395
5229,622.4895143267489,1,0.06150472890585661,193.79351844787598,0.43072959780693054,0.00010391249999999998
5230,567.9980644764253,1,-0.0006921766325831413,126.02073287963867,0.4323925137519836,0.00010387499999999998
5231,578.0918786680425,1,0.024783756246324628,184.4979331970215,0.4334209099411964,0.0001038375
5232,622.2880844219735,1,-0.036178599251434206,239.2349298477173,0.43243313282728196,0.00010379999999999999
5233,569.5400975941328,1,-0.02359881312586367,124.45249443054199,0.4316400721669197,0.00010376250000000001
5234,585.2713843697793,1,-0.009882570058107377,149.7470580101013,0.4292994484305382,0.00010372499999999999
5235,576.4144073519661,1,0.04922361858189106,171.88806686401367,0.42946270704269407,0.00010368749999999998
5236,-231.2690215833229,1,6.835274398326874e-05,20478.107682291666,0.4317592899004618,0.00010365
5237,606.8512979757168,1,-0.029914671601727606,206.4101499080658,0.4324021875858307,0.00010361249999999999
5238,599.1020354743489,1,-0.0035432195098451303,288.0284790039062,0.43255276381969454,0.00010357499999999997
5239,612.6119249633921,1,-0.02293351348489523,87.1221824645996,0.43225568532943726,0.00010353749999999999
5240,597.0764128713768,1,0.10200406117364764,68.20542240142822,0.4325099289417267,0.00010349999999999998
5241,548.258916504456,1,0.3932483191601932,588.53047965765,0.4334907531738281,0.0001034625
5242,592.3902448669902,1,0.03529215576127172,95.23350582122802,0.43337332010269164,0.00010342499999999999
5243,-76.42448883039606,0,0.0013822651335171291,3153.13984135219,0.4330176476921354,0.00010338749999999997
5244,588.9628123417049,1,-0.0103678897023201,65.65020332336425,0.43228726387023925,0.00010335
5245,-73.75637615152158,0,0.014119134164814438,2041.6396569388253,0.4297924893242972,0.00010331249999999998
5246,-11488.070656848322,0,-0.0015836145201894014,3952.9658728850513,0.4286205912891187,0.00010327499999999998
5247,557.5715781186236,1,0.07029941938817501,1454.3410476684571,0.42874816060066223,0.0001032375
5248,-6290.243469390159,0,-0.0039690812541122895,2950.239667209826,0.43026490148745083,0.00010319999999999999
5249,-543.4392783814399,1,-0.005312026493872205,21297.428255208335,0.43097083568572997,0.00010316250000000001
5250,487.2843304475376,1,0.022730124881491065,8523.723120117187,0.43098587542772293,0.00010312499999999999
5251,-12054.581579945807,0,-0.00013049243410166942,3396.152599563097,0.4326837727898046,0.00010308749999999998
5252,491.0416710394671,1,-0.02102783787995577,8847.772778320312,0.4360777914524078,0.00010305
5253,566.1091108518915,1,0.011469446169212461,27188.97593383789,0.43623420000076296,0.00010301249999999999
5254,559.2819395069315,1,0.11059468202292919,3003.8611957550047,0.4362757086753845,0.00010297500000000001
5255,-11842.889119697193,0,-0.0029709973397027507,5101.788935736606,0.4361767618279708,0.0001029375
5256,546.4499397655031,1,-0.09314875826239585,13124.292651367188,0.43487815409898756,0.00010289999999999998
5257,569.1663745783669,1,0.15603223592042922,9784.637689208985,0.4348370432853699,0.0001028625
5258,152.93223892137908,1,-0.0009549573995172977,43288.858984375,0.43491694927215574,0.00010282499999999999
5259,630.8414290733288,1,-3.811403840057181e-05,22351.4115234375,0.4349622786045074,0.00010278749999999998
5260,-2025.0693004642787,1,-0.0278332087987413,16461.52035929362,0.435036522646745,0.00010275
5261,591.633141937648,1,-0.015282201673835516,11822.303820800782,0.43523685336112977,0.00010271249999999998
5262,577.664928808125,1,0.12987256310880185,6160.581904983521,0.4353285253047943,0.000102675
5263,599.7891731815579,1,-0.00101396015933517,7216.9685546875,0.4356263130903244,0.0001026375
5264,589.8609398578719,1,-0.0002982470902878731,7459.33701171875,0.4357271581888199,0.00010259999999999999
5265,593.4034550013064,1,-0.0011984070762991906,4461.28837890625,0.43578163385391233,0.0001025625
5266,628.8448702577623,1,-0.0007828585312495307,4938.646484375,0.4358369529247284,0.00010252499999999998
5267,-12053.89587281313,0,0.00017080270734272506,3319.598020172119,0.4362498866884332,0.00010248749999999998
5268,-108.1889518731445,0,0.00026570350996085577,801.7617698669434,0.43551368883677893,0.00010245
5269,140.0727477378598,1,-0.011261871736496686,17216.076171875,0.43393620699644087,0.00010241249999999999
5270,553.0786069965503,1,0.08785106325522066,3430.5835662841796,0.4337756872177124,0.00010237500000000001
5271,537.9335009098388,1,0.01756020952016115,3120.710745239258,0.4338057696819305,0.0001023375
5272,-7559.643566201348,0,-0.008408934345444371,3636.8835781298185,0.43364601135253905,0.00010229999999999998
5273,599.2939210723213,1,-0.0007561590244632655,7659.692724609375,0.43327986896038057,0.0001022625
5274,588.005199316696,1,-0.08238974791020155,28988.645745849608,0.4332733258605003,0.00010222499999999999
5275,579.0083849352475,1,0.0842745047993958,2859.6496826171874,0.43341943621635437,0.00010218749999999998
5276,-12055.843175396212,0,-0.0008513806338765119,3238.095131392228,0.4394448951670998,0.00010215
5277,576.6226824367142,1,0.0212176539003849,7483.17834777832,0.4459706962108612,0.00010211249999999998
5278,614.0641861297565,1,-0.0007926493417471647,2619.1441650390625,0.44599854946136475,0.000102075
5279,556.678356578905,1,0.02539135771803558,851.8942565917969,0.4459607481956482,0.0001020375
5280,613.0855221613165,1,0.10302280648611487,685.8854306787252,0.44569590091705324,0.00010199999999999999
5281,478.38475912193854,1,0.01507828440517187,784.7194885253906,0.44455772638320923,0.0001019625
5282,377.51000118538417,1,0.003529703849926591,2762.2209655761717,0.4442798554897308,0.00010192499999999998
5283,389.43713756946363,1,-0.019921091198921204,9851.019049072265,0.4442942276597023,0.00010188749999999998
5284,261.27755408837197,1,-0.011029492411762477,3423.191931152344,0.44431190490722655,0.00010185
5285,261.8970814316183,1,-0.003283843910321593,3826.6999755859374,0.4443765223026276,0.00010181249999999999
5286,342.19499083925285,1,-0.007944474741816521,3464.3657287597657,0.4444762781262398,0.00010177500000000001
5287,380.15645004851024,1,0.00041108201257884503,3391.9486694335938,0.44442417472600937,0.0001017375
5288,178.8741886457043,1,-0.002370013948529959,40510.76806640625,0.44428430646657946,0.00010169999999999998
5289,-488.347826600611,1,0.004064208194613457,5612.50571105957,0.44432962238788604,0.0001016625
5290,24.966572343388634,1,2.6837425927321117e-05,7781.769140625,0.44458039800326027,0.00010162499999999999
5291,583.0994275849434,1,-0.002063295617699623,12162.7810546875,0.4446245789527893,0.00010158749999999998
5292,-784.959720922074,1,-0.0019766805693507195,25103.1408203125,0.4446620211005211,0.00010155
5293,-3130.34865200882,0,-0.013491977853700519,8292.758715820313,0.4451128959655762,0.00010151249999999998
5294,432.597933195168,1,0.009724931977689266,18699.1544921875,0.4457638591527939,0.000101475
5295,-3861.2911375912818,1,-0.00294987295443813,10384.333692762586,0.44590126044220396,0.00010143749999999999
5296,-125.15743397389267,0,-0.004134227447211742,1046.863021850586,0.44593073666095734,0.00010139999999999998
5297,45.421142018580724,1,-0.00822246860091885,8669.269547526043,0.44573433001836144,0.0001013625
5298,281.16756296651636,1,-0.0008385899476706981,9475.868920898438,0.44568199962377547,0.00010132499999999998
5299,-416.88232442686706,1,-0.006152114225551486,17677.137158203124,0.4457191102206707,0.00010128749999999998
5300,524.3410892399753,1,0.00028415825217962263,18044.0736328125,0.44575572311878203,0.00010125
5301,-112.49090497265217,1,0.0003783533349633217,12712.049104817708,0.4457622398932775,0.00010121249999999999
5302,460.44674219840414,1,-0.008842628449201584,8472.260034179688,0.445745450258255,0.000101175
5303,484.0938652093528,1,-0.0544568476267159,12328.267053222657,0.445769727230072,0.0001011375
5304,500.82968403952884,1,0.048321486078202726,6693.425970458984,0.4457878112792969,0.00010109999999999998
5305,294.0192688328308,1,0.0004672117996960878,2544.6195373535156,0.4458921030163765,0.0001010625
5306,578.8941469972867,1,-0.0004137761331222123,13927.72666015625,0.44607392251491546,0.00010102499999999999
5307,250.20761390224553,1,-0.0008343554101884366,2451.687908935547,0.44613209962844846,0.00010098749999999998
5308,-2068.0532697615095,0,-0.005078477889765054,5740.577844238282,0.4464191567152739,0.00010095
5309,538.862931324718,1,0.04234932383988053,8554.438134765625,0.44730851650238035,0.00010091249999999998
5310,610.2714619389727,1,-0.00032976400612145796,19947.575390625,0.44739874005317687,0.00010087500000000001
5311,217.4470381309178,1,0.04419434194763502,5622.65942993164,0.44746964474519096,0.00010083749999999999
5312,257.4687539474056,1,0.0015607125591486693,8771.933447265625,0.4475529000163078,0.00010079999999999998
5313,515.7861944211193,1,0.009603460831567646,3906.70927734375,0.44761001914739607,0.0001007625
5314,466.41176391275184,1,-0.03185442469548434,9900.15537109375,0.44764034301042555,0.000100725
5315,445.5797322874709,1,-0.024622367788106204,2801.718536376953,0.4476872652769089,0.00010068749999999997
5316,404.5842553361864,1,0.05200961478985846,9622.943969726562,0.44756885170936583,0.00010065
5317,624.977514675788,1,-0.00014181298879236692,7717.500439453125,0.4474002033472061,0.00010061249999999999
5318,-215.35111154912505,0,-0.008368516418461999,647.1672866821289,0.4478332986434301,0.000100575
5319,-12056.603856171245,0,-6.45870734986506e-06,2348.2382961875514,0.4486805332334418,0.0001005375
5320,-12056.600824909327,0,0.000518281645092525,2829.565864251789,0.44952156355506495,0.00010049999999999998
5321,328.01379382266975,1,-0.00460017854347825,2711.4985168457033,0.455783449113369,0.0001004625
5322,505.5170531310058,1,-0.04821918534580618,12460.679107666016,0.45626659244298934,0.00010042499999999999
5323,380.62450439774835,1,-0.018847025907598437,1975.1024597167968,0.45638116598129275,0.00010038749999999998
5324,550.9300225266883,1,0.03803541138768196,2062.270316314697,0.45657912492752073,0.00010035
5325,586.970404409004,1,-0.19124217815697192,2646.115118408203,0.45668862462043763,0.00010031249999999998
5326,314.379235543002,1,-0.002416158467531204,4910.6830078125,0.4566215857863426,0.00010027500000000001
5327,535.7401015606487,1,-0.025472470466047524,1538.2322967529296,0.45648720413446425,0.00010023749999999999
5328,-3612.663892175239,1,-0.0026645519537851214,11095.23943786621,0.4565833877772093,0.00010019999999999998
5329,570.5928006318447,1,0.07706433637067675,1991.2092376708983,0.45682803392410276,0.0001001625
5330,-409.4601229382734,1,-0.007859393022954464,30564.570703125,0.4570166528224945,0.000100125
5331,490.8113066240045,1,-0.039298420678824185,908.7866943359375,0.4569027915596962,0.00010008749999999997
5332,591.7641514035236,1,0.02934748725965619,1451.3076721191405,0.45654270350933074,0.00010004999999999999
5333,433.7023296921005,1,0.006819591857492924,1997.4630065917968,0.45659957081079483,0.00010001249999999998
5334,571.6454271668564,1,0.09973373089451343,853.130689239502,0.456598687171936,9.9975e-05
5335,542.4829253916248,1,0.00512280035763979,411.6219429016113,0.45709556341171265,9.99375e-05
5336,190.2710767539913,1,0.008770640613511205,3654.2873046875,0.45764136165380476,9.989999999999998e-05
5337,-2840.8826152738093,1,0.0004885680707437651,8681.366176060268,0.45794046521186826,9.98625e-05
5338,566.4733946358235,1,-0.018968899548053742,1503.3746894836427,0.4584173858165741,9.982499999999999e-05
5339,-4312.482751774991,1,-0.004042574908170435,10972.95064968533,0.4587258689933353,9.978749999999998e-05
5340,515.3069923559497,1,-0.02197527731768787,1196.6685455322265,0.4588244631886482,9.975e-05
5341,410.2099310814872,1,-0.015490322932600975,1369.727798461914,0.4588687092065811,9.971249999999998e-05
5342,526.941892618066,1,-0.03235098011791706,928.6553009033203,0.4588015854358673,9.967500000000001e-05
5343,547.371922841223,1,0.05842593619599938,1116.2844985961915,0.4590747892856598,9.963749999999999e-05
5344,510.1188559964148,1,0.006142786177952076,559.3860733032227,0.45944885462522506,9.959999999999998e-05
5345,399.8264326877006,1,-0.003139661252498627,2589.74541015625,0.45906579941511155,9.95625e-05
5346,588.6510600937964,1,0.03042055480182171,3661.8191970825196,0.45915095806121825,9.9525e-05
5347,582.3722452365835,1,0.0332770511507988,826.442509841919,0.4592894434928894,9.948749999999997e-05
5348,454.53588613262133,1,-0.022557727876119316,2220.889025878906,0.45984778702259066,9.944999999999999e-05
5349,550.0209186901925,1,0.0134724915784318,332.1083553314209,0.460248576104641,9.941249999999998e-05
5350,-1190.6615780025024,1,0.0017903034342452884,20690.720703125,0.4604370780289173,9.9375e-05
5351,557.9238293275956,1,-0.018231344874948263,1232.8457763671875,0.46053312420845033,9.93375e-05
5352,570.9662629285425,1,-0.00883206892758608,520.8542133331299,0.46056067943573,9.929999999999997e-05
5353,566.6141784196238,1,0.046727877110242844,231.53320331573485,0.4605180978775024,9.92625e-05
5354,581.1820282127804,1,0.06187565363943577,4145.625977039337,0.46044282913208007,9.922499999999999e-05
5355,-535.7713888792325,1,3.8029711383084457e-05,25498.123502604165,0.4606944719950358,9.918749999999998e-05
5356,600.1455088583048,1,-0.03776435144245625,171.93697509765624,0.4606101855635643,9.915e-05
5357,596.4950224591169,1,0.06964162871008739,87.71086549758911,0.4593799442052841,9.911249999999999e-05
5358,618.7597443040536,1,-0.1898396502248943,189.9182571411133,0.4576439142227173,9.907500000000001e-05
5359,574.0454961166846,1,-0.029445987287908794,268.8546173095703,0.456139463186264,9.903749999999999e-05
5360,628.7190742123903,1,-0.023001285456120967,374.6850952148437,0.4549551248550415,9.899999999999998e-05
5361,561.1551155283512,1,-0.024965011328458787,606.8538612365722,0.45404506772756575,9.89625e-05
5362,627.2855154587379,1,0.07083499673753976,246.66910305023194,0.4531108260154724,9.892499999999999e-05
5363,597.8257352304739,1,-0.03528388412669301,90.6049825668335,0.4532636761665344,9.888749999999997e-05
5364,-32.86892478988574,1,0.025605343965192637,27993.813899739584,0.45229349136352537,9.884999999999999e-05
5365,-1283.3239178248064,1,-0.00010083203669637441,17664.64826660156,0.4522419683635235,9.881249999999998e-05
5366,612.8739597087083,1,-0.02342327358201146,35.59968212246895,0.4525382399559021,9.8775e-05
5367,-8036.03411383903,1,0.0033336588678260642,7080.564707107544,0.45107730428377785,9.87375e-05
5368,518.7735387942663,1,-0.0396055418998003,671.1334999084472,0.45114739090204237,9.869999999999997e-05
5369,550.5438591833314,1,-0.03226172300055623,15653.011260986328,0.4504396617412567,9.86625e-05
5370,620.3645856256329,1,-0.007614624494453892,569.4143005371094,0.4502177625894547,9.862499999999998e-05
5371,570.5582911620054,1,0.03829758809879422,517.7780632495881,0.44980416297912595,9.858749999999998e-05
5372,373.2064970872127,1,-0.004047354124486447,8770.933239746093,0.44939537793397905,9.855e-05
5373,597.932338566656,1,0.10450021214783192,298.96785430908204,0.4494752883911133,9.851249999999999e-05
5374,-925.0672132350254,1,0.010480932123027743,21495.64895019531,0.45012706220149995,9.847500000000001e-05
5375,-377.8179741824286,1,-0.005785114752749602,28753.882552083334,0.4502128750085831,9.843749999999999e-05
5376,629.2034080441418,1,-0.0023349426935759254,741.491845703125,0.45016688108444214,9.839999999999998e-05
5377,-1023.175830173808,1,-0.0032374300935771316,24862.656958007814,0.44995580017566683,9.83625e-05
5378,526.6807674254509,1,0.005311519932001829,1640.027520751953,0.45003921687603,9.832499999999999e-05
5379,527.86022271286,1,-0.20646278373897076,478.9866092681885,0.450457276403904,9.828750000000001e-05
5380,570.7248718707535,1,0.03424393087625503,5606.424304199219,0.4513977006077766,9.824999999999999e-05
5381,-87.75175489387988,0,-0.014707064888595293,1468.160424041748,0.4514780138929685,9.821249999999998e-05
5382,609.1384173545234,1,0.0003854358250493739,4653.07705078125,0.4509002804756165,9.8175e-05
5383,618.2128348932468,1,-0.00018261866644024848,633.8016845703125,0.4508098721504211,9.81375e-05
5384,594.8294791676157,1,-0.0024437983521018226,300.3211929321289,0.4510335236787796,9.809999999999997e-05
5385,587.0534298217947,1,-0.08737944718450308,119.53849086761474,0.45112663358449934,9.80625e-05
5386,566.991819169995,1,0.026563530787825584,3873.1324150085447,0.44942867159843447,9.802499999999998e-05
5387,505.7387982043642,1,-0.005583216046215966,1094.8033584594727,0.44879581183195116,9.79875e-05
5388,-1218.3728216671198,1,-0.006193162128329277,18879.56932373047,0.44871346950531005,9.795e-05
5389,502.1943017307607,1,-0.0032342153368517756,837.460580444336,0.44853912740945817,9.791249999999999e-05
5390,549.244037474234,1,-0.003745512664318085,1476.3239624023438,0.4481209397315979,9.787500000000001e-05
5391,53.66480374207174,1,0.0013929472304880619,20147.881591796875,0.44811706691980363,9.783749999999999e-05
5392,608.2910529553333,1,-0.08177020186558366,639.3463020324707,0.4482042968273163,9.779999999999998e-05
5393,382.10537580688595,1,-0.01483585003297776,4571.523022460938,0.4483270049095154,9.77625e-05
5394,619.0004104422486,1,-0.0003700072497569096,945.879345703125,0.44832164645195005,9.772499999999999e-05
5395,609.0317789024217,1,-0.0012899697849384495,572.58017578125,0.4484011888504028,9.768750000000001e-05
5396,553.1071249370912,1,-0.03803692813962698,117.33742380142212,0.44870352298021315,9.764999999999999e-05
5397,568.5267596775637,1,0.06353186359629034,134.5543448716402,0.4493431568145752,9.761249999999998e-05
5398,568.8704427764609,1,-0.08837242228910328,149.20146474838256,0.45064441561698915,9.7575e-05
5399,610.0714346762269,1,0.004033493576571345,242.02700233459473,0.45238075852394105,9.753749999999999e-05
5400,44.680886572002635,1,-0.0008010592311620713,15193.95107421875,0.4535316750407219,9.749999999999998e-05
5401,558.4361316141191,1,0.3083878281526268,182.5346194855869,0.45265297293663026,9.74625e-05
5402,623.6240356341411,1,-0.004042714758912958,244.14388885498047,0.449103382229805,9.742499999999998e-05
5403,511.6228796988348,1,-0.04956216625869274,760.9360298156738,0.4476514995098114,9.73875e-05
5404,607.6263331965611,1,0.02890883442014456,91.49771862030029,0.446869307756424,9.735e-05
5405,577.8642980265603,1,-0.0009575776422964033,3003.1469970703124,0.445828378200531,9.731249999999999e-05
5406,572.9207641425157,1,-0.05066945180296898,150.1105221748352,0.44541857242584226,9.7275e-05
5407,573.5424844383908,1,-0.029519207868725063,110.42884531021119,0.44608991146087645,9.723749999999999e-05
5408,522.2143918509158,1,0.009085176431108266,1043.11201171875,0.4468858927488327,9.719999999999998e-05
5409,572.8886067741164,1,-0.009097028645919636,148.50756645202637,0.4470560312271118,9.71625e-05
5410,-2165.401328514291,1,0.006955448227624099,16440.99344889323,0.4473389406998952,9.712499999999999e-05
5411,-153.77113329940795,1,-0.00186177808791399,30149.028776041665,0.4473739445209503,9.708750000000001e-05
5412,549.9957416957855,1,-0.02628254066221416,676.1661666870117,0.4472979620099068,9.705e-05
5413,592.3702200775718,1,-0.07038702191784978,198.89968910217286,0.4469132423400879,9.701249999999998e-05
5414,578.5862157470254,1,0.07017351710237563,235.89555435180665,0.44601151794195176,9.6975e-05
5415,-11746.68320011684,0,-0.0006591154409474448,4077.9483760570224,0.44669009258872583,9.693749999999999e-05
5416,604.5562140115296,1,-0.0008495786227285862,1719.059765625,0.4497970461845398,9.689999999999998e-05
5417,607.2546722946137,1,-0.06409907219931484,1120.0269866943358,0.449744439125061,9.68625e-05
5418,525.8498456069323,1,-0.053817047644406556,12629.029559326173,0.44962685704231264,9.682499999999998e-05
5419,613.0123876932114,1,-0.2133083151653409,1097.651275676489,0.45149619579315187,9.67875e-05
5420,502.56706798345255,1,0.03513007201254368,6025.45299987793,0.4556981727480888,9.675e-05
5421,-4994.8058290934505,1,0.001374946003779769,10648.329302368164,0.4570007994771004,9.671249999999999e-05
5422,416.26944425300354,1,-0.00480724168010056,2141.078399658203,0.45714515298604963,9.6675e-05
5423,-1022.5833329649533,1,-0.0004590270691551268,21248.730102539062,0.4571860708296299,9.663749999999998e-05
5424,575.1161387957824,1,-0.035553067456930876,2045.0428771972656,0.4571795672178268,9.659999999999998e-05
5425,-163.80825462967402,1,0.012170465616509318,8482.37265625,0.4571510642766953,9.65625e-05
5426,206.2408396923956,1,0.002489426918327808,36076.5962890625,0.45719379782676695,9.652499999999999e-05
5427,-410.2332183564023,1,0.00021310038864612578,15739.448030598958,0.45721878806749977,9.648750000000001e-05
5428,591.8570921188391,1,-0.023577151540666818,1585.1266441345215,0.4572513610124588,9.645e-05
5429,-749.2987390935261,1,0.004211082262918353,23374.7724609375,0.45723715871572496,9.641249999999998e-05
5430,544.6836501575732,1,-0.007975077955052257,633.8052604675293,0.4572042554616928,9.6375e-05
5431,607.6188959049075,1,-0.0028326962143182754,7578.436190795898,0.45714846849441526,9.633749999999999e-05
5432,480.98465761494174,1,-0.010349581041373313,1138.9252655029297,0.45719406455755235,9.629999999999998e-05
5433,-385.8540701875357,1,-0.0033896447780231635,25766.83857421875,0.45730396211147306,9.62625e-05
5434,501.13164112269874,1,0.034330886974930766,21319.488195800783,0.4573386490345001,9.622499999999998e-05
5435,492.03672045395354,1,-0.04032200477086008,793.9055374145507,0.4573471680283546,9.61875e-05
5436,536.4263661237226,1,-0.005510660447180271,288.19534759521486,0.4572396337985992,9.614999999999999e-05
5437,627.2327524735384,1,-0.06743299458175897,848.6309158325196,0.45686161518096924,9.611249999999998e-05
5438,619.5588472469517,1,0.006117771752178669,675.246824836731,0.4566967785358429,9.6075e-05
5439,-5292.5077808090455,1,0.016971699758009478,9854.638218784332,0.4565172249620611,9.603749999999998e-05
5440,618.40254697845,1,-0.013881254615262151,937.0028792381287,0.4565786004066467,9.599999999999998e-05
5441,618.2294059306528,1,0.05090056098997593,451.11352863311765,0.4564800694584846,9.59625e-05
5442,616.6499978891758,1,0.11296154400333762,197.895019865036,0.4563708782196045,9.592499999999999e-05
5443,-126.14065141963087,0,-0.0019182678680711737,1623.9065424601238,0.4562768846750259,9.58875e-05
5444,596.8805502653853,1,0.09214282264001668,165.20229301452636,0.45590728521347046,9.585e-05
5445,503.87300714536616,1,0.023186736460775136,1618.8723022460938,0.4554984331130981,9.581249999999998e-05
5446,477.9786433950014,1,-0.011421430093469099,29756.37099609375,0.45532208383083345,9.5775e-05
5447,-902.0968522968145,1,-0.006352401664480567,15560.8765625,0.4553132377564907,9.573749999999999e-05
5448,-70.53097542657393,0,-0.002394724179369708,1312.8481277465821,0.4554152990380923,9.569999999999998e-05
5449,-3564.994984279306,1,0.018833090724157436,3671.1947773252214,0.4557821980544499,9.56625e-05
5450,570.8134042791881,1,-0.06188039630651474,1283.925619506836,0.456694632768631,9.562499999999998e-05
5451,627.671077306793,1,-0.1299001912586391,11341.65540046692,0.4568980515003204,9.55875e-05
5452,571.4045134844481,1,-0.02765602683648467,1521.7194030761718,0.4571457296609879,9.554999999999999e-05
5453,-939.6717963624944,1,-0.00830544251948595,24508.093188476563,0.4574123859405518,9.551249999999998e-05
5454,567.7669634393317,1,-0.011336458567529916,1854.200732421875,0.45754351615905764,9.5475e-05
5455,588.8090127331404,1,0.12608832512050866,1173.5991119384767,0.45772625207901,9.54375e-05
5456,597.7879219980641,1,0.09067222489975393,774.9710836410522,0.457894329726696,9.539999999999997e-05
5457,-803.0552546321765,1,-0.004734776867553592,28918.641259765624,0.4577005259692669,9.53625e-05
5458,613.3794196823347,1,-0.0059890889562666414,1022.1864532470703,0.45773710012435914,9.532499999999999e-05
5459,568.7841128275277,1,0.07445832462981343,614.8747604370117,0.45784868597984313,9.52875e-05
5460,607.5073391733813,1,-0.029501865990459918,364.14979248046876,0.4578275680541992,9.525e-05
5461,613.8962227919569,1,-0.011493741068989038,241.35385584831238,0.4578824758529663,9.521249999999998e-05
5462,539.4521025226344,1,-0.006461026147007942,826.9244361877442,0.4584457099437714,9.5175e-05
5463,577.2317419113824,1,-0.018987400643527507,141.8401309967041,0.4591060757637024,9.513749999999999e-05
5464,578.8655194668079,1,-0.022275866894051432,88.58497982025146,0.4600830614566803,9.509999999999998e-05
5465,539.3324610832792,1,-0.01307788995327428,286.5182132720947,0.46036488115787505,9.50625e-05
5466,629.0963314353755,1,0.1628887222148478,476.7271469116211,0.46010119915008546,9.502499999999998e-05
5467,549.1065886145691,1,-0.07239307519048452,682.3182510375976,0.4597866088151932,9.498750000000001e-05
5468,-74.32658036784193,1,0.028848065497974553,10684.324007161458,0.4594037771224976,9.494999999999999e-05
5469,-4736.883865728156,1,-0.0031807743944227695,11760.87189086914,0.45937900364398954,9.491249999999998e-05
5470,608.6117512945883,1,0.032148904725909234,1726.367889803648,0.4597398638725281,9.4875e-05
5471,618.8012387417115,1,-0.17225529616698623,1567.3775581359864,0.4603536069393158,9.48375e-05
5472,609.4707357968978,1,-0.001828867334763551,918.0670349121094,0.46058370769023893,9.479999999999997e-05
5473,590.2309994228331,1,-0.016741730645298956,9326.282241821289,0.46074128299951556,9.476249999999999e-05
5474,596.9291278618327,1,0.033478472102433446,465.72711696624754,0.46080963015556337,9.472499999999998e-05
5475,566.370697798892,1,0.02513603735715151,346.111137008667,0.4605917826294899,9.46875e-05
5476,-803.2231390099539,1,-0.0012638773582875728,10438.861459960937,0.4603841990232468,9.465e-05
5477,495.82318445669404,1,-0.05781665211543441,3055.097576904297,0.4604261577129364,9.461249999999998e-05
5478,-131.89644506742158,0,0.0039267033648987615,1720.1526707967123,0.46056471665700277,9.4575e-05
5479,-112.12477882930422,0,-0.008714288907746474,1214.8849159240722,0.4603520279129346,9.453749999999999e-05
5480,-3106.176667569401,1,-0.022966162705173095,8420.028334744771,0.4597397565841675,9.449999999999998e-05
5481,-942.184319860505,1,0.003145050909370184,17731.22702636719,0.4600486375391483,9.44625e-05
5482,-7328.291431926949,1,-0.0006339475645550659,6953.418103027344,0.4604012617043087,9.442499999999998e-05
5483,567.5222701887158,1,0.07015141267329454,10106.769250488282,0.46108131408691405,9.438750000000001e-05
5484,542.0382949262357,1,-0.0012676906771957874,5785.544934082031,0.46117150187492373,9.434999999999999e-05
5485,179.35962453920328,1,-0.0013568202033638955,11340.307861328125,0.4612311437726021,9.431249999999998e-05
5486,-8309.52474985677,1,-0.0013141218634943168,5963.260260620117,0.4615074364344279,9.4275e-05
5487,-11408.518008798643,0,-0.002957934322521875,3160.1333302046123,0.4621686722102918,9.42375e-05
5488,457.27554064464186,1,-0.010210701171308756,17134.655712890624,0.4624134123325348,9.419999999999997e-05
5489,546.1415248488638,1,-0.043584336526691914,32448.84794921875,0.46243627220392225,9.416249999999999e-05
5490,594.0252026415911,1,-0.00397865972481668,15939.63046875,0.46242607533931734,9.412499999999998e-05
5491,90.6103618698005,1,-0.0013116506859660148,15185.342708333334,0.46246401270230614,9.40875e-05
5492,586.5873626005016,1,-0.0613453458994627,15693.268688964843,0.4625703155994415,9.405e-05
5493,585.4249876926591,1,0.0499265730381012,9699.932495117188,0.46260485649108884,9.401249999999997e-05
5494,559.2960170752046,1,-0.024875910207629203,7344.771557617188,0.46263491064310075,9.3975e-05
5495,-2028.3580235200566,1,-0.005836230111567096,6081.163997734918,0.4629006524880727,9.393749999999999e-05
5496,501.85841351136867,1,0.016580562572926283,17946.01984863281,0.4633646890521049,9.389999999999998e-05
5497,565.7483254987358,1,0.0056961623951792715,9584.85576171875,0.4634305119514465,9.38625e-05
5498,-1659.5253906063938,1,0.0014316613599658012,25437.58546875,0.46346087455749513,9.382499999999999e-05
5499,-45.14174690713105,1,-0.0002203439362347126,12673.857568359375,0.4635144134362539,9.378750000000001e-05
5500,553.3381764459544,1,-0.004731212835758924,5619.593371582031,0.46364872753620145,9.374999999999999e-05
5501,402.66616604238953,1,0.004736875602975488,12257.428393554688,0.4637178614735603,9.371249999999998e-05
5502,-7661.711888158941,0,-0.002810547547414899,3800.454854222348,0.4635290472131026,9.3675e-05
5503,272.5506597747381,1,-0.009682701155543327,16281.3375,0.46309425830841067,9.363749999999999e-05
5504,596.4028878296944,1,-0.04270732570439577,22254.78369140625,0.4630725786089897,9.360000000000001e-05
5505,-6095.926842469558,0,-0.001664053134031986,1837.292185853657,0.4641061625982586,9.356249999999999e-05
5506,588.2692957661557,1,-0.057882205676287414,31136.92752685547,0.46620354652404783,9.352499999999998e-05
5507,606.7311879453393,1,-0.00401601786725223,17600.1994140625,0.46630139350891114,9.34875e-05
5508,564.3119819968944,1,0.01113471807911992,9531.63272705078,0.46632176637649536,9.345e-05
5509,516.3690696614985,1,-0.047152992058545354,9625.476342773438,0.4663889467716217,9.341249999999997e-05
5510,565.7376994132471,1,-0.003679241891950369,6987.846118164062,0.4664577946066856,9.3375e-05
5511,394.352892092414,1,-0.03218428203836084,5100.904064941406,0.46649843603372576,9.333749999999999e-05
5512,495.1358107935425,1,0.04488356639631093,3590.832238769531,0.4665037035942078,9.33e-05
5513,598.2059479442179,1,0.22910716570913792,2583.398696899414,0.46639708876609803,9.32625e-05
5514,410.4399318588083,1,-0.010193077567964792,4202.609771728516,0.46626525223255155,9.322499999999999e-05
5515,-826.6991109487631,1,-0.01591820587636903,20493.771337890626,0.46630316600203514,9.318750000000001e-05
5516,-3960.110746711771,1,-0.005052824802696705,3366.8694366200766,0.46680506885051726,9.314999999999999e-05
5517,622.7975951144772,1,-0.21768803130835296,9784.285350036622,0.46795045733451845,9.311249999999998e-05
5518,608.9632040395561,1,-0.04151461282745004,5098.4887933015825,0.46830331683158877,9.3075e-05
5519,557.8587280177537,1,-0.07161386469379068,5350.601513671875,0.4696227267384529,9.303749999999999e-05
5520,566.2828756323435,1,0.01835459368303418,3147.536612701416,0.470074725151062,9.300000000000001e-05
5521,626.9149028582267,1,0.12649559983983635,1880.0917009353639,0.47009784579277036,9.296249999999999e-05
5522,598.341835058897,1,0.14247155822813512,812.70988342762,0.47038133144378663,9.292499999999998e-05
5523,565.266738144866,1,-0.16132761240005494,619.7015407562255,0.470927768945694,9.28875e-05
5524,413.37948165772093,1,0.01793780140578747,3303.935162353516,0.4731945633888245,9.285e-05
5525,627.8389245152932,1,-0.0017030921380438713,1293.9020751953126,0.4738053232431412,9.281249999999997e-05
5526,595.0702264221442,1,-0.1198047274723649,548.1298316955566,0.4738387197256088,9.2775e-05
5527,596.7530576445449,1,0.010208815895020961,151.27845611572266,0.4732998490333557,9.273749999999998e-05
5528,537.0671704241988,1,-0.009803104586899281,351.37741928100587,0.4727358713746071,9.27e-05
5529,618.3064056343148,1,-0.003836661928248475,477.8976715087891,0.4722848951816559,9.26625e-05
5530,-5074.979161053539,1,-0.00048555361106991765,8115.196808013916,0.47231870144605637,9.262499999999999e-05
5531,616.7320914698075,1,0.06310506286099553,245.30847597122192,0.47338493466377257,9.258750000000001e-05
5532,556.730558234523,1,0.044499253924004736,384.672416305542,0.4732107162475586,9.254999999999999e-05
5533,586.6920592006408,1,-0.07707511829212307,137.60313606262207,0.4728241264820099,9.251249999999998e-05
5534,607.7467702801763,1,0.2656195183284581,99.25354322195054,0.47237407565116885,9.2475e-05
5535,602.2478062870273,1,0.24245215887203814,68.812280189991,0.4709124624729156,9.243749999999999e-05
5536,623.5380192386668,1,0.012779669655907355,94.17849960327149,0.4708461731672287,9.240000000000001e-05
5537,407.3566224946995,1,-0.011631365492939949,3817.3215087890626,0.47093925476074217,9.236249999999999e-05
5538,-123.75063890026462,0,-0.009377279536177714,1462.2405344645183,0.47095144440730413,9.232499999999998e-05
5539,558.4405171417284,1,-0.03975332407280803,304.9009326934814,0.47058201432228086,9.22875e-05
5540,376.0209678593626,1,0.01020874329842627,5562.5833740234375,0.4702341139316559,9.224999999999999e-05
5541,610.2794300346812,1,-0.002176367162124393,550.7225708007812,0.4702262908220291,9.221249999999997e-05
5542,589.3279198515216,1,-0.00089838118432084,328.6028656005859,0.47021363079547884,9.2175e-05
5543,509.7201041346623,1,0.019292254466563463,2287.3509155273437,0.4701240658760071,9.213749999999998e-05
5544,385.1019479041502,1,0.007255800813436508,2956.274334716797,0.47004880011081696,9.21e-05
5545,603.5317007995747,1,-0.0003366939785934164,661.3386962890625,0.4700264006853104,9.20625e-05
5546,542.3325169709549,1,-0.01654033288359642,530.2805454254151,0.46999648213386536,9.202499999999999e-05
5547,542.6676739804232,1,-0.04246551794931293,155.2610463142395,0.47014702707529066,9.19875e-05
5548,-76.71022771248748,0,-0.011456878388500107,874.4228615897042,0.46993946603366304,9.194999999999999e-05
5549,618.0671740077173,1,0.023661312460899354,2253.0741343155505,0.46996164321899414,9.191249999999998e-05
5550,589.478650438495,1,-0.005240014999633047,878.5921875,0.47021220326423646,9.1875e-05
5551,617.4221317109414,1,-0.08400375507771969,380.52859725952146,0.470569372177124,9.183749999999999e-05
5552,628.3740813318695,1,-0.0016664892435073852,482.4455291748047,0.4705750226974487,9.180000000000001e-05
5553,599.6108707082016,1,-0.10877483529038727,224.38263969421388,0.4703246667981148,9.17625e-05
5554,627.7822093948871,1,-0.009732046164572239,224.92690734863282,0.4700750231742859,9.172499999999998e-05
5555,577.0248331548897,1,0.023024655133485793,5732.35310306549,0.47019400596618655,9.16875e-05
5556,451.48087565388715,1,-0.005962736159563065,2689.5714416503906,0.4703368470072746,9.164999999999999e-05
5557,610.4857337213824,1,0.033873137645423414,1593.5860229492187,0.47037944942712784,9.161249999999998e-05
5558,602.6515174245359,1,0.04846994774416089,126.47926406860351,0.470398485660553,9.1575e-05
5559,573.3763868234298,1,-0.10942871933802963,114.95638370513916,0.47096303999423983,9.153749999999998e-05
5560,606.3520340788423,1,0.0890420793555677,42.647551491856575,0.4727840840816498,9.15e-05
5561,-38.54719398143811,1,-0.0029130536092755693,15947.618522135417,0.47659236987431847,9.14625e-05
5562,444.5558121939947,1,-0.07785326833836734,2096.0413208007812,0.4772675305604935,9.142499999999999e-05
5563,-11456.321967988411,0,-0.0020230111420938843,4788.548331732499,0.47749135494232176,9.13875e-05
5564,595.9713440817181,1,0.10837944149971009,6272.681650352478,0.47766354084014895,9.134999999999998e-05
5565,563.125130455806,1,0.00573437251150608,14634.399975585937,0.47770739793777467,9.131249999999998e-05
5566,441.7786666443715,1,0.036467329040169714,4866.77666015625,0.4776950627565384,9.1275e-05
5567,-4883.673788806202,1,-6.973203271627426e-05,10542.61822265625,0.4777594482898712,9.123749999999999e-05
5568,252.1815430261432,1,0.002340263986843638,6890.153149414063,0.4778732627630234,9.120000000000001e-05
5569,603.1745570286885,1,0.002119742799550295,3855.6850463867186,0.4778765097260475,9.11625e-05
5570,577.1188850531823,1,-0.020105256233364344,6098.755010986328,0.477864146232605,9.112499999999998e-05
5571,-10.137523599658493,1,-0.002864572343726953,15295.939388020834,0.47789593736330666,9.10875e-05
5572,587.0318577666864,1,-0.21583073809742928,4436.087827146053,0.47798571586608884,9.104999999999999e-05
5573,609.523914873836,1,-0.00046602519343039714,4218.906298828125,0.4783089399337769,9.101249999999998e-05
5574,616.6896158615914,1,0.036335443053394555,3292.6452325820924,0.47850470542907714,9.0975e-05
5575,527.3769528254376,1,0.058759983815252784,2316.019764709473,0.4786155864596367,9.093749999999998e-05
5576,557.7917178605057,1,-0.010594914574176073,1623.6590044021607,0.47876007556915284,9.09e-05
5577,-12054.562900595018,0,-0.00025554568947930084,3319.8788694392692,0.4787420385762265,9.086249999999999e-05
5578,595.5392507538558,1,-0.01125969784334302,3220.805325317383,0.4772530570626259,9.082499999999999e-05
5579,-121.71465991915655,0,-0.004999224406977494,896.0473981221517,0.4771324614683787,9.07875e-05
5580,589.5834213270916,1,-0.0012653338289553063,2132.776086425781,0.47724753618240356,9.074999999999998e-05
5581,560.8382974326071,1,-0.03990786261856556,1749.1915466308594,0.477281266450882,9.071249999999998e-05
5582,-878.5096465812544,1,-0.0063901437446475026,10633.974357096355,0.4772827615340551,9.0675e-05
5583,-11438.5402390637,0,-0.0018778233249720775,3410.283052012795,0.4772467613220215,9.063749999999999e-05
5584,616.5037068279389,1,0.19270311612635851,10573.282559776306,0.47714866399765016,9.06e-05
5585,372.785778955699,1,0.010363514721393585,8053.357373046875,0.4773049995303154,9.05625e-05
5586,437.31910280803925,1,0.020907836453989147,6653.451171875,0.47736992239952086,9.052499999999998e-05
5587,588.1907162389625,1,-0.1257306925021112,6171.241467285156,0.4773590564727783,9.04875e-05
5588,605.0225163783538,1,0.08115267409011721,3423.2172576904295,0.47734676450490954,9.044999999999999e-05
5589,375.3223300124045,1,0.007604496204294264,6960.500744628906,0.47734659612178804,9.041249999999998e-05
5590,608.5457635137905,1,-0.00038047533865537275,4021.97373046875,0.4773340582847595,9.0375e-05
5591,454.56743319851205,1,-0.010051817493513226,873.6455810546875,0.47731726318597795,9.033749999999998e-05
5592,577.7094669780541,1,0.0001916397362947464,2849.4827392578127,0.4772803544998169,9.03e-05
5593,628.8630782621635,1,8.318941583738138e-05,4338.017602539063,0.4772539407014847,9.026249999999999e-05
5594,-6913.205984584949,1,-0.0022330472263722466,6129.90039238563,0.4774752795696259,9.022499999999998e-05
5595,598.7226108365785,1,-0.00028422325849533083,1953.4264282226563,0.4778393030166626,9.01875e-05
5596,617.349820336977,1,0.08175814971327781,1158.9874271392823,0.4778713583946228,9.014999999999998e-05
5597,557.2995277670551,1,-0.0653197462670505,484.8856834411621,0.4780820906162262,9.011249999999997e-05
5598,605.6177133877874,1,-0.1669195800088346,886.504318626225,0.4781697154045105,9.0075e-05
5599,512.240079662299,1,0.03415327686816454,1058.2072265625,0.47833260893821716,9.003749999999999e-05
5600,595.3567613726713,1,0.017991486005485058,878.9232963562011,0.4784807875752449,9e-05
5601,629.4818546431558,1,-0.0010917576643507231,888.662646484375,0.4787392407655716,8.99625e-05
5602,-6825.248917383323,1,-0.0017468112091032358,6994.241505622864,0.4791901503617947,8.992499999999998e-05
5603,587.866690503995,1,-0.003228780627250671,403.4115753173828,0.47974069118499757,8.98875e-05
5604,-3646.8709750000685,1,0.0032263863366097214,12868.860027313232,0.47981494553387166,8.984999999999999e-05
5605,619.702713902345,1,-0.003692036961507483,1380.567822265625,0.47999719977378846,8.981249999999998e-05
5606,-4275.526290108955,1,0.0018257757079684072,13605.807964409722,0.4800973445177078,8.9775e-05
5607,421.88910865113763,1,-0.029309276863932608,2161.665594482422,0.4802764028310776,8.973749999999998e-05
5608,-1772.7573743385049,1,0.0016782984137535095,8166.821603393555,0.48033669479191304,8.970000000000001e-05
5609,432.230544335258,1,-0.0014151724055409432,1919.5904113769532,0.4804819136857986,8.966249999999999e-05
5610,559.2270069811816,1,-0.0005175651051104069,4332.621606445313,0.4804902791976929,8.962499999999998e-05
5611,568.1817972922797,1,-0.014053761214017867,2090.738421630859,0.4805028736591339,8.95875e-05
5612,318.18341014843645,1,0.0043922701152041554,27103.506005859374,0.4805154249072075,8.955e-05
5613,546.7229069309336,1,0.014535554125905037,944.853783416748,0.48053584098815916,8.951249999999997e-05
5614,599.654891183654,1,-0.00010009905834245103,9597.02568359375,0.4807142704725266,8.947499999999999e-05
5615,529.5531423885766,1,-0.016419901326298714,298.15371799468994,0.48083544075489043,8.943749999999999e-05
5616,567.8102459738711,1,0.012957515567541123,454.6782937288284,0.4809313535690308,8.94e-05
5617,465.3736763645477,1,0.0016767263412475586,2729.48271484375,0.4817806124687195,8.93625e-05
5618,588.6579440766061,1,-0.0028705247073254727,749.4379028320312,0.4821643173694611,8.932499999999998e-05
5619,503.5098029040869,1,0.010041960701346397,1149.1573455810546,0.48221213817596437,8.92875e-05
5620,515.5699285521672,1,-0.003088668268173933,881.9293609619141,0.48216012120246887,8.924999999999999e-05
5621,568.3527700387315,1,0.11329744569957256,375.9788528442383,0.4822794198989868,8.921249999999998e-05
5622,618.346795536263,1,-0.001403341648169487,941.2406433105468,0.4823141753673553,8.9175e-05
5623,629.9901504279077,1,-0.0010268624460941568,947.8919189453125,0.4823567122220993,8.913749999999998e-05
5624,589.0641156507622,1,-0.004974669375511098,516.383901977539,0.4824065536260605,8.910000000000001e-05
5625,587.7717083156714,1,-0.006415707319845154,153.65625686645507,0.4825200766324997,8.906249999999999e-05
5626,455.57840792703905,1,0.05440959045663476,31905.3947265625,0.48287433981895445,8.902499999999998e-05
5627,436.65934251309346,1,-0.015339913312345743,22251.440234375,0.4830073595046997,8.89875e-05
5628,620.340978874378,1,-0.004441620326835505,433.7500701904297,0.4829642117023468,8.895e-05
5629,540.4091510248819,1,0.028472123388200998,309.20704193115233,0.48265770077705383,8.891250000000001e-05
5630,630.2658602820459,1,-0.00012809983629011868,5366.62109375,0.4823352783918381,8.887499999999999e-05
5631,620.677517801014,1,-0.008320924402858055,429.62587280273436,0.4822135180234909,8.883749999999998e-05
5632,598.8081732805625,1,0.029631274845451118,141.3683107614517,0.4820032835006714,8.88e-05
5633,-613.8869524774315,1,0.0002428833084801833,20520.112565104166,0.4831013868252436,8.87625e-05
5634,556.2743195379005,1,0.09356354456394911,400.6252550125122,0.4833370685577393,8.872499999999997e-05
5635,630.4526104465837,1,-0.002599949942990065,421.499462890625,0.48270416259765625,8.86875e-05
5636,608.2007592987155,1,-0.004630880430340767,212.90014038085937,0.48251651525497435,8.864999999999999e-05
5637,619.6464327028701,1,-0.003897859025402539,112.12759094238281,0.48264792561531067,8.86125e-05
5638,504.36110512672633,1,-0.0043884290149435404,724.0350458145142,0.48249067068099977,8.8575e-05
5639,597.2281706539109,1,-0.12939323792234064,87.89312626123429,0.48150179386138914,8.853749999999998e-05
5640,569.6269970791604,1,-0.01564562264829874,63.5917293548584,0.48050636053085327,8.850000000000001e-05
5641,609.853823057142,1,-0.0031790101269291602,76.81295967102051,0.4795471400022507,8.846249999999999e-05
5642,-870.1633416243042,1,-0.005378183629363775,26276.12705078125,0.4790761537849903,8.842499999999998e-05
5643,582.9738710530628,1,-0.04070079494267702,137.34751335978507,0.4782880306243896,8.83875e-05
5644,603.4854086155042,1,-0.02463415414094925,54.48851356506348,0.47584675550460814,8.834999999999999e-05
5645,547.8019008417632,1,0.028674594312906265,429.3148796081543,0.4732937470078468,8.831250000000001e-05
5646,630.4693433850863,1,-0.007371043371402308,200.68694763183595,0.472404882311821,8.827499999999999e-05
5647,599.2718835650721,1,-0.00664262055606013,230.2812698364258,0.47227993309497834,8.823749999999998e-05
5648,579.0227645866296,1,0.04233758515911177,63.54258025288582,0.47109569907188414,8.82e-05
5649,496.87761260658647,1,-0.017126829735934733,1270.5108016967774,0.4695178747177124,8.81625e-05
5650,261.73130366397555,1,0.007182855624705553,21816.133081054686,0.468741649389267,8.812499999999997e-05
5651,599.9357213599535,1,-0.003637184881696243,108.49593887329101,0.46855196356773376,8.808749999999999e-05
5652,519.0380524559358,1,-0.028699598927050828,1617.6503601074219,0.46811886727809904,8.804999999999999e-05
5653,531.3523966564578,1,-0.012045690789818764,380.63590774536135,0.4679529905319214,8.80125e-05
5654,589.1163779938256,1,-0.012137186681918344,158.09983673095704,0.4682746797800064,8.7975e-05
5655,609.8063794323181,1,-0.0074441903557938005,247.6939453125,0.46855720281600954,8.793749999999999e-05
5656,557.7932002643328,1,-0.05294989701360464,483.0631072998047,0.46871336102485656,8.790000000000001e-05
5657,599.7206491682671,1,-0.0037176609095606493,421.2157440185547,0.46915355920791624,8.786249999999999e-05
5658,-3130.26609684196,1,-0.0009604604206591223,5327.635182189942,0.4693185180425644,8.782499999999998e-05
5659,475.7594658466138,1,-0.009056470915675163,1631.9848999023438,0.46941261291503905,8.77875e-05
5660,-46.868844850225,1,-5.26143703609705e-05,17313.1388671875,0.4698184847831726,8.774999999999999e-05
5661,528.0778223207643,1,-0.04499266492202878,1002.1870118141175,0.4700305938720703,8.771250000000001e-05
5662,597.3081271132585,1,0.002645334228873253,688.5034729003906,0.47018712759017944,8.767499999999999e-05
5663,232.91507100749072,1,-0.004058030121571695,15890.559212239583,0.47012251714865366,8.763749999999998e-05
5664,385.0754712944293,1,-0.012035065423697233,2579.336773681641,0.4701433390378952,8.76e-05
5665,536.8035046187606,1,0.03154748175293207,685.0334754943848,0.47030325680971147,8.75625e-05
5666,512.7493023944064,1,-0.018975823372602462,1542.6360076904298,0.4705445051193237,8.752499999999997e-05
5667,588.8321301125826,1,0.0500792371109128,836.5400260925293,0.4706584930419922,8.74875e-05
5668,606.915942295554,1,-0.006333671510219574,760.6161804199219,0.4707818627357483,8.744999999999998e-05
5669,568.223398196633,1,-0.16303032571449877,418.2810350894928,0.470713859796524,8.74125e-05
5670,583.1620800943379,1,0.06894843610934913,535.9855033874512,0.47090394496917726,8.7375e-05
5671,589.5439100210072,1,-0.010118885737934846,323.3755615234375,0.47073004245758054,8.733749999999999e-05
5672,599.0075672300736,1,-0.006526401526080505,236.3326675415039,0.4703802138566971,8.730000000000001e-05
5673,521.2522263438365,1,0.0009513725526630878,4677.984655761718,0.4697116747498512,8.726249999999999e-05
5674,577.6733741505162,1,0.021980263758450747,133.50392122268676,0.4693794846534729,8.722499999999998e-05
5675,620.1760887392613,1,-0.004686669262140697,251.85914916992186,0.4689070999622345,8.71875e-05
5676,588.8801664416123,1,-0.14715415127575399,84.51263740956783,0.46854020953178405,8.714999999999999e-05
5677,615.0751923085113,1,-0.015936590689835838,233.18834533691407,0.46909265518188475,8.711250000000001e-05
5678,525.4295266664075,1,0.058384535182267425,925.9677612304688,0.46930041462183,8.707499999999999e-05
5679,140.8537298024005,1,-0.0028080605901777745,10386.5208984375,0.4696885168552399,8.703749999999998e-05
5680,570.8539892248311,1,-0.030792229808866978,207.8778959274292,0.46940758228302004,8.7e-05
5681,566.1320946871849,1,-0.010167792439460754,265.8727600097656,0.4679780721664429,8.696249999999999e-05
5682,-1077.0020020205573,1,0.001062730560079217,12634.499719238282,0.46688989326357844,8.692499999999997e-05
5683,565.8686069101441,1,-0.01155182896181941,213.39410705566405,0.4670166850090027,8.68875e-05
5684,586.8296613573082,1,0.08191911010071636,144.19374881982804,0.4668586552143097,8.684999999999998e-05
5685,449.02981182814204,1,0.0018982471898198127,3263.330847167969,0.4668675482273102,8.68125e-05
5686,318.0267693076049,1,-0.01697670086286962,16484.818359375,0.466995906829834,8.6775e-05
5687,598.8888211767069,1,-0.009177986346185208,194.98159637451172,0.46699661016464233,8.673749999999999e-05
5688,525.6242076431557,1,-0.07615088596940041,1446.207342529297,0.46680752038955686,8.67e-05
5689,515.121933020584,1,-0.14592589298263192,558.3669998168946,0.46664136499166486,8.666249999999999e-05
5690,593.4499533459781,1,-0.0006026205606758595,190.8110263824463,0.4663353502750397,8.662499999999998e-05
5691,-668.7114645724813,0,-0.003045284907732691,4322.977153669085,0.46585203749792914,8.65875e-05
5692,559.4248772525104,1,0.019450742471963166,7421.094299316406,0.46587963700294494,8.654999999999999e-05
5693,151.44791256390477,1,0.010299499177684386,9775.249300130208,0.4659486452738444,8.651250000000001e-05
5694,619.6056140968666,1,-0.0007302462690375932,755.0473999023437,0.4660091757774353,8.647499999999999e-05
5695,510.92525509613125,1,0.010738203022629022,626.744231414795,0.46586177945137025,8.643749999999998e-05
5696,619.3956473006298,1,-0.0033345993705864883,773.7209899902343,0.4652357190847397,8.64e-05
5697,447.753280571452,1,0.0005513837561011315,1462.305438232422,0.46493390798568723,8.636249999999999e-05
5698,502.8283706839036,1,0.0036584777757525445,599.1514297485352,0.4649206757545471,8.632499999999998e-05
5699,-11843.28474494975,0,-0.0019263554854612602,3396.199680980883,0.464657597792776,8.62875e-05
5700,567.8263082405986,1,-0.2416288347914815,1474.69326171875,0.46369161605834963,8.624999999999998e-05
5701,561.1396684385709,1,-0.01635713838040829,6113.445393371582,0.46352150440216067,8.62125e-05
5702,630.0994693848734,1,-0.0011298849243338792,1833.2324340820312,0.4635206341743469,8.6175e-05
5703,-1268.26845783228,1,0.00020574575755745174,12714.097033691407,0.4635067440569401,8.613749999999999e-05
5704,540.6546537755903,1,-0.06702364794909954,250.74873008728028,0.4635907530784607,8.61e-05
5705,406.0959160027309,1,-0.005140588758513332,1485.8942993164062,0.4639972060918808,8.606249999999998e-05
5706,-12056.961633598037,0,-0.000154109808959459,2478.522445567658,0.4640880936070492,8.602499999999998e-05
5707,599.5967660039739,1,-0.008459230454360523,1693.136083984375,0.46597264111042025,8.59875e-05
5708,587.868500895119,1,-0.036998627334833147,529.186169052124,0.46600926518440244,8.594999999999999e-05
5709,620.2483148108254,1,-0.0010087591032856835,1215.4564575195313,0.4662253260612488,8.591250000000001e-05
5710,583.9377925170451,1,0.18323893332853913,210.73938970565797,0.46626281142234804,8.5875e-05
5711,592.5648486506645,1,0.07845658091828227,194.0486035346985,0.46674168705940244,8.583749999999998e-05
5712,619.5143867520449,1,-0.0011490725949755642,745.5321533203125,0.4673208236694336,8.58e-05
5713,441.13735667689554,1,-0.0008719630539417266,1735.9671188354491,0.4673763751983643,8.576249999999999e-05
5714,543.6071339177938,1,-0.004822473041713238,12831.175729370118,0.46747244596481324,8.572499999999998e-05
5715,583.1750144117655,1,-0.004656789265573025,290.23408203125,0.4674473524093628,8.56875e-05
5716,520.6497506174826,1,0.01788122709840536,533.1850036621094,0.4667124956846237,8.564999999999998e-05
5717,589.7053003004492,1,-4.253563423048945e-05,531.1444091796875,0.46617229878902433,8.56125e-05
5718,-75.53887637942063,0,-0.012274038844874926,882.7641703333173,0.4643977233341762,8.557499999999999e-05
5719,377.5946654402797,1,0.03689348495099694,21972.281298828126,0.4626962229609489,8.553749999999999e-05
5720,610.1278818370216,1,-0.0045577374850957145,855.4755493164063,0.462618350982666,8.55e-05
5721,609.6331470637807,1,-0.001441395709773019,691.044140625,0.4625715136528015,8.546249999999998e-05
5722,599.9500065199713,1,-0.006402119745810708,420.3789825439453,0.46259696781635284,8.542499999999998e-05
5723,572.4692251204815,1,0.06062148418277502,1797.4864784240722,0.4627559006214142,8.53875e-05
5724,600.9282823126043,1,-9.476940352506346e-05,3211.656494140625,0.4628889262676239,8.534999999999999e-05
5725,556.0339759627445,1,-0.058534754998981954,268.2123664855957,0.4628973603248596,8.531250000000001e-05
5726,630.3187932801967,1,-0.0013431993461239244,709.4965087890625,0.4629254162311554,8.5275e-05
5727,620.8515963631991,1,-0.003941188037600796,578.9847534179687,0.46292522847652434,8.523749999999998e-05
5728,625.4003023413047,1,-0.005808985659505339,438.7491058349609,0.4628333508968353,8.52e-05
5729,609.8826759935771,1,-0.002285320265229984,211.3315658569336,0.4626052975654602,8.516249999999999e-05
5730,580.1297332513145,1,0.0003682307569931709,6679.682861328125,0.46236432194709776,8.512499999999998e-05
5731,567.315887361316,1,0.06269541350193322,252.6868019104004,0.4617440223693848,8.50875e-05
5732,558.8551803716794,1,0.035429537389427425,293.0558494567871,0.4598157644271851,8.504999999999998e-05
5733,581.4585050131611,1,-0.09620897099375725,77.99769153594971,0.4582649528980255,8.50125e-05
5734,598.8661575457317,1,-0.010248255170881748,175.0014450073242,0.4565257430076599,8.497499999999999e-05
5735,-12056.151512392682,0,0.0008456613408940795,3879.9366122446563,0.4551113178855494,8.493749999999998e-05
5736,568.5255339354101,1,0.07534677470102906,159.21111155748366,0.45512198805809023,8.49e-05
5737,547.5767810229696,1,-0.08524835290154442,119.45917778015136,0.4547584652900696,8.486249999999998e-05
5738,246.65932607411955,1,-0.007788820110727101,16467.07763671875,0.4528734162449837,8.482499999999997e-05
5739,193.78053219182038,1,-0.0298806124056379,14634.39600423177,0.4523575911919276,8.47875e-05
5740,381.6509535943353,1,-0.006646842800546437,2871.38671875,0.45225815922021867,8.474999999999999e-05
5741,553.2679024887743,1,-0.16725363135337828,121.58210391998291,0.45190768837928774,8.47125e-05
5742,-6071.578585551849,0,-0.0040246212560879555,1867.373432801899,0.4507001437638935,8.4675e-05
5743,608.2349911606271,1,-0.0038876627295863385,3104.419970703125,0.44996272027492523,8.463749999999998e-05
5744,557.4015993342462,1,0.08465575240552425,1084.4161464691163,0.4500154614448547,8.46e-05
5745,617.5770470052153,1,0.07557343877851963,3744.7593623042108,0.45043672919273375,8.456249999999999e-05
5746,536.752088466776,1,-0.15472932206466794,762.3856188774109,0.4504714012145996,8.452499999999998e-05
5747,374.7351616025364,1,-0.01316844359971583,5433.019836425781,0.4503158926963806,8.44875e-05
5748,13.688077673437874,1,-0.0012901930953375996,12196.460986328126,0.4502845540642738,8.444999999999998e-05
5749,614.8663435733632,1,-0.0009235134195961336,1087.3243530273437,0.4502597481012344,8.44125e-05
5750,537.7048946869253,1,0.03981215562671423,426.4412269592285,0.45016228556633,8.437499999999999e-05
5751,630.3370840886996,1,-0.0014306239150169374,1186.74716796875,0.44994101822376253,8.433749999999998e-05
5752,407.596768559747,1,-0.05806587380357087,4459.54560546875,0.4498849526047707,8.43e-05
5753,594.3850118422863,1,-0.00479484312236309,706.5752685546875,0.4498701930046082,8.42625e-05
5754,-10317.714898638804,1,-0.00016547927322487036,4997.6208015971715,0.45075474944379595,8.422500000000001e-05
5755,513.9060355554572,1,-0.05976178548298776,581.089730834961,0.4519804835319519,8.418749999999999e-05
5756,519.9247186779121,1,0.03880832754075527,189.68646011352538,0.4517513543367386,8.414999999999999e-05
5757,572.9042048503701,1,-0.008376970700919629,285.6575042724609,0.45137059688568115,8.41125e-05
5758,334.98647835416045,1,0.009436902613379062,28431.1494140625,0.451270566880703,8.4075e-05
5759,631.48025040317,1,-0.0026774920481591026,1292.9651733398437,0.4512710809707642,8.403749999999998e-05
5760,554.6540162721576,1,-0.07367259948514401,230.28120231628418,0.4513843223452568,8.4e-05
5761,562.2220072639976,1,0.04627518225461245,61.453345608711246,0.45040360540151597,8.396249999999999e-05
5762,577.9940190775194,1,-0.05737604321911931,389.7877833366394,0.4495473265647888,8.392500000000001e-05
5763,615.0261938113597,1,-0.0006229447069813432,540.6094940185546,0.4501072853803635,8.38875e-05
5764,588.9501877599915,1,-0.006710663311080367,296.28298034667966,0.45005494356155396,8.384999999999998e-05
5765,610.8295140645962,1,-0.00925301699899137,330.2036422729492,0.449675390124321,8.381250000000001e-05
5766,548.4949801720481,1,-0.10896928734146058,5299.591109085083,0.44960338324308396,8.377499999999999e-05
5767,630.7645066176486,1,-0.001411937241560679,455.40379028320314,0.4498408794403076,8.373749999999998e-05
5768,609.2582536541315,1,-0.006253131875647,190.24055023193358,0.4500510573387146,8.37e-05
5769,629.9735786760024,1,-0.005770062858334768,334.54599609375,0.4502116948366165,8.36625e-05
5770,598.8134205748545,1,-0.016981293779487316,184.0331558227539,0.45004501938819885,8.362500000000001e-05
5771,560.771101303751,1,-0.00015465347096323966,408.0409702301025,0.4490850314497948,8.358749999999999e-05
5772,574.0406156895764,1,-0.28890237973537297,234.1855579972267,0.44770061373710635,8.354999999999998e-05
5773,593.2353005476746,1,-0.2271304467692971,69.2723726272583,0.4469699442386627,8.35125e-05
5774,480.5474365238753,1,-0.027531608194112777,5482.589093017578,0.4452179789543152,8.3475e-05
5775,438.2311655094593,1,0.011225991416722536,2768.330157470703,0.4446790009737015,8.343749999999997e-05
5776,620.2054809712807,1,-0.004746686382578247,282.6652526855469,0.4447331577539444,8.34e-05
5777,625.6399655415275,1,-0.0010187969426624476,2717.4396728515626,0.4448066622018814,8.336249999999999e-05
5778,368.23856910096936,1,-0.004623899701982737,2999.87194519043,0.44477630257606504,8.3325e-05
5779,550.0959409420872,1,0.13770254291594028,1441.6261863708496,0.44467173218727113,8.32875e-05
5780,556.7948041764981,1,-0.30955344238318505,302.519598197937,0.4444980800151825,8.324999999999998e-05
5781,599.7727242881776,1,-0.01087510511725398,167.89676208496093,0.4438390672206879,8.321250000000001e-05
5782,599.0038786918706,1,0.03755812542513013,70.54907875359058,0.4434813499450684,8.317499999999999e-05
5783,225.59884084546326,1,0.006095490418374538,7216.639306640625,0.44430617094039915,8.313749999999998e-05
5784,-387.02907603497545,1,0.0034990028478205206,19412.291845703126,0.4456917800009251,8.31e-05
5785,584.7326696754888,1,-0.004476764611899853,267.3708984375,0.4459781274199486,8.306249999999999e-05
5786,489.1908385473654,1,0.00698492496740073,1296.9341552734375,0.44583004266023635,8.302500000000001e-05
5787,604.6242342389957,1,-0.018374861869961023,500.5384231567383,0.4457656964659691,8.298749999999999e-05
5788,624.9130577419764,1,-0.09473769874311984,457.212654876709,0.44583790153265,8.294999999999998e-05
5789,617.2003292408,1,-0.07368140574544668,173.15672569274903,0.4465044617652893,8.29125e-05
5790,607.700652169141,1,-0.015414044260978699,94.3683464050293,0.4472848355770111,8.2875e-05
5791,467.7668809431745,1,-0.02642254000529647,2222.983435058594,0.44787755608558655,8.283749999999997e-05
5792,603.1089359974786,1,0.04770423846784979,77.20573654174805,0.44736676961183547,8.28e-05
5793,577.4137636090464,1,0.021791222784668208,267.0680130004883,0.44671369940042494,8.276249999999999e-05
5794,560.2005574765774,1,-0.03238807674497366,433.3376968383789,0.44663489460945127,8.2725e-05
5795,568.0779470543075,1,0.07134708124212921,163.50471076965331,0.44711741209030154,8.26875e-05
5796,552.8724402339443,1,-0.018352517671883107,4153.7816139221195,0.4476275026798248,8.264999999999999e-05
5797,523.7616068627308,1,0.035405818047001957,1855.7791320800782,0.4477588817477226,8.261250000000001e-05
5798,-11805.225004823676,0,-0.000989734557898421,6351.3674601284465,0.4496787610806917,8.257499999999999e-05
5799,582.606077639361,1,-0.007457476388663053,360.2630302429199,0.4538972079753876,8.253749999999998e-05
5800,603.3315607670695,1,-0.00020221956074237824,535.7872650146485,0.45405772924423216,8.25e-05
5801,628.6585762282593,1,-0.00228424703143304,809.4263671875,0.45406382381916044,8.246249999999999e-05
5802,588.3105198972715,1,0.01934409262612462,238.79816169738768,0.45401639938354493,8.242500000000001e-05
5803,526.0290809734007,1,-0.041955385264009236,443.55099029541014,0.45304441452026367,8.238749999999999e-05
5804,533.8387687563328,1,0.0503140427172184,382.36165618896484,0.45263035893440245,8.234999999999998e-05
5805,477.90156528924445,1,-0.042789727868512276,1472.8200225830078,0.45358181595802305,8.23125e-05
5806,601.2228418635443,1,-0.15068438667804002,373.9621040344238,0.4537436529994011,8.2275e-05
5807,537.3058054791713,1,-0.050542195176240055,618.5858985900879,0.453713096678257,8.223749999999997e-05
5808,556.6050972312092,1,0.015186886489391326,133.91128578186036,0.4540408909320831,8.22e-05
5809,-9152.355007854587,1,0.004086498512119493,5228.24061274809,0.454960353234235,8.216249999999998e-05
5810,577.8286831910489,1,-0.05118816369213164,238.56664657592773,0.4563478171825409,8.2125e-05
5811,584.5514623008564,1,-0.02292961599305272,127.07967033386231,0.4572073757648468,8.20875e-05
5812,536.4355767499195,1,0.021091217547655104,5340.935655212403,0.4576562151312828,8.204999999999999e-05
5813,618.1455349220827,1,-0.21594302570447327,622.0900993347168,0.4580158174037933,8.201250000000001e-05
5814,622.6442662466372,1,-0.03824612053576857,193.53402862548828,0.458132266998291,8.197499999999999e-05
5815,603.3987328975129,1,0.0882088890299201,216.06587333679198,0.4580819129943848,8.193749999999998e-05
5816,596.5884694288056,1,-0.049303619749844076,103.19363870620728,0.4578683614730835,8.19e-05
5817,612.0318917926518,1,0.00951667344197631,91.08707437515258,0.45723243355751036,8.186249999999999e-05
5818,629.3559647430316,1,-0.0033367331139743327,144.39371185302736,0.45632803440093994,8.182500000000001e-05
5819,608.8799351348359,1,-0.003816562332212925,114.29782791137696,0.4560262322425842,8.178749999999999e-05
5820,-2805.0989347072327,1,0.015705147704907826,11510.59807826451,0.45560847307954516,8.174999999999998e-05
5821,577.8672364207757,1,0.07035921607166529,129.72393379211425,0.45659408569335935,8.17125e-05
5822,606.7658983548233,1,-0.05034873690456152,28.377941477298737,0.45530669689178466,8.167499999999999e-05
5823,538.7293074803775,1,0.15154808927327396,15255.594873046875,0.4543138325214386,8.163749999999997e-05
5824,-4024.033513473685,1,0.0010688720270991326,10624.852880859375,0.4542121662033929,8.16e-05
5825,618.768378592252,1,-0.0029647043475087287,210.77799072265626,0.4544886440038681,8.156249999999998e-05
5826,596.7223881563615,1,-0.025774748250842094,62.890167033672334,0.4547786831855774,8.1525e-05
5827,-115.64304416771654,1,-0.05606450168415904,15061.80563659668,0.4543828725814819,8.14875e-05
5828,576.9373316794836,1,-0.0788253835402429,151.21875076293946,0.4536817133426666,8.144999999999999e-05
5829,609.5994379857746,1,-0.006956925901553923,328.32122192382815,0.4527085244655609,8.141250000000001e-05
5830,-12054.971922409211,0,-0.0008303851642841964,2868.894280197746,0.45248624023638273,8.137499999999999e-05
5831,508.8753267485731,1,0.02497600745409727,1267.0983276367188,0.4514422118663788,8.133749999999998e-05
5832,609.6114264521152,1,-0.0015603414589379304,299.9507995605469,0.4515747159719467,8.13e-05
5833,608.9057358625587,1,-0.00384903559461236,179.1781036376953,0.4514926314353943,8.126249999999999e-05
5834,599.1705227291766,1,-0.007832806481371435,154.78455810546876,0.45117820501327516,8.122500000000001e-05
5835,618.5996144975861,1,0.1577031807973981,67.73951395601034,0.4507248878479004,8.118749999999999e-05
5836,-366.7093473108421,1,0.0027941901275577645,27096.739501953125,0.4509286850690842,8.114999999999998e-05
5837,613.1227066326605,1,-3.7655234336853026e-06,12434.935546875,0.4509928822517395,8.11125e-05
5838,-1786.5981639107792,0,-0.00332756783399317,5972.8016886393225,0.4511128723621368,8.107499999999999e-05
5839,-63.621321940893324,0,-0.006479788973229006,1067.0906428019205,0.45139090269804,8.103749999999997e-05
5840,407.12358813656715,1,-0.0328232342377305,37095.6173828125,0.45122669339179994,8.1e-05
5841,588.2827121597584,1,-0.0001569729068178205,6451.052685546875,0.45120749771595003,8.096249999999998e-05
5842,557.601774321544,1,0.09886049255728721,350.41106033325195,0.4512315034866333,8.0925e-05
5843,-76.01075428302832,0,-0.012429045047610998,923.760332924979,0.4514375026736941,8.08875e-05
5844,609.0320929727824,1,-0.003984375214091074,1110.129541015625,0.4518046498298645,8.084999999999999e-05
5845,578.8751310573402,1,0.006432926747947931,498.3631216526031,0.4519088387489319,8.08125e-05
5846,627.1662937663368,1,0.039174141851253806,582.522013682127,0.4520478665828705,8.077499999999998e-05
5847,-2166.789342568069,1,0.013583651728307207,13236.5705464681,0.45262231131394703,8.073749999999998e-05
5848,538.2007555432175,1,0.04424233678728342,17128.663525390624,0.4527851492166519,8.07e-05
5849,592.9318732105382,1,0.07284140950068832,1644.33948097229,0.45278012156486513,8.066249999999999e-05
5850,577.6233349100073,1,-0.0067721022292971614,258.97253265380857,0.45276038646697997,8.062500000000001e-05
5851,598.0114811632818,1,-0.13171314354985952,251.99072666168212,0.4526153266429901,8.05875e-05
5852,594.5634753338106,1,-0.007470887988714736,242.18323669433593,0.452249476313591,8.054999999999998e-05
5853,537.1986246500543,1,0.06397988330572843,455.185347366333,0.45194606482982635,8.05125e-05
5854,619.6759949716143,1,-0.00875398644148504,260.18373413085936,0.4518045634031296,8.047499999999999e-05
5855,597.5621272376737,1,-0.06330044837668539,123.30871796607971,0.45183553695678713,8.043749999999998e-05
5856,610.7156838572646,1,-0.0002758315096582642,11581.190625,0.4519430011510849,8.04e-05
5857,598.2138000243336,1,0.0004839994013309479,5101.059521484375,0.4519261956214905,8.036249999999998e-05
5858,568.7676502345329,1,0.22306774789467454,200.36984810829162,0.4519676923751831,8.0325e-05
5859,-7490.384838717568,1,0.0034045538465891567,6679.338905988421,0.45241788093532836,8.028749999999999e-05
5860,525.3375904752354,1,0.06000298336148262,1026.869984436035,0.4528940737247467,8.024999999999999e-05
5861,579.4104577127667,1,-0.004203311912715435,254.52581939697265,0.45309447050094603,8.02125e-05
5862,589.7261534739628,1,-0.004554794169962406,311.5521179199219,0.4530895113945007,8.017499999999998e-05
5863,599.6162761035575,1,-0.0009231645613908768,6610.563623046875,0.45314798355102537,8.013749999999998e-05
5864,609.6040677052674,1,-3.539343160561259e-05,6805.206689453125,0.4531897097826004,8.01e-05
5865,598.3653188972999,1,-0.017924544389443752,122.5561737060547,0.45317772030830383,8.006249999999999e-05
5866,620.9125078665079,1,-0.006292865626218713,354.89915466308594,0.4530505478382111,8.002500000000001e-05
5867,449.8459590520855,1,0.060286032315343616,3102.513330078125,0.4528708755970001,7.99875e-05
5868,614.6244559108685,1,-0.004237920328159816,161.6744186401367,0.452835351228714,7.994999999999998e-05
5869,609.558896451035,1,-0.012718782311614519,161.45657501220703,0.45278605818748474,7.99125e-05
5870,516.3231580252772,1,-0.01932690544053912,1060.7907211303711,0.45275757610797884,7.987499999999999e-05
5871,510.30648469722706,1,-0.00909719690680504,502.28340606689454,0.452382305264473,7.983749999999998e-05
5872,490.9705447535816,1,-0.03339921978767961,754.6520610809326,0.45198041647672654,7.98e-05
5873,528.1685305611105,1,0.06187789342366159,305.54602456092834,0.451826286315918,7.976249999999998e-05
5874,620.1206194121235,1,-0.012666391106474606,436.9155548095703,0.4517040729522705,7.9725e-05
5875,566.105275637332,1,-0.06685676239430904,130.3504451751709,0.45164763927459717,7.968749999999999e-05
5876,609.1667556976656,1,-0.006125940707809896,320.9777465820313,0.4513393849134445,7.964999999999998e-05
5877,629.4488866094717,1,-0.0028984280119864537,509.8894348144531,0.45117458403110505,7.96125e-05
5878,598.1021887083414,1,-0.012629538072373237,123.04929733276367,0.4510348618030548,7.957499999999998e-05
5879,599.5812826120643,1,-0.011928951497670325,103.57260360717774,0.4509442776441574,7.953750000000002e-05
5880,615.5005941537763,1,-0.003381909599031019,330.9947998046875,0.450949901342392,7.95e-05
5881,547.3017319810208,1,-0.10935888066887856,169.16095695495605,0.4507323086261749,7.946249999999999e-05
5882,394.6968210492421,1,-0.04088562112301588,9300.635412597656,0.45034839063882826,7.9425e-05
5883,-112.16117616970146,0,0.005931244431329625,1187.9447235107423,0.45027879987444197,7.93875e-05
5884,568.3326333763738,1,0.18734638802707196,134.27451457977295,0.45048527121543885,7.934999999999998e-05
5885,604.9510571353494,1,-0.016452990538614643,322.53126220703126,0.45085208117961884,7.93125e-05
5886,620.8102091347769,1,-0.0019579905130996168,481.6213775634766,0.4508892834186554,7.927499999999999e-05
5887,562.2189555630296,1,-0.019941065064631402,131.50261459350585,0.4506279781460762,7.923750000000001e-05
5888,568.909853683293,1,-0.0012232255190610885,253.11927032470703,0.45014625787734985,7.92e-05
5889,574.9500084681388,1,0.02550771152600646,118.3150575518608,0.44963043332099917,7.916249999999998e-05
5890,-10897.191459571335,0,-0.0011937908387105716,6358.688224150005,0.448816684672707,7.9125e-05
5891,435.9267811365702,1,-0.028852725587785243,1627.5074127197265,0.4490609601140022,7.908749999999999e-05
5892,620.1458709812855,1,-0.00039797941986989825,815.0647766113282,0.44903903007507323,7.904999999999998e-05
5893,570.4874941849162,1,-0.0012476339167953655,466.32708740234375,0.44898555278778074,7.90125e-05
5894,591.7520930123114,1,-0.0023657041172441494,567.0028900146484,0.44901789128780367,7.897499999999998e-05
5895,505.6208916296012,1,0.02874389486387372,1391.7490112304688,0.4491510897874832,7.893750000000001e-05
5896,619.6947705849061,1,-0.0015358900555099808,428.8981170654297,0.44910708367824553,7.89e-05
5897,604.1876295521095,1,-0.008549087215214968,324.1183563232422,0.44901193380355836,7.886249999999999e-05
5898,608.9666948413076,1,-0.007867150006612889,219.11163177490235,0.4489209532737732,7.8825e-05
5899,599.6285877267494,1,-0.014317796998046538,185.49079284667968,0.44881739318370817,7.87875e-05
5900,631.4539120146646,1,0.003001872301267383,523.4200469970704,0.44864351749420167,7.874999999999998e-05
5901,625.2821074246618,1,-0.0051107563018248925,215.84548645019532,0.4484527349472046,7.87125e-05
5902,400.8082112165242,1,-0.017920680588576942,3102.660192871094,0.44799908995628357,7.867499999999999e-05
5903,597.942619942774,1,-0.00376124307513237,112.3413459777832,0.4477569341659546,7.863750000000001e-05
5904,526.5128537699579,1,-0.02345394971780479,887.1409864425659,0.4476634204387665,7.86e-05
5905,546.6676135384399,1,0.047665823437273505,337.6230018615723,0.44751115143299103,7.856249999999998e-05
5906,613.6835301257922,1,0.25819978909567,165.2643817424774,0.4468953311443329,7.852500000000001e-05
5907,613.6404923499014,1,-0.006502102687954902,138.01343231201173,0.4461919903755188,7.848749999999999e-05
5908,604.8331207149031,1,0.00013535627920546744,17688.9966796875,0.44562854170799254,7.844999999999998e-05
5909,608.0451343395667,1,-0.00723319770570825,130.64636688232423,0.4452912300825119,7.84125e-05
5910,580.2842572627704,1,-0.0027659073396726795,123.43351974487305,0.4448143571615219,7.8375e-05
5911,585.5334035803432,1,-0.004979451718266148,70.67576217651367,0.44397681057453153,7.833750000000001e-05
5912,624.1479129266729,1,-0.012398382658803797,156.04501495361328,0.443027475476265,7.829999999999999e-05
5913,614.7550540509471,1,-0.014056098612306212,57.769158935546876,0.4426280319690704,7.826249999999998e-05
5914,465.3994085787907,1,0.03308054441586137,2487.1422424316406,0.4427139163017273,7.8225e-05
5915,575.3120493084028,1,-0.0825417005456984,343.5886204957962,0.44283234477043154,7.81875e-05
5916,572.6309795671816,1,-0.02287365705706179,99.91508107185363,0.4428207814693451,7.814999999999998e-05
5917,577.095270433198,1,-0.02450440004467964,268.55772318840025,0.4418544888496399,7.81125e-05
5918,511.07674699455714,1,0.013419849518686532,9380.334509277343,0.4409204959869385,7.807499999999999e-05
5919,-643.9526716000078,0,0.00029067058737079304,5879.743794759114,0.4407643477121989,7.80375e-05
5920,588.5349232727152,1,-0.002495207572965441,212.0631881713867,0.44086246490478515,7.8e-05
5921,603.9618096397661,1,-0.009999600593592816,188.17802886962892,0.44096740484237673,7.796249999999998e-05
5922,-10201.295125552902,1,0.0004641095046988792,5458.929006746081,0.4414493711458312,7.792500000000001e-05
5923,593.0823135116533,1,-0.006088181916857139,118.41527404785157,0.4417220503091812,7.788749999999999e-05
5924,594.7872537405867,1,-0.002941945226334397,82.94615325927734,0.44159870147705077,7.784999999999998e-05
5925,-83.44210767647985,0,-0.01379336342215538,2187.3288279215494,0.4413420627514521,7.78125e-05
5926,598.2591708548766,1,-0.007154554959889481,331.0954284667969,0.4410360038280487,7.777499999999999e-05
5927,586.7765192465304,1,0.03260037386789918,1584.197146987915,0.44093371629714967,7.773750000000001e-05
5928,614.4595891462513,1,-0.0014701518146722492,317.56724243164064,0.4409607440233231,7.769999999999999e-05
5929,619.8733195623513,1,-0.006782847188115682,174.69738006591797,0.4409132719039917,7.766249999999998e-05
5930,319.8473323746157,1,-0.008228982426226139,7462.389135742187,0.4405773714184761,7.7625e-05
5931,630.2467555969804,1,-0.009584182940652396,479.3351196289062,0.4404071092605591,7.75875e-05
5932,615.2899019299532,1,-0.012506790308754744,105.9552619934082,0.44000624418258666,7.754999999999997e-05
5933,593.4150960408712,1,-0.26452889386564493,70.01843230724334,0.4390642583370209,7.75125e-05
5934,619.5283435131103,1,0.00011897399062767988,7037.359619140625,0.4378558874130249,7.747499999999999e-05
5935,607.833467262227,1,-0.004845843324437738,87.60854721069336,0.43739678859710696,7.74375e-05
5936,456.87438250147744,1,-0.025710029038600625,2629.126593017578,0.43715753257274625,7.74e-05
5937,614.5882252125975,1,-0.005404592275379372,84.26716384887695,0.43725385665893557,7.736249999999998e-05
5938,624.0282025838168,1,-0.00878457946086968,141.6959701538086,0.43735126256942747,7.732500000000001e-05
5939,629.718955056197,1,0.0008545859309379011,164.42499313354492,0.4371741145849228,7.728749999999999e-05
5940,605.0630026747781,1,-0.0030865946482897754,106.66455307006837,0.437045156955719,7.724999999999998e-05
5941,604.5560067050385,1,-0.026062036684203527,52.74436454772949,0.4365126758813858,7.72125e-05
5942,584.7525928231901,1,0.0016444978739826865,198.2540740966797,0.43536630272865295,7.717499999999999e-05
5943,613.7984142810894,1,-0.007265070435176923,53.088265609741214,0.4345561653375626,7.713750000000001e-05
5944,-4672.026883422086,1,0.008609431516379117,9274.832554779052,0.43425705552101135,7.709999999999999e-05
5945,-12056.50223449832,0,-1.9198021312293254e-05,2866.0476124393313,0.4340547429887872,7.706249999999998e-05
5946,609.3536280843417,1,-0.014158104943658855,37.45998554229736,0.43155481815338137,7.7025e-05
5947,620.6186540660519,1,-0.012226619102681635,218.94073333740235,0.4313459247350693,7.69875e-05
5948,-2271.512686101833,1,-0.0008354410839577516,20382.73001505534,0.4310746485988299,7.694999999999997e-05
5949,593.5660933205373,1,-0.004254361521452666,167.92405853271484,0.43097184896469115,7.691249999999999e-05
5950,524.1295051289592,1,-0.0029164182022213938,4012.548046875,0.4311081513762474,7.687499999999998e-05
5951,615.8210103835497,1,-0.0072709693437275295,143.3959930419922,0.4311105251312256,7.68375e-05
5952,392.2455420035328,1,0.04220730001106858,3301.8757934570312,0.4309869796037674,7.68e-05
5953,572.8295877536854,1,0.021447391295805574,142.5199824333191,0.4309872627258301,7.676249999999999e-05
5954,599.306668159947,1,0.07266837335191667,34.95473595559597,0.43089639544487,7.672500000000001e-05
5955,619.8283071271601,1,-0.0023994457591889782,154.55207061767578,0.42918736636638644,7.668749999999999e-05
5956,572.7874063100305,1,0.09747943882830441,359.83866958618165,0.42820273637771605,7.664999999999998e-05
5957,599.6269283570765,1,-0.0003766372799873352,212.8842188835144,0.428755646944046,7.66125e-05
5958,528.4364387827911,1,-0.017152413120493294,584.9051376342774,0.4297748699784279,7.657499999999999e-05
5959,549.4790120658163,1,0.019295699521899225,1088.08311920166,0.4301284313201904,7.653750000000001e-05
5960,444.3145608596807,1,0.03706681721960194,4072.979113769531,0.4302558198571205,7.649999999999999e-05
5961,618.9826751882669,1,-0.006516891570889527,254.57264099121093,0.4302437543869019,7.646249999999998e-05
5962,458.9334670475801,1,-0.016183981113135813,57161.44718017578,0.43012422025203706,7.6425e-05
5963,612.8778738065472,1,-0.14623187836259605,600.168342590332,0.43006019592285155,7.63875e-05
5964,-91.82088589332798,0,-0.015861553020243134,1210.577921295166,0.42991106169564386,7.634999999999997e-05
5965,568.1361222461686,1,0.08613621387630702,8984.285166358948,0.4298295617103577,7.63125e-05
5966,594.0551185256986,1,-0.0662415063008666,118.8967661857605,0.4296261489391327,7.627499999999998e-05
5967,570.1199671698266,1,0.0025045234089096386,4054.8577107747396,0.42927056550979614,7.62375e-05
5968,557.9179316865557,1,-0.16553938970901072,232.70840160101653,0.4289475500583649,7.62e-05
5969,599.1189133761548,1,-0.0013897574124243305,425.90464172363284,0.42846753597259524,7.616249999999999e-05
5970,532.1666548792467,1,-0.03838137360289693,1105.1070861816406,0.42833301872015,7.612500000000001e-05
5971,447.0500716827382,1,-0.03692578990012407,1947.106134033203,0.42827689051628115,7.608749999999999e-05
5972,603.6396668033459,1,-0.003007468581199646,325.2490539550781,0.4283216238021851,7.604999999999998e-05
5973,618.9344949567744,1,-8.641969288873952e-05,9625.92314453125,0.42818119525909426,7.60125e-05
5974,-90.14355426104262,0,-0.00772232860326767,1303.1684468587239,0.42809201329946517,7.597499999999999e-05
5975,23.13760789030357,1,-1.4036707580089568e-05,33050.3791015625,0.4281152933835983,7.593750000000001e-05
5976,609.2937194688607,1,-0.003527782274731095,494.3696319580078,0.42812863290309905,7.589999999999999e-05
5977,630.2492590170847,1,-0.0030226400068769977,652.2132446289063,0.42815971970558164,7.586249999999998e-05
5978,617.8857481607628,1,-0.008563869819045066,225.25003662109376,0.4281521558761597,7.5825e-05
5979,-85.26278543600756,0,-0.004057347801114832,1242.9613419669015,0.42806758497442515,7.578749999999999e-05
5980,610.4634545066255,1,-0.0022933097036258233,522.4126068115235,0.4278935492038727,7.574999999999997e-05
5981,574.3252768813213,1,-0.02985234367661178,349.39187850952146,0.42780721783638,7.57125e-05
5982,630.2902630066263,1,0.0009368029281837664,615.5366882324219,0.42770185470581057,7.567499999999998e-05
5983,594.1803194616762,1,-0.001916133612394333,334.2758056640625,0.4276081085205078,7.56375e-05
5984,615.2880293992782,1,-0.002069770804857285,385.86302490234374,0.4274943470954895,7.56e-05
5985,597.2752154441889,1,-0.13086499543860555,234.3040386199951,0.4271358072757721,7.556249999999999e-05
5986,608.9413755748026,1,0.02898688381537795,1671.8105102539062,0.42666017562150954,7.5525e-05
5987,609.489780365394,1,1.2315313590960385e-05,12331.13603515625,0.4265361100435257,7.548749999999998e-05
5988,-96.31323460298279,0,-0.0008858769333788327,1921.89972076416,0.42651379108428955,7.544999999999998e-05
5989,-200.29076999424228,1,0.01227823393419385,16821.071252441405,0.4265192478895187,7.54125e-05
5990,607.2807216053324,1,-0.3524256916716695,678.2662861466408,0.42660110592842104,7.537499999999999e-05
5991,619.5532948630382,1,-0.0013842182178620988,351.1581237792969,0.42681261897087097,7.533750000000001e-05
5992,609.8708836987703,1,-0.005341426759144952,219.2335189819336,0.4268921226263046,7.529999999999999e-05
5993,589.1041431285166,1,-0.0077262729406356815,152.39643096923828,0.42687042951583865,7.526249999999998e-05
5994,577.4938984996354,1,0.021722607407718898,332.6714664459229,0.42662273049354554,7.5225e-05
5995,620.0489358229137,1,-0.007305318117141723,166.29568176269532,0.42609854936599734,7.518749999999999e-05
5996,-641.7688888284945,1,0.000368543171013395,17768.624967447915,0.4257667899131775,7.514999999999998e-05
5997,489.1273776220204,1,-0.0850055160059128,1544.3792659759522,0.4256438985466957,7.51125e-05
5998,558.6870481318119,1,-0.04867710019461811,296.99207000732423,0.4253659129142761,7.507499999999998e-05
5999,609.385127894992,1,-0.0013150093131711672,199.86854553222656,0.42526568174362184,7.50375e-05
6000,624.0291127265878,1,-0.004528630352582752,172.89371185302736,0.42518972754478457,7.5e-05
6001,608.3834441807836,1,-0.0032420792616903783,103.02998275756836,0.4248960971832275,7.496249999999999e-05
6002,431.58841507087175,1,-0.012018092349171639,3938.303991699219,0.4246530532836914,7.4925e-05
6003,614.8581817789678,1,-0.017203813671855528,153.12341918945313,0.42455598413944245,7.488749999999998e-05
6004,348.00174374297865,1,0.018380593715482972,6283.84658203125,0.4243266299366951,7.485e-05
6005,612.9481054538015,1,-0.0058877445757389065,100.49265670776367,0.4243603229522705,7.48125e-05
6006,593.2545846938913,1,0.019249478727579115,363.0145965576172,0.4246217727661133,7.477499999999999e-05
6007,603.8454671832624,1,-0.0004138254200311664,4571.738232421875,0.42466713190078736,7.473750000000001e-05
6008,608.8994690063246,1,-0.01342808734625578,64.93314819335937,0.4246382713317871,7.47e-05
6009,629.8374354369832,1,-0.017794015900841488,236.1507369995117,0.42449931204319,7.466249999999998e-05
6010,620.082772817317,1,-0.004247329193624694,103.59818496704102,0.4242745965719223,7.4625e-05
6011,492.13155865290116,1,0.033637839990357556,4483.764274724324,0.42362164656321205,7.458749999999999e-05
6012,155.3997982888056,1,0.0070074609364382924,20770.063671875,0.4234255522489548,7.455000000000001e-05
6013,473.67726412796935,1,0.015071363467723132,2436.322161865234,0.42346741557121276,7.45125e-05
6014,301.9598044039135,1,0.010299332905560732,6985.926904296875,0.4236499473452568,7.447499999999998e-05
6015,629.7315100686528,1,-0.006045262277081065,234.5346908569336,0.42373158037662506,7.44375e-05
6016,609.101990257714,1,-0.008007816535985767,114.67778167724609,0.42354062795639036,7.439999999999999e-05
6017,-922.935727302727,1,0.002993003884330392,15525.4869140625,0.42325244247913363,7.436249999999998e-05
6018,598.1159880736806,1,0.10003005005419255,100.3721794128418,0.4233711838722229,7.4325e-05
6019,610.0564273797564,1,-0.1646968916989863,75.32376487255097,0.42223342657089236,7.428749999999998e-05
6020,579.7209545089543,1,-0.0026595438623012056,216.6862350463867,0.42043272256851194,7.425000000000002e-05
6021,613.572987457231,1,-0.007070711101747307,120.66520233154297,0.41987639367580415,7.42125e-05
6022,613.4314761155858,1,-0.047569713834673163,52.8657917894423,0.4200404167175293,7.417499999999999e-05
6023,498.6667344126714,1,-0.011737238336354493,21555.268250274657,0.41967456340789794,7.41375e-05
6024,408.6722711377701,1,-0.004595908639021218,5395.140124511719,0.4195942968130112,7.41e-05
6025,-127.97277113564775,0,-0.010111498739570379,1615.532633972168,0.4196452071269353,7.406249999999998e-05
6026,490.1678241429078,1,0.05839192140847445,2572.5163391113283,0.4199079930782318,7.4025e-05
6027,577.9474228124157,1,-0.024506000522524118,204.664204788208,0.42000536918640136,7.398749999999999e-05
6028,621.425194786342,1,0.00127037189190915,1438.468310546875,0.4201135128736496,7.395000000000001e-05
6029,629.9445993791894,1,-0.003080199316973342,269.7938034057617,0.42014055848121645,7.39125e-05
6030,629.7449363487735,1,-0.0108570978695127,155.13490982055663,0.420070680975914,7.387499999999998e-05
6031,505.85009820625754,1,0.006103694858029485,1290.9829010009767,0.4200483441352844,7.38375e-05
6032,603.7382449540628,1,0.03614498926326633,86.15495452880859,0.41996148228645325,7.379999999999999e-05
6033,620.5681454108405,1,-0.0006156753698093098,299.2710662841797,0.42004395425319674,7.376249999999998e-05
6034,614.7112640203425,1,-0.07469398062676191,43.34451513290405,0.4197221636772156,7.3725e-05
6035,301.49573330736916,1,0.006087226793169975,13652.203588867187,0.4191967785358429,7.368749999999998e-05
6036,432.34330734541714,1,0.011468621902167797,4016.3992431640627,0.4190473586320877,7.365000000000001e-05
6037,621.4797395874652,1,-0.042599031887948516,2473.3933715820312,0.4191254034638405,7.36125e-05
6038,534.5183039130487,1,-0.00908454405143857,826.3807067871094,0.4191566690802574,7.357499999999999e-05
6039,598.530208551922,1,-0.004745419882237911,107.36451416015625,0.41900224685668946,7.35375e-05
6040,623.2137493894897,1,-0.24524116963148118,100.80512065887451,0.41918325424194336,7.35e-05
6041,-4429.259555350017,1,0.001022429619398382,8649.843250528971,0.4195239179664188,7.346249999999998e-05
6042,623.5957350548421,1,-0.004688618878440831,99.96258773803712,0.4196542799472809,7.3425e-05
6043,568.9134093500462,1,-0.05072409566491842,204.53234857320786,0.4193661749362946,7.338749999999999e-05
6044,517.0940709914795,1,0.07536580618470907,1269.62236328125,0.4185405969619751,7.335000000000001e-05
6045,496.60828606511,1,-0.07756300941109658,852.3310699462891,0.4183467164635658,7.33125e-05
6046,597.4774127540671,1,0.10849462412297725,136.71242084503174,0.41792242527008056,7.327499999999998e-05
6047,608.6689180217563,1,-0.007434193321530813,157.4118682861328,0.4171076536178589,7.32375e-05
6048,630.5329133482237,1,-0.0026412094079660163,360.6664245605469,0.4168456822633743,7.319999999999999e-05
6049,20.784577365662756,1,-0.0008726805681362748,17946.51689453125,0.41659569293260573,7.316249999999998e-05
6050,86.96104005551598,1,-0.0003813504241406918,15147.711181640625,0.41661990582942965,7.3125e-05
6051,-2797.4074869993883,1,-0.01636912479464497,12361.788700648716,0.41671975680759976,7.30875e-05
6052,624.4946564904068,1,-0.008272949750534764,173.91631774902345,0.4167153835296631,7.305000000000001e-05
6053,610.0739113120114,1,-0.006549208661454031,81.00469512939453,0.4164602279663086,7.301249999999999e-05
6054,539.9917060623123,1,-0.08709430266171694,713.671259689331,0.416741369664669,7.297499999999998e-05
6055,587.7034691831494,1,0.102297833096236,4370.548449707031,0.41762521862983704,7.29375e-05
6056,609.9586802202972,1,-0.002996112440402143,138.9565055847168,0.4178198754787445,7.29e-05
6057,548.4465698281335,1,-0.2407012939453125,15224.932674315618,0.41773433089256284,7.286249999999998e-05
6058,541.376845684316,1,-0.001814515219302848,688.0134477615356,0.41820475906133653,7.2825e-05
6059,588.6405807197775,1,-0.020479619689285754,53.25133857727051,0.4178957581520081,7.278749999999999e-05
6060,-2194.1703933194594,1,0.010858765027175346,12502.136228434245,0.4160025671124458,7.275e-05
6061,593.7845337316969,1,0.04901822204701602,112.94652160704136,0.4157034635543823,7.27125e-05
6062,-133.80426126456973,1,-0.032199773378670214,16991.50271809896,0.41607041358947755,7.267499999999998e-05
6063,598.5293776260224,1,-0.01446338016539812,82.06041259765625,0.41621036529541017,7.263750000000001e-05
6064,424.34547024568695,1,-0.020351940672844647,3983.0131713867186,0.41639339178800583,7.259999999999999e-05
6065,-99.73347495634424,0,-0.0021172746483768736,1062.9916207449776,0.4166120341845921,7.256249999999998e-05
6066,562.3066596691849,1,0.053230961319059134,8778.135814285279,0.4167813420295715,7.2525e-05
6067,588.7938826402666,1,-0.001265757116856747,224.7551300048828,0.41686139106750486,7.24875e-05
6068,-303.29291639806166,1,0.01693117284521577,19853.571728515624,0.4169523606697718,7.245000000000001e-05
6069,581.1995619589766,1,-0.03487377222627401,127.52842531204223,0.4168322399258614,7.241249999999999e-05
6070,561.349654860396,1,0.0049759488552808765,352.9443614959717,0.4166088402271271,7.237499999999998e-05
6071,465.175485099674,1,-0.022548842523247004,2315.208865356445,0.41669180393218996,7.23375e-05
6072,610.4469870257171,1,-0.001378321829291451,708.5553161621094,0.41672693490982055,7.23e-05
6073,631.0459856938104,1,-2.7666524869118802e-05,830.4053527832032,0.4167536377906799,7.226249999999997e-05
6074,603.6795378780989,1,-0.0033203773071043942,165.38182983398437,0.4168138861656189,7.2225e-05
6075,496.01881773331974,1,-0.10031380578875541,1171.4225494384766,0.41670810580253603,7.218749999999999e-05
6076,538.0500122335917,1,0.023252844251692294,2518.4738335609436,0.4167469799518585,7.215e-05
6077,514.6903670307773,1,0.0016575047746300697,731.1250900268554,0.41664781272411344,7.21125e-05
6078,620.0363760381398,1,-9.842370926378407e-05,641.2626586914063,0.4163131147623062,7.207499999999998e-05
6079,628.9498210305026,1,-0.00107779095708338,526.7998504638672,0.41609764099121094,7.203750000000001e-05
6080,499.08246656963036,1,0.08137956969439983,2917.7222412109377,0.41587627977132796,7.199999999999999e-05
6081,507.65814661356666,1,-0.08324079192243516,699.4451938629151,0.4159637585282326,7.196249999999998e-05
6082,-10587.064239930047,1,0.0018456265330314635,4788.698176735325,0.4166137880400608,7.1925e-05
6083,599.0533699757659,1,-0.011015545108138802,323.4663604736328,0.4171485543251038,7.188749999999999e-05
6084,629.9285554973278,1,-0.0017776433594228537,679.5251403808594,0.4169322311878204,7.185000000000001e-05
6085,499.12776818247755,1,-0.10802874118089675,2327.4194244384767,0.416794553399086,7.181249999999999e-05
6086,619.6817477876757,1,-0.0029070180330499793,414.30205993652345,0.4167868345975876,7.177499999999998e-05
6087,567.8612036414042,1,0.16104944329708815,121.03553276062011,0.4164291262626648,7.17375e-05
6088,568.4660841135992,1,-0.0019210921482197385,255.61833648681642,0.4146965444087982,7.17e-05
6089,536.2996656866342,1,-0.012618757411837577,610.3999069213867,0.4135455429553986,7.166249999999997e-05
6090,588.4357106106303,1,-0.004520297645320781,205.54448852539062,0.4128086656332016,7.162499999999999e-05
6091,519.1987509484427,1,0.17065808959305287,567.3748245239258,0.41221972107887267,7.158749999999999e-05
6092,-12056.41898821319,0,-0.00018032911037536045,2709.4389083087444,0.4123380328479566,7.155e-05
6093,574.2380900294963,1,-0.024415638018399476,184.71893386840821,0.41264383792877196,7.15125e-05
6094,559.8621344330651,1,-0.02333225207403302,8835.376203536987,0.41278319507837297,7.147499999999998e-05
6095,604.6918986582466,1,-0.013707949593663216,3213.2177612304686,0.4129466101527214,7.143750000000001e-05
6096,527.3363176470536,1,-0.13859523213468491,276.85719203948975,0.4128442585468292,7.139999999999999e-05
6097,485.7779754731507,1,0.012006014399230481,700.7472045898437,0.41239275336265563,7.136249999999998e-05
6098,489.8161113769442,1,-0.0251139875035733,1662.758740234375,0.412204684317112,7.1325e-05
6099,568.2598522398333,1,-0.10787323056720197,349.86230087280273,0.4116366684436798,7.128749999999999e-05
6100,-12055.321622110327,0,-0.00047125701400402346,2986.3568126076148,0.4111596088660391,7.125000000000001e-05
6101,588.8788877991667,1,0.329330238327384,231.97714663743972,0.4126798570156097,7.121249999999999e-05
6102,568.2881893092551,1,-0.05018444629386067,121.09503078460693,0.412978196144104,7.117499999999998e-05
6103,352.12717064346555,1,-0.022285219002515077,18240.66064453125,0.4130008816719055,7.11375e-05
6104,466.0794888480156,1,0.05007039504125714,20984.5221282959,0.41299919933080675,7.11e-05
6105,486.2790784440487,1,0.0425648607313633,1357.5019317626952,0.4130164086818695,7.106249999999997e-05
6106,-8619.621749474858,1,-0.006979851599317044,6806.535938978195,0.4130332849919796,7.1025e-05
6107,611.1939935319604,1,-0.0006192875308101975,1186.1786376953125,0.4130236655473709,7.098749999999998e-05
6108,559.7381596342271,1,-0.008812482776545139,541.5693725585937,0.41300818622112273,7.095e-05
6109,-218.96088559179765,0,-0.00672265092143789,1390.145004272461,0.4129680701664516,7.09125e-05
6110,568.5364227050753,1,-0.14591953838244082,544.3139717720449,0.4130493521690369,7.087499999999999e-05
6111,587.7467422315303,1,0.012337344302795827,432.06610984802245,0.4132530152797699,7.083750000000001e-05
6112,564.9831173931304,1,0.0014468414708971977,42666.327734375,0.4131808400154114,7.079999999999999e-05
6113,623.4769139453053,1,-0.0009116912329545813,947.3498474121094,0.41315789222717286,7.076249999999998e-05
6114,629.8008333003982,1,-0.0015676979881634524,791.9287231445312,0.4131482869386673,7.0725e-05
6115,-6679.460405050463,1,-0.0030490247228254492,9217.210544057993,0.4131544422644835,7.068749999999999e-05
6116,443.50853854177916,1,0.020864451304078102,2878.024530029297,0.4132179647684097,7.065000000000001e-05
6117,629.6885075600889,1,-0.00107953352590755,889.1613586425781,0.41322326064109804,7.061249999999999e-05
6118,629.7393723261702,1,-0.0015491269634281934,716.6620544433594,0.41322130858898165,7.057499999999998e-05
6119,-2880.4824652052466,1,0.0005306066945195198,17881.290025111608,0.4132686904498509,7.05375e-05
6120,-6106.995909208702,1,-0.0003338429844006896,11662.64800008138,0.4133614937464396,7.049999999999999e-05
6121,602.1435871589529,1,-0.08745735585689544,357.03164210319517,0.41337249875068666,7.046249999999997e-05
6122,582.0649055548467,1,-0.07102999649941921,116.6077666759491,0.41344151496887205,7.0425e-05
6123,590.4949443902076,1,-0.0018446369044326616,158.9885696411133,0.41348117887973784,7.038749999999998e-05
6124,524.7410204018396,1,-0.049849077314138415,830.9104614257812,0.41353631019592285,7.035e-05
6125,596.7009542855217,1,-0.00036000171676278116,91.88465106487274,0.41358633935451505,7.03125e-05
6126,454.63027418582664,1,0.007004259061068297,12192.161645507813,0.4136445879936218,7.027499999999999e-05
6127,593.7192403083052,1,-0.009841658718910651,177.27556762695312,0.4136841595172882,7.02375e-05
6128,-12055.000786346074,0,-0.0009084743643669706,3912.2627666774547,0.4139315812211288,7.019999999999999e-05
6129,520.156963354775,1,0.004301640670746565,4667.9409255981445,0.4145799517631531,7.01625e-05
6130,-12055.21180282618,0,-0.0004909739290413104,4362.472394461381,0.41466527487102306,7.0125e-05
6131,-129.04376402122455,0,0.0016957072541117669,1392.5398549397787,0.414707358678182,7.008749999999999e-05
6132,-114.90312860046825,0,0.0032441807600359124,12912.282965596516,0.41462873816490176,7.005000000000001e-05
6133,598.0772915415017,1,-0.008724257349967957,841.5599914550781,0.4146173119544983,7.001249999999999e-05
6134,584.2441658951013,1,-0.013111138809472322,716.5060203552246,0.4146509334445,6.997499999999998e-05
6135,598.1973435466193,1,-0.0008750181838479421,392.59544372558594,0.41469569504261017,6.99375e-05
6136,495.22135241455277,1,0.02866316130384803,8271.674670410157,0.41471260637044904,6.989999999999999e-05
6137,565.6099058864519,1,0.0465593246743083,294.7274459838867,0.4146895855665207,6.986250000000001e-05
6138,-95.11091560563042,0,-0.0109853200847283,1171.7320335388183,0.4143598362803459,6.9825e-05
6139,-392.2571354143083,0,-0.008697563303368433,1756.9180914742606,0.4144027382135391,6.978749999999998e-05
6140,88.27452112238205,1,-0.010676284848401944,9024.343863932292,0.4145706613858541,6.975e-05
6141,528.4317784955034,1,0.011291141808032989,1827.6386322021485,0.41461280137300494,6.97125e-05
6142,527.3774271356441,1,0.022873524017632006,808.910807800293,0.41465051770210265,6.967499999999999e-05
6143,569.305617403054,1,-0.0016498524695634843,1653.220703125,0.4146655321121216,6.96375e-05
6144,558.4908106497144,1,-0.008071329910308123,348.37346811294555,0.41470369696617126,6.959999999999998e-05
6145,-185.68409727998187,0,-0.004251559808229406,1761.7597198486328,0.4148076092203458,6.95625e-05
6146,505.9751650771574,1,-0.03725579474121332,28820.918879699708,0.4148452043533325,6.9525e-05
6147,512.3761492787028,1,-0.01644214950501919,1874.295166015625,0.41485565304756167,6.948749999999999e-05
6148,500.9208534245595,1,0.037408023793250325,9103.676513671875,0.4148747384548187,6.945000000000001e-05
6149,599.0393093996428,1,-0.0003473584572091681,1441.8404907226563,0.41488465666770935,6.941249999999999e-05
6150,599.887388987048,1,-3.091086768307605e-05,2305.68603515625,0.41488795876502993,6.937499999999998e-05
6151,528.663528378357,1,0.017281613871455194,5853.789135742188,0.4148929074406624,6.93375e-05
6152,620.9254098107397,1,-0.00014873020060974796,1953.25537109375,0.41492129266262057,6.929999999999999e-05
6153,467.10133244437236,1,0.0043696565320715305,701.5281112670898,0.414968042075634,6.926250000000001e-05
6154,621.9720216912141,1,-0.0042778413060915454,2196.32890625,0.41504721641540526,6.9225e-05
6155,598.7361388350746,1,-0.00918030384927988,865.7861755371093,0.4150667428970337,6.918749999999998e-05
6156,571.5897089546281,1,-0.07395934397354723,1638.3392700195313,0.41507977843284605,6.915e-05
6157,599.4791101239882,1,-0.003344953712075949,519.5926391601563,0.41506619453430177,6.911249999999999e-05
6158,578.405848304852,1,-0.04217515662312508,1912.096975708008,0.4150474816560745,6.907499999999998e-05
6159,579.6782168607672,1,-1.5783310475470103e-06,29642.57265625,0.4150554686784744,6.90375e-05
6160,624.351946223952,1,-0.005155414619561327,965.7134521484375,0.4150546997785568,6.899999999999998e-05
6161,582.1025445257735,1,-0.013716261368244886,136.5095202922821,0.41504616737365724,6.896250000000002e-05
6162,589.5455894347825,1,-0.003625424332466309,262.81311492919923,0.41508441865444184,6.8925e-05
6163,584.2217629532234,1,-0.0008797475099616037,163.03570098876952,0.4150901436805725,6.888749999999999e-05
6164,574.3494273795675,1,0.0939912237226963,18936.43129453659,0.4150333821773529,6.885e-05
6165,599.9071326526932,1,-0.004733626529970536,155.85067825317384,0.4150841474533081,6.88125e-05
6166,588.5172801875957,1,-0.00476820055327778,176.8441619873047,0.41509380638599397,6.877499999999998e-05
6167,621.9488469954277,1,-0.0015108475262024968,336.084619140625,0.41497249603271485,6.87375e-05
6168,518.8783936752538,1,0.014068699767813086,602.5287775039673,0.41487088054418564,6.869999999999999e-05
6169,618.9629233619736,1,-0.01775818452854665,363.65650329589846,0.4148463010787964,6.866250000000001e-05
6170,598.671542062116,1,-0.010183737683109938,95.74528503417969,0.41481985449790953,6.8625e-05
6171,608.4837778809334,1,-0.014570833177816666,295.2528244018555,0.4146002262830734,6.858749999999998e-05
6172,597.6324990414691,1,-0.010769502632319928,40.83078479766846,0.4142996907234192,6.855e-05
6173,-94.82419222139413,1,0.017474067707856495,52779.64462127686,0.41346805493036903,6.851249999999999e-05
6174,557.571230961106,1,0.027176683128345758,481.9119590759277,0.4133281633257866,6.847499999999998e-05
6175,-790.3873079603195,1,-0.013584039779379964,33920.334460449216,0.41344948038458823,6.84375e-05
6176,596.1451775635227,1,0.13880214681848885,109.96060633659363,0.4132088005542755,6.839999999999998e-05
6177,558.046312019132,1,-0.040740152914077045,287.60152969360354,0.4127477467060089,6.836250000000002e-05
6178,-674.6180599336735,1,0.0042998964587847395,24154.58134765625,0.41212558348973594,6.8325e-05
6179,-124.16002549777755,1,-0.032432287993530436,33221.66826171875,0.4119681815306346,6.828749999999999e-05
6180,599.9284524776763,1,-0.002694857804048212,143.3169059753418,0.41195517480373384,6.825e-05
6181,600.0528416589513,1,-0.010780370267504936,209.58968811035157,0.41190247535705565,6.82125e-05
6182,629.3164866123321,1,-0.006517733571350703,220.76243743896484,0.41181459426879885,6.817499999999998e-05
6183,530.2922961421955,1,0.011404329142533243,726.1736892700195,0.4117634728550911,6.81375e-05
6184,527.3325750386662,1,0.02673587016761303,535.2817699432374,0.41193402260541917,6.809999999999999e-05
6185,587.5167829561849,1,0.0446134302765131,69.84487371444702,0.4116264820098877,6.806250000000001e-05
6186,-3285.1312927310323,1,0.023367070127278566,15555.305989837647,0.4108945161104202,6.8025e-05
6187,606.7383276336656,1,0.09369368655607105,101.2055644750595,0.41098140478134154,6.798749999999998e-05
6188,620.2503403891059,1,-0.005302090861368925,261.96288909912107,0.41132739186286926,6.795e-05
6189,624.5648186275957,1,-0.006668909005560409,267.6332489013672,0.4114403575658798,6.791249999999999e-05
6190,610.5881044061997,1,-0.01113568238108229,120.54879684448242,0.41143131256103516,6.787499999999998e-05
6191,619.1789978898602,1,-0.0015458893098795556,115.53726654052734,0.41136263608932494,6.78375e-05
6192,598.8822667704844,1,-0.019182636016600974,98.40171966552734,0.4110686719417572,6.779999999999998e-05
6193,600.4974023065064,1,-0.0069050080702460544,170.13542938232422,0.4108188092708588,6.776250000000001e-05
6194,629.8056671182417,1,-0.009619549968230955,164.91126861572266,0.41087446808815004,6.772499999999999e-05
6195,-3652.5770548793753,1,-0.0007640272240678314,9716.835033416748,0.41065411977469923,6.768749999999999e-05
6196,598.3116319083538,1,-0.003945116233080625,83.61672821044922,0.4107073426246643,6.765e-05
6197,630.0841656733528,1,-0.0014089762373536985,118.55831832885742,0.4105712413787842,6.76125e-05
6198,593.2643586916854,1,-0.00987018825826307,106.2099838256836,0.4104277342557907,6.757499999999998e-05
6199,526.2555983988525,1,-0.005082273948937654,1096.5609611511231,0.41005427539348605,6.75375e-05
6200,599.5155712963199,1,-0.006710945641942523,81.1563591003418,0.40973736345767975,6.749999999999999e-05
6201,598.2455364327305,1,-0.37447268990799787,50.49043173789978,0.4091524541378021,6.74625e-05
6202,557.2712777962872,1,0.22718581054359674,584.252066040039,0.4080956816673279,6.7425e-05
6203,-12054.748131413804,0,0.0004043507977927986,3593.1941758229545,0.4081420239649321,6.738749999999998e-05
6204,536.3890660302382,1,0.01141797387972474,231.61376934051515,0.4081322029232979,6.735e-05
6205,-2113.8460378854243,1,0.01612635604396928,11372.009884643554,0.4082969054579735,6.731249999999999e-05
6206,135.1014455776242,1,0.020725092540184658,8793.158430989582,0.40834794541200004,6.727499999999998e-05
6207,434.3487079113644,1,0.0010703172534704208,7044.577893066406,0.40841370820999146,6.72375e-05
6208,547.6487824637663,1,0.073335868306458,621.3920715332031,0.4084803402423859,6.72e-05
6209,-1986.3444386306342,1,-0.0014984387283523877,5850.608458794488,0.40853066742420197,6.716250000000001e-05
6210,503.3132546853536,1,0.0018215611577033996,11959.699462890625,0.40866586565971375,6.712499999999999e-05
6211,579.9891717203382,1,-0.002466017620255201,981.2534301757812,0.40865989327430724,6.708749999999998e-05
6212,550.9456510631678,1,-0.00400981679558754,1324.1935791015626,0.4086143374443054,6.705e-05
6213,566.1975461345806,1,-0.09971886118873954,661.3242965698242,0.4085068076848984,6.70125e-05
6214,245.13970570595347,1,0.010792155377566814,5102.147814941406,0.4083222925662994,6.697499999999997e-05
6215,548.0864763908904,1,0.018369904905557632,413.39759254455566,0.4083304226398468,6.69375e-05
6216,318.4045187570962,1,0.020751458872109652,78490.173828125,0.40849566757678984,6.689999999999999e-05
6217,599.2580822698301,1,-0.004229412485391037,550.6624694824219,0.40852983891963957,6.68625e-05
6218,-12051.44877562754,0,-0.000715590336997258,4219.945583443892,0.4079774034650702,6.6825e-05
6219,600.0660377518399,1,-0.0006079460456387409,358.08396606445314,0.40863310992717744,6.678749999999998e-05
6220,618.5865513977199,1,-0.0017134951299670575,378.3761932373047,0.4086219727993011,6.675000000000001e-05
6221,614.0217306414324,1,-0.00459651592148802,442.4727844238281,0.4085313558578491,6.671249999999999e-05
6222,557.6107100502022,1,-0.10106510538607835,73.34330625534058,0.40853893756866455,6.667499999999998e-05
6223,583.8838059802417,1,-0.011596623063087463,205.57755432128906,0.4086486577987671,6.66375e-05
6224,607.4834763686594,1,-0.009583911392837763,94.24156188964844,0.4085681319236755,6.659999999999999e-05
6225,489.987937632948,1,0.026060830615460873,12897.340106201173,0.408332496881485,6.656250000000001e-05
6226,546.8453317555442,1,-0.007571698725223541,308.20564193725585,0.4083969235420227,6.652499999999999e-05
6227,560.0125607270106,1,-0.00021631335839629174,33877.5900390625,0.4085988402366638,6.648749999999998e-05
6228,581.3666471338167,1,-7.918042631329669e-05,17129.0076171875,0.40865606665611265,6.645e-05
6229,610.9776187891616,1,-0.0019848391324430283,291.01275939941405,0.4087012141942978,6.64125e-05
6230,579.9771617442076,1,-0.0018685814169415948,184.13948516845704,0.4087606191635132,6.637499999999997e-05
6231,630.856340414318,1,-0.00012886645943126495,364.47288208007814,0.40862561464309693,6.633749999999999e-05
6232,472.32566139585884,1,-0.016518316976726056,3162.506805419922,0.4085496723651886,6.629999999999999e-05
6233,-4388.646976203156,1,-0.00024561824975535276,16495.803610568575,0.4083956175380283,6.62625e-05
6234,599.8304234037837,1,-0.011209130512609989,123.31958694458008,0.4084341138601303,6.6225e-05
6235,547.117280787551,1,-0.004588873032480479,554.5370361328125,0.40836522579193113,6.618749999999998e-05
6236,568.6790645203527,1,-0.011129318550229073,226.35275115966797,0.4083120346069336,6.615000000000001e-05
6237,524.8135820236673,1,0.24973524641245604,336.2306018829346,0.40801808834075926,6.611249999999999e-05
6238,602.3925855151492,1,-1.533105969429016e-05,6142.284326171875,0.40747249126434326,6.607499999999998e-05
6239,-4082.438911313772,1,-0.0010585459259649119,8341.519386969672,0.4072186271349589,6.60375e-05
6240,-514.5943358779917,1,-0.004878273233771324,41947.789713541664,0.4072005917628606,6.599999999999999e-05
6241,-141.82804169644476,1,0.0005139277937511604,48497.450374348955,0.40721574624379475,6.596250000000001e-05
6242,-418.3027689268165,1,-0.004823822916174929,38523.17760416667,0.4072347501913706,6.592499999999999e-05
6243,509.4774799245718,1,0.11660360204987227,1280.3444808959962,0.40725945234298705,6.588749999999998e-05
6244,573.7978457388003,1,0.17504803482443093,344.5722401916981,0.40750468969345094,6.585e-05
6245,538.0775856832528,1,-0.023472985811531545,210.661780166626,0.4081792175769806,6.58125e-05
6246,-473.0500322144696,1,0.0004550986302395662,37258.80813802083,0.408446537454923,6.577499999999997e-05
6247,487.9912286691821,1,-0.025395163148641587,3465.205114746094,0.408505417406559,6.573749999999999e-05
6248,-852.3249269346446,1,0.009279995566854875,8173.273756663005,0.4085628946622213,6.569999999999998e-05
6249,621.1999098396348,1,-1.57778372900097e-05,13507.605078125,0.4086483776569366,6.56625e-05
6250,551.4425452483331,1,-0.08147926237434149,8688.728551483155,0.4087063580751419,6.5625e-05
6251,608.4090881660932,1,-0.0017230805133436888,1864.1860229492188,0.40876264274120333,6.558749999999999e-05
6252,588.7965573651702,1,-0.0011033611372113228,587.1772644042969,0.40877901315689086,6.555000000000001e-05
6253,577.6686605811936,1,-0.00044825682416558264,524.8475952148438,0.4087949514389038,6.551249999999999e-05
6254,-274.1132784364053,1,0.02941612754948437,50106.820092773436,0.4087831219037374,6.5475e-05
6255,598.4255035761054,1,-0.007207727245986462,362.7734893798828,0.408739173412323,6.54375e-05
6256,-1717.636488960952,1,-0.0004148946329951286,19165.676875,0.4085275167226791,6.539999999999999e-05
6257,610.5898737646679,1,-3.360386513122649e-05,5286.65771484375,0.40851103365421293,6.536250000000001e-05
6258,-973.8875226847023,1,-0.017463189782574773,26045.394482421874,0.4085068956017494,6.532499999999999e-05
6259,-11771.02414921389,0,-0.0013514913679835829,4413.700022571965,0.40852076317134656,6.528749999999998e-05
6260,590.9930175838268,1,-0.008488034510404674,1554.274609375,0.40857891738414764,6.525e-05
6261,620.608881437195,1,-0.0009542509295243917,2174.9236328125,0.40857871770858767,6.521249999999999e-05
6262,-3821.690896541709,1,0.0013099130475893617,18252.030769348145,0.40851064659655095,6.517500000000001e-05
6263,525.5386297392857,1,0.00153118297457695,958.0168365478515,0.40846705436706543,6.51375e-05
6264,588.8920424447903,1,-9.26218995818573e-05,8282.789990234374,0.4083685606718063,6.509999999999998e-05
6265,614.8990438662182,1,-0.001379266275536395,1024.1963745117187,0.40831477344036105,6.50625e-05
6266,-11760.897723529719,0,-0.0024080117374021366,5383.498511123657,0.4079961456750569,6.5025e-05
6267,570.4439982619266,1,-0.00012057634661566397,2343.41357421875,0.407611608505249,6.498749999999999e-05
6268,16.320845413264124,1,-0.0011668959632515907,69731.82421875,0.40759951770305636,6.495e-05
6269,620.4629150833925,1,-4.756491114790151e-05,9289.101171875,0.4075909614562988,6.491249999999999e-05
6270,567.3475206883386,1,-0.1051716336980462,857.373568725586,0.40759772062301636,6.4875e-05
6271,418.7390315088165,1,-0.02078105150721967,4132.379498291016,0.40782527774572375,6.48375e-05
6272,589.5193731743582,1,-0.001968336493969147,1130.754296875,0.4079104095697403,6.479999999999999e-05
6273,590.0539765840349,1,-0.000986842258087961,627.774462890625,0.40787977576255796,6.476250000000001e-05
6274,-4414.328537885778,1,0.0011550243840449386,15115.56488986545,0.40778734485308327,6.472499999999999e-05
6275,499.31367184907344,1,0.031083141919225454,304.7440986633301,0.40770641565322874,6.468749999999998e-05
6276,589.4715315953828,1,-0.001859044197563975,894.5843444824219,0.4074715554714203,6.465e-05
6277,347.37509482187716,1,-0.0034645603969693183,23546.896435546874,0.4073711186647415,6.461249999999999e-05
6278,624.2320350724258,1,-0.001794964976696889,1109.3771118164063,0.40731369853019717,6.457500000000001e-05
6279,609.576201384438,1,0.0002952051283017454,1051.9925903320313,0.4071995854377747,6.45375e-05
6280,553.0963629236127,1,-0.23828535405918955,499.0135335922241,0.4070721209049225,6.449999999999998e-05
6281,-1525.6429577431518,1,0.0055355078354477885,27498.435288085937,0.4070234429836273,6.44625e-05
6282,574.1628887229754,1,0.005214665364474058,881.3356033325196,0.4069919645786285,6.4425e-05
6283,547.616074066739,1,-0.10579821337014436,204.81979522705078,0.40681037306785583,6.438749999999999e-05
6284,629.6982795944116,1,0.0025406610161475386,817.1718688964844,0.4068295359611511,6.435e-05
6285,-7878.168175070464,1,0.0006229472657044729,11117.700624287923,0.40769112745920816,6.431249999999998e-05
6286,593.6196616184719,1,-0.012228085286915302,243.68653717041016,0.4092133045196533,6.4275e-05
6287,600.7216332392228,1,-0.004608621873194352,415.9974792480469,0.40918575823307035,6.42375e-05
6288,588.8947655220973,1,-0.004757907055318355,145.86480026245118,0.40896264314651487,6.419999999999999e-05
6289,564.8145384478362,1,0.10237884921953082,22408.378459012507,0.40878328680992126,6.416250000000001e-05
6290,610.0637420292966,1,-4.768289356498201e-05,18821.9169921875,0.40909438133239745,6.412499999999999e-05
6291,-11853.04961891418,0,-0.0012624628627427707,5464.638242816925,0.40933777533079446,6.408749999999998e-05
6292,599.443601178082,1,-0.008408798649907113,402.39772644042966,0.40941743850708007,6.405e-05
6293,610.0681223747357,1,-0.005325324456736525,365.7267730712891,0.4094105899333954,6.401249999999999e-05
6294,487.0792674669815,1,-0.06041254019364715,24894.617114257813,0.40942189693450926,6.397500000000001e-05
6295,589.396371207931,1,-0.009012918489697342,129.53946685791016,0.4094131767749786,6.39375e-05
6296,629.645511525186,1,-0.0027373406483093277,374.713623046875,0.40931030213832853,6.389999999999998e-05
6297,-7376.501493670702,1,-0.002320939568536622,12981.169624982562,0.41031155969415395,6.38625e-05
6298,568.2012920761306,1,-0.006566771678626538,392.5951782226563,0.41413856744766236,6.382499999999999e-05
6299,582.5598179327417,1,-0.007714414969086647,185.85509796142577,0.41456347703933716,6.378749999999999e-05
6300,-5864.823575556615,1,-4.557096558115022e-05,16666.22461270419,0.416483164917339,6.375e-05
6301,589.8889258026152,1,-0.00565711307458745,217.49965209960936,0.41895098984241486,6.371249999999998e-05
6302,543.1240395796813,1,-0.0053136590868234634,634.7544860839844,0.4191452980041504,6.3675e-05
6303,591.2383000103364,1,-0.0219686594085708,222.315771484375,0.41927959620952604,6.36375e-05
6304,625.5202839213662,1,-0.00021900714158000766,107.12681503295899,0.41938322484493257,6.359999999999999e-05
6305,620.116262585886,1,-0.005521955866575468,151.35244445800782,0.41928710639476774,6.356250000000001e-05
6306,584.0217730920123,1,-0.30351193705573676,116.18806479871273,0.41922170519828794,6.3525e-05
6307,620.9528672359927,1,-0.003555373835208009,142.3398338317871,0.41790902316570283,6.348749999999998e-05
6308,547.7869131903235,1,-0.023980921832844615,735.5876506328583,0.41700016856193545,6.345e-05
6309,554.9685075518792,1,-0.015540675562806427,8906.465036809444,0.4161789894104004,6.341249999999999e-05
6310,558.9250522312366,1,-0.0008092029020190239,545.4992126464844,0.4159484624862671,6.337500000000001e-05
6311,486.7365176357989,1,-0.0666891735047102,1715.8364959716796,0.4158256933093071,6.33375e-05
6312,599.9132958171117,1,-0.005283212009415905,146.7221221923828,0.41568971872329713,6.329999999999998e-05
6313,99.8332854167046,1,-0.005391358118504286,80156.1830078125,0.4155083686113358,6.32625e-05
6314,-1146.0768953116972,1,-0.0074636359233409165,40110.262036132815,0.4154428236186504,6.322499999999999e-05
6315,-3754.082087953122,1,-0.0030902218306437133,22010.571937561035,0.4154443494975567,6.318749999999998e-05
6316,619.7297708442205,1,-0.006346903092246237,175.74332733154296,0.4155534654855728,6.315e-05
6317,589.6612300530728,1,-0.025827897646290766,51.23299789428711,0.41574799120426176,6.311249999999998e-05
6318,237.12430688749077,1,0.01430736379697919,100118.487109375,0.4156524568796158,6.307500000000002e-05
6319,631.1420969371022,1,-0.001359169234637214,277.01830902099607,0.4156131774187088,6.30375e-05
6320,621.3723762848815,1,-0.0024156070557388885,199.2885269165039,0.41563449501991273,6.299999999999999e-05
6321,579.8618266035653,1,-0.0019594118570182674,472.71759643554685,0.41571806073188783,6.29625e-05
6322,-92.2679719226743,0,-0.004432180656918458,1130.7376504080637,0.4159822297947747,6.2925e-05
6323,631.0054115500784,1,-0.003781227511618823,375.93341369628905,0.4163877755403519,6.288749999999998e-05
6324,600.0830879685982,1,-0.013055209960619863,101.53445739746094,0.41650196313858034,6.285e-05
6325,-2327.226552077313,1,0.0014779546608527502,29918.043408203124,0.41670474658409756,6.281249999999999e-05
6326,583.8688337038557,1,-0.010144576140576334,93.34852447509766,0.41669503450393675,6.277500000000001e-05
6327,527.5036260996276,1,-0.05630313316360116,493.7861906051636,0.4163113355636597,6.27375e-05
6328,631.464118927351,1,-0.0008516525602317415,492.0155975341797,0.41612187027931213,6.269999999999998e-05
6329,422.12832754587225,1,0.04779926314949989,3505.3482666015625,0.41604475378990174,6.26625e-05
6330,620.476397125312,1,-0.0008091211437328382,365.5804901123047,0.41599501967430114,6.262499999999999e-05
6331,610.1689954870535,1,-0.004447685759353703,238.91558227539062,0.4159281671047211,6.258749999999998e-05
6332,599.8743059106002,1,0.00013708501111580061,193.5517333984375,0.41593289077281953,6.255e-05
6333,609.7869797171204,1,-0.006774490661583599,157.02139282226562,0.415853813290596,6.251249999999998e-05
6334,-7611.600563208006,1,-0.0001973001768679491,13417.397523280553,0.4167862602642604,6.247500000000001e-05
6335,526.1369554876666,1,0.023289952240884305,716.2042942047119,0.4183831989765167,6.243749999999999e-05
6336,-11859.706005588625,0,0.00024280086723401357,7646.606259663481,0.418187741856826,6.239999999999999e-05
6337,547.7645033651733,1,0.1791682823561132,910.5687717437744,0.41672482490539553,6.23625e-05
6338,-502.85729795508536,1,0.0002202879637479782,78312.4904296875,0.41676318645477295,6.2325e-05
6339,-43.3887061956641,1,0.000551215629093349,82755.76630859375,0.41677738577127454,6.228749999999998e-05
6340,517.5671474496296,1,0.14150400618091225,1856.3671613693236,0.41676242351531984,6.225e-05
6341,589.5402710830476,1,-0.002646799451689219,369.9715942382812,0.41675184667110443,6.221249999999999e-05
6342,340.964433699146,1,0.0007287561893463135,16249.114501953125,0.4166371703147888,6.217500000000001e-05
6343,445.87950061263274,1,-0.041891321260482076,3150.3557067871093,0.41663139760494233,6.21375e-05
6344,610.7862380064687,1,-0.0004226662731653619,1287.6964477539063,0.4166229486465454,6.209999999999998e-05
6345,517.2621293466351,1,-0.03744913414120674,489.9757507324219,0.416465699672699,6.20625e-05
6346,631.6591202038603,1,-0.0015931092216675325,1288.1260620117187,0.41616576313972475,6.202499999999999e-05
6347,347.09973699882534,1,-0.001799994334578514,14131.66884765625,0.41606350243091583,6.198749999999998e-05
6348,362.32975988062896,1,0.006475985515862703,13030.55439453125,0.4160153239965439,6.195e-05
6349,528.8285715537296,1,0.00026058051735162736,643.7608581542969,0.4159468114376068,6.19125e-05
6350,610.6587871401648,1,-0.001852007400348654,724.5368469238281,0.41591556668281554,6.187500000000001e-05
6351,588.8286452048569,1,-0.0026137733063677617,246.61310424804688,0.41588678658008577,6.183749999999999e-05
6352,560.1111546280713,1,-0.0021062114275991915,672.4239501953125,0.4158427357673645,6.179999999999998e-05
6353,488.6427129787121,1,-0.05420734599465504,25197.088616943358,0.4159487307071686,6.17625e-05
6354,610.6504507151997,1,-0.0052330483731978465,624.3069702148438,0.4160049080848694,6.1725e-05
6355,600.2854182222361,1,0.00036966964499098867,19947.667578125,0.4160134792327881,6.168749999999997e-05
6356,610.5717489603403,1,-0.0008039318262078154,617.3348937988281,0.4160039395093918,6.165e-05
6357,579.651710024035,1,-0.00016235170896541362,7892.530712890625,0.41595528423786166,6.161249999999999e-05
6358,578.1041748976863,1,0.2324177535250783,86.3570654079318,0.4166033864021301,6.1575e-05
6359,547.2772049574105,1,-0.040772383008152245,200.44348220825196,0.418364953994751,6.15375e-05
6360,597.8208215723993,1,0.027833535242825745,89.15942239761353,0.41867966055870054,6.149999999999998e-05
6361,485.9140442702712,1,-0.013168085273355246,2182.0752182006836,0.41847566366195676,6.146250000000001e-05
6362,499.7781365390967,1,-0.02967533068731427,1326.8949661254883,0.418256376683712,6.142499999999999e-05
6363,603.8835410452472,1,-0.05676776440814137,126.28965001702309,0.41881396174430846,6.138749999999998e-05
6364,568.6388422434793,1,0.10070285982219503,93.37516812384129,0.42141507267951966,6.135e-05
6365,630.3302143388152,1,-0.002046760449495366,378.34501953125,0.42169925570487976,6.131249999999999e-05
6366,608.9669799852929,1,-0.004411182415037018,157.12803344726564,0.42167358100414276,6.127500000000001e-05
6367,557.842830018826,1,-0.04282242711633444,148.97969875335693,0.4215947762131691,6.123749999999999e-05
6368,548.9119150766345,1,0.06479755928739905,62447.23834590912,0.421722811460495,6.119999999999998e-05
6369,623.9868729748043,1,-0.005071271397173405,189.37539825439453,0.4218589186668396,6.11625e-05
6370,629.1111745515403,1,-0.00019938961922889576,293.27760162353513,0.4217734098434448,6.1125e-05
6371,608.7365228153095,1,-0.00622795931994915,62.509226608276364,0.42161126136779786,6.108749999999997e-05
6372,609.2855745723678,1,-0.08386290944181382,61.71635349839926,0.42142586708068847,6.104999999999999e-05
6373,608.4770364036865,1,-0.08863465460017324,63.454305744171144,0.42209562063217165,6.1012499999999985e-05
6374,556.2359346919266,1,-0.09394068857654929,514.1045877933502,0.4224622130393982,6.0975000000000005e-05
6375,544.4552028692981,1,-0.026494877785444258,757.2575958251953,0.4224254012107849,6.09375e-05
6376,567.4196165546057,1,-0.0030922649428248407,132.021830368042,0.4223140001296997,6.089999999999998e-05
6377,577.7456540892167,1,0.015325561165809631,97.32351589202881,0.4222602039575577,6.08625e-05
6378,613.2202408261217,1,-0.03022274626418948,110.85493359565734,0.4224961161613464,6.082499999999999e-05
6379,619.8106898210467,1,-0.0021408502158713817,183.99560089111327,0.42236210107803346,6.0787500000000014e-05
6380,570.0272122567567,1,-0.0851274779997766,161.11367440968752,0.4220887541770935,6.075e-05
6381,630.8743930838605,1,0.0001763480163958775,317.36264953613284,0.42171356081962585,6.0712499999999985e-05
6382,628.2266976558647,1,-0.002004395910199719,153.51333312988282,0.4216270625591278,6.0675000000000004e-05
6383,599.5446895845789,1,-0.002257634326815605,33.70251636505127,0.4216469168663025,6.06375e-05
6384,-136.40043539593438,1,0.005210837273625657,9475.621899414062,0.42162299156188965,6.059999999999998e-05
6385,93.88854302430417,1,-0.00215915913383166,11033.9001953125,0.42160287499427795,6.05625e-05
6386,596.6051067132767,1,0.0036009224131703377,57.67281675338745,0.42153802514076233,6.052499999999999e-05
6387,556.6306895806625,1,-0.0018233963288366794,254.33222312927245,0.421184366941452,6.048750000000001e-05
6388,608.0015667667643,1,0.00665102144703269,102.18090906143189,0.4209598183631897,6.045e-05
6389,472.99091880867724,1,-0.016797932609915734,2227.325311279297,0.42109909653663635,6.0412499999999984e-05
6390,196.05935601059574,1,0.004079718142747879,93228.4955078125,0.42116486877202985,6.0375000000000004e-05
6391,606.981297358503,1,0.018942871876060963,75.67104473114014,0.4212576374411583,6.0337499999999996e-05
6392,575.2919726405827,1,0.037837442569434644,131.28626441955566,0.4211174860596657,6.029999999999998e-05
6393,628.7533077229955,1,-0.006306789196392515,254.63177032470702,0.42045268416404724,6.02625e-05
6394,502.41965182568015,1,-0.05085020996630192,852.3667625427246,0.42021840810775757,6.022499999999999e-05
6395,535.7010472827924,1,0.04605794064700604,328.5284713745117,0.4201187312602997,6.018750000000001e-05
6396,618.4601819533506,1,-3.785103055271577e-05,318.66321716308596,0.420051372051239,6.015e-05
6397,628.9197433525189,1,-0.001259502642900401,351.07705078125,0.4200792282819748,6.0112499999999984e-05
6398,619.3416355749002,1,-0.0008183322878766219,262.8792434692383,0.42009152472019196,6.0075e-05
6399,598.3033559315807,1,-0.0014356880313435739,109.90029983520508,0.4199630856513977,6.0037499999999996e-05
6400,-161.67677997690066,1,0.0305467805514733,40988.811295572916,0.41952488124370574,5.999999999999998e-05
6401,609.9584649402457,1,-7.953258976947097e-05,33743.064453125,0.41941744089126587,5.99625e-05
6402,628.7795027684687,1,-0.015291480956692282,290.86724548339845,0.41945003569126127,5.992499999999999e-05
6403,-12057.0438965059,0,-0.0007586950436234474,4820.14987381383,0.42017196793305245,5.988750000000001e-05
6404,-740.527074969056,1,-0.001959623349830508,16320.276904296876,0.42096430897712706,5.985e-05
6405,585.8198076226164,1,0.027263965737074614,10384.944842529298,0.4209485173225403,5.9812499999999983e-05
6406,620.4892854639214,1,-0.0017808525170437406,355.1360382080078,0.42093896865844727,5.977500000000001e-05
6407,598.7664790444902,1,-0.0009785661575733684,196.2663818359375,0.42089796960353854,5.9737499999999995e-05
6408,620.395412237102,1,-0.0044216109156455016,250.0634017944336,0.4207383245229721,5.969999999999998e-05
6409,607.6583460518224,1,-0.0645174527540803,37.96629366874695,0.42035338282585144,5.96625e-05
6410,485.7029496952485,1,-0.028509079082868993,1038.1884704589843,0.419879275560379,5.962499999999999e-05
6411,609.2765439318647,1,-0.0066864624940564,87.95711898803711,0.41977974474430085,5.958750000000001e-05
6412,582.5764224061413,1,-0.008779571391642094,82.73726501464844,0.41973787546157837,5.955e-05
6413,588.7665046131051,1,0.0007017035037279129,208.7050811767578,0.4195170283317566,5.951249999999998e-05
6414,588.1143380652675,1,-0.000879402831196785,202.16103973388672,0.4194249391555786,5.947500000000001e-05
6415,455.9878510913751,1,0.01716698482632637,2508.949560546875,0.419437575340271,5.9437499999999995e-05
6416,609.3550953607157,1,-0.002080527203325744,146.04420776367186,0.41950433552265165,5.939999999999998e-05
6417,530.8063673040062,1,-0.04599984232336283,594.715398311615,0.41942299008369444,5.93625e-05
6418,609.9951005177188,1,-0.007668359032055605,403.2195617675781,0.4191146522760391,5.932499999999999e-05
6419,619.6297047413481,1,-0.0009058659806356672,195.05088806152344,0.4188444972038269,5.928750000000001e-05
6420,587.5861214917593,1,0.024366830475628376,90.46241213083267,0.41838855147361753,5.925e-05
6421,-225.6304583857592,1,-0.02164857545867562,68074.72701009114,0.41795633335908255,5.921249999999998e-05
6422,568.4533099870608,1,-0.013257279619574546,144.14097442626954,0.4179659128189087,5.917500000000001e-05
6423,619.8785730139753,1,-0.003456398994894805,194.36934967041014,0.41804276406764984,5.9137499999999994e-05
6424,598.9203872394262,1,-0.004613960746744539,77.64956893920899,0.41802037358283994,5.909999999999998e-05
6425,376.6703465705456,1,0.05008680142927915,5891.228515625,0.4178907573223114,5.90625e-05
6426,609.8884323239076,1,-0.007218293282851107,183.78604736328126,0.41780183017253875,5.902499999999999e-05
6427,589.7579487119824,1,-0.006620361493431126,63.164312744140624,0.41749367117881775,5.898750000000001e-05
6428,596.9319374196264,1,-0.005966676771640778,2411.604833984375,0.416895355284214,5.8949999999999996e-05
6429,548.2901840944348,1,-0.052122613228857514,348.6242631912231,0.4165712773799896,5.891249999999998e-05
6430,619.0737055600715,1,-0.0028269031017018166,155.41657562255858,0.4163763165473938,5.887500000000001e-05
6431,578.9446317949659,1,-0.010777378125461822,47.09247169494629,0.416042760014534,5.8837499999999994e-05
6432,598.6461833397334,1,-0.014468713849782943,58.68851280212402,0.4153802037239075,5.879999999999998e-05
6433,619.2657487663312,1,-0.002551100179114485,117.6002067565918,0.4143765091896057,5.87625e-05
6434,608.4645627510453,1,-0.015440529956674354,67.12173538208008,0.41350294053554537,5.872499999999999e-05
6435,562.3873822031358,1,-0.021025844663381577,415.9841846466064,0.4130661964416504,5.868750000000001e-05
6436,559.4555618974225,1,-0.12196407187730074,104947.23148307801,0.41335593461990355,5.8649999999999996e-05
6437,582.643870791199,1,-0.006199662759900093,284.50794372558596,0.41359522342681887,5.861249999999998e-05
6438,544.523581234138,1,-0.04277680354813735,2494.970633951823,0.41364571650822957,5.857500000000001e-05
6439,608.6234483488117,1,-0.005723737149156705,70.39902725219727,0.4135353624820709,5.853749999999999e-05
6440,597.7303299405705,1,0.05247034919448197,73.26269977092743,0.41293804049491883,5.849999999999998e-05
6441,558.4154393891907,1,-0.028911703545600177,303.68872373104097,0.41260152459144595,5.84625e-05
6442,630.9069434267303,1,0.0008940529664556607,534.4494506835938,0.4124045729637146,5.842499999999999e-05
6443,619.2551755884595,1,-0.0021849345724291426,219.32757110595702,0.4123592346906662,5.838750000000001e-05
6444,630.3806267322694,1,-0.0009616427134217176,197.4067840576172,0.4123853981494904,5.8349999999999995e-05
6445,589.4135712258686,1,-0.0023929698208226212,84.22334594726563,0.4123813629150391,5.831249999999999e-05
6446,600.5315591263388,1,-0.005636016946652234,39.172841262817386,0.41231764256954195,5.827500000000001e-05
6447,609.3579264458929,1,0.15983402747660874,136.67809927463531,0.41131833791732786,5.823749999999999e-05
6448,630.9852647697052,1,-0.004346407890285775,187.09346618652344,0.410489097237587,5.819999999999998e-05
6449,599.5134843512938,1,-0.003312718889845456,167.63381805419922,0.4104906737804413,5.81625e-05
6450,-5288.660219689205,1,-0.001331133327700875,16658.63361927379,0.411008327386596,5.812499999999999e-05
6451,578.7997242328283,1,0.03046492082066834,87.1733081963379,0.4110595464706421,5.808750000000001e-05
6452,619.7187591363127,1,0.006472639536674496,157.9085693359375,0.41125095784664156,5.8049999999999995e-05
6453,577.4913569452403,1,-0.09380219411104918,82.88927052617073,0.4110360622406006,5.801249999999999e-05
6454,609.5126241674544,1,-0.011816798531199168,61.65664176940918,0.4100663661956787,5.7975000000000007e-05
6455,532.1172752425648,1,-0.10359346931800247,485.6285026550293,0.4088241159915924,5.793749999999999e-05
6456,567.5097503693607,1,0.044664474204182625,291.64093656539916,0.4083739221096039,5.789999999999998e-05
6457,618.8417716084608,1,-0.012288054729634013,70.98541870117188,0.4079136461019516,5.7862500000000004e-05
6458,-6310.512082505313,1,-0.00038252368879814944,15258.919601949056,0.4076888434588909,5.782499999999999e-05
6459,613.6588421607748,1,-0.003245864008296495,154.0316146850586,0.40817663371562957,5.778750000000001e-05
6460,623.6013964786199,1,-0.038037280179560186,868.8162292480469,0.40805400609970094,5.7749999999999994e-05
6461,537.0419341764501,1,-0.009695559926331043,740.7942718505859,0.40797828435897826,5.7712499999999987e-05
6462,604.3074667435809,1,-0.012808990666332676,54.368448638916014,0.40790009796619414,5.7675000000000006e-05
6463,517.4811790558385,1,-0.05646876757964492,1196.5705600738524,0.407915997505188,5.763749999999999e-05
6464,604.1641222845885,1,-0.004465667066157053,289.7993865966797,0.4080386936664581,5.759999999999998e-05
6465,619.9329698818966,1,-0.007659359576828706,98.68290405273437,0.4080763339996338,5.75625e-05
6466,620.7417105097338,1,0.0013155549206047112,280.59563903808595,0.4080519437789917,5.752499999999999e-05
6467,609.3228756465503,1,-0.0048731625009494905,184.8938232421875,0.40800958275794985,5.748750000000001e-05
6468,468.5344239973723,1,0.038060715049505235,2645.8413208007814,0.40797964334487913,5.7449999999999994e-05
6469,454.2027294825375,1,0.04782543211185839,3004.0293090820314,0.4080572009086609,5.7412499999999986e-05
6470,610.9012854161006,1,-0.0015460866900758763,260.3958541870117,0.40813387632369996,5.7375000000000005e-05
6471,610.0758236632769,1,-0.01430785025137915,90.1360694885254,0.4081056922674179,5.733749999999999e-05
6472,589.1008671551486,1,-0.002335488982498646,59.61154479980469,0.4078852295875549,5.7299999999999977e-05
6473,587.2028308175794,1,-0.03749560480937362,118.11938333511353,0.4075619950890541,5.72625e-05
6474,611.0153200034384,1,-0.0874566032551229,667.2410415649414,0.4074111580848694,5.722499999999999e-05
6475,578.9007493826969,1,-0.12993242004886268,184.64983100891112,0.40737937688827514,5.718750000000001e-05
6476,578.1442959824152,1,-0.12452445961534978,151.12323274612427,0.4073635160923004,5.714999999999999e-05
6477,623.9508557144821,1,-0.00037037286155552354,202.9984558105469,0.4073214203119278,5.7112499999999986e-05
6478,587.582756546886,1,-0.10755584542639554,131.5785769879818,0.407382732629776,5.7075000000000005e-05
6479,593.3973087729471,1,-0.0019850386805636334,86.82607803344726,0.4072867870330811,5.703749999999999e-05
6480,623.6345423532541,1,-0.012338126577263608,97.65406723022461,0.40701205730438234,5.6999999999999976e-05
6481,572.2023021735383,1,-0.09000366115942597,158.34816865921022,0.40652350187301634,5.69625e-05
6482,519.687906016385,1,-0.001965243904851377,745.1491516113281,0.40569794923067093,5.692499999999999e-05
6483,624.5302216192053,1,-0.0043916276966513125,191.43537139892578,0.40552506148815154,5.688750000000001e-05
6484,583.624887442568,1,0.0525586960837245,9112.822897529602,0.4054572582244873,5.684999999999999e-05
6485,538.7482416866276,1,0.1045209389179945,13983.967984008788,0.40544341802597045,5.6812499999999985e-05
6486,573.9510033886622,1,-0.007134737260639667,87.81970977783203,0.40545905828475953,5.6775000000000004e-05
6487,629.5041087162596,1,0.00017969880668005088,19030.5298828125,0.40543146431446075,5.673749999999999e-05
6488,604.5180446706423,1,-0.005482991921352464,140.0912628173828,0.40536147356033325,5.6699999999999976e-05
6489,66.25595782458078,1,0.007739313365891576,33323.957421875,0.4052303180098534,5.66625e-05
6490,-5769.094657623903,1,-0.001653139375213703,9389.144986239347,0.405199519070712,5.662499999999999e-05
6491,578.4065588947409,1,0.07368258945643902,94.94238481521606,0.4051651954650879,5.658750000000001e-05
6492,604.9242707888047,1,0.0004914348444710725,5429.938720703125,0.4049774885177612,5.654999999999999e-05
6493,553.0656408450207,1,-0.010446859803050757,4476.553485107422,0.40491926670074463,5.6512499999999985e-05
6494,-191.82679021539354,1,-0.019389381756385167,36676.2513671875,0.40489992300669353,5.6475000000000004e-05
6495,630.2151286514445,1,-0.001070233400228915,547.6370910644531,0.4048794388771057,5.643749999999999e-05
6496,620.7349215405244,1,-0.00029551295892353834,4536.65234375,0.40478312969207764,5.639999999999998e-05
6497,518.787576667773,1,0.08247896516695619,792.7991104125977,0.4047163188457489,5.63625e-05
6498,-12052.194162744734,0,0.00030609693280176113,4969.897927394666,0.40474360365616646,5.632499999999999e-05
6499,583.8511969519734,1,-0.004737611864194235,190.20053405761718,0.4061250865459442,5.6287500000000006e-05
6500,573.7282494172853,1,-0.0017295036091919513,223.6189178466797,0.405988946557045,5.625e-05
6501,329.30617650397215,1,-0.0032411579973995685,6343.643139648438,0.4058073818683624,5.6212499999999984e-05
6502,570.4650127495196,1,-0.0006505508404451632,370.9087829589844,0.40578304827213285,5.6175000000000003e-05
6503,389.5268893575868,1,0.0061370018171146516,4973.514074707031,0.40588715821504595,5.613749999999999e-05
6504,601.1966016563185,1,-4.4008231184378135e-05,22553.022265625,0.40594646632671355,5.610000000000001e-05
6505,528.9691523743996,1,0.002505157981067896,398.1490051269531,0.4061142086982727,5.60625e-05
6506,-1261.6726692434916,1,-0.0002653663570526987,42324.81682128906,0.4065134391188622,5.6024999999999986e-05
6507,522.5052325421339,1,0.06622623158618808,1008.0610221862793,0.4066326588392258,5.5987500000000006e-05
6508,-12057.085470525719,0,0.0006572510164819266,5274.222232939068,0.40643470663773384,5.595e-05
6509,631.6819167675769,1,-0.0006725421839362866,1218.714208984375,0.4047686457633972,5.5912499999999983e-05
6510,610.2588878935306,1,-5.536200663041058e-05,576.9832153320312,0.40456663370132445,5.5875e-05
6511,569.0044184960875,1,-0.00047100167721509935,446.7737976074219,0.40455194711685183,5.583749999999999e-05
6512,568.3932037443597,1,-0.3468151705339551,364.97375988960266,0.40461547374725343,5.5800000000000015e-05
6513,608.4569396260247,1,-0.00482230320753132,179.64283905029296,0.4045525550842285,5.57625e-05
6514,608.553317619577,1,-0.0035806069484792145,147.05744171142578,0.40453004837036133,5.5724999999999986e-05
6515,563.357653577266,1,-0.020473266020417213,309.39615421295167,0.4045570820569992,5.5687500000000005e-05
6516,586.7758024386528,1,-0.04312522141262889,109.71086077690124,0.4044730424880981,5.565e-05
6517,630.0029779207086,1,-0.0026290075278296854,318.9227600097656,0.4043195992708206,5.561249999999998e-05
6518,600.1197406631927,1,-9.767970313987462e-05,21945.641796875,0.4041966199874878,5.5575e-05
6519,589.529745755877,1,-0.012524794815708873,53.56750831604004,0.40410107374191284,5.553749999999999e-05
6520,428.4362713346804,1,0.016621958208270372,31891.6947265625,0.40389726161956785,5.5500000000000014e-05
6521,582.5288787808977,1,-0.05286460053175688,7985.944122600556,0.4038496255874634,5.54625e-05
6522,554.3733653571412,1,-0.19259858708828687,199.5905065536499,0.40366517901420595,5.5424999999999985e-05
6523,578.2197743623159,1,-0.008058517565765921,143.9269058227539,0.4030488282442093,5.5387500000000005e-05
6524,620.6948125644781,1,-0.004825120919749537,172.68401031494142,0.4025546103715897,5.535e-05
6525,559.0702852045125,1,-0.1679605127312243,289.699235534668,0.4022426187992096,5.531249999999998e-05
6526,599.8228613303689,1,-0.006263519698598685,53.89298858642578,0.4018696427345276,5.5275e-05
6527,583.643433339925,1,-0.006328981183469295,100.59664993286133,0.4017553448677063,5.523749999999999e-05
6528,603.8727559847947,1,-0.011873881571415269,71.4603485107422,0.40141464173793795,5.5200000000000014e-05
6529,568.8249331119448,1,-0.0004649150375165334,264.6546798706055,0.4007099688053131,5.51625e-05
6530,610.9760579068095,1,-0.0008221715987019706,146.99051208496093,0.40012780725955965,5.5124999999999985e-05
6531,512.0470200697852,1,0.0006291818805038929,3416.6254180908204,0.3993492811918259,5.5087500000000004e-05
6532,591.1361514593841,1,-0.0012611981688259277,230.34996643066407,0.3992728739976883,5.5049999999999996e-05
6533,112.38474288147097,1,0.012080906762275846,96686.7568359375,0.3996143117547035,5.501249999999998e-05
6534,521.3425371544441,1,0.009102880334830843,1463.204165649414,0.39976291060447694,5.4975e-05
6535,621.85243039806,1,-0.00108028687919699,406.22332763671875,0.39974619150161744,5.493749999999999e-05
6536,559.8504173671928,1,-0.02417600352782756,2340.2013458251954,0.3995693862438202,5.490000000000001e-05
6537,-1184.4609601208729,1,-0.004619472898775711,21730.826794433593,0.3994547888636589,5.48625e-05
6538,589.631447413157,1,-0.006492772480029796,77.5589584350586,0.39954916536808016,5.4824999999999984e-05
6539,593.3587745550038,1,-0.000624219502880452,195.86396331787108,0.3998554855585098,5.4787500000000004e-05
6540,536.7056588887199,1,0.07637645937502384,628.3915878295899,0.39982492923736573,5.4749999999999996e-05
6541,630.7568222827234,1,-0.0018887967869105182,359.93860778808596,0.39953051805496215,5.471249999999998e-05
6542,594.2946790878977,1,-0.004313906425487346,241.44991607666014,0.3993711918592453,5.4675e-05
6543,620.8400041102077,1,-0.0021675917666669877,226.9215560913086,0.399182465672493,5.4637499999999986e-05
6544,580.072255843025,1,-0.001075100863911871,195.71133422851562,0.3988741308450699,5.460000000000001e-05
6545,630.9436933430212,1,-0.00010583784499305083,3563.737890625,0.3987222373485565,5.45625e-05
6546,547.1958862435124,1,-0.045965350791811944,918.7846572875976,0.3986815094947815,5.4524999999999984e-05
6547,510.92285651671045,1,0.04412165693938732,1637.010546875,0.3986640959978104,5.44875e-05
6548,520.5537309642128,1,-0.0007909737527370453,116317.03484382629,0.398618620634079,5.4449999999999995e-05
6549,509.810985518448,1,-0.004770179744809866,1194.677308654785,0.3988834977149963,5.441249999999998e-05
6550,455.3049567326313,1,0.017315159551799297,3755.1297119140627,0.3990682616829872,5.4375e-05
6551,516.1828700915232,1,-0.0202221323736012,1337.7559875488282,0.3990709900856018,5.433749999999999e-05
6552,599.2652304819159,1,-0.016550652825067402,112.56084442138672,0.3992151737213135,5.430000000000001e-05
6553,610.2776870751111,1,-0.003171617544374605,413.54933471679686,0.3993255287408829,5.42625e-05
6554,-792.7107549257478,1,0.0007107541896402836,10662.005438232422,0.39934263229370115,5.422499999999998e-05
6555,620.5429470941157,1,-0.0026710945942843623,346.1162567138672,0.39936895966529845,5.41875e-05
6556,609.5628079306936,1,-0.010715559677031462,164.6505874633789,0.39939959049224855,5.4149999999999995e-05
6557,620.6367891983086,1,-0.008657676192072472,181.95595703125,0.39946750104427337,5.411249999999998e-05
6558,558.3817883525346,1,-0.00975572234019637,252.1322048187256,0.39946235418319703,5.4075e-05
6559,577.1678528874652,1,-0.005464303307235241,612.1342231750489,0.39899606108665464,5.403749999999999e-05
6560,619.1652034141357,1,-0.0054096801707885335,167.9132110595703,0.3987926095724106,5.400000000000001e-05
6561,593.9787554900108,1,-0.012967951780169785,141.99463653564453,0.3985303819179535,5.39625e-05
6562,434.0073678494583,1,-0.05099348621442914,3976.221630859375,0.3980145275592804,5.392499999999998e-05
6563,600.4068866970525,1,-0.008665826508572927,92.44288635253906,0.39782570004463197,5.388750000000001e-05
6564,599.9350647487374,1,-0.00756436561156697,140.2087432861328,0.39790949821472166,5.3849999999999994e-05
6565,628.7912216966155,1,-0.01305930448035042,115.78036270141601,0.39783117473125457,5.381249999999998e-05
6566,599.0099479706092,1,-0.010688858586134132,78.55117950439453,0.3978115916252136,5.3775e-05
6567,557.9155306529948,1,-0.027032045274972917,468.6313580513,0.39801524877548217,5.373749999999999e-05
6568,620.957818900304,1,-0.010872847127632212,160.49577941894532,0.3978097528219223,5.370000000000001e-05
6569,610.7599083854057,1,-0.004382523467555899,168.6410369873047,0.3974877506494522,5.3662499999999997e-05
6570,536.8182517850726,1,-0.013153102435171603,1018.4412551879883,0.39714679718017576,5.362499999999998e-05
6571,599.0077529856575,1,-0.0056560270682290085,72.8868408203125,0.3967983841896057,5.358750000000001e-05
6572,609.9024936307917,1,-0.0044412469159015085,160.89534759521484,0.3963669568300247,5.3549999999999994e-05
6573,619.9816380614565,1,-0.0021358790121979608,119.72171554565429,0.3962673515081406,5.351249999999998e-05
6574,604.22757474825,1,-0.017578052377713503,120.07218933105469,0.39615756273269653,5.3475e-05
6575,-213.46942198987352,1,0.011578015082826217,23265.850227864583,0.39576622247695925,5.343749999999999e-05
6576,589.4361481333442,1,-0.0030486596698342085,71.2849105834961,0.39560637772083285,5.340000000000001e-05
6577,597.4892164171654,1,-0.20336960470303894,46.888023889809844,0.3953157365322113,5.3362499999999996e-05
6578,588.0578952098938,1,-0.18391356929205357,106.94800003431737,0.39484953284263613,5.332499999999998e-05
6579,629.5865288951074,1,0.002823223312540435,136.54861297607422,0.3943387925624847,5.328750000000001e-05
6580,610.0144897170251,1,-0.0022086084632348957,68.57242622375489,0.3942371129989624,5.324999999999999e-05
6581,604.3758248892655,1,-0.010613768432836679,360.27427978515624,0.3942004978656769,5.321249999999998e-05
6582,412.24169435132217,1,0.015057925647124649,24118.21201171875,0.39419072270393374,5.3175e-05
6583,598.1163655456452,1,0.008764960896223783,81.0955421447754,0.39419864416122435,5.313749999999999e-05
6584,498.5972897902325,1,-0.06000928338617086,56916.89548034668,0.3942311450839043,5.310000000000001e-05
6585,618.622269631498,1,-0.017237642978228253,51.471157455444335,0.39424033761024474,5.3062499999999996e-05
6586,497.5268633042835,1,-0.0023553620092570783,1094.0209350585938,0.3942553952336311,5.302499999999998e-05
6587,589.1888165077492,1,-0.018042486160993576,56.42811241149902,0.39426627159118655,5.298750000000001e-05
6588,630.3573918070356,1,0.00028761995186483703,176.95755004882812,0.39423643350601195,5.294999999999999e-05
6589,575.683279520779,1,-0.0029188180342316628,310.7612934410572,0.39420889019966127,5.291249999999998e-05
6590,589.5058354924137,1,-0.004570005868600724,110.36928024291993,0.3942219644784927,5.2875e-05
6591,-70.66787506007364,0,0.0005885835736989975,1639.7109151204427,0.39438509990771614,5.283749999999999e-05
6592,-92.47821391477562,0,-0.013447443502289907,1054.2450816563198,0.39441610872745514,5.280000000000001e-05
6593,493.76303586494436,1,-0.032920279260724786,2057.4806579589845,0.39444962292909624,5.2762499999999995e-05
6594,588.2127098590845,1,-0.007491486952205762,139.4820755004883,0.39445958435535433,5.272499999999998e-05
6595,598.301555717038,1,0.0003024914301931858,161.40307569503784,0.39443540573120117,5.268750000000001e-05
6596,555.9048705737905,1,0.10548823345452547,10124.743103027344,0.39439827799797056,5.264999999999999e-05
6597,630.585380094907,1,-0.004827265772598821,396.3932342529297,0.3943952232599258,5.261249999999998e-05
6598,-11748.30604462595,0,0.0005896693242615775,10094.82478284334,0.39439947981583445,5.2575e-05
6599,588.7556558487423,1,7.636845111846924e-08,31264.33515625,0.3943856477737427,5.253749999999999e-05
6600,-12056.276340112898,0,-0.0006145902308880498,4790.170530680606,0.39437477525911835,5.250000000000001e-05
6601,618.4017560159208,1,-0.004751290331665814,204.86269989013672,0.3943568289279938,5.2462499999999994e-05
6602,629.8392282040959,1,-0.00953664484123351,404.2734832763672,0.39434165358543394,5.242499999999999e-05
6603,609.2022883029449,1,0.0012459098904699316,216.73026428222656,0.3943264216184616,5.2387500000000006e-05
6604,-9530.304703407563,0,0.00040976176479537235,11118.53379886025,0.394326987392024,5.234999999999999e-05
6605,598.2236360902994,1,-0.004516498185694218,214.9868148803711,0.39432841539382935,5.231249999999998e-05
6606,609.3534823976995,1,-0.008875606299067496,183.2521209716797,0.3943219244480133,5.2275000000000003e-05
6607,572.5529075217528,1,-0.0578089096583426,311.32995557785034,0.39435010552406313,5.223749999999999e-05
6608,619.6392854257842,1,-0.006389956809123021,179.63620147705078,0.3943751066923141,5.220000000000001e-05
6609,619.6212920028113,1,-0.0018955157055389638,306.7006408691406,0.3944068640470505,5.2162499999999994e-05
6610,578.997386142439,1,0.06220893319696188,436.0513266950846,0.3944033145904541,5.2124999999999986e-05
6611,629.1107131847638,1,-0.004429517534883587,182.03155517578125,0.3943471312522888,5.2087500000000006e-05
6612,-91.80384595818697,1,-0.022544443669418494,56431.531013997395,0.3942961573600769,5.204999999999999e-05
6613,618.3395888309383,1,-0.005765057408601138,108.75773086547852,0.39427490234375,5.201249999999998e-05
6614,630.2566246859566,1,-0.006901341749126289,189.84033813476563,0.3942238003015518,5.1975e-05
6615,604.6906884901447,1,-0.010418536840006709,698.7160575866699,0.39416504055261614,5.193749999999999e-05
6616,518.0227663980663,1,0.09337331000715494,445.10741195678713,0.3941083252429962,5.190000000000001e-05
6617,599.393017443682,1,-0.008304912438935474,211.0442321777344,0.3940952479839325,5.1862499999999993e-05
6618,609.4853863693834,1,-0.009246968046450376,144.43938446044922,0.3941545069217682,5.1824999999999986e-05
6619,610.5724427556177,1,-0.008342181487892897,108.69574279785157,0.39419880509376526,5.1787500000000005e-05
6620,626.1195226824866,1,-0.07460617991164327,284.1935554504395,0.3941716730594635,5.174999999999999e-05
6621,-1653.9069285941919,1,0.007908748351037503,36086.96658691406,0.394102520942688,5.1712499999999976e-05
6622,-2316.99247298934,1,-0.0018383299000561237,18038.95037434896,0.39410971601804096,5.1675e-05
6623,589.2420627621648,1,-0.003012069888941582,340.50664672851565,0.39411327838897703,5.163749999999999e-05
6624,599.4360193410616,1,-0.015466474741697312,31.479336166381835,0.3940804600715637,5.160000000000001e-05
6625,609.0641180388261,1,-0.015371048166492684,78.4305404663086,0.3940339058637619,5.156249999999999e-05
6626,581.1847256956562,1,-0.005747116214145276,95.7451057434082,0.39392995834350586,5.1524999999999985e-05
6627,621.2845717612327,1,-0.012681545204083733,200.24469451904298,0.3938340723514557,5.1487500000000005e-05
6628,-1375.6871029080046,1,-0.04634087968617678,28251.231520996094,0.3937229037284851,5.144999999999999e-05
6629,492.79585614631435,1,-0.004411390656605363,1744.2714820861815,0.3936991736292839,5.141250000000001e-05
6630,600.3745152161741,1,-0.0014734103891541396,90.60136489868164,0.39367150962352754,5.1375e-05
6631,574.091375626635,1,-0.009284602105247864,103.17963943481445,0.3936557561159134,5.133749999999999e-05
6632,499.4867512552928,1,-0.008476576767861843,933.884204673767,0.39371968507766725,5.130000000000001e-05
6633,220.3762098034385,1,0.01598420791560784,55024.1638671875,0.39370072484016416,5.126249999999999e-05
6634,519.0849980315897,1,0.03988941782154143,1024.2793781280518,0.3937086522579193,5.1224999999999985e-05
6635,589.4805589859902,1,-0.006846341946960166,96.44662017822266,0.39370766282081604,5.1187500000000004e-05
6636,506.7886480574472,1,-0.06526966467499733,1661.1010955810548,0.3936531603336334,5.114999999999999e-05
6637,533.0587425325074,1,-0.012275331281125545,979.2086364746094,0.39363294243812563,5.111250000000001e-05
6638,594.7248787016601,1,-0.0058530820964087125,113.23367233276367,0.3936321258544922,5.1075e-05
6639,495.38805604587617,1,-0.05840591350570321,2157.0428924560547,0.3935024604201317,5.103749999999999e-05
6640,-4032.2879776857044,1,0.003797513743241628,16194.019578721789,0.3934188610977597,5.1000000000000006e-05
6641,-12056.42607431724,0,-0.0003321377119343532,5187.134873078999,0.3923005907159103,5.096249999999999e-05
6642,561.1565830765086,1,-0.08602486131712794,377.72602462768555,0.3912898778915405,5.0924999999999984e-05
6643,-4247.924922842962,1,-0.005007740751736694,22980.017872450087,0.39133539034260645,5.0887500000000004e-05
6644,599.290492927671,1,-9.984895586967469e-06,37202.18125,0.39157289266586304,5.084999999999999e-05
6645,-67.15954597742024,1,-1.7576105892658234e-05,18900.929248046876,0.39165269732475283,5.081250000000001e-05
6646,-6766.574203016354,1,0.0017882068641483784,14375.887935227614,0.3916772163831271,5.0775e-05
6647,609.1016623633299,1,-0.0016827977767050583,296.75072326660154,0.3916688084602356,5.0737499999999986e-05
6648,-698.5747975145235,1,0.0037166373571380974,54561.124736022946,0.39166249632835387,5.0700000000000006e-05
6649,593.6967720163316,1,-0.006564947217702866,287.37144165039064,0.3917289853096008,5.066249999999999e-05
6650,551.0764850761328,1,-0.00018206462264060974,609.0967407226562,0.3917079448699951,5.0624999999999984e-05
6651,384.3471364998847,1,0.03401594485039823,79783.9236328125,0.39172354638576506,5.05875e-05
6652,588.2459898509773,1,0.17029003808274865,119.55424114316702,0.39195541143417356,5.054999999999999e-05
6653,381.24713990725274,1,0.0028146757744252683,6108.0486328125,0.3924923285841942,5.051250000000001e-05
6654,581.3369986035784,1,-0.06147554237395525,406.8703132629395,0.3925242304801941,5.0475e-05
6655,-253.90415139570734,1,0.01872362115730842,75296.53362630209,0.3924395710229874,5.0437499999999986e-05
6656,564.7915670900347,1,-0.006144712120294571,324.1207275390625,0.3924307942390442,5.0400000000000005e-05
6657,589.9694460139215,1,-0.002152202295640571,325.7197692871094,0.39243862926959994,5.03625e-05
6658,617.2336285429461,1,-0.016200425525406105,569.2860961914063,0.3924273520708084,5.032499999999998e-05
6659,546.9571243462706,1,-0.06352693475782871,192.1776159286499,0.39237273335456846,5.02875e-05
6660,538.0893460048765,1,0.0545978014357388,383.53731167912485,0.3922403693199158,5.024999999999999e-05
6661,249.6849583385749,1,-0.005480692768469453,61552.9623046875,0.3920429512858391,5.0212500000000014e-05
6662,599.9832234413318,1,-0.0008621516352775415,421.76532592773435,0.3919981777667999,5.0175e-05
6663,559.416184069364,1,-0.0011288043111562728,572.5752807617188,0.3919903874397278,5.0137499999999985e-05
6664,620.9476091168378,1,0.000494081518774081,11169.16650390625,0.39199523627758026,5.0100000000000005e-05
6665,620.2084249484061,1,-0.0013367320155850849,515.1595916748047,0.3919922947883606,5.00625e-05
6666,592.8823894829682,1,-0.01084555620327592,127.73608720302582,0.3919381260871887,5.002499999999998e-05
6667,578.2292914062853,1,0.007519172318279743,151.06719312667846,0.3918275713920593,4.99875e-05
6668,593.648908282969,1,-0.007959439340906904,103.87263641357421,0.3917645692825317,4.994999999999999e-05
6669,555.1339700311415,1,0.05290841171517968,523.4325888633728,0.3917121350765228,4.9912500000000014e-05
6670,525.0846463524713,1,-0.02652540970593691,674.0299293518067,0.39167526811361314,4.9875e-05
6671,568.7120169079751,1,-0.30883168783038856,135.91338894367217,0.39163848757743835,4.9837499999999985e-05
6672,601.2855250370526,1,-0.0008341014905244748,221.19121551513672,0.3916235566139221,4.9800000000000004e-05
6673,17.063765633077423,1,0.0014286790043115615,37145.41630859375,0.39164586216211317,4.97625e-05
6674,631.9703859725712,1,-0.00143276406743027,559.2893310546875,0.39166041016578673,4.972499999999998e-05
6675,599.9509812815757,1,-0.0013476832905475078,192.49434814453124,0.3916605919599533,4.96875e-05
6676,598.6511073723025,1,-0.005805537189961818,198.24134826660156,0.39160096347332,4.964999999999999e-05
6677,609.9187442325507,1,-0.0031332326785559416,217.6395736694336,0.39147772789001467,4.961250000000001e-05
6678,608.4151781873668,1,-0.01911257263273001,63.70544509887695,0.3914302706718445,4.9575e-05
6679,630.6135444855732,1,-0.0040084158591295,271.1662200927734,0.39135938584804536,4.9537499999999984e-05
6680,619.6764553754975,1,0.00015630127071437628,18068.1771484375,0.39132010042667387,4.9500000000000004e-05
6681,619.9608688612939,1,9.945671918103472e-05,2761.7596923828123,0.3913036912679672,4.9462499999999996e-05
6682,516.7434034863012,1,-0.06087059136480093,955.6724643707275,0.3912850558757782,4.942499999999998e-05
6683,570.1508870042705,1,0.018735171016305684,107.17245988845825,0.3911888778209686,4.93875e-05
6684,605.9637147373218,1,-0.008115765698002519,178.022119140625,0.3911069631576538,4.9349999999999987e-05
6685,631.6380192145593,1,-0.01094041302900024,307.71523132324216,0.3909793823957443,4.931250000000001e-05
6686,-4386.978180216424,1,0.00022866078135040072,22073.60453559028,0.39081847303443484,4.9275e-05
6687,608.9874418467389,1,-0.005407371930778027,132.3278694152832,0.3908033013343811,4.9237499999999984e-05
6688,629.4907419769596,1,-0.004701645644477992,139.18907165527344,0.3907536298036575,4.92e-05
6689,536.2234006083191,1,-0.07612913325428963,998.036524963379,0.3906886100769043,4.9162499999999996e-05
6690,625.0574242088553,1,-0.00618560996151416,139.13990173339843,0.39063386619091034,4.912499999999998e-05
6691,601.2037331240456,1,-0.007238082122057676,1601.9574645996095,0.39057552218437197,4.90875e-05
6692,598.8009964769633,1,-0.07170789390802383,501.34361305236814,0.39058180451393126,4.9049999999999986e-05
6693,588.3908720672574,1,-0.07088636485859752,179.03726348876953,0.3907260835170746,4.901250000000001e-05
6694,564.2271005029697,1,0.020081057352945207,386.26361923217775,0.39090730547904967,4.8975e-05
6695,-184.2976034125458,1,-0.014590077513518433,46677.522688802084,0.39088302850723267,4.893749999999998e-05
6696,630.5106204361884,1,-0.0076398226591592785,169.1151336669922,0.39088368117809297,4.89e-05
6697,525.0709959370922,1,-0.03289548996835947,32832.716316223145,0.39090423136949537,4.8862499999999995e-05
6698,558.1059077874811,1,-0.09448581412434578,406.10961322784425,0.39085174202919004,4.882499999999998e-05
6699,405.3412570487039,1,0.002175955893471837,9589.463671875,0.39063297808170316,4.87875e-05
6700,592.2347092833857,1,-0.035987014230340716,197.89002113342286,0.3906023547053337,4.874999999999999e-05
6701,533.1538402082533,1,-0.0355657396838069,891.5517454147339,0.39060354232788086,4.871250000000001e-05
6702,-7702.663087090879,1,-0.00040616802205996854,8146.843705422538,0.3904612192085811,4.8675e-05
6703,618.8364075570719,1,-0.005342692129373461,198.1485107421875,0.3904550075531006,4.863749999999998e-05
6704,491.44116989509655,1,-0.007685918360948563,1547.2814025878906,0.39035852551460265,4.86e-05
6705,606.0832163304717,1,0.1998028265312314,66.77886908352374,0.3905638515949249,4.8562499999999995e-05
6706,588.1053993642713,1,0.10908838408067822,27.059688860177992,0.39111908078193663,4.852499999999998e-05
6707,582.4037597728527,1,0.02345073688775301,245.1417449951172,0.390956711769104,4.84875e-05
6708,469.6932898522583,1,-0.005125812254846096,13479.392114257813,0.39080528914928436,4.844999999999999e-05
6709,-5862.137178128192,1,0.0017634637261691847,5155.732377222965,0.39085894258398757,4.841250000000001e-05
6710,567.8083397219864,1,0.010771560296416283,336.68652725219727,0.39108431339263916,4.8375e-05
6711,596.7348598711117,1,0.047998894844204186,163.89690818786622,0.3912670075893402,4.833749999999998e-05
6712,567.994413030754,1,-0.030952615709975363,405.6391067504883,0.39139399826526644,4.830000000000001e-05
6713,603.0092109521769,1,-0.0013062980957329272,118.59758796691895,0.39145791828632354,4.8262499999999994e-05
6714,629.5985934912162,1,-0.004154407528826098,478.64573364257814,0.39133415222167967,4.822499999999998e-05
6715,-426.7841210754494,1,0.005503915403581535,38195.42731119792,0.39128205676873523,4.81875e-05
6716,627.4622435755768,1,-0.0006088456877563431,327.9323974609375,0.3912795454263687,4.814999999999999e-05
6717,-5488.5201704451865,1,0.004464568434791131,10791.454183405096,0.3913445507938212,4.811250000000001e-05
6718,588.0739712062935,1,-0.17332330923527478,112.77050848007202,0.3913652658462524,4.8074999999999996e-05
6719,572.1750672012937,1,-0.004375659115612507,148.6110626220703,0.391204696893692,4.803749999999998e-05
6720,596.6603530679672,1,-0.21392187969759108,77.52678909301758,0.3910876035690308,4.800000000000001e-05
6721,556.6230344375385,1,-0.046374345850199464,104.26331529617309,0.3907245874404907,4.7962499999999994e-05
6722,620.0496671472447,1,-0.003909268753400674,251.22115173339844,0.3902073800563812,4.792499999999998e-05
6723,609.4460718631655,1,-0.10111959157511592,255.13399180471896,0.3900062501430511,4.78875e-05
6724,628.348481085621,1,-0.0034555640167383216,178.66915130615234,0.3901579976081848,4.784999999999999e-05
6725,619.2851778560232,1,-0.0037630955545076895,221.25883026123046,0.39015379548072815,4.781250000000001e-05
6726,626.0334403349309,1,0.04625566890463233,89.12113971710205,0.3901258289813995,4.7774999999999996e-05
6727,628.4572393524272,1,-0.0035271425176205185,153.97706604003906,0.3901771575212479,4.773749999999998e-05
6728,-2140.0724650896072,1,0.000789040523684687,6751.608957248264,0.3902220884958903,4.770000000000001e-05
6729,629.1721299675556,1,-0.0049266139840860035,238.95323944091797,0.3902662366628647,4.766249999999999e-05
6730,604.0907212182085,1,-0.00405160104855895,574.6835453033448,0.3902118444442749,4.762499999999998e-05
6731,608.6365085621499,1,-0.0032688468969041653,122.19585037231445,0.39024020433425904,4.75875e-05
6732,626.4290190255282,1,0.013983800355345011,45.394643259048465,0.3899584949016571,4.754999999999999e-05
6733,587.9399725173452,1,-0.004875777289271355,161.80431213378907,0.38952099084854125,4.751250000000001e-05
6734,-4026.0042904007273,1,-0.01405684163586961,16016.493729654949,0.3891613844368193,4.7474999999999995e-05
6735,550.6363209451317,1,0.0011694462504237891,689.2043788909912,0.3892002761363983,4.743749999999998e-05
6736,598.4759133787809,1,-0.0010957170059548104,62.33087577819824,0.3891461223363876,4.740000000000001e-05
6737,569.0346498842242,1,-0.0036941828384023266,219.99866180419923,0.38903024792671204,4.736249999999999e-05
6738,599.1789400785544,1,-0.008002386111876092,63.233699798583984,0.3889902144670486,4.732499999999998e-05
6739,619.2477115261834,1,-0.005307108022388718,84.39475936889649,0.3888757735490799,4.72875e-05
6740,588.5682890758641,1,0.00034058593089625333,13107.079296875,0.3885498821735382,4.724999999999999e-05
6741,605.1704052025142,1,-0.004282378356826655,153.61994476318358,0.38837691247463224,4.721250000000001e-05
6742,620.7723841016851,1,-0.006112756502537309,93.190869140625,0.38827428221702576,4.7174999999999995e-05
6743,566.5739918574964,1,-0.02763149654492736,710.3709396362304,0.38811352849006653,4.713749999999998e-05
6744,614.7429874318674,1,-0.006362478105498148,57.61801376342773,0.3879856765270233,4.7100000000000006e-05
6745,599.7783860419473,1,-0.005778047806269981,66.33787307739257,0.3878670632839203,4.706249999999999e-05
6746,608.9868184197355,1,-0.006217103738397611,78.61422119140624,0.38771803975105285,4.702499999999998e-05
6747,628.379701473283,1,-0.004777139577172207,37.19105052947998,0.38729323744773864,4.69875e-05
6748,598.1314026458882,1,-0.01905061174184084,41.63540191650391,0.3865095734596252,4.694999999999999e-05
6749,-1162.416411063011,1,4.6341493725776675e-05,28346.33449707031,0.38576444834470747,4.691250000000001e-05
6750,-2299.1057240109612,1,0.0019722483431299526,11831.312810262045,0.3857022851705551,4.6874999999999994e-05
6751,625.123398034128,1,-0.00702549659534526,58.36337051391602,0.38556717336177826,4.6837499999999987e-05
6752,630.8982023259049,1,-0.004603467865136324,132.80829391479492,0.38501172661781313,4.6800000000000006e-05
6753,618.3496316294247,1,-0.006688785064415725,36.534359741210935,0.3847980976104736,4.676249999999999e-05
6754,609.8923559468528,1,-0.006801480872015731,43.59007186889649,0.38471816182136537,4.672500000000001e-05
6755,425.0892797218187,1,0.0012522054836153983,2921.3015991210937,0.3848401069641113,4.66875e-05
6756,531.7417891884248,1,-0.0014552582753822208,41909.62100372314,0.3849514201283455,4.664999999999999e-05
6757,609.8702838585011,1,-0.006015288353665227,101.49833374023437,0.38500175476074217,4.661250000000001e-05
6758,614.7968281098497,1,-0.008010952111028669,21.780517768859863,0.38502569794654845,4.6574999999999994e-05
6759,629.916597105044,1,-0.000550413155967,58.81135635375976,0.3847790718078613,4.6537499999999986e-05
6760,609.688086826759,1,-0.015496785379946231,131.36963500976563,0.38454035520553587,4.6500000000000005e-05
6761,568.8113965689931,1,-0.00642276257276535,277.0476409912109,0.3842394590377808,4.646249999999999e-05
6762,619.7509170444903,1,-0.0030832349586397355,53.61292724609375,0.3839004337787628,4.642500000000001e-05
6763,578.1764376189251,1,-0.0046459319982822935,227.09414672851562,0.38339848518371583,4.63875e-05
6764,608.9261378340608,1,-0.008438342620308159,95.06253051757812,0.38294119834899903,4.634999999999999e-05
6765,550.2535996854918,1,-0.11126182610169053,34737.07710800171,0.3827966511249542,4.631250000000001e-05
6766,613.2016967339875,1,-0.023098105750977992,65.36265182495117,0.38274282217025757,4.627499999999999e-05
6767,620.482994018519,1,-0.006215625810013137,110.5604461669922,0.38235924243927,4.6237499999999985e-05
6768,584.1588650783303,1,-0.00335585018619895,144.83052978515624,0.3819811582565308,4.6200000000000005e-05
6769,465.5919566367445,1,0.03752950159832835,1745.0151000976562,0.3817543387413025,4.616249999999999e-05
6770,622.4996634493567,1,-0.009073472790704784,174.2744888305664,0.3816408008337021,4.612500000000001e-05
6771,619.8991836286419,1,-0.00984345147835768,48.54775047302246,0.38149279057979585,4.60875e-05
6772,-1174.2528874028756,1,0.005758304742630571,23892.803930664064,0.3817190580070019,4.604999999999999e-05
6773,620.9982064013777,1,-0.0025095904269051062,103.97288360595704,0.3817599356174469,4.601250000000001e-05
6774,591.0165094054491,1,-0.0028774879399861676,189.48804321289063,0.38165787160396575,4.597499999999999e-05
6775,598.0099989525278,1,-0.004433486376065332,135.1653823852539,0.38145060539245607,4.5937499999999985e-05
6776,611.0463753643359,1,-0.004571752302683585,41.98138427734375,0.38116233944892886,4.5900000000000004e-05
6777,608.7852216188354,1,-0.011394838598670631,224.4830535888672,0.380880406498909,4.586249999999999e-05
6778,621.0071612547564,1,-0.012730424790964178,60.11577224731445,0.38068666160106657,4.582500000000001e-05
6779,517.8822788921321,1,-0.06421774141490459,1291.9399780273438,0.38031265139579773,4.57875e-05
6780,621.0230920713472,1,-0.006184508731147531,89.47144470214843,0.3801984846591949,4.574999999999999e-05
6781,610.1533688845515,1,0.00048594394320389256,10023.5673828125,0.38031829297542574,4.5712500000000007e-05
6782,619.8667828146652,1,-0.003461887638356842,55.97563934326172,0.3804009884595871,4.567499999999999e-05
6783,244.542115265031,1,0.0020082592032849788,11696.5490234375,0.3805310562252998,4.5637499999999984e-05
6784,-213.4768151865025,1,-0.0308421048335731,11262.601818847656,0.38060145229101183,4.5600000000000004e-05
6785,566.7929512064151,1,-0.002301137149333954,520.478955078125,0.3805916428565979,4.556249999999999e-05
6786,599.724392139929,1,-0.002847587772186877,124.30835266113282,0.38048269152641295,4.552500000000001e-05
6787,609.6045603211751,1,-0.020901493359066946,52.11875228881836,0.3801565319299698,4.54875e-05
6788,-359.60781356151034,1,0.007161461413488723,12708.872033691407,0.3800012096762657,4.544999999999999e-05
6789,599.5707849000153,1,-0.041273982170969246,10253.061312866212,0.3800326958298683,4.5412500000000006e-05
6790,630.3916381948206,1,-0.016472306581422912,95.05396270751953,0.3800076961517334,4.537499999999999e-05
6791,618.6133681773078,1,-0.007117348071375318,37.369968032836915,0.37983219921588895,4.5337499999999984e-05
6792,620.133259582449,1,-0.013560020445540921,38.763305854797366,0.37987824976444245,4.53e-05
6793,610.2256652225166,1,-0.005201384132693931,46.959809112548825,0.37977791130542754,4.526249999999999e-05
6794,589.8452582047934,1,-0.01733077291399212,59.73264274597168,0.3795066446065903,4.522500000000001e-05
6795,630.1398385232438,1,-0.0011078439481010172,57.07292442321777,0.3795495927333832,4.51875e-05
6796,599.0085194330816,1,-0.02060175910592079,40.53524284362793,0.379619300365448,4.5149999999999986e-05
6797,620.0333125828811,1,-0.0035990312096796373,60.68842124938965,0.3793129473924637,4.5112500000000006e-05
6798,571.2674804186421,1,-0.10211246120743453,207.6633674621582,0.37891154885292055,4.507499999999999e-05
6799,548.5432550730708,1,0.1626053079031408,1134.446451574564,0.37804811000823973,4.5037499999999983e-05
6800,608.4728780710414,1,-0.01003269717097277,28.047653198242188,0.3775669276714325,4.5e-05
6801,630.1567747362642,1,-0.003712696383482239,82.97421340942383,0.37728469967842104,4.496249999999999e-05
6802,609.519599620365,1,-0.021528351985559267,106.37840118408204,0.37723006010055543,4.492500000000001e-05
6803,599.5509419717889,1,-0.10515333972871303,56.88029752075672,0.37670095562934874,4.48875e-05
6804,619.4444555026754,1,-0.001072211902546627,53.812486267089845,0.37572630643844607,4.4849999999999986e-05
6805,599.7344072371793,1,-0.004430831356852849,189.27649383544923,0.375228688120842,4.4812500000000005e-05
6806,570.3467516546228,1,0.0005079459654346863,451.53098754882814,0.37499238550662994,4.4775e-05
6807,587.2445034560309,1,-0.04278324856422842,187.05807280540466,0.37459786534309386,4.473749999999998e-05
6808,596.8119276954734,1,0.007479743752628565,96.52999981045723,0.3740073502063751,4.47e-05
6809,602.8456722990422,1,-0.014952715183977894,28.352776718139648,0.37379255294799807,4.466249999999999e-05
6810,597.5439606162214,1,-0.008222971140452274,54.92402534484863,0.3735502541065216,4.4625000000000014e-05
6811,600.0137352331243,1,-0.0034478991691486273,53.99766311645508,0.3732373625040054,4.45875e-05
6812,609.8122949488751,1,-0.004317812473688676,85.67159652709961,0.37315155267715455,4.4549999999999985e-05
6813,609.461565157773,1,0.0007089563679773647,9009.440625,0.3730500996112823,4.4512500000000005e-05
6814,589.0337981308606,1,-0.01095144436561064,56.64376678466797,0.37283400297164915,4.4475e-05
6815,571.7004791896101,1,-0.013737419038830722,654.3855529785156,0.3722493529319763,4.443749999999998e-05
6816,620.7251916359062,1,-0.003572571206338182,48.134118270874026,0.3719402372837067,4.44e-05
6817,599.5076151707399,1,-0.007394248807222681,57.444470977783205,0.37181020975112916,4.436249999999999e-05
6818,588.4272161429756,1,-0.02438864214345813,19701.005257892608,0.3720009982585907,4.4325000000000014e-05
6819,600.5359752809027,1,-0.005023031555425206,64.25425071716309,0.3721563369035721,4.42875e-05
6820,474.88525534726216,1,-0.0026329126209020614,2649.7855712890623,0.37245171070098876,4.4249999999999985e-05
6821,-5898.080792435165,1,0.021113437313276032,11089.14759349823,0.3726516366004944,4.4212500000000004e-05
6822,476.91180725529233,1,-0.023754969285801054,1996.4042938232421,0.3728253111243248,4.4174999999999996e-05
6823,609.3362429960695,1,-0.002252925339151268,113.81999816894532,0.372894623875618,4.413749999999998e-05
6824,609.5236752006997,1,-0.001398710490417443,190.5694091796875,0.3728958874940872,4.41e-05
6825,583.731135207619,1,-0.0008755457543884404,330.46897583007814,0.372890904545784,4.406249999999999e-05
6826,213.81703444041997,1,-0.0012220257893204689,39587.33857421875,0.37288670539855956,4.402500000000001e-05
6827,537.6403624007535,1,0.029335306538268924,376.7523361206055,0.372955459356308,4.39875e-05
6828,620.2766263424693,1,-0.00148374324946019,107.46742324829101,0.37311388850212096,4.3949999999999984e-05
6829,558.9381299717408,1,-0.09104306353256106,620.4282814025879,0.37308040261268616,4.3912500000000004e-05
6830,569.2796707151,1,-0.0006862286265564066,179.0304168701172,0.37302684485912324,4.3874999999999996e-05
6831,607.696918693422,1,-0.16637369133532048,97.07637303099037,0.3730815052986145,4.383749999999998e-05
6832,-1421.287052143809,1,-0.04624958880245686,22725.14818359375,0.3745534801483154,4.38e-05
6833,578.2623515768655,1,-0.004424480027574162,121.0816879272461,0.3747480273246765,4.3762499999999986e-05
6834,600.0146229670895,1,-0.006762680507057972,237.89237518310546,0.3747723698616028,4.372500000000001e-05
6835,598.0594890169641,1,-0.017439839564218573,56.51478614807129,0.374666628241539,4.36875e-05
6836,506.83374692881324,1,0.003167395759373903,1006.3841186523438,0.3742849513888359,4.3649999999999984e-05
6837,-1352.2490647476875,1,0.022342948988080025,22435.813239746094,0.3741458392143249,4.36125e-05
6838,631.3274942820054,1,-0.0019522855029208586,505.8132049560547,0.3741623878479004,4.3574999999999995e-05
6839,630.4431333225617,1,-0.0029318016666884717,420.5167602539062,0.37416577339172363,4.353749999999998e-05
6840,558.7259842362432,1,-0.004630227598531533,160.6466842651367,0.3741623252630234,4.35e-05
6841,556.6386141244352,1,-0.09235082659870386,505.2244253963232,0.3738409459590912,4.3462499999999986e-05
6842,593.4016303915889,1,-0.020778091181261615,60.554697799682614,0.37310349345207217,4.342500000000001e-05
6843,-12007.043212655153,0,-0.0011879115414462592,4187.930518979148,0.3732182816455239,4.33875e-05
6844,631.8632995216384,1,-1.5965530490547053e-06,15494.2189453125,0.3734551161527634,4.334999999999998e-05
6845,577.7549099660823,1,-0.00565200568507569,157.49042358398438,0.37348692417144774,4.33125e-05
6846,630.5415352300738,1,-0.0025115043120294443,511.7416198730469,0.37361493408679963,4.3274999999999995e-05
6847,-2738.6155690683045,1,0.011237707853849446,20464.293451799665,0.37375200986862184,4.323749999999998e-05
6848,-2315.60425100426,1,0.0013750814987967411,22460.88898111979,0.3737993891040484,4.32e-05
6849,558.9630961401849,1,-0.0044548362493515015,269.7423324584961,0.3738146424293518,4.316249999999999e-05
6850,340.15153452249194,1,-0.013476611615624278,7199.150390625,0.3738628298044205,4.312500000000001e-05
6851,421.05046090567066,1,-0.030994368996471167,93129.5857421875,0.37388780862092974,4.30875e-05
6852,548.2052709805043,1,0.18620701404288412,457.6427988052368,0.37390366196632385,4.304999999999998e-05
6853,589.7361686434284,1,-1.587099937623293e-05,6514.7876953125,0.37390212118625643,4.30125e-05
6854,622.2120209860437,1,-0.0009753312869833052,696.4854187011719,0.3738956153392792,4.2974999999999994e-05
6855,630.4053566277514,1,-0.0032082485805801754,444.2183441162109,0.37390477359294894,4.293749999999998e-05
6856,567.18663043112,1,0.10810835557058454,315.52729802131654,0.37387160658836366,4.29e-05
6857,580.0215509419169,1,-0.0038019803432113976,703.9482666015625,0.3736434429883957,4.286249999999999e-05
6858,-152.10692258288373,1,0.024821171537041664,44362.00055338542,0.3734993020693461,4.282500000000001e-05
6859,621.3180162814466,1,-0.001128640095754463,1025.5631164550782,0.3734647363424301,4.2787499999999996e-05
6860,-207.5812802738857,0,-0.001647093197486053,1836.6525126139322,0.37345067809025445,4.274999999999998e-05
6861,615.159570442524,1,-0.0006014342901039527,555.8305480957031,0.3734208822250366,4.271250000000001e-05
6862,-1068.1031437484032,1,-0.0003653407096862793,36420.397192382814,0.37342800199985504,4.2674999999999994e-05
6863,619.0881028833788,1,-0.0034377907138065213,229.69246520996094,0.37344062328338623,4.263749999999998e-05
6864,618.3832757710738,1,-0.006470772461034358,178.6433319091797,0.37337825894355775,4.26e-05
6865,599.7529857062523,1,-2.4540211100543273e-06,132.93329391479492,0.373206752538681,4.256249999999999e-05
6866,603.1783849816668,1,-0.01301135731517249,110.20461654663086,0.3730597972869873,4.252500000000001e-05
6867,594.1224147941026,1,-0.011970131099224091,39.66937599182129,0.3728219509124756,4.2487499999999996e-05
6868,592.4149357280323,1,-0.0041168540833524505,137.55103454589843,0.3725689560174942,4.244999999999998e-05
6869,441.04705370015483,1,0.0224922782741487,2185.575067138672,0.37240018844604494,4.241250000000001e-05
6870,610.0367540458909,1,-0.0064619218292258475,249.52768096923828,0.37239690124988556,4.237499999999999e-05
6871,620.5137631995794,1,-0.006002233592638184,232.8513671875,0.37251524031162264,4.233749999999998e-05
6872,609.5808267997329,1,-0.007050965528564745,86.1741455078125,0.37243296205997467,4.23e-05
6873,614.8017773382525,1,-0.0017407036789187202,101.1273681640625,0.3720205992460251,4.226249999999999e-05
6874,530.781586742894,1,-0.00862541114911437,1309.5686195373535,0.37172557711601256,4.222500000000001e-05
6875,572.9383364039377,1,-0.05087841432541609,375.1753868103027,0.37163548469543456,4.2187499999999995e-05
6876,620.851957471019,1,-0.0026205391326936224,385.28486328125,0.37171548008918764,4.214999999999998e-05
6877,594.2074031458008,1,-0.001722878731145272,96.98505783081055,0.3717310458421707,4.211250000000001e-05
6878,391.44980438499596,1,0.0008308958727866411,5886.236474609375,0.3717087894678116,4.207499999999999e-05
6879,610.547682379983,1,-0.0015095093150790718,163.93292999267578,0.37168052792549133,4.203750000000001e-05
6880,608.9468905256092,1,-0.004814476528172662,90.04181823730468,0.3715344101190567,4.2e-05
6881,593.3374835222794,1,-0.09567707162350417,81.09597754478455,0.37108665704727173,4.196249999999999e-05
6882,597.6868325102948,1,-0.004801571803003046,204.55562896728514,0.37053189873695375,4.192500000000001e-05
6883,-184.0932759793734,0,-0.01727258488535881,2189.0133931477862,0.36984384059906006,4.1887499999999995e-05
6884,609.12224360225,1,-0.008122171461582183,74.46798706054688,0.36968188285827636,4.184999999999998e-05
6885,-256.3484751700038,1,0.004104242473840713,40986.76370442708,0.3695490926504135,4.181250000000001e-05
6886,576.6222514739738,1,-0.04775061635300517,204.55519341230394,0.369539612531662,4.177499999999999e-05
6887,609.4631035487122,1,-0.01437633259486315,141.46096954345703,0.3693466275930405,4.173750000000001e-05
6888,609.8101673289536,1,-0.0053088237830152705,79.33703079223633,0.3689236640930176,4.17e-05
6889,610.2713589793841,1,0.0009034259868371918,301.30531921386716,0.36858065128326417,4.166249999999999e-05
6890,577.7839298055947,1,-0.004367893747985363,100.29088134765625,0.36827812194824217,4.162500000000001e-05
6891,586.6944917847604,1,0.027309121284633874,156.39600434303284,0.3679445505142212,4.1587499999999994e-05
6892,568.3073084802888,1,0.04510304313153028,713.5538928985595,0.36753383874893186,4.154999999999998e-05
6893,478.78828032618395,1,0.03253379538655281,2733.1989807128907,0.36718334555625914,4.1512500000000006e-05
6894,608.1891829750123,1,-0.005711661662245504,63.18896636962891,0.3671169549226761,4.147499999999999e-05
6895,609.9848035431095,1,-0.006249606737932467,48.61824836730957,0.36711242198944094,4.143750000000001e-05
6896,618.2120451166966,1,1.9408222891570402e-05,97.59112701416015,0.3669768810272217,4.14e-05
6897,-99.04825420487799,1,-0.031565591444571814,18441.747884114582,0.3666456510623296,4.136249999999999e-05
6898,629.6407024577836,1,-0.003948612829748299,206.10036010742186,0.3666064620018005,4.132500000000001e-05
6899,609.8663104778607,1,-0.005844668029868316,176.26977996826173,0.3666506826877594,4.1287499999999994e-05
6900,589.3137631886862,1,0.0007724155206233263,13868.83447265625,0.36651658415794375,4.1249999999999986e-05
6901,619.1904644744407,1,-1.3906161757404335e-05,9217.111328125,0.3664762169122696,4.1212500000000006e-05
6902,592.9057574221657,1,-0.018515091575682163,75.30598373413086,0.36637507677078246,4.117499999999999e-05
6903,558.3757847336677,1,-0.0009454689919948578,478.7278625488281,0.3660454750061035,4.113750000000001e-05
6904,589.2596667800276,1,-0.006232302171561344,371.6830169677734,0.3658796727657318,4.11e-05
6905,578.7311335404615,1,-0.0023065391167854444,218.4378631591797,0.36587936878204347,4.106249999999999e-05
6906,613.6267280099637,1,-0.005864561454966122,104.12376174926757,0.3658466339111328,4.102500000000001e-05
6907,623.6423163303996,1,-0.001719021307298263,191.9437698364258,0.3654936641454697,4.0987499999999993e-05
6908,609.1969706827297,1,-0.017925984588390877,51.348210144042966,0.3651048123836517,4.0949999999999986e-05
6909,609.452134729883,1,-0.005017991226556972,57.31557769775391,0.36452093422412873,4.0912500000000005e-05
6910,625.2520020696251,1,-0.007816263670457601,92.35708923339844,0.36396722197532655,4.087499999999999e-05
6911,465.8014071060922,1,0.010165980737656354,2581.694964599609,0.36368194222450256,4.083750000000001e-05
6912,-4880.727163994389,1,-0.006242479281499982,10637.001827392578,0.36366706401109694,4.08e-05
6913,589.7987876789114,1,-0.0006873778998851776,469.6042755126953,0.36373214721679686,4.076249999999999e-05
6914,618.958299889512,1,-0.011709235552755715,101.4205337524414,0.36373086273670197,4.072500000000001e-05
6915,589.2563427496247,1,-0.008133816826000029,59.75932350158691,0.3636851340532303,4.068749999999999e-05
6916,-1175.190052171883,1,-0.010153798275860026,20941.31962890625,0.3633986860513687,4.0649999999999985e-05
6917,607.8878738334266,1,-0.004286078357974876,43.27552108764648,0.3632451295852661,4.0612500000000005e-05
6918,630.0311039380313,1,0.00025796445340162675,201.81741790771486,0.3628704160451889,4.057499999999999e-05
6919,598.9532183918876,1,-0.013754621658834764,22.590231704711915,0.36231340765953063,4.053750000000001e-05
6920,594.3943626451311,1,-0.005300882802112028,57.42283897399902,0.3612647861242294,4.05e-05
6921,583.9925223955134,1,-0.01553274691104889,34.123534774780275,0.3606886863708496,4.046249999999999e-05
6922,578.1131363970926,1,0.07352601680904627,10171.93851699829,0.35963650345802306,4.042500000000001e-05
6923,588.2111981395842,1,-0.20902303881011902,42.30259075164795,0.35909008979797363,4.038749999999999e-05
6924,608.3006089852006,1,-0.011036299236283752,51.24327926635742,0.3584629654884338,4.0349999999999985e-05
6925,-5996.105894856793,0,0.0020147466443871196,2286.9503948010897,0.35782849600440575,4.0312500000000004e-05
6926,592.7374230251327,1,-0.15415608040057122,208.4416012763977,0.3573353409767151,4.027499999999999e-05
6927,110.7599812452599,1,0.0008004488423466683,17983.29931640625,0.35694347421328226,4.023750000000001e-05
6928,-112.6716635549223,0,-0.0003318938027535166,1278.4352366856167,0.35690714291163855,4.02e-05
6929,401.41062407157233,1,0.007679887296399101,25144.65908203125,0.35709518790245054,4.016249999999999e-05
6930,613.2390534252926,1,-0.04913375903852284,2012.4124877929687,0.35714300274848937,4.0125000000000006e-05
6931,608.2933384705046,1,-0.009083401784300804,155.7394592285156,0.3571945786476135,4.008749999999999e-05
6932,607.2768211398484,1,0.06524381563067436,190.43249766230582,0.3574313044548035,4.0049999999999984e-05
6933,630.2286434922856,1,0.007479541472469808,285.33812561035154,0.3578776478767395,4.0012500000000004e-05
6934,-12050.17687583026,0,-0.0004963986624620463,2439.5966502189635,0.35830942894283097,3.997499999999999e-05
6935,629.4232037329111,1,-7.377901145133592e-06,12132.54228515625,0.3584596484899521,3.993750000000001e-05
6936,597.5878111411224,1,-0.031221993546932936,67.33636668920516,0.3585379242897034,3.99e-05
6937,-1507.9853859214863,1,0.0018565079476684332,24433.1924609375,0.35845532178878786,3.9862499999999986e-05
6938,577.9309662097428,1,-0.14827260272577406,179.7516393661499,0.35855208039283754,3.9825000000000006e-05
6939,620.3363544078184,1,-0.015895912923189214,248.64244079589844,0.35863694846630095,3.978749999999999e-05
6940,595.1644724493842,1,-0.006186812320211743,127.00815124511719,0.35859538018703463,3.9749999999999984e-05
6941,508.97903134590194,1,-0.051732550468295814,758.9348098754883,0.3584545075893402,3.97125e-05
6942,526.704321052707,1,-0.043099524639546874,895.7612010955811,0.3583085000514984,3.967499999999999e-05
6943,608.345889252478,1,-0.01182882972061634,107.8464469909668,0.3582777142524719,3.963750000000001e-05
6944,564.2806720092641,1,-0.04541155928745866,646.7602722167969,0.358287113904953,3.96e-05
6945,606.1130896725185,1,-0.04896422233432531,18.331393671035766,0.3580528974533081,3.9562499999999986e-05
6946,308.3981031010799,1,0.014753491850569844,54586.0625,0.3580778181552887,3.9525000000000005e-05
6947,593.36425115163,1,0.049982497841119765,91.33030707836151,0.35834510922431945,3.948749999999999e-05
6948,622.8449616400012,1,0.028722650650888682,49.27689591050148,0.3582853853702545,3.944999999999998e-05
6949,513.4478484636442,1,0.01676178677007556,16729.388818359374,0.3571272924542427,3.94125e-05
6950,412.2736211093355,1,-0.018555598019156606,4748.223498535156,0.35680035650730135,3.937499999999999e-05
6951,617.5121286385921,1,-0.17445982093922793,66.06176663637162,0.3567146360874176,3.933750000000001e-05
6952,618.8226201934814,1,-0.002091720925067264,103.1372688293457,0.3567106068134308,3.93e-05
6953,569.7594446567929,1,0.002064224239438772,104.84912009239197,0.3562914192676544,3.9262499999999985e-05
6954,-459.5099764949076,1,-0.005683406610041857,14194.945720214844,0.35503922641277313,3.9225000000000005e-05
6955,589.6152246045659,1,-0.00629368643445396,116.77025451660157,0.3548845320940018,3.91875e-05
6956,555.7039698457312,1,0.017883317172527315,966.961572265625,0.3547202616930008,3.914999999999998e-05
6957,567.4502936271073,1,0.03689384362660349,209.32253341674806,0.3547505080699921,3.91125e-05
6958,618.49068405841,1,-9.398196059535735e-05,241.7556381225586,0.3547199457883835,3.907499999999999e-05
6959,547.643488230218,1,0.0075848506763577465,173.02936553955078,0.3547309458255768,3.9037500000000014e-05
6960,578.0736274842038,1,0.00040906257927417753,24470.2666015625,0.35473200082778933,3.9e-05
6961,588.5890783485634,1,-0.002558585721999407,241.67042388916016,0.3546987295150757,3.8962499999999985e-05
6962,-466.6371394034047,1,0.005021710228174925,29008.1291015625,0.35453433692455294,3.8925000000000004e-05
6963,353.395572693161,1,-0.003918881202116609,17465.643505859374,0.35452878624200823,3.8887499999999997e-05
6964,598.1298620847807,1,-0.2406571890693158,86.90105767250061,0.35438268780708315,3.884999999999998e-05
6965,598.1405154101296,1,-0.07332847453653812,116.11704626083375,0.3540639340877533,3.88125e-05
6966,613.530575739386,1,-0.013130412500764521,170.64966735839843,0.35397576689720156,3.877499999999999e-05
6967,612.7357868087308,1,-0.0027870301157236098,92.81869125366211,0.3539242625236511,3.873750000000001e-05
6968,592.6657729163416,1,-0.0011937130242586137,46.782337963581085,0.3537439167499542,3.87e-05
6969,608.4337563502522,1,-0.00230482146053852,238.33869018554688,0.3535590529441833,3.8662499999999984e-05
6970,537.1662838423124,1,0.04051408600062132,644.0590599060058,0.3536068320274353,3.8625000000000004e-05
6971,609.2909463813742,1,-7.379227980308656e-05,334.811083984375,0.3536410123109818,3.8587499999999996e-05
6972,438.0242928112019,1,0.044903353601694104,39314.33858032226,0.3535376787185669,3.854999999999998e-05
6973,578.2784212921803,1,-0.0019174934693914735,171.0915771484375,0.353495392203331,3.85125e-05
6974,618.8269670483247,1,-0.005104212008004793,121.33684539794922,0.3534091889858246,3.8474999999999987e-05
6975,588.2326303670471,1,-0.013343746575969106,42.14403533935547,0.3530460923910141,3.843750000000001e-05
6976,625.1125054084855,1,-0.004649215806828089,235.89896087646486,0.3523628830909729,3.84e-05
6977,568.076006995085,1,-0.0017564794048666953,164.00428314208983,0.3519694685935974,3.8362499999999984e-05
6978,598.9023236295013,1,-0.010300318546397947,63.04015007019043,0.351725697517395,3.8325e-05
6979,532.7817887033846,1,-0.021532072592526673,841.6266284227371,0.351552402973175,3.8287499999999996e-05
6980,558.4211106581885,1,-0.29271594090387226,310.48616456985474,0.35121816396713257,3.824999999999998e-05
6981,587.2586787519602,1,0.21748104318976402,100.12155493497849,0.3510547518730164,3.82125e-05
6982,619.7286099045314,1,-0.007146749635930405,103.02600708007813,0.3513173133134842,3.8174999999999986e-05
6983,630.5743158618479,1,-0.0037465378564792927,201.8154037475586,0.3512041062116623,3.813750000000001e-05
6984,608.5384507363331,1,0.08267661747522652,138.74658193588257,0.35144785046577454,3.81e-05
6985,557.7963913453593,1,0.0033398384228348734,10226.652855682372,0.352173787355423,3.806249999999998e-05
6986,-2237.396342442666,1,-0.005817184558448692,15327.26600748698,0.3525227904319763,3.8025e-05
6987,583.7788998230578,1,-0.025638003693893553,201.599704682827,0.352464371919632,3.7987499999999995e-05
6988,608.8284914603869,1,-0.009236604838130802,81.20982513427734,0.3519769757986069,3.794999999999998e-05
6989,619.131512765357,1,-0.05390892289578915,31.427294705994427,0.351574569940567,3.79125e-05
6990,-10319.648167319168,1,0.00019794699425498645,8677.551954820421,0.35182940661907197,3.7874999999999986e-05
6991,620.1415321945623,1,-0.002770266662523113,149.37172088623046,0.3518980234861374,3.783750000000001e-05
6992,619.6339855407566,1,-0.0007627413859903953,130.22925720214843,0.35187073349952697,3.78e-05
6993,587.5091944808848,1,0.1538747852668166,156.7656960964203,0.3516491293907166,3.776249999999998e-05
6994,529.8702422526512,1,-0.050335880275815724,733.421174621582,0.3511958718299866,3.7725e-05
6995,566.2816643371053,1,0.01433109762147069,448.49807052612306,0.35086865425109864,3.7687499999999994e-05
6996,614.1597572304405,1,-0.014788308727835809,79.24935302734374,0.35058059692382815,3.764999999999998e-05
6997,-1643.8664499577428,1,0.0021185903996229173,22843.772739257813,0.3501944351196289,3.76125e-05
6998,516.829187295823,1,0.008235911652445794,11541.160668945313,0.3501590803265572,3.757499999999999e-05
6999,620.1074450152892,1,-0.005901066540391753,128.3433952331543,0.3501823663711548,3.753750000000001e-05
7000,603.1812294561403,1,-0.0029734334064414726,40.648606872558595,0.3502441763877869,3.75e-05
7001,589.9874609298129,1,-0.007647492851991089,48.14967498779297,0.3501010060310364,3.746249999999998e-05
7002,-344.1209933611325,1,0.006325843068771065,36780.53430989583,0.3496621052424113,3.7425e-05
7003,619.6264244033799,1,-0.001867788608457488,202.17396697998046,0.34958752393722536,3.7387499999999994e-05
7004,550.265910778803,1,-0.05079731587320566,354.89657135009764,0.3497042953968048,3.7350000000000013e-05
7005,286.24729476561214,1,-0.011004211194813252,42189.40190429687,0.34968220591545107,3.73125e-05
7006,572.8870676325167,1,0.24342192141339183,347.0689812898636,0.34961617588996885,3.727499999999999e-05
7007,595.3083614607605,1,1.7066860972114738e-05,8388.56494140625,0.3494184732437134,3.723750000000001e-05
7008,613.1145169377871,1,-0.13064447278156877,23.173786187171935,0.3488589823246002,3.7199999999999996e-05
7009,594.036286452923,1,-0.012696479633450507,107.9986557006836,0.348100483417511,3.716249999999998e-05
7010,608.7752815033965,1,-8.124472749670986e-07,69.11777801513672,0.3477210015058517,3.712500000000001e-05
7011,588.9366643965333,1,-0.0080882016569376,68.92992095947265,0.3474207639694214,3.7087499999999993e-05
7012,624.8854735929109,1,-0.007172706446145582,96.29553985595703,0.34683011174201966,3.705000000000001e-05
7013,619.6673626849516,1,-0.005635032692373443,114.25315399169922,0.34629119336605074,3.70125e-05
7014,620.472478938561,1,0.00023488860693703372,79.11169357299805,0.3458799123764038,3.697499999999999e-05
7015,619.0777958739224,1,-0.0011987257672025464,92.1226791381836,0.345635449886322,3.693750000000001e-05
7016,501.0399253688255,1,-0.02275733039714396,1648.852751159668,0.34558357000350953,3.6899999999999996e-05
7017,593.4694114819105,1,0.02519810339435935,99.77524008750916,0.3456126809120178,3.686249999999998e-05
7018,607.8889705421554,1,-0.18659847807139157,35.4111325673759,0.3449912965297699,3.682500000000001e-05
7019,584.3713286707368,1,-0.0015403263761893272,155.38939971923827,0.34424167275428774,3.678749999999999e-05
7020,388.60876795104156,1,-0.008663985785096884,12127.437524414063,0.3440370216965675,3.675000000000001e-05
7021,604.8230010122203,1,2.9831842769656446e-05,13678.2353515625,0.3439929187297821,3.67125e-05
7022,204.02508756377821,1,0.014903989620506763,10528.185205078125,0.34398605227470397,3.667499999999999e-05
7023,603.5462905193868,1,-0.0033968280724600676,68.56945495605468,0.34399419724941255,3.663750000000001e-05
7024,523.753730945393,1,-0.029516170360147954,571.7906051635742,0.34400053024291993,3.6599999999999995e-05
7025,398.41610480103435,1,0.0074283616617321965,4689.495288085937,0.34397596418857573,3.656249999999998e-05
7026,593.8657053410141,1,-0.0012727340861660608,82.33540649414063,0.3440059214830399,3.652500000000001e-05
7027,609.8074658934028,1,-0.002840664956364236,79.59474029541016,0.3439899474382401,3.648749999999999e-05
7028,598.6864728324448,1,0.07417202135547996,40.706226241588595,0.3439957559108734,3.645000000000001e-05
7029,629.9187721007459,1,-0.00048596027931147034,264.01025543212893,0.3439479410648346,3.64125e-05
7030,-2305.542867152218,1,-0.0079681607739379,16321.282084147135,0.3437561055024465,3.637499999999999e-05
7031,-193.96672320735325,0,-0.006968128914013505,1912.8497716267905,0.34372412810722985,3.633750000000001e-05
7032,600.3681329144267,1,-0.0012442642822861672,181.6332229614258,0.3437251091003418,3.6299999999999995e-05
7033,625.1006429659499,1,-0.0014822177893556443,150.19773864746094,0.3437648445367813,3.626249999999998e-05
7034,630.4083304209308,1,-0.0005857752683439798,189.62572479248047,0.3437195122241974,3.6225000000000006e-05
7035,590.0017757203514,1,0.3007134939543903,164.42357013225555,0.34369678497314454,3.618749999999999e-05
7036,507.77863520267806,1,0.04011563844978809,2012.7571952819824,0.343872994184494,3.615000000000001e-05
7037,620.9316035246345,1,-0.0007082959462422877,209.06991882324218,0.3438858091831207,3.61125e-05
7038,610.516920344246,1,-2.3622117162913626e-05,17686.1634765625,0.34382013976573944,3.607499999999999e-05
7039,591.3682442042373,1,-0.12959504164755345,234.45583658218385,0.343716961145401,3.603750000000001e-05
7040,574.0050465310928,1,0.014424357376992703,286.4494510769844,0.34327149391174316,3.5999999999999994e-05
7041,595.1998305282194,1,-0.005011226467742702,63.294226837158206,0.3429871529340744,3.596249999999998e-05
7042,577.9987184597381,1,0.06946755284443498,179.55280210971833,0.34270421266555784,3.5925000000000006e-05
7043,625.1042919344213,1,-0.0006210620399471622,133.93965377807618,0.34258107244968417,3.588749999999999e-05
7044,614.7673392515538,1,-0.0001332404116405783,15681.04169921875,0.34250696897506716,3.585000000000001e-05
7045,-3300.2162274368957,1,-0.022601968655362726,14870.547392272949,0.3424670875072479,3.5812499999999996e-05
7046,587.0649543382349,1,-0.039660010021179914,125.8196339815855,0.3421573579311371,3.577499999999999e-05
7047,609.2334106594333,1,-0.008997821132097883,90.43817749023438,0.34116922318935394,3.573750000000001e-05
7048,599.9195252814999,1,-0.007094925859183121,276.2913024902344,0.34065404534339905,3.5699999999999994e-05
7049,488.05969288822723,1,-0.023758722469210625,1255.652840423584,0.34034103751182554,3.5662499999999986e-05
7050,624.3074627361765,1,-0.0006201334801133384,73.6711181640625,0.34016616344451905,3.5625000000000005e-05
7051,629.8606233380083,1,-0.0017848820863605396,233.43321685791017,0.33993242084980013,3.558749999999999e-05
7052,583.168012191868,1,-0.09780170004814863,102.31420545578003,0.339760559797287,3.555000000000001e-05
7053,-11760.819053679443,0,-1.1156073550840741e-05,5143.115335507142,0.3398881843215541,3.55125e-05
7054,567.6889750876372,1,0.01317497631534934,140.37678060531616,0.34029505848884584,3.547499999999999e-05
7055,619.875673916806,1,-0.003215566801799241,170.68450469970702,0.34040552377700806,3.543750000000001e-05
7056,620.0987601773469,1,0.00039139530649521246,270.60103912353514,0.3404438436031342,3.539999999999999e-05
7057,147.22346227910043,1,0.009494146145880223,12863.895654296875,0.34036711156368255,3.5362499999999985e-05
7058,614.60346269654,1,-1.2216801752273909e-05,22074.1322265625,0.34033382833004,3.5325000000000005e-05
7059,604.1262218691127,1,-8.189489433441111e-06,10802.41396484375,0.34032644927501676,3.528749999999999e-05
7060,592.4926837024068,1,-0.04237361531704664,68.70460104942322,0.34025638103485106,3.525000000000001e-05
7061,357.47929713094135,1,-0.01240336438640952,29875.3380859375,0.3399194061756134,3.52125e-05
7062,630.1909869534611,1,-0.0005791229214338501,320.2797454833984,0.3398095190525055,3.517499999999999e-05
7063,-12052.241100152387,0,-0.0001652005569715249,3436.2115330696106,0.3398899649318896,3.513750000000001e-05
7064,630.8111778170024,1,-0.00038630229898739543,258.76949310302734,0.34005541205406187,3.509999999999999e-05
7065,593.7279416120432,1,-0.2135568169876933,83.66599178314209,0.3398021697998047,3.5062499999999985e-05
7066,582.7473006338707,1,-0.04217628017067909,52.64056282043457,0.33917606472969053,3.5025000000000004e-05
7067,579.7878891433896,1,-0.0025772228837013245,361.5193603515625,0.3387044548988342,3.498749999999999e-05
7068,608.2424808983935,1,0.1923184179700911,99.63788080215454,0.33835798501968384,3.495000000000001e-05
7069,-5905.717845269812,1,-0.0015250954311341047,4674.823175779979,0.33783513406912485,3.49125e-05
7070,629.5576841184914,1,5.346829775376705e-07,12331.515234375,0.33789029717445374,3.487499999999999e-05
7071,617.8867462777604,1,-0.0026549051160966288,119.38210830688476,0.33786241710186005,3.4837500000000007e-05
7072,586.5702846559869,1,0.1288337042555213,249.83519325256347,0.33761937022209165,3.479999999999999e-05
7073,589.4633188949681,1,-0.010056396512432907,47.37237014770508,0.33725233376026154,3.4762499999999984e-05
7074,613.5408247849372,1,0.0002260429784655571,20639.1388671875,0.3366688251495361,3.4725000000000004e-05
7075,621.6731678068444,1,-0.00480750911810901,254.86414642333983,0.3363556057214737,3.468749999999999e-05
7076,473.2765924782035,1,0.039258012734353545,1916.1212524414063,0.33618727773427964,3.465000000000001e-05
7077,535.0359283976511,1,-0.013891727197915316,1287.7540344238282,0.3362118169665337,3.46125e-05
7078,619.5492112708974,1,-0.005062910980852564,157.0893585205078,0.33637635409832,3.4574999999999987e-05
7079,614.777579943296,1,0.0013473558268742637,10484.50537109375,0.3365998774766922,3.4537500000000006e-05
7080,583.652567578472,1,0.15762429079040885,19041.147286224365,0.3367425501346588,3.449999999999999e-05
7081,527.6603723502362,1,-0.04377213660627603,626.8781478881835,0.3368233859539032,3.4462499999999984e-05
7082,613.1208267271884,1,0.027926583774387836,59.07310273167677,0.3367188036441803,3.4425e-05
7083,552.5449311095488,1,0.010101768746972084,645.2435775756836,0.3366367340087891,3.438749999999999e-05
7084,577.2189980909168,1,0.06826029354706406,301.67454557418824,0.3364961326122284,3.435000000000001e-05
7085,608.4669699701443,1,0.00017788159484268817,88.97900619506837,0.3363009661436081,3.43125e-05
7086,619.4304143994437,1,-0.002262948253897434,119.01434631347657,0.3362189769744873,3.4274999999999986e-05
7087,599.1986662424133,1,-0.0027898106796314438,73.85990371704102,0.3361072689294815,3.4237500000000006e-05
7088,580.1127940138219,1,0.12841646512970328,287.1468770980835,0.3358981668949127,3.419999999999999e-05
7089,609.2816413072001,1,2.893516962387821e-06,26762.0625,0.3357044458389282,3.416249999999998e-05
7090,609.5575976942258,1,-0.017627083691768776,52.03416748046875,0.33560956418514254,3.4125e-05
7091,631.8978001482947,1,0.0020373924419153865,299.69554138183594,0.33545213639736177,3.408749999999999e-05
7092,613.9286111575544,1,-0.008214911938927117,34.49570236206055,0.3353283554315567,3.405000000000001e-05
7093,610.5448826407517,1,-0.0018303348771611994,49.46838455200195,0.33512064814567566,3.40125e-05
7094,619.6050005785551,1,-0.0002603852901668091,9528.55126953125,0.3348880112171173,3.3974999999999986e-05
7095,609.3848772053667,1,-0.0016681331947499434,51.55927619934082,0.3347363084554672,3.3937500000000005e-05
7096,613.4410665981817,1,-0.008831118606030941,23.496807479858397,0.3345149040222168,3.389999999999999e-05
7097,610.109676657981,1,-0.010289560331672831,45.23024482727051,0.33426557183265687,3.386249999999998e-05
7098,630.3130526639734,1,-0.007664086841346673,90.04841003417968,0.33399670720100405,3.3825e-05
7099,516.6168767071682,1,-0.020346232689917088,1354.7175785064696,0.33368961215019227,3.378749999999999e-05
7100,593.8600266348146,1,0.2018059588968754,209.5170570909977,0.3337286293506622,3.375000000000001e-05
7101,620.700455212323,1,-0.00404597045213535,58.46216735839844,0.3340189874172211,3.37125e-05
7102,589.0135149077206,1,3.5036975826230335e-05,16317.71630859375,0.3340910255908966,3.3674999999999985e-05
7103,625.756558879364,1,-0.0031587824119547747,99.85384140014648,0.3340517312288284,3.3637500000000004e-05
7104,620.1766218967086,1,-0.0012554205942031161,116.81985778808594,0.3338532656431198,3.36e-05
7105,620.2205182676098,1,-0.0003372987737872535,51.42308387756348,0.33375886976718905,3.356249999999998e-05
7106,553.0342843217084,1,3.948779585405404e-05,8187.94677734375,0.3336677521467209,3.3525e-05
7107,621.3706106568808,1,-0.0009920613885405771,126.6049415588379,0.33359631299972536,3.348749999999999e-05
7108,623.4783292750417,1,-0.011207478413254535,14.85676622390747,0.3333485573530197,3.3450000000000013e-05
7109,612.3683421569766,1,-0.07744594402611256,88.3959387153387,0.33259143233299254,3.34125e-05
7110,619.0849349155235,1,-0.006609725020825863,56.021614456176756,0.33206422328948976,3.3374999999999985e-05
7111,600.1027645163614,1,-0.0070571912016959,43.001589965820315,0.33191877603530884,3.3337500000000004e-05
7112,-10660.247351665328,1,0.0003196486615036663,6171.019936074708,0.33170163819664406,3.3299999999999996e-05
7113,577.0839514212819,1,0.056318843830376865,18089.182982349397,0.33173820972442625,3.326249999999998e-05
7114,619.2013509740534,1,-0.15320546091534198,11.727605216996745,0.33170602321624754,3.3225e-05
7115,630.6501035849849,1,-0.0007421275752562906,122.96479949951171,0.3311115324497223,3.318749999999999e-05
7116,619.2228596315865,1,-0.011726698279380799,18.977968406677245,0.33081201314926145,3.315000000000001e-05
7117,589.0153085629195,1,0.00018368189926292188,197.55940856933594,0.33054515421390535,3.31125e-05
7118,630.500602892826,1,-0.0008403521185940122,89.40081939697265,0.3303378224372864,3.3074999999999984e-05
7119,598.6249655996036,1,-0.008935106869932064,26.33393249511719,0.33012098371982573,3.3037500000000003e-05
7120,-1786.9464365040185,1,-0.0012242120318114757,22485.48880859375,0.3296586203575134,3.2999999999999996e-05
7121,609.7979708469206,1,-0.009130293004319867,28.274900436401367,0.32952278256416323,3.296249999999998e-05
7122,546.7416963511351,1,-0.023257265985012054,346.1732795715332,0.3291309893131256,3.2925e-05
7123,608.4679055931242,1,0.13566893646493555,20.319069933891296,0.3283201575279236,3.2887499999999986e-05
7124,617.5771739341193,1,0.1015848545357585,12.446248917281627,0.3276219546794891,3.285000000000001e-05
7125,624.130326074406,1,-0.0011401691748658572,44.03943519592285,0.3274776428937912,3.28125e-05
7126,629.149198300828,1,-0.005148359909253486,63.98677711486816,0.3273763686418533,3.2774999999999984e-05
7127,602.9682661231549,1,-0.008907862528161559,62.363223266601565,0.3271641343832016,3.27375e-05
7128,421.57469173142863,1,-0.0056420337641611695,3982.682666015625,0.32671856582164766,3.2699999999999995e-05
7129,624.1341112481051,1,1.8629196392794257e-05,10601.84814453125,0.32658531963825227,3.2662500000000015e-05
7130,-11422.687131706012,0,-0.00029249752038403563,7804.055769548918,0.3265853919480976,3.2625e-05
7131,619.418363642671,1,-0.0008379206907051185,41.47868461608887,0.32661222517490385,3.2587499999999986e-05
7132,610.3942796887644,1,-0.0005275242536178837,136.3373908996582,0.3265462636947632,3.255000000000001e-05
7133,624.8326100069776,1,-0.0018910597593560397,46.70709228515625,0.32643809020519254,3.25125e-05
7134,605.2023554024621,1,-0.018243768671336723,38.76864738464356,0.32625079452991484,3.247499999999998e-05
7135,600.5608210646792,1,0.001345882053295,102.4084571838379,0.32605579793453215,3.24375e-05
7136,250.95820312346476,1,-0.01041528545320034,9943.400268554688,0.3259288504719734,3.2399999999999995e-05
7137,618.7723920002288,1,-0.0042399441513566675,55.56527671813965,0.3258673042058945,3.2362500000000014e-05
7138,582.3546067413529,1,0.02216359181329608,193.09522504806517,0.3257589519023895,3.2325e-05
7139,608.4423321676996,1,-0.00790596343576908,25.558288192749025,0.3256680369377136,3.2287499999999985e-05
7140,524.5749776299187,1,0.0020480915438383816,535.8894927978515,0.3253887176513672,3.225000000000001e-05
7141,609.224668999023,1,-0.00043334151550595835,12762.849609375,0.32527524828910825,3.22125e-05
7142,-4166.904175581669,1,0.0012969289751102527,16124.772182210287,0.3252516057756212,3.217499999999998e-05
7143,619.8394172444065,1,-0.0026899367955330435,54.80447502136231,0.32524574398994444,3.21375e-05
7144,629.8498596494167,1,-0.0016314031612729707,136.02879486083984,0.32521642446517945,3.2099999999999994e-05
7145,-12053.290095649761,0,0.0003537110984325409,4000.2822658338046,0.3249943846150448,3.2062500000000014e-05
7146,590.3249992131869,1,-0.0038784672651672736,184.40140228271486,0.3249133050441742,3.2025e-05
7147,566.5388103003563,1,0.023353340197354557,515.5771293640137,0.32490749955177306,3.198749999999999e-05
7148,586.7263203198115,1,-0.11229562237858773,87.01146667301654,0.3244141280651093,3.195000000000001e-05
7149,609.1324117860217,1,-0.0004754002317746142,42.53194618225098,0.32357128858566286,3.1912499999999996e-05
7150,607.6946549973976,1,-0.3536529805511236,54624.16191308499,0.3229310095310211,3.187499999999998e-05
7151,-2458.4322358549666,1,0.0008196082839276641,25683.885038248696,0.3226718286673228,3.18375e-05
7152,561.1290923071626,1,-0.050213848846033214,381.63313884735106,0.32260231375694276,3.1799999999999994e-05
7153,608.5752973123062,1,0.00011048838496208191,29202.96328125,0.3226172685623169,3.176250000000001e-05
7154,620.0020189696081,1,-0.0006824975749028184,73.81461029052734,0.3225985378026962,3.1725e-05
7155,505.3423684973493,1,-0.06413588616997004,1538.5185577392579,0.32254929542541505,3.168749999999999e-05
7156,620.3093624463661,1,-0.006300435724027054,87.53605651855469,0.32253431975841523,3.165000000000001e-05
7157,609.6901653458713,1,-0.0031217660131403592,113.78656311035157,0.3224488765001297,3.1612499999999996e-05
7158,614.8304580141212,1,-0.002373547261566955,59.36417655944824,0.3223722517490387,3.157499999999998e-05
7159,579.4364665321716,1,-0.0006512084044516086,436.13600769042966,0.32237292528152467,3.153750000000001e-05
7160,610.1076016457647,1,-0.0010841263652610067,101.78841629028321,0.32241750955581666,3.149999999999999e-05
7161,629.1149169199496,1,-0.003032840099461964,84.25209274291993,0.32246480882167816,3.146250000000001e-05
7162,578.7163139317313,1,0.12123873364180326,29288.614985609056,0.32262772917747495,3.1425e-05
7163,-2880.5482278927902,1,0.006493109118725572,22584.44326520647,0.32272451647690364,3.138749999999999e-05
7164,10.446211458248627,1,-0.0028597710654139517,64936.644140625,0.32254971414804456,3.135000000000001e-05
7165,624.0586147798062,1,-0.0027760977544435406,78.47669982910156,0.32251811027526855,3.1312499999999995e-05
7166,576.6953523483215,1,-0.1154202743433416,185.92809190750123,0.3223522424697876,3.127499999999998e-05
7167,597.3791096961014,1,-0.11990039627999068,55.017193460464476,0.32207491993904114,3.123750000000001e-05
7168,619.3910719737312,1,-0.004548519964737352,66.0723201751709,0.3217364579439163,3.119999999999999e-05
7169,621.112404035888,1,-0.001963542302006038,225.1814392089844,0.3215940922498703,3.116250000000001e-05
7170,619.9063578637971,1,-0.009532296282223029,92.3998519897461,0.3214756667613983,3.1125e-05
7171,598.5372917245936,1,-0.0018757124160813988,57.24041404724121,0.3213207572698593,3.108749999999999e-05
7172,630.6389062169944,1,-0.003666988626548573,63.485935592651366,0.32091585695743563,3.105000000000001e-05
7173,608.7719501305048,1,0.00034550850358492367,15120.35966796875,0.32067338228225706,3.1012499999999995e-05
7174,597.9515391121325,1,-0.009150850304943248,145.87466583251953,0.32054531276226045,3.097499999999998e-05
7175,570.552801296991,1,-0.0032179038506001236,338.0466278076172,0.3203348934650421,3.0937500000000007e-05
7176,583.3394088700408,1,-0.00028709694743156433,164.13827667236328,0.32031108140945436,3.089999999999999e-05
7177,531.6521635750823,1,-0.0030363046564161776,1161.8696006774903,0.32033105492591857,3.086250000000001e-05
7178,-3605.722237425798,1,0.0014204160775989293,9751.660469055176,0.3206653233617544,3.0825e-05
7179,619.7734776722853,1,-0.0023673947239174708,95.55488967895508,0.32066973149776457,3.078749999999999e-05
7180,-12056.777292040531,0,0.0008765497244894504,4261.293480692411,0.3206052723683809,3.075000000000001e-05
7181,578.6315346924582,1,-0.06964901313185692,43.247358083724976,0.32081902027130127,3.0712499999999994e-05
7182,-3905.7338615055514,1,-6.290528690442443e-05,20894.091494750977,0.3206743810325861,3.067499999999998e-05
7183,603.5913724888152,1,-0.0016418753191828727,47.554626846313475,0.32066760063171384,3.0637500000000006e-05
7184,549.345546582228,1,0.21834079474210738,1502.1412063598632,0.3205877661705017,3.059999999999999e-05
7185,630.4687841646877,1,-0.0006105379832717972,175.31240692138672,0.32059957683086393,3.056250000000001e-05
7186,487.98017015128323,1,-0.053201008774340156,1281.8731628417968,0.3206199765205383,3.0524999999999997e-05
7187,588.3755259952084,1,0.020161070488393308,121.983553981781,0.3205181956291199,3.0487499999999986e-05
7188,630.2318117319624,1,-0.0011623996926047654,198.71411590576173,0.3200491726398468,3.045000000000001e-05
7189,598.4795519196871,1,-0.01406075985086872,67.23605270385742,0.3198409765958786,3.0412499999999994e-05
7190,-1263.243563711418,1,0.004109572172164917,38910.4449609375,0.319537992477417,3.0374999999999983e-05
7191,558.3614769094447,1,-0.09804902663454414,573.7203876495362,0.31942219138145445,3.0337500000000002e-05
7192,609.2434190998822,1,-0.0022646134109798764,49.09556617736816,0.3189893335103989,3.029999999999999e-05
7193,590.2114570090646,1,-0.0013048414140939713,490.19755859375,0.31863651275634763,3.026250000000001e-05
7194,589.2591735246255,1,-0.003111556131995208,237.98782501220703,0.31847575306892395,3.0225e-05
7195,600.274311768793,1,-0.00292154590143614,117.94926681518555,0.3183602124452591,3.018749999999999e-05
7196,589.0413974436958,1,0.10177876241505146,110.97541902530938,0.3174486577510834,3.0150000000000008e-05
7197,619.6348355356729,1,-0.004992078870518846,143.76587677001953,0.3166553497314453,3.0112499999999993e-05
7198,568.9165294591331,1,-0.204046175442636,39509.32339248657,0.3166073620319366,3.0074999999999982e-05
7199,630.8692846057422,1,-0.0011497263937997105,218.71639862060547,0.31662981808185575,3.00375e-05
7200,546.822261396713,1,-0.06213870635256171,553.8592044830323,0.31664196252822874,2.999999999999999e-05
7201,505.89723827888025,1,0.04507946390658617,2082.312743759155,0.3165695905685425,2.996250000000001e-05
7202,-940.6880879068067,1,-0.009800240525510161,42385.034008789065,0.3165209047496319,2.9925e-05
7203,629.3073228038938,1,-0.0022958160120651883,108.57506256103515,0.31651708781719207,2.9887499999999988e-05
7204,627.4990242067404,1,-0.11017762143164873,60.68359073996544,0.31662615537643435,2.9850000000000007e-05
7205,620.5790193149078,1,-0.0015762932278946095,91.05534362792969,0.3168498158454895,2.9812499999999996e-05
7206,-1131.2392904443348,1,-0.004170671850442886,36311.756127929686,0.31696508079767227,2.9774999999999982e-05
7207,609.5891560809681,1,-0.0016458964876335358,46.779558944702146,0.3171554505825043,2.9737500000000005e-05
7208,629.8374754454228,1,-0.0023650416707027945,101.51335372924805,0.3170293062925339,2.969999999999999e-05
7209,579.141453898846,1,-0.0027976843528449537,313.6661315917969,0.31689244508743286,2.9662500000000013e-05
7210,569.2972988953046,1,-0.0005380956299052997,562.22998046875,0.3168534874916077,2.9625e-05
7211,582.4363662378037,1,0.054601685330271724,146.97750415802003,0.31692380309104917,2.9587499999999987e-05
7212,611.6341780620363,1,-0.001987336799481909,78.14947891235352,0.31696851551532745,2.9550000000000007e-05
7213,587.7491043822204,1,-0.010265765921952053,75.46995239257812,0.3168895751237869,2.9512499999999996e-05
7214,580.1592809253094,1,-0.0003197515435606313,63389.61796875,0.31680385768413544,2.947499999999998e-05
7215,-12054.56113731819,0,-0.00013396116953931356,4102.1492367995415,0.3167493989593104,2.9437500000000004e-05
7216,619.935009244675,1,-0.0065928834739366945,115.32071151733399,0.316684827208519,2.939999999999999e-05
7217,518.2603371359287,1,0.07826561545953155,1324.337604522705,0.3166027069091797,2.9362500000000012e-05
7218,580.1493937278094,1,-0.0017188780811292048,139.88248748779296,0.3165408581495285,2.9324999999999998e-05
7219,620.9604442099629,1,-0.0004108748258396133,216.30845794677734,0.3165967226028442,2.9287499999999987e-05
7220,594.2419686806421,1,-0.004950154704742004,45.461619186401364,0.31661681532859803,2.9250000000000006e-05
7221,-6049.550279498076,0,-0.003354852675999466,2677.261892195438,0.3164226632369192,2.9212499999999995e-05
7222,569.1822530778775,1,-0.0019690938293933868,456.31561279296875,0.3162537932395935,2.917499999999998e-05
7223,546.9212488636634,1,0.08791015166789293,878.9294311523438,0.3163308084011078,2.9137500000000004e-05
7224,551.888134811456,1,-0.04908900801092386,262.24406242370605,0.31642699241638184,2.909999999999999e-05
7225,608.8837900124586,1,-9.314955344521536e-05,318.56678771972656,0.3164020299911499,2.9062500000000012e-05
7226,609.0794324309378,1,-0.0010056218454167266,146.83687896728514,0.31636123955249784,2.9024999999999997e-05
7227,181.28625055941046,1,0.012559605878777802,13478.83779296875,0.3162426084280014,2.8987499999999986e-05
7228,522.7282677433287,1,-0.04758696649223566,604.5681053161621,0.31618566513061525,2.8950000000000006e-05
7229,609.6097388247434,1,-0.0012224308232493541,151.93795928955078,0.3161529004573822,2.8912499999999995e-05
7230,619.8676226929742,1,-0.0010397560990483613,143.920849609375,0.31609276235103606,2.887499999999998e-05
7231,628.4495695733962,1,-0.000581018365905095,209.8395751953125,0.31599380970001223,2.8837500000000003e-05
7232,545.6408433518495,1,-0.010614819079637527,679.0321254730225,0.31593555212020874,2.879999999999999e-05
7233,-1611.0778810725647,1,0.0029353304952383042,32340.6234375,0.3159638249874115,2.876250000000001e-05
7234,477.0359948490842,1,0.007507560215890408,1045.4354248046875,0.31599182486534116,2.8724999999999997e-05
7235,434.6262744883548,1,0.03701971569098532,3423.609729003906,0.31599168479442596,2.8687499999999986e-05
7236,557.9897900225618,1,-0.0006922218816594495,328.35614318847655,0.3159927874803543,2.8650000000000005e-05
7237,550.1453534627178,1,0.011479310784488916,610.5518171310425,0.3158805429935455,2.8612499999999994e-05
7238,-12056.173941181845,0,-0.0006644022209863913,4725.838015365601,0.31575355027851304,2.857499999999998e-05
7239,490.58470450237303,1,-0.03295793570578098,34982.50360107422,0.31570195108652116,2.8537500000000002e-05
7240,530.673625168028,1,-0.031711228843778375,780.4499980926514,0.3157388806343079,2.8499999999999988e-05
7241,629.9966877198508,1,-0.0027127427684334295,550.7382507324219,0.31578622460365297,2.846250000000001e-05
7242,478.1145651458632,1,0.014041147846728563,2749.6381500244142,0.31579423546791074,2.8424999999999996e-05
7243,473.14539799018996,1,-0.02811211524531245,2038.0842712402343,0.31578871309757234,2.8387499999999985e-05
7244,467.55383384582353,1,0.03408485697582364,66191.8216796875,0.3157672584056854,2.8350000000000005e-05
7245,614.864572672843,1,-1.8020983099376053e-05,10717.00126953125,0.3157603532075882,2.8312499999999994e-05
7246,609.6754965941061,1,-0.0017989286644976231,340.88646240234374,0.3157488852739334,2.8274999999999983e-05
7247,547.3506150408936,1,-0.0004297100007534027,415.7312286376953,0.31571134328842165,2.8237500000000002e-05
7248,620.054701332517,1,-2.2385842091310338e-05,351.99965515136716,0.31567656695842744,2.819999999999999e-05
7249,548.5893673467548,1,-0.08273466238752007,359.3539237976074,0.3156664133071899,2.816250000000001e-05
7250,593.619803079863,1,-0.0005264749750494957,128.8063835144043,0.3157007932662964,2.8125e-05
7251,577.885535542667,1,-0.07092553582042456,219.59201860427856,0.3157679378986359,2.8087499999999985e-05
7252,454.337292107164,1,0.005453037470579148,1609.4305908203125,0.3158765584230423,2.8050000000000004e-05
7253,450.8408222080924,1,0.03916539158672094,3157.3196655273437,0.31585598886013033,2.8012499999999993e-05
7254,477.2275486887719,1,0.020549783355090768,1199.9474685668945,0.31587243229150774,2.7975000000000013e-05
7255,597.9958514919697,1,-0.0008828939603347408,220.9316635131836,0.3158599674701691,2.79375e-05
7256,618.9067998781857,1,-0.000764646065207586,474.39002685546876,0.3158195197582245,2.789999999999999e-05
7257,625.739664458271,1,-0.0005774132096999729,564.4598205566406,0.3158042013645172,2.786250000000001e-05
7258,620.481217886647,1,-0.0014264720981898905,414.45802917480466,0.31579184234142305,2.7825e-05
7259,546.9187688788978,1,-0.05252305632457137,287.42525177001954,0.3157632350921631,2.7787499999999984e-05
7260,618.6844802301139,1,7.481421016564127e-05,9622.77724609375,0.31575306951999665,2.7750000000000007e-05
7261,-336.43201780742413,1,0.017401638068258764,54796.467513020834,0.315768426656723,2.7712499999999993e-05
7262,599.7151535075354,1,-0.0033122607735769803,228.2221435546875,0.31576149463653563,2.7675000000000015e-05
7263,604.1965961824619,1,-0.0004996772884112488,287.1415069580078,0.3157006800174713,2.76375e-05
7264,624.8816033112315,1,-3.496347629408092e-05,429.9501190185547,0.31562319993972776,2.759999999999999e-05
7265,618.8410348510167,1,4.176897752339315e-05,16255.69375,0.31556089222431183,2.756250000000001e-05
7266,540.8679806276009,1,-0.015320938173681497,651.4528602600097,0.31557989716529844,2.7524999999999998e-05
7267,397.37287771181457,1,0.0016806111671030521,2326.117724609375,0.31566655486822126,2.7487499999999984e-05
7268,598.6779104282007,1,-0.0008514685556292534,133.28671417236328,0.3156714677810669,2.7450000000000007e-05
7269,609.7494567148226,1,8.23470354887057e-05,15935.73330078125,0.3156640350818634,2.7412499999999992e-05
7270,494.2015151021164,1,-0.009509280696511269,1475.9764221191406,0.3156660094857216,2.7375000000000015e-05
7271,557.0258819169061,1,-0.04436139250174165,169.70142784118653,0.3155456483364105,2.73375e-05
7272,572.3231019145018,1,-0.09646313637495041,117.03069868087769,0.31514244675636294,2.729999999999999e-05
7273,351.78575192838633,1,-0.002485486812656745,4779.407775878906,0.3151227250695229,2.726250000000001e-05
7274,593.2488885953827,1,0.06742911953479051,217.18693792819977,0.3153113663196564,2.7224999999999998e-05
7275,438.32646324188863,1,0.029181147267809137,3628.2168701171877,0.3154480576515198,2.7187499999999983e-05
7276,618.5924384025266,1,-0.0003071410549964071,246.27530670166016,0.3154391884803772,2.7150000000000006e-05
7277,609.7973519562337,1,5.399088181228251e-05,592.7913940429687,0.31540088057518006,2.711249999999999e-05
7278,583.7670234464251,1,-0.06565740230726078,59.20739986896515,0.3154007434844971,2.7075000000000014e-05
7279,631.5161717814325,1,0.0012059721072944286,652.3476196289063,0.31538585424423216,2.70375e-05
7280,615.3116431038509,1,-0.0007245098518268378,208.88121337890624,0.3154026359319687,2.699999999999999e-05
7281,603.8998724764294,1,-0.0005049225924807388,167.44359588623047,0.31535813212394714,2.6962500000000008e-05
7282,-423.55076461442536,1,-0.002825056823591391,46802.312825520836,0.3152104318141937,2.6924999999999997e-05
7283,609.4890970045342,1,-0.000662247578281594,279.3358581542969,0.3151733070611954,2.6887499999999983e-05
7284,587.7969444083234,1,-0.09078904460184276,53.71419529914856,0.3152529656887054,2.6850000000000006e-05
7285,584.0872235388117,1,-0.009990810602903365,235.06596984863282,0.31549586057662965,2.681249999999999e-05
7286,604.8738641163857,1,0.001005391545353973,323.3352935791016,0.31557615101337433,2.6775000000000014e-05
7287,604.1106874104005,1,0.0004193453802379565,12149.57666015625,0.3155747950077057,2.67375e-05
7288,590.7050227187519,1,-0.001936275096898754,170.9020233154297,0.3155622273683548,2.669999999999999e-05
7289,598.7212014889988,1,-0.00201654603892365,84.18209915161133,0.3154919922351837,2.6662500000000008e-05
7290,629.8339495730977,1,8.913704124609012e-05,278.2017364501953,0.31528891026973727,2.6624999999999997e-05
7291,599.2910657706402,1,-0.00490263144667793,178.73828735351563,0.315080064535141,2.6587499999999982e-05
7292,604.0986959952397,1,0.00024195324835636357,103.21908416748047,0.31485251486301424,2.6550000000000005e-05
7293,620.049646322368,1,-0.002169560854881958,186.38617095947265,0.3146580010652542,2.651249999999999e-05
7294,599.696859196418,1,-0.001632639393210411,102.92345962524413,0.3144605278968811,2.6475000000000013e-05
7295,519.3498353239795,1,-0.08434008897747844,97977.059375,0.3141359925270081,2.64375e-05
7296,-3533.801048577819,1,-0.005571963771944866,19262.762480163576,0.31404973901808264,2.6399999999999988e-05
7297,572.5418224045993,1,0.010193786269519478,104.76312217712402,0.3140836715698242,2.6362500000000007e-05
7298,622.9095788959828,1,-0.0033243344009306953,140.35173950195312,0.31402527987957,2.6324999999999996e-05
7299,605.1295029062359,1,-0.002483564710024666,158.9473388671875,0.31395686268806455,2.6287499999999985e-05
7300,629.3407711567912,1,-0.0006676679205952496,164.31463012695312,0.3138941377401352,2.6250000000000004e-05
7301,603.4389134408477,1,-0.006633653596227518,35.768397903442384,0.3136973112821579,2.6212499999999993e-05
7302,618.959726551237,1,-0.02462797759207618,114.02929611206055,0.31345764100551604,2.6175000000000013e-05
7303,597.9219705524863,1,-0.003582964651286602,82.89153366088867,0.31320164203643797,2.6137500000000002e-05
7304,457.94689717260417,1,0.02951167323626578,2356.550770568848,0.31294903755187986,2.6099999999999987e-05
7305,592.8692313473441,1,0.07554415776394308,7372.588053131103,0.31287834644317625,2.6062500000000007e-05
7306,463.9988823908827,1,-0.014677343145012855,1900.9926635742188,0.3128578096628189,2.6024999999999996e-05
7307,608.7913425283083,1,2.8571142731692587e-07,14643.151953125,0.3127835959196091,2.5987499999999985e-05
7308,607.426572491557,1,0.06643281164579093,89.33908336162567,0.31272960901260377,2.5950000000000004e-05
7309,322.99507593272153,1,0.0038758345413953065,15961.435107421876,0.312527097761631,2.5912499999999993e-05
7310,614.2637771357656,1,-0.0032451338444225543,42.715553283691406,0.31239335536956786,2.5875000000000012e-05
7311,528.1318701755256,1,0.0401970905251801,464.0132633209229,0.3121034920215607,2.58375e-05
7312,623.4506896978585,1,0.031757721304893495,40.536137321591376,0.3113121747970581,2.5799999999999987e-05
7313,400.1059474518948,1,-0.03833179716020822,5140.273205566406,0.3106922507286072,2.576250000000001e-05
7314,629.6639177269598,1,-2.1435817974069236e-05,14539.03896484375,0.3106399953365326,2.5724999999999995e-05
7315,594.3610820891997,1,-0.0091568088361754,98.10758895874024,0.31065029799938204,2.5687499999999984e-05
7316,503.66156533030033,1,0.011481155237803856,8741.56258951823,0.31073023080825807,2.5650000000000003e-05
7317,568.0747700309377,1,0.0026181439403444528,502.3553951263428,0.31072233319282533,2.5612499999999992e-05
7318,629.3486047746469,1,-0.0008036627215730618,116.21402511596679,0.3105962693691254,2.5575000000000012e-05
7319,619.3232935614542,1,-0.004062764860165657,86.33919296264648,0.31043789982795716,2.55375e-05
7320,-235.61317935014466,1,-0.003611945395823568,44457.96100260417,0.31005989213784535,2.5499999999999986e-05
7321,577.8346987683695,1,0.04788319217041135,114.14284543991089,0.3097358107566833,2.546250000000001e-05
7322,251.7120036981338,1,-0.005105145496781915,56691.6109375,0.3092468336224556,2.5424999999999995e-05
7323,613.9274883968475,1,-0.001179873162712397,83.92055053710938,0.309151354432106,2.5387499999999984e-05
7324,630.3400942684249,1,-0.0008860228375130675,190.6389358520508,0.3091147929430008,2.5350000000000003e-05
7325,619.1734348455886,1,-0.00416352257240149,57.152305603027344,0.30897856056690215,2.5312499999999992e-05
7326,-1542.8460624613645,1,0.00604458287358284,23164.487358398437,0.3088058567047119,2.527500000000001e-05
7327,601.3969950390276,1,-0.02940062531270087,121.36542549133301,0.3087505280971527,2.52375e-05
7328,599.444577111965,1,-0.008859433169156005,92.37149047851562,0.30834856629371643,2.5199999999999986e-05
7329,608.7524882844034,1,-0.004577547587518183,89.91327056884765,0.3081615924835205,2.516250000000001e-05
7330,593.5529767167135,1,-0.10070606451481581,47.91149315237999,0.30789709091186523,2.5124999999999994e-05
7331,619.4469824976529,1,-0.001818832239368362,139.72985229492187,0.3072090297937393,2.5087499999999983e-05
7332,618.1621098437937,1,0.04930423945188522,25.096818685531616,0.30669411420822146,2.5050000000000002e-05
7333,619.041413296501,1,-0.006230627950668577,48.85726890563965,0.30583747029304503,2.501249999999999e-05
7334,603.0988272015342,1,-0.2599494900554419,53.48174645900726,0.30502511858940123,2.497500000000001e-05
7335,597.1544710432486,1,-0.08194472454488277,56.41665162267164,0.3040945291519165,2.49375e-05
7336,-5341.508118958982,1,0.00862526639618657,12075.975444724343,0.3024657054380937,2.4899999999999985e-05
7337,609.3924033003034,1,-0.0026665080637144458,82.26007461547852,0.30238832235336305,2.4862500000000008e-05
7338,588.4563290132978,1,-0.001421356925951045,157.219189453125,0.3024183511734009,2.4824999999999994e-05
7339,608.8622871422259,1,-0.0022619424746242343,90.8006462097168,0.30241296589374544,2.4787499999999982e-05
7340,609.1043856542537,1,-0.02188971607859038,84.68982620239258,0.30237396955490115,2.4750000000000002e-05
7341,605.6564919042471,1,0.0002512909214111403,88.77273712158203,0.30233468413352965,2.471249999999999e-05
7342,619.1076893209131,1,-0.002338478039020231,32.258618927001955,0.3023431420326233,2.467500000000001e-05
7343,624.4707199926358,1,0.0003199441968455119,69.5443187713623,0.3022938221693039,2.46375e-05
7344,609.4276580365461,1,-0.002652869720039064,78.24041595458985,0.30220980048179624,2.4599999999999985e-05
7345,609.8357321045751,1,-0.008952051765174574,20.920545387268067,0.30206305980682374,2.4562500000000008e-05
7346,614.9173764786503,1,-0.0038201236603093492,64.63295211791993,0.30180300772190094,2.4524999999999993e-05
7347,599.1019018654061,1,-0.00297160588564358,43.84829216003418,0.3015773117542267,2.4487499999999982e-05
7348,618.5224843363932,1,-0.00024413162509340225,36.68881416320801,0.3012965708971024,2.445e-05
7349,541.9973220189665,1,0.17798447785899044,1103.1518280029297,0.3010446310043335,2.441249999999999e-05
7350,624.5101306643988,1,-0.006049986779483163,45.28069648742676,0.30094235837459565,2.437500000000001e-05
7351,601.0838098523737,1,5.076518960578369e-05,132.6019760131836,0.30086164474487304,2.43375e-05
7352,389.0772349139626,1,0.027859644126147033,70408.79033203125,0.3008087307214737,2.4299999999999988e-05
7353,-829.1484544836726,1,0.04652778580784798,30330.702856445314,0.30079507231712344,2.4262500000000007e-05
7354,540.022302269307,1,0.044477810896933076,943.5335304260254,0.3007942497730255,2.4224999999999996e-05
7355,609.6970214746275,1,-0.005075733546982519,57.28735008239746,0.30077001750469207,2.418749999999998e-05
7356,629.966132719217,1,-0.0040016705713696865,56.934963607788085,0.3007124215364456,2.4150000000000004e-05
7357,594.0724562110238,1,-0.003444721971709441,149.8529800415039,0.3006627351045609,2.411249999999999e-05
7358,537.8953605540978,1,0.01339370058849454,20041.627380371094,0.3005972683429718,2.4075000000000013e-05
7359,577.4102034843789,1,-0.016326232627034188,329.1772117614746,0.30056595206260683,2.4037499999999998e-05
7360,614.0903870023849,1,-0.017376787005541416,20.700439834594725,0.3005714535713196,2.3999999999999987e-05
7361,630.1096548514715,1,0.003606703812729961,77.2306900024414,0.30065733194351196,2.3962500000000006e-05
7362,588.070993787655,1,0.09658076530322432,91.93866500854492,0.30062502026557925,2.3924999999999995e-05
7363,589.1520861650228,1,-0.0004703335063588554,6504.603955078125,0.3006122499704361,2.388749999999998e-05
7364,603.9264286326177,1,-0.003896366441708388,67.19462585449219,0.30059794485569,2.3850000000000004e-05
7365,-807.5443338357011,1,0.005711320647969842,33759.861853027345,0.3005363792181015,2.381249999999999e-05
7366,609.1172961252938,1,0.03049583095125854,27.097965240478516,0.30042253732681273,2.3775000000000012e-05
7367,614.039680863375,1,-0.003531050898986798,19.79015941619873,0.3001021772623062,2.3737499999999998e-05
7368,609.7796166608061,1,-0.013530684576465824,23.574172973632812,0.29985577464103697,2.3699999999999987e-05
7369,608.423693750098,1,-0.01245610099285841,22.250818252563477,0.2997117042541504,2.3662500000000006e-05
7370,-12056.994100530423,0,-0.0010417451493834194,3608.527710663645,0.29953978124417757,2.3624999999999995e-05
7371,588.2697815924669,1,-0.0049049595591249325,108.890576171875,0.299558100104332,2.358749999999998e-05
7372,579.2181469455604,1,-0.4462069752626121,115.08364724516869,0.29937964081764223,2.3550000000000003e-05
7373,582.41637989338,1,-0.06033556740731001,42.63499219417572,0.29888632893562317,2.351249999999999e-05
7374,579.761648260324,1,-0.050110882893204686,425.52067070007325,0.29837613105773925,2.347500000000001e-05
7375,142.62356670564515,1,-0.015142884974678358,13626.531494140625,0.2981889764467875,2.3437499999999997e-05
7376,624.0593188356659,1,-0.006421483951605555,60.52855110168457,0.29816098511219025,2.3399999999999986e-05
7377,-4195.967836041699,1,0.0028791218685607117,15483.878732977973,0.2981649292839898,2.3362500000000005e-05
7378,-7456.253536032486,1,-6.265437363513878e-05,11908.015195574078,0.29821759100471223,2.3324999999999994e-05
7379,619.9234110302027,1,-0.0027028891892300067,94.09740829467773,0.29834063053131105,2.3287500000000014e-05
7380,604.8031219698441,1,-0.003987237877511518,55.03971900939941,0.2983225673437119,2.3250000000000003e-05
7381,541.9254015981024,1,0.02055458687245846,467.34804306030276,0.2981730878353119,2.3212499999999988e-05
7382,600.6904370794663,1,-0.007113370129373031,75.36037826538086,0.2981098502874374,2.317500000000001e-05
7383,615.7118787509403,1,-0.0007362294872599762,88.12425231933594,0.298177233338356,2.3137499999999997e-05
7384,623.487364478184,1,-0.002743049537683362,38.02598266601562,0.29812979996204375,2.3099999999999986e-05
7385,608.5987128044584,1,-0.0016043180705729299,44.64764747619629,0.2979817658662796,2.3062500000000005e-05
7386,592.8610648806228,1,-0.0005928497761487961,79.5040069580078,0.2977899670600891,2.3024999999999994e-05
7387,612.8541818580006,1,-0.006314520822695613,30.82120418548584,0.2976644545793533,2.2987500000000013e-05
7388,578.1615408523877,1,0.011222699750214815,177.29235479831695,0.29740400314331056,2.2950000000000002e-05
7389,574.3277094134688,1,-0.0005555775668742768,382.9408233642578,0.29711930751800536,2.2912499999999988e-05
7390,-293.00278141801175,1,0.015211920005579789,55797.04444986979,0.2969892660776774,2.287500000000001e-05
7391,558.0535122217495,1,-0.00034139394835932537,369.7802215576172,0.296966153383255,2.2837499999999996e-05
7392,597.4766226651602,1,0.14933740366250275,80.43111333847045,0.2968790292739868,2.2799999999999985e-05
7393,630.8785992597345,1,-0.0010132043500462374,279.0851104736328,0.2967665523290634,2.2762500000000004e-05
7394,602.4547090915098,1,-0.002276940271258354,76.97714385986328,0.2967756986618042,2.2724999999999993e-05
7395,631.7968753524955,1,-0.000334034887106327,214.19797973632814,0.2967797785997391,2.2687500000000013e-05
7396,631.0008572789361,1,-0.00111167062332882,238.8318603515625,0.2967740148305893,2.265e-05
7397,599.8307285190347,1,-0.0016718616246075512,82.75597610473633,0.296756774187088,2.261249999999999e-05
7398,603.1574643738851,1,-0.004524297825992107,41.122428512573244,0.2966670036315918,2.257500000000001e-05
7399,608.4290519315948,1,-0.004341643158770836,58.06950225830078,0.2964756369590759,2.2537499999999996e-05
7400,564.3180309713418,1,0.0056265702471137045,57437.8843056418,0.2963580906391144,2.2499999999999984e-05
7401,566.9932241767954,1,-0.04307419415563345,417.8201568603516,0.2964694440364838,2.2462500000000004e-05
7402,614.5830903239257,1,-0.003100722091878083,86.68734970092774,0.2964456588029861,2.2424999999999993e-05
7403,598.7363074339728,1,-0.0038546380585984252,44.25530090332031,0.29646133482456205,2.2387500000000012e-05
7404,-1167.6040171437471,1,-0.0005542589351534843,35852.12001953125,0.29657276421785356,2.235e-05
7405,620.4704801771588,1,-0.00027626656607253607,94.12266082763672,0.29659234285354613,2.231249999999999e-05
7406,629.8637760815338,1,-0.0004955095775699192,142.3756134033203,0.2965648382902145,2.227500000000001e-05
7407,578.5380246107422,1,0.040680143237113955,359.81457562446593,0.2964673101902008,2.22375e-05
7408,590.172312727773,1,-0.0033898002110273493,89.44684524536133,0.2963654428720474,2.2199999999999984e-05
7409,578.4134756830381,1,-0.003769351541996002,101.2647476196289,0.2962764620780945,2.2162500000000007e-05
7410,470.29619140724355,1,-0.0593519258312881,1679.8657287597657,0.2962866097688675,2.2124999999999992e-05
7411,578.5777508683241,1,-0.00316171986060283,140.80490264892578,0.29628853499889374,2.2087500000000015e-05
7412,620.4565000242131,1,-0.0025909053928472757,107.21383743286133,0.2963418126106262,2.205e-05
7413,618.7571809209585,1,-0.002661515584331653,205.69173431396484,0.29637956619262695,2.201249999999999e-05
7414,454.40691355930176,1,-0.02371046940534143,2973.0677490234375,0.29637518525123596,2.197500000000001e-05
7415,630.9877623396001,1,-0.0004204264929285273,242.1632553100586,0.2963744431734085,2.1937499999999998e-05
7416,609.9912242734695,1,-0.0002439931263802819,205.39770050048827,0.29635893404483793,2.1899999999999983e-05
7417,624.9162280888852,1,-0.0019026478704891048,113.2110481262207,0.2963423550128937,2.1862500000000006e-05
7418,-12055.833638858234,0,-0.0003728140507040447,4190.083221425508,0.2963544073857759,2.1824999999999992e-05
7419,608.9062697561377,1,-0.005548359283593385,44.45915603637695,0.29659726321697233,2.1787500000000015e-05
7420,619.5185219854137,1,-0.0031486796987639566,56.07756652832031,0.29665085673332214,2.175e-05
7421,590.7157093700885,1,0.012738721165806054,2645.664990234375,0.2965867131948471,2.171249999999999e-05
7422,569.1891887699283,1,0.020489844400435685,238.4001209259033,0.29656951427459716,2.167500000000001e-05
7423,612.1418718243424,1,0.16861349511891605,42.436230993270875,0.2965368151664734,2.1637499999999997e-05
7424,609.552185455552,1,-0.0030496429615716634,68.56401596069335,0.2964311420917511,2.1599999999999983e-05
7425,358.5924634258461,1,0.02078965469263494,5502.250158691406,0.2963745087385178,2.1562500000000006e-05
7426,620.5686098885774,1,-0.002453207744886754,88.46937408447266,0.29636034965515134,2.152499999999999e-05
7427,608.7581153758714,1,-0.0042265116469934584,91.00985412597656,0.29636294543743136,2.1487500000000014e-05
7428,619.716659218072,1,-0.0022962583291034734,62.77796897888184,0.29633628726005556,2.145e-05
7429,599.2866806374474,1,-0.004855350276920944,86.19808349609374,0.2962798535823822,2.141249999999999e-05
7430,568.2730836893418,1,-0.20122838132083415,206.22718156469054,0.29598777890205386,2.1375000000000008e-05
7431,618.7720052539402,1,-0.003061016283503193,26.659382820129395,0.2951525658369064,2.1337499999999997e-05
7432,620.4050413045095,1,-0.0009489772673603625,95.50425186157227,0.2948784649372101,2.1299999999999982e-05
7433,623.7722478492103,1,-0.004384164089435672,33.54639587402344,0.2947674453258514,2.1262500000000005e-05
7434,619.5434564719967,1,-0.01056705296204825,34.277985382080075,0.294688755273819,2.122499999999999e-05
7435,556.9066266448467,1,0.12666715066879988,890.86079454422,0.2946087956428528,2.1187500000000014e-05
7436,617.6817070475843,1,-0.009964782185852528,11.027293014526368,0.2945616006851196,2.115e-05
7437,608.6583668190142,1,-0.09047982795163989,59.890742206573485,0.29446264505386355,2.1112499999999988e-05
7438,557.5980116981359,1,0.20333306221291422,543.6769909858704,0.2943844676017761,2.1075000000000007e-05
7439,625.8341587181776,1,-0.0015262841150004646,77.7695541381836,0.2943576335906982,2.1037499999999996e-05
7440,608.7681809487003,1,-0.005569013139616175,47.162885665893555,0.29434419572353365,2.0999999999999982e-05
7441,617.6162387582508,1,0.09087811051867903,31.30354867130518,0.2942954361438751,2.0962500000000005e-05
7442,610.7528442846285,1,-0.0009383935019471323,117.03259201049805,0.29425636529922483,2.092499999999999e-05
7443,564.7500823693322,1,-0.015173791348934174,586.7848430633545,0.2942532539367676,2.0887500000000013e-05
7444,527.8240817852379,1,0.031940351240336895,487.99105777740476,0.29423866271972654,2.085e-05
7445,-12053.047961931483,0,0.00024047343942679858,4506.034238514148,0.29422220242650887,2.0812499999999988e-05
7446,619.6881872063882,1,-0.0003738482005744004,103.53492126464843,0.2942205160856247,2.0775000000000007e-05
7447,424.97511109798324,1,-0.0033346010372042657,3217.3368286132813,0.2942105904221535,2.0737499999999996e-05
7448,613.9992088953584,1,-0.00489375505074463,29.77930030822754,0.2942069858312607,2.0699999999999985e-05
7449,629.8234040812378,1,0.00045885285884565973,53.617291641235354,0.2941997617483139,2.0662500000000004e-05
7450,86.68794582010634,1,-0.002269163142773323,13532.805224609376,0.2941824734210968,2.0624999999999993e-05
7451,590.2381318867147,1,-0.00015778541564941405,33411.3921875,0.29417710304260253,2.0587500000000013e-05
7452,589.2556263731911,1,-0.0043493108823895454,272.75975036621094,0.2941729187965393,2.055e-05
7453,600.430364764519,1,-0.0052069907831448605,92.77140350341797,0.2941562086343765,2.0512499999999987e-05
7454,630.720986432709,1,-0.002222594305681014,153.88902282714844,0.2941316992044449,2.0475000000000006e-05
7455,599.9661163785375,1,-0.0017920006362846408,31.575823402404787,0.2941139817237854,2.0437499999999995e-05
7456,609.9742267586739,1,-0.00531460301856086,56.310774612426755,0.2940894216299057,2.0399999999999984e-05
7457,619.3722451479443,1,-0.008259477755054779,47.898858642578126,0.2940741926431656,2.0362500000000004e-05
7458,608.859638689009,1,-0.005287579056651559,39.84926834106445,0.2940570622682571,2.0324999999999993e-05
7459,608.4527803308396,1,-0.0018378207851334593,119.01403045654297,0.29401129186153413,2.0287500000000012e-05
7460,624.6114759225385,1,-0.001987311807096148,64.28809852600098,0.2939677029848099,2.025e-05
7461,614.7396507011598,1,-0.0034287839619601356,43.141157150268555,0.29393660724163057,2.0212499999999986e-05
7462,619.3534142821067,1,-0.0015369322320800904,38.52872085571289,0.2939033269882202,2.017500000000001e-05
7463,581.01426344634,1,0.024689265992492437,543.0077602386475,0.29386107474565504,2.0137499999999995e-05
7464,592.2737950718805,1,0.027148578176274897,158.92080574035646,0.29383725523948667,2.0099999999999984e-05
7465,589.8356268663169,1,-0.003261055704206228,36.58312721252442,0.2938273072242737,2.0062500000000003e-05
7466,489.4745136817128,1,-0.01291800510371104,2724.781384277344,0.29382096529006957,2.0024999999999992e-05
7467,592.7009020305667,1,-0.08450095071457327,125.97249301671982,0.2938062012195587,1.998750000000001e-05
7468,624.2224261301493,1,-0.0024371849468060704,50.78465270996094,0.2937625288963318,1.995e-05
7469,606.0475102925454,1,0.09503265987150371,106.6630481004715,0.2937139868736267,1.9912499999999986e-05
7470,630.6600357519876,1,-0.005163757812027825,92.95345993041992,0.29368330240249635,1.987500000000001e-05
7471,623.1370635460901,1,0.13966438388451935,10.974536362290383,0.2936409056186676,1.9837499999999994e-05
7472,592.0265848170831,1,0.07000669864937663,338.74457492828367,0.29358641505241395,1.9799999999999983e-05
7473,629.4702786865369,1,-2.170880533753916e-05,84.56595840454102,0.29357461631298065,1.9762500000000003e-05
7474,573.7787779877923,1,0.1086692938581109,237.47889581397175,0.2935500264167786,1.972499999999999e-05
7475,608.8043417804275,1,-0.0008693028241395951,39.807038116455075,0.2934910535812378,1.968750000000001e-05
7476,625.5183245549381,1,-0.0022499876622654293,72.7957145690918,0.29345737099647523,1.965e-05
7477,584.2199968626911,1,0.30114073102595285,116.30415463447571,0.29341992139816286,1.9612499999999985e-05
7478,614.9760915963417,1,-0.0051332320121582065,45.41075668334961,0.29339141547679903,1.9575000000000008e-05
7479,598.9744636658008,1,0.00016777744815286156,78.0984390258789,0.293371194601059,1.9537499999999994e-05
7480,620.4181886818676,1,-0.001413120132664858,128.55313415527343,0.29335581660270693,1.9499999999999983e-05
7481,597.9773449095376,1,-0.012854544755319353,56.785993576049805,0.29334100186824796,1.9462500000000002e-05
7482,619.9959419951434,1,0.001059747998371563,40.653787231445314,0.29333093464374543,1.942499999999999e-05
7483,546.9999059970498,1,-0.05420817756094039,363.5435195922852,0.2933071911334991,1.938750000000001e-05
7484,629.5399306770554,1,-0.0007408222918826368,167.57139587402344,0.29329205453395846,1.935e-05
7485,630.3733108455764,1,-0.0006951656266579676,126.01085662841797,0.293276846408844,1.9312499999999985e-05
7486,542.3095830346172,1,-0.0032120756804943085,653.89912109375,0.29325882345438004,1.9275000000000008e-05
7487,618.5392016186474,1,-0.0099225868451569,51.78495559692383,0.29324632585048677,1.9237499999999993e-05
7488,629.5528069814259,1,0.00044499960124966265,26.906063270568847,0.2932377815246582,1.9199999999999982e-05
7489,583.3181626862149,1,-0.002209953777492046,113.66708374023438,0.2932449221611023,1.91625e-05
7490,602.8931699462207,1,-0.12733329767361284,45.31041214466095,0.2932792901992798,1.912499999999999e-05
7491,610.6219091637789,1,-0.002106019359344025,119.16014175415039,0.2932607591152191,1.908750000000001e-05
7492,619.1424301043347,1,-0.00010231761811674289,32.04342098236084,0.29323846399784087,1.905e-05
7493,-209.91456321047946,1,0.02868813363214334,60823.62587890625,0.29319746494293214,1.9012499999999984e-05
7494,598.2116323572806,1,-0.003392892703413963,115.3958755493164,0.29318579435348513,1.8975000000000007e-05
7495,546.8256568836962,1,-0.020777643658220768,633.0594371795654,0.2931756615638733,1.8937499999999993e-05
7496,618.4869255211247,1,-0.0008280633319550645,31.072717475891114,0.29316326379776003,1.889999999999998e-05
7497,572.7886072873863,1,0.0005634502818187078,4063.847664388021,0.29313960870107014,1.88625e-05
7498,630.6741914260015,1,-0.00026009126644908063,194.6105972290039,0.2931338310241699,1.882499999999999e-05
7499,610.0593188412613,1,-0.0027189553876077353,25.322512245178224,0.29313130378723146,1.878750000000001e-05
7500,614.6631997268421,1,-0.001907888049569717,13.740719413757324,0.2931204795837402,1.875e-05
7501,602.4419151421981,1,-0.009788841195404529,2155.3327087402345,0.2931042045354843,1.8712499999999987e-05
7502,598.6717192590417,1,-0.007958602532744408,46.80883941650391,0.29310678243637084,1.8675000000000007e-05
7503,619.452944950625,1,0.05837974511086941,7898.514042115212,0.29312644004821775,1.8637499999999996e-05
7504,620.4471625565086,1,-0.00591068419589078,38.11021957397461,0.2931307464838028,1.8600000000000015e-05
7505,568.4860869304734,1,0.16420084070414304,736.3107801318168,0.29308661818504333,1.8562500000000004e-05
7506,624.9362958222038,1,-0.00018377157689997148,104.08647003173829,0.29308269917964935,1.852499999999999e-05
7507,620.7850349762073,1,-0.0008394669934205012,86.04445419311523,0.29308127164840697,1.8487500000000012e-05
7508,614.5328373828913,1,-0.0041812501479096655,36.52790908813476,0.2930636018514633,1.8449999999999998e-05
7509,630.8985882661041,1,-0.001229503938671428,80.71461181640625,0.29301861524581907,1.8412499999999987e-05
7510,-4723.713787683081,1,-0.002285382058471441,16523.236544189454,0.2929839360713959,1.8375000000000006e-05
7511,629.5963688310223,1,-0.003049930965681824,31.44277400970459,0.2929723054170609,1.8337499999999995e-05
7512,537.0336854827841,1,-0.057619370566681025,621.5108810424805,0.2929100334644318,1.8300000000000015e-05
7513,629.2749801160404,1,-0.0031880425734868824,82.85720672607422,0.29287693202495574,1.8262500000000003e-05
7514,615.2778110579279,1,0.0003661606906583792,33303.68125,0.2928527742624283,1.822499999999999e-05
7515,-11748.790333667917,0,-0.00012176788471773953,6571.205857467651,0.2928296741686369,1.8187500000000012e-05
7516,624.7756668373227,1,-0.0009633523071315153,64.25073318481445,0.2928153336048126,1.8149999999999997e-05
7517,624.9526388976619,1,-0.002621867433517977,52.5816089630127,0.292803755402565,1.8112499999999986e-05
7518,507.36927970196757,1,-0.002251703478395939,1158.1489990234375,0.29277527928352354,1.8075000000000006e-05
7519,621.5035944779991,1,-0.0021602253725355068,102.82893600463868,0.2927616149187088,1.8037499999999995e-05
7520,515.8703802627772,1,0.08293271511793136,1903.7783508300781,0.29276111125946047,1.8000000000000014e-05
7521,604.6890525982532,1,-0.0013083246735085651,22.893256187438965,0.29274746775627136,1.7962500000000003e-05
7522,-11617.554589000001,0,-0.00025528202715672946,9858.91035148219,0.2926586069558796,1.792499999999999e-05
7523,590.3546013888628,1,-0.0031220946361479205,128.76148071289063,0.29265536069869996,1.788750000000001e-05
7524,620.1466802135219,1,-0.0012967265229953285,39.600498580932616,0.29263271689414977,1.7849999999999997e-05
7525,526.0509977205505,1,0.0521073320414871,1025.6551025390625,0.29258822202682494,1.7812499999999986e-05
7526,345.2932750834773,1,0.005454888101667166,6445.106762695313,0.29257107973098756,1.7775000000000005e-05
7527,588.327447102695,1,-0.029786055255681277,136.76465161293746,0.29256322979927063,1.7737499999999994e-05
7528,594.5274285260348,1,-0.0015502826455744412,33.581912994384766,0.2925096422433853,1.7700000000000013e-05
7529,630.3124095127921,1,0.00033197711236425674,129.35698013305665,0.29247320592403414,1.7662500000000002e-05
7530,610.1599412968844,1,-0.0017685833446392963,43.113826751708984,0.2924530267715454,1.7624999999999988e-05
7531,614.4522819521062,1,-0.005729825651994247,58.74888572692871,0.29241345822811127,1.758750000000001e-05
7532,629.5325324001687,1,-0.004269992099543174,66.29755668640136,0.2923528254032135,1.7549999999999996e-05
7533,609.0495546751595,1,-0.0006514625623822212,87.79530487060546,0.2923246145248413,1.7512499999999985e-05
7534,629.081740086965,1,-8.189365035811136e-05,19560.8560546875,0.29232741594314576,1.7475000000000005e-05
7535,585.0667454639687,1,0.00011972726829441171,50936.212109375,0.2923305660486221,1.7437499999999994e-05
7536,605.6084664044529,1,-0.001778014875702638,52.61814918518066,0.2923110008239746,1.7400000000000013e-05
7537,619.3744464851546,1,-0.004359599319906237,36.466828155517575,0.29222930073738096,1.7362500000000002e-05
7538,578.9129219768636,1,0.25922227958217264,274.50893847942353,0.292144238948822,1.7324999999999987e-05
7539,623.7194161155064,1,-0.0069219932059624515,30.76888828277588,0.2920777827501297,1.728750000000001e-05
7540,624.6020308823829,1,-0.011129823351086898,34.27198486328125,0.2920249491930008,1.7249999999999996e-05
7541,604.8764502490129,1,-0.0033329903311646093,43.975909042358396,0.2919714391231537,1.7212499999999985e-05
7542,609.1033768391782,1,-0.0029768340979629214,37.557125854492185,0.2919346779584885,1.7175000000000004e-05
7543,463.48396697103954,1,-0.041431003308389336,22655.08318481445,0.29186874628067017,1.7137499999999993e-05
7544,629.8560153661334,1,-0.0021617227445901222,56.855965805053714,0.291846364736557,1.7100000000000012e-05
7545,607.5272389839203,1,0.09186991211026907,26.109220564365387,0.2918476641178131,1.70625e-05
7546,587.9828317298543,1,0.02305065030232072,122.18614110946655,0.2918398678302765,1.702499999999999e-05
7547,614.5145839517883,1,-0.0036063637471315246,34.34755096435547,0.2918103039264679,1.698750000000001e-05
7548,629.6607294789075,1,-0.0018433253032469565,74.56246490478516,0.2917577862739563,1.6949999999999995e-05
7549,609.2641328487348,1,-0.008932459070497601,94.9245506286621,0.29172695279121397,1.6912499999999984e-05
7550,630.2727366157582,1,-0.0032180924512466903,46.60655670166015,0.29173589050769805,1.6875000000000004e-05
7551,629.4921812225666,1,-0.001282297923184217,38.05183753967285,0.2917372018098831,1.6837499999999993e-05
7552,614.1542061957947,1,-0.004079026037628708,24.701933288574217,0.2917161166667938,1.6800000000000012e-05
7553,588.65445068606,1,-0.0010438518598675727,90.1709587097168,0.2916639447212219,1.67625e-05
7554,468.52780892889206,1,-0.05993308611214161,2928.699072265625,0.29162938594818116,1.672499999999999e-05
7555,588.9453625426289,1,-0.0035445423796772956,88.08073577880859,0.2916176080703735,1.668750000000001e-05
7556,629.351494503551,1,0.0002005686183728983,19244.9734375,0.291619548201561,1.6649999999999998e-05
7557,588.449135930635,1,-0.00629215114749968,62.86235361099243,0.29163665771484376,1.6612499999999984e-05
7558,609.3875694428048,1,-0.00349651593520921,32.84848556518555,0.29166040122509,1.6575000000000006e-05
7559,536.4854293560022,1,-0.022893768176436423,536.9024276733398,0.2916600525379181,1.6537499999999992e-05
7560,471.3703794826745,1,-0.00318969851359725,14653.67666015625,0.2916501104831696,1.6500000000000015e-05
7561,582.9977816919904,1,0.10708440477028489,78.36860521435737,0.29162420630455016,1.64625e-05
7562,599.3399288208728,1,-0.002546644508519336,72.90983200073242,0.29156580567359924,1.642499999999999e-05
7563,-5372.432602478302,1,-0.004465763317421078,17319.952166193183,0.29156972711736506,1.638750000000001e-05
7564,627.8738298027323,1,-0.025780382752418517,38.70528402328491,0.29158938527107237,1.6349999999999998e-05
7565,613.6642052799393,1,-0.009652064926922322,22.27635555267334,0.29152464866638184,1.6312499999999983e-05
7566,598.0611542328112,1,0.08822372537106275,83.08677890300751,0.2913828372955322,1.6275000000000006e-05
7567,599.8288401883367,1,-0.0004669622064389145,183.31717987060546,0.2912849009037018,1.623749999999999e-05
7568,615.6445066939459,1,-0.0017865033936184994,71.87443313598632,0.29127132296562197,1.6200000000000014e-05
7569,530.7983113486939,1,-0.03552762754261494,962.5222595214843,0.2912574052810669,1.61625e-05
7570,520.1175013902314,1,0.016964054293930532,28237.136468505858,0.2912508249282837,1.612499999999999e-05
7571,598.0977541859484,1,-0.14327807277441024,36708.759752368926,0.2912579238414764,1.6087500000000008e-05
7572,630.9633190791574,1,-0.0008392190482453543,125.51877365112304,0.2912747234106064,1.6049999999999997e-05
7573,623.9107965735794,1,-0.0031015735294204205,39.660203552246095,0.29126888811588286,1.6012499999999983e-05
7574,605.5471273012408,1,-0.003151277311617662,36.216149520874026,0.2911937594413757,1.5975000000000005e-05
7575,629.3282475526672,1,-0.001090117089356113,60.23879547119141,0.29104319512844085,1.593749999999999e-05
7576,588.1297591018638,1,-0.14858638774603605,207.60934429168702,0.2909777879714966,1.5900000000000014e-05
7577,621.0966517044961,1,2.6954432948933516e-05,95.98492584228515,0.2909513145685196,1.58625e-05
7578,604.6521474604542,1,-0.002657747991375814,26.647584533691408,0.29093890488147733,1.5824999999999988e-05
7579,550.7569475820608,1,-0.13898764085024595,70.8441195011139,0.2908875823020935,1.5787500000000008e-05
7580,604.2177362163438,1,-0.006642166375503145,15.86141996383667,0.29076910614967344,1.5749999999999997e-05
7581,618.6797894707292,1,-0.0007970832062588861,88.62644653320312,0.29066615998744966,1.5712499999999982e-05
7582,587.0164393868567,1,-0.06965015009045601,3619.6213817596436,0.29059350887934365,1.5675000000000005e-05
7583,563.0454955142799,1,0.10064721079543233,23722.134627914427,0.2905763804912567,1.563749999999999e-05
7584,609.1633170092824,1,-0.0011296721883191196,86.43928375244141,0.2905641049146652,1.5600000000000013e-05
7585,629.6510167507406,1,-0.003227614688261582,117.93066329956055,0.2905194103717804,1.55625e-05
7586,579.0600500995972,1,0.3142766031902283,131.6895388841629,0.29048665165901183,1.5524999999999988e-05
7587,571.0780003669418,1,0.024347155587747693,397.49505310058595,0.2904758155345917,1.5487500000000007e-05
7588,378.3275526146235,1,-0.013982551789376884,107265.2849609375,0.29046669155359267,1.5449999999999996e-05
7589,599.0055888829287,1,-0.002526474384836952,178.19208984375,0.29045969545841216,1.541249999999998e-05
7590,613.4413893184922,1,-0.003690907091343831,38.69509391784668,0.2904320776462555,1.5375000000000004e-05
7591,-12056.809423771927,0,-0.0004848416698606391,4945.916197545905,0.2903409807305587,1.533749999999999e-05
7592,494.66660858732564,1,0.035217602364718915,2433.029901123047,0.2903209388256073,1.5300000000000013e-05
7593,604.6346478425615,1,-0.0018880659168049262,88.60733108520508,0.2903111606836319,1.5262499999999998e-05
7594,-789.0982433819597,1,-0.0002732583321630955,53872.97480163574,0.2902339279651642,1.5224999999999987e-05
7595,-284.7596224958434,1,0.000815803495546182,65894.57005208333,0.2902180631955465,1.5187500000000008e-05
7596,593.6062208504422,1,-0.004091946624741283,45.350293731689455,0.2902045130729675,1.5149999999999996e-05
7597,484.5175373234235,1,-0.043916759686544536,2972.914447021484,0.2901423260569572,1.5112499999999983e-05
7598,584.0434827526906,1,-0.0025759316980838777,3543.029675292969,0.2901159882545471,1.5075000000000004e-05
7599,599.8098411529243,1,-0.0035271224565804004,36.19825897216797,0.29011050462722776,1.5037499999999991e-05
7600,630.9631014287611,1,-0.003032426809085109,93.14137268066406,0.29008242189884187,1.5000000000000012e-05
7601,-6745.899297609125,1,0.00048363986783302745,14390.865862802359,0.2900159993996987,1.4999999999999999e-05
7602,625.6099406673868,1,-0.0013850495025369725,95.3659568786621,0.2899990171194077,1.4999999999999999e-05
7603,608.955527090199,1,-0.00950134856844187,33.15118064880371,0.28996844589710236,1.4999999999999999e-05
7604,587.8491201788676,1,-0.0254985511302948,51.89648485183716,0.28985191583633424,1.4999999999999999e-05
7605,597.8883732773036,1,-0.18407052475959063,40.70266241952777,0.2896767854690552,1.4999999999999999e-05
7606,531.040136151955,1,0.02493465128354728,392.5515724182129,0.28929058611392977,1.4999999999999999e-05
7607,589.1317484341367,1,-0.00048633752993598733,179.05671081542968,0.2891769468784332,1.4999999999999999e-05
7608,619.2607877489223,1,-0.003948164424593869,50.42188568115235,0.28914284110069277,1.4999999999999999e-05
7609,618.9835625491307,1,-0.0029816672264615816,87.03519744873047,0.2890913665294647,1.4999999999999999e-05
7610,620.19816529966,1,-0.0007537865952087941,126.70325012207032,0.289047172665596,1.4999999999999999e-05
7611,599.0520767530859,1,-0.013275118895052885,23.174016571044923,0.2889567941427231,1.4999999999999999e-05
7612,620.4469368026752,1,0.0013309934698426673,114.76627731323242,0.2887184709310532,1.4999999999999999e-05
7613,598.8038253512789,1,-0.00588890565559268,26.434880447387695,0.28858026266098025,1.4999999999999999e-05
7614,593.5975278964659,1,0.12219154764898121,82.51515772342682,0.28846792578697206,1.4999999999999999e-05
7615,609.5938642956451,1,-0.003570739275707435,30.804250717163086,0.28844884037971497,1.4999999999999999e-05
7616,600.2672587892517,1,-0.0006144487904101936,118.4572998046875,0.28837796449661257,1.4999999999999999e-05
7617,-1230.8883840787976,1,0.0007695455569773912,44885.95341796875,0.28831917196512225,1.4999999999999999e-05
7618,609.4931521820878,1,1.6735445566240515e-06,18552.2376953125,0.28831391632556913,1.4999999999999999e-05
7619,609.9753627791222,1,-0.0015357619783308962,25.307895851135253,0.2882720768451691,1.4999999999999999e-05
7620,597.5033946987148,1,-0.08162355814129114,44903.97190828323,0.28808841705322263,1.4999999999999999e-05
7621,619.0334090532599,1,-0.00412982676305873,54.233403015136716,0.28802351355552674,1.4999999999999999e-05
7622,568.3807096513669,1,0.1732727089896798,242.38554645180702,0.2879705846309662,1.4999999999999999e-05
7623,597.5373238522659,1,0.09794258400797844,16486.74826052189,0.2879612386226654,1.4999999999999999e-05
7624,577.8056570333175,1,0.1250085026025772,94.10180025100708,0.28793931007385254,1.4999999999999999e-05
7625,629.8795459132178,1,-0.002593633393590267,87.06291809082032,0.2878804951906204,1.4999999999999999e-05
7626,624.9013616633667,1,-0.005058863024686389,33.8358118057251,0.28781946301460265,1.4999999999999999e-05
7627,614.2509564110323,1,-0.0029881111171562225,63.6354377746582,0.2877341330051422,1.4999999999999999e-05
7628,588.8841095384796,1,-0.006350813815891243,20.05909881591797,0.28764605820178984,1.4999999999999999e-05
7629,609.4488612940593,1,-0.0016456786543130875,67.76166687011718,0.2875476360321045,1.4999999999999999e-05
7630,618.3521213326961,1,-0.07643551658838987,24.013322365283965,0.2875122964382172,1.4999999999999999e-05
7631,592.5093797795375,1,-0.07964213732630014,105.97447760105133,0.28751654028892515,1.4999999999999999e-05
7632,613.6164665924467,1,9.004531036538311e-06,8113.686474609375,0.2875016689300537,1.4999999999999999e-05
7633,598.6173825157625,1,-0.001009133644461535,65.44274673461913,0.2875021666288376,1.4999999999999999e-05
7634,567.6656968905469,1,-0.009298522770404816,683.9992416381835,0.28752424716949465,1.4999999999999999e-05
7635,630.8349189965454,1,-0.0011415223440149446,202.15715484619142,0.2875103533267975,1.4999999999999999e-05
7636,610.1451826831778,1,-0.0020922425530926604,64.50634727478027,0.28747432231903075,1.4999999999999999e-05
7637,-709.0797057680181,1,0.1353931033052504,53068.87803707123,0.28737803995609285,1.4999999999999999e-05
7638,574.5748653276582,1,1.258131129766582e-06,67022.27421875,0.2873607337474823,1.4999999999999999e-05
7639,587.9605453817437,1,-0.0014478463679552078,31.844018745422364,0.28734328746795657,1.4999999999999999e-05
7640,619.6561486051769,1,0.00015343507833058822,83.54013442993164,0.28728235960006715,1.4999999999999999e-05
7641,608.311768044634,1,-0.28007845487445593,43.9269562959671,0.2872187852859497,1.4999999999999999e-05
7642,-10560.785970990248,1,-0.0027762634679675104,9932.64432348954,0.2873114606267528,1.4999999999999999e-05
7643,600.0558249918348,1,-0.0008728118646942562,63.54538497924805,0.28731378316879275,1.4999999999999999e-05
7644,571.6359507845104,1,-0.008769024536013604,184.33777885437013,0.2873125374317169,1.4999999999999999e-05
7645,567.726416002423,1,0.09404524685814977,11911.827930933981,0.287355899810791,1.4999999999999999e-05
7646,-6645.416704419604,1,-0.0033647285774350165,14883.72790198693,0.28738563244159404,1.4999999999999999e-05
7647,-193.11917799830422,1,-0.004890194411079089,63316.03912760417,0.2873817722002665,1.4999999999999999e-05
7648,618.4616749026474,1,-0.0006934304315214135,54.575950622558594,0.2873760610818863,1.4999999999999999e-05
7649,607.5058258660579,1,-0.04571830546483398,160.4394443511963,0.28733753561973574,1.4999999999999999e-05
7650,563.1700017399316,1,0.0749755441211164,300.1936177253723,0.28728909492492677,1.4999999999999999e-05
7651,613.8915403812568,1,-0.002766241765845834,58.45119934082031,0.2872606575489044,1.4999999999999999e-05
7652,618.7445354146688,1,-0.0018715480987953725,130.12904510498046,0.2871996611356735,1.4999999999999999e-05
7653,620.3600005521206,1,-0.00018707071885106785,180.43238830566406,0.2871574699878693,1.4999999999999999e-05
7654,623.8516893005387,1,-0.002344971590694733,82.29054641723633,0.2871124356985092,1.4999999999999999e-05
7655,598.7645196490182,1,-0.006239429234917537,34.609923934936525,0.2870191365480423,1.4999999999999999e-05
7656,608.4386548042335,1,-0.00331653653566093,105.550244140625,0.28693778812885284,1.4999999999999999e-05
7657,623.0017304635762,1,-0.007804134674370289,36.940560531616214,0.2868335127830505,1.4999999999999999e-05
7658,610.6904131644759,1,-0.004241994162901363,90.15496673583985,0.2866341918706894,1.4999999999999999e-05
7659,568.8129285711329,1,0.008992867730557918,770.4536956787109,0.2864541202783585,1.4999999999999999e-05
7660,629.2984060614845,1,-0.0006336231427454209,60.374772262573245,0.28640018999576566,1.4999999999999999e-05
7661,591.9048369345666,1,-0.00018783018458634615,3607.152978515625,0.2863897725939751,1.4999999999999999e-05
7662,598.780659326422,1,-0.0778182053938508,78.11083363671787,0.2862118065357208,1.4999999999999999e-05
7663,-2175.3071482974046,1,0.011509259169300397,35857.46469726563,0.28584984739621483,1.4999999999999999e-05
7664,619.5886727993023,1,-0.004019429083564318,45.90097618103027,0.28582559823989867,1.4999999999999999e-05
7665,578.9974311355445,1,-0.14306731577962636,339.44786789417265,0.2857322633266449,1.4999999999999999e-05
7666,598.9069108228377,1,-0.003624484718086407,47.8132511138916,0.28569214046001434,1.4999999999999999e-05
7667,573.2475846341464,1,-0.1503704166971147,216.26907708644868,0.28561928272247317,1.4999999999999999e-05
7668,588.6316941797356,1,-0.0002297696191817522,1399.5235290527344,0.28540549278259275,1.4999999999999999e-05
7669,599.2187491202778,1,-0.08261645522434265,25.97435945942998,0.28538469076156614,1.4999999999999999e-05
7670,629.3628966039389,1,-0.0017447191247896398,90.65216598510742,0.28538616597652433,1.4999999999999999e-05
7671,568.1499954437966,1,0.04687735876068473,192.88606204986573,0.28536099195480347,1.4999999999999999e-05
7672,599.183290603243,1,-0.05911066923290491,138.93469349592925,0.28530911207199094,1.4999999999999999e-05
7673,592.0197352620819,1,-0.12056504897773265,5139.633462047577,0.28528826832771303,1.4999999999999999e-05
7674,578.7622953070947,1,0.08181432820856571,182.1709083557129,0.2852751910686493,1.4999999999999999e-05
7675,619.8438959370491,1,-0.0036000753417951615,60.111206436157225,0.28525451123714446,1.4999999999999999e-05
7676,610.133058240235,1,0.0005038249355283853,35955.126953125,0.28524692058563234,1.4999999999999999e-05
7677,614.9897797325063,1,-0.0009055012753620417,49.82838363647461,0.28523908257484437,1.4999999999999999e-05
7678,630.9037957350449,1,-0.0006683406143594084,106.30464782714844,0.28521446585655214,1.4999999999999999e-05
7679,624.4817178313368,1,-0.006528828269131282,61.6578872680664,0.2851886212825775,1.4999999999999999e-05
7680,603.7273294165832,1,-0.0019361838698387147,98.09012069702149,0.28516188859939573,1.4999999999999999e-05
7681,522.0128077582393,1,0.04997407402843237,1504.8411376953125,0.28508591204881667,1.4999999999999999e-05
7682,516.53561832785,1,0.009835078287869692,83854.1602218628,0.28505452275276183,1.4999999999999999e-05
7683,598.6742303671767,1,-0.002929747849702835,73.40208129882812,0.2850408911705017,1.4999999999999999e-05
7684,624.8796078989812,1,-0.003093287499434805,39.732564544677736,0.2849874049425125,1.4999999999999999e-05
7685,619.1405375118513,1,-0.009256769209394378,38.953086853027344,0.2848995804786682,1.4999999999999999e-05
7686,599.804807253966,1,-0.0013674217455829306,71.0424819946289,0.2847678780555725,1.4999999999999999e-05
7687,577.8294125043343,1,0.00588451474905014,1816.6586853027343,0.28470866978168485,1.4999999999999999e-05
7688,594.9979466931891,1,-0.001109443368659413,43.97818107604981,0.284700882434845,1.4999999999999999e-05
7689,608.0023833300668,1,-0.012361377105116844,27.256713485717775,0.2846695423126221,1.4999999999999999e-05
7690,-536.436917465742,1,0.004681069337918112,55689.665234375,0.28451560735702514,1.4999999999999999e-05
7691,547.2449860380059,1,-0.018796962685883045,656.6637214660644,0.2844495832920074,1.4999999999999999e-05
7692,608.016185901088,1,-0.003550050687044859,54.92839393615723,0.28442845344543455,1.4999999999999999e-05
7693,526.2652716772184,1,-0.041896052099764346,1292.147336769104,0.28444201946258546,1.4999999999999999e-05
7694,629.1558552309549,1,-0.000683474909664028,90.68046722412109,0.28444650769233704,1.4999999999999999e-05
7695,620.8387639488042,1,-0.0008867641588039988,64.38900032043458,0.2843704462051392,1.4999999999999999e-05
7696,630.4393344738709,1,-0.00043671557888913526,85.50941696166993,0.2842867225408554,1.4999999999999999e-05
7697,612.3746964688842,1,0.03549575060606003,54.90273823738098,0.2841418385505676,1.4999999999999999e-05
7698,524.218060230415,1,0.028031739086145535,1712.8827514648438,0.2838610678911209,1.4999999999999999e-05
7699,609.6533237710794,1,-0.0033704299479722978,30.792667579650878,0.2837856292724609,1.4999999999999999e-05
7700,607.7703581799747,1,-0.17076008711010218,52.52216889560223,0.28373966813087464,1.4999999999999999e-05
7701,616.0124881532039,1,-0.02478818886447698,469.7332176208496,0.2836405813694,1.4999999999999999e-05
7702,557.1656902979445,1,0.0028459783643484116,553.5021255493164,0.2836123466491699,1.4999999999999999e-05
7703,619.0794301228525,1,-0.010149990069487913,22.90042896270752,0.2836082369089127,1.4999999999999999e-05
7704,619.6587744638206,1,-0.007144175545357534,47.39992332458496,0.2836463421583176,1.4999999999999999e-05
7705,619.0608571594656,1,-0.007003228285438823,53.443812942504884,0.28360886573791505,1.4999999999999999e-05
7706,557.5001933373667,1,-0.11106946403160692,570.9292947769165,0.28346288204193115,1.4999999999999999e-05
7707,577.7378126714477,1,-0.0007127777673304081,359.73779728412626,0.28333829045295716,1.4999999999999999e-05
7708,91.7196051564527,1,0.002077797381207347,82681.408203125,0.283241306245327,1.4999999999999999e-05
7709,589.1654311174052,1,-0.006053118720061335,46.69140739440918,0.28318123817443847,1.4999999999999999e-05
7710,619.4062441906561,1,-0.0016506948218335538,45.441745376586915,0.2830082178115845,1.4999999999999999e-05
7711,577.4714294663734,1,-0.1368531260639429,654.2263702392578,0.28279149532318115,1.4999999999999999e-05
7712,629.873590033136,1,-0.0025414569569214506,126.52028579711914,0.2827094614505768,1.4999999999999999e-05
7713,588.5598603110452,1,0.07218426456674934,97.24783875830471,0.2827539503574371,1.4999999999999999e-05
7714,390.506639631502,1,-0.03147753425873816,5922.892578125,0.2828089728951454,1.4999999999999999e-05
7715,593.0459303901519,1,-0.17386742560192942,35.48052711486817,0.28272764682769774,1.4999999999999999e-05
7716,608.1170045435548,1,-0.008257685216431554,59.33965835571289,0.2825538694858551,1.4999999999999999e-05
7717,608.4104061583096,1,0.1366054881364107,22.824545238912105,0.28242356777191163,1.4999999999999999e-05
7718,582.7898909100868,1,0.09184180982410908,112.91782550811767,0.28230900764465333,1.4999999999999999e-05
7719,593.9515345926316,1,-0.0030788013245910406,41.069579696655275,0.2822100520133972,1.4999999999999999e-05
7720,630.2482727206127,1,-1.1190176616082681e-05,104.88482131958008,0.28210610151290894,1.4999999999999999e-05
7721,624.4320784930835,1,-0.0017598864948553227,47.04317970275879,0.2820411413908005,1.4999999999999999e-05
7722,588.0977590433274,1,0.06665556374937295,366.106992149353,0.2819803297519684,1.4999999999999999e-05
7723,258.74453670455455,1,0.0002645181491971016,13234.914306640625,0.28196482062339784,1.4999999999999999e-05
7724,618.2075235044466,1,-0.010680071759833609,33.69622459411621,0.28193472921848295,1.4999999999999999e-05
7725,608.5178084919193,1,-0.0049030186769911666,33.797004318237306,0.2818568080663681,1.4999999999999999e-05
7726,609.200576307983,1,-0.0023399535566568375,43.99996070861816,0.2818300127983093,1.4999999999999999e-05
7727,599.4740034886654,1,-0.006881175767667713,48.43962516784668,0.28181356489658355,1.4999999999999999e-05
7728,630.1760693564494,1,4.929105701503289e-05,17481.00625,0.28179521262645724,1.4999999999999999e-05
7729,608.9995585534225,1,7.682293653488159e-06,30142.029296875,0.28178647756576536,1.4999999999999999e-05
7730,590.263628198473,1,0.021859860885888337,104.15696392059326,0.28172823786735535,1.4999999999999999e-05
7731,-6284.3803627265725,1,-0.0006388632425417503,13688.05956878662,0.28152922093868255,1.4999999999999999e-05
7732,609.0842466837869,1,0.20628437818959355,18.869512477703392,0.2818028151988983,1.4999999999999999e-05
7733,613.8284395787748,1,-0.0019537024600140285,43.389255905151366,0.28207034170627593,1.4999999999999999e-05
7734,-6030.189169305984,0,-0.0033613445727448715,4309.739751027446,0.281914064131285,1.4999999999999999e-05
7735,369.2919764383799,1,-0.007287115789949894,7800.351904296875,0.2818173199892044,1.4999999999999999e-05
7736,211.92717658861278,1,0.005779014143627137,63118.9091796875,0.28181242048740385,1.4999999999999999e-05
7737,615.2426798641425,1,-0.002096082796579424,76.40965270996094,0.28180570602416993,1.4999999999999999e-05
7738,603.2686349754532,1,-0.10308680264279246,31.551268577575684,0.28169637322425845,1.4999999999999999e-05
7739,624.1540124946282,1,-0.0009778400148441335,73.4218505859375,0.2815456598997116,1.4999999999999999e-05
7740,613.8036122747931,1,-0.0001814297362304984,17433.608984375,0.28149020075798037,1.4999999999999999e-05
7741,603.4593501248644,1,-0.003097883053123951,28.57285270690918,0.2814538836479187,1.4999999999999999e-05
7742,610.659835794942,1,-0.009499976445622949,44.35832633972168,0.28137530088424684,1.4999999999999999e-05
7743,618.8990928225991,1,-0.0006179161369800568,20.24800052642822,0.28126256465911864,1.4999999999999999e-05
7744,609.170504302506,1,-0.0010724970079476037,50.37253952026367,0.28115553259849546,1.4999999999999999e-05
7745,618.2389252033893,1,0.2498282683081925,35.148415338993075,0.2810676276683807,1.4999999999999999e-05
7746,630.1945092068889,1,0.001162632447528722,121.09545135498047,0.2809969186782837,1.4999999999999999e-05
7747,610.9922800865118,1,-0.002569779370841729,105.5216896057129,0.28096709251403806,1.4999999999999999e-05
7748,603.8065721636663,1,-0.0023892675526440144,53.305424499511716,0.2809018611907959,1.4999999999999999e-05
7749,521.6501213044621,1,0.005357073061168194,18340.24541015625,0.2808202624320984,1.4999999999999999e-05
7750,629.6835625959643,1,-0.0014152721426256675,77.13224487304687,0.2807955712080002,1.4999999999999999e-05
7751,561.8148665514267,1,0.009676418034359813,404.1170112609863,0.28074816465377805,1.4999999999999999e-05
7752,589.9975803092109,1,0.04407995715737343,183.67867584228514,0.2806506097316742,1.4999999999999999e-05
7753,599.1141012745958,1,-0.004990564435806455,56.86661262512207,0.2806262284517288,1.4999999999999999e-05
7754,-2310.873075560805,1,-0.0025441627639035385,29320.524169921875,0.2805471301078796,1.4999999999999999e-05
7755,619.1075293117476,1,-0.002260479582487385,38.1433837890625,0.28052098453044894,1.4999999999999999e-05
7756,618.5845446848364,1,-0.0025891361019482416,21.404790496826173,0.28050191700458527,1.4999999999999999e-05
7757,603.1114733995877,1,-0.006169082596898079,45.97407493591309,0.2804607152938843,1.4999999999999999e-05
7758,489.69202865091626,1,-0.01684747403487563,2701.0878051757813,0.28037355542182923,1.4999999999999999e-05
7759,618.7693175353172,1,-0.002168761270783648,21.515673065185545,0.2803067773580551,1.4999999999999999e-05
7760,630.0540464137724,1,-0.000872041629821041,91.88217163085938,0.28019951581954955,1.4999999999999999e-05
7761,625.2080477665288,1,-0.0034133681911043823,66.40329971313477,0.28011980652809143,1.4999999999999999e-05
7762,558.09263760881,1,-0.0523183885961771,394.4636116027832,0.28003830909729005,1.4999999999999999e-05
7763,599.6650449232768,1,-0.008480488497113381,156.13872222900392,0.2799361050128937,1.4999999999999999e-05
7764,609.0069159090615,1,-0.0009406752777008975,107.07643432617188,0.27987636625766754,1.4999999999999999e-05
7765,605.0087869905624,1,-5.557106822102753e-05,32673.6103515625,0.2798523634672165,1.4999999999999999e-05
7766,618.9493445410551,1,-0.0013277750809265853,56.37641868591309,0.279854080080986,1.4999999999999999e-05
7767,618.0841310534302,1,-0.001650914866320008,88.26150436401367,0.27988705337047576,1.4999999999999999e-05
7768,613.2111266966151,1,-0.0018741669133305549,43.83231544494629,0.27987961769104003,1.4999999999999999e-05
7769,624.4683780114123,1,-0.004722774954661446,40.957306671142575,0.2797568947076797,1.4999999999999999e-05
7770,629.1475555983535,1,0.0006045854710126974,87.12097702026367,0.2796670764684677,1.4999999999999999e-05
7771,589.2547836589831,1,-0.000641567974524504,271.10821228027345,0.27967568337917326,1.4999999999999999e-05
7772,588.8592561314292,1,-0.0013690945478701977,90.1366798400879,0.2796691536903381,1.4999999999999999e-05
7773,506.52310559828175,1,-0.022209639241918922,1694.8355834960937,0.2796548068523407,1.4999999999999999e-05
7774,618.5263455930526,1,-0.0030943557485326066,273.1082305908203,0.2796514630317688,1.4999999999999999e-05
7775,598.3454941129478,1,0.03550432538613677,140.37401452064515,0.2796582818031311,1.4999999999999999e-05
7776,628.0608651446089,1,-0.0033133130122351417,35.47718391418457,0.2796365559101105,1.4999999999999999e-05
7777,578.0600960170865,1,-0.0007818827871410861,249.8274124145508,0.27955244183540345,1.4999999999999999e-05
7778,-12052.561773313173,0,-5.063747889117191e-06,4640.624435906661,0.27948171088570045,1.4999999999999999e-05
7779,537.4091769078389,1,-0.049650525115430354,1214.6734237670898,0.27948389649391175,1.4999999999999999e-05
7780,630.4501280298275,1,-0.0011705179043190127,78.0509521484375,0.27947436571121215,1.4999999999999999e-05
7781,598.7704028316523,1,0.02372563760727644,48631.80730450153,0.27947521209716797,1.4999999999999999e-05
7782,599.7947333186655,1,-0.004176631942391396,25.726459884643553,0.2794291257858276,1.4999999999999999e-05
7783,557.2838222108795,1,-0.036736087128520015,18871.146533203126,0.2791553258895874,1.4999999999999999e-05
7784,594.1202545612481,1,1.8775847183860606e-05,18090.822265625,0.279059574007988,1.4999999999999999e-05
7785,40.76760304292111,1,-0.0023665264365263284,83815.709375,0.27904255986213683,1.4999999999999999e-05
7786,506.453296409048,1,-0.03153086621314287,33468.99259643555,0.2790372908115387,1.4999999999999999e-05
7787,611.3491416430371,1,-0.001515087602155063,53.75124244689941,0.2790438741445541,1.4999999999999999e-05
7788,84.97110038703113,1,-0.008428517791132132,22072.352473958334,0.27907847662766777,1.4999999999999999e-05
7789,598.2595909400445,1,0.03851728094741702,75.15597705841064,0.2790336310863495,1.4999999999999999e-05
7790,547.0723793461902,1,0.011316775344312191,492.21339836120603,0.2788883864879608,1.4999999999999999e-05
7791,-617.8893951339439,1,0.0006909457345803579,51241.061328125,0.27878641287485756,1.4999999999999999e-05
7792,608.9951010149715,1,-0.006340409960643001,56.55945587158203,0.2787922412157059,1.4999999999999999e-05
7793,593.0676331254082,1,-0.10811943169683218,107.38736411780118,0.27882557511329653,1.4999999999999999e-05
7794,629.6590595384159,1,-0.0016463269600933473,98.11728897094727,0.27866712808609007,1.4999999999999999e-05
7795,578.9285325721152,1,-0.0033489059656858443,300.7838409423828,0.27860811948776243,1.4999999999999999e-05
7796,594.4485793404251,1,-0.003143810634924904,31.53432846069336,0.27857260704040526,1.4999999999999999e-05
7797,625.1375331247632,1,-0.0054288460632477605,69.38198013305664,0.27851740419864657,1.4999999999999999e-05
7798,588.7754740726864,1,-0.0016266618578569592,37.111938095092775,0.2784290134906769,1.4999999999999999e-05
7799,-1424.001264302538,1,0.026743562761694192,27907.642919921876,0.2783017444610596,1.4999999999999999e-05
7800,422.84577086996507,1,-0.02688200231641531,4192.610290527344,0.2782815158367157,1.4999999999999999e-05
7801,620.3752952181984,1,-0.010327145286393603,84.88803634643554,0.27826445996761323,1.4999999999999999e-05
7802,612.7352286881896,1,-0.005398528650403023,35.969142532348634,0.2782075047492981,1.4999999999999999e-05
7803,619.2813019618749,1,-0.0016033077007165275,51.369615936279295,0.27813283503055575,1.4999999999999999e-05
7804,630.2278340351752,1,-0.0007785498078519027,89.72277145385742,0.27804288566112517,1.4999999999999999e-05
7805,609.9691141447485,1,-0.003793337460574975,25.015043258666992,0.2779637545347214,1.4999999999999999e-05
7806,588.605379196236,1,-0.19395727859809994,100.81290283203126,0.27787594199180604,1.4999999999999999e-05
7807,-170.04850960653732,1,-0.005054193409159779,14991.010510253906,0.27776022255420685,1.4999999999999999e-05
7808,628.8331739389752,1,-0.00753136951927047,28.581808280944824,0.27769562900066375,1.4999999999999999e-05
7809,612.7180633099701,1,-0.25753246918320655,16.718141527473925,0.27727912068367006,1.4999999999999999e-05
7810,630.8735558884325,1,-0.003541310268531461,112.7201934814453,0.2766524016857147,1.4999999999999999e-05
7811,602.7106340037667,1,-0.18327910229563713,28.237578535079955,0.2763159513473511,1.4999999999999999e-05
7812,610.7195016927772,1,-0.0017801665235310793,73.3967098236084,0.2758976399898529,1.4999999999999999e-05
7813,609.1624895951106,1,-0.006925094471455751,36.48703842163086,0.27565793693065643,1.4999999999999999e-05
7814,619.7193761156133,1,0.0016847993250417304,60.359649658203125,0.27549644410610197,1.4999999999999999e-05
7815,619.4159671494256,1,-0.0015086629967868248,46.01543960571289,0.2753678023815155,1.4999999999999999e-05
7816,599.4725417409475,1,-0.0006731658367101545,54.244211959838864,0.27526440322399137,1.4999999999999999e-05
7817,-6826.268544469596,1,0.0009733382039345227,13573.582014113206,0.2752215578005864,1.4999999999999999e-05
7818,575.4890661217112,1,-0.06181051097810268,464.63122138977053,0.2752271831035614,1.4999999999999999e-05
7819,527.5353801387586,1,-0.008627890422940255,818.3939064025878,0.2750927031040192,1.4999999999999999e-05
7820,624.7851818205156,1,-0.003657518740510568,64.0306396484375,0.2750265717506409,1.4999999999999999e-05
7821,607.4741424090604,1,-0.11752096144482493,17.200291582942008,0.27484267950057983,1.4999999999999999e-05
7822,618.742273755081,1,-0.0070852605498480156,23.099343299865723,0.2745369911193848,1.4999999999999999e-05
7823,619.9196373473006,1,-0.00030978969782466945,61.26745796203613,0.27433535158634187,1.4999999999999999e-05
7824,615.2280928192304,1,-0.0006983344390050661,54.2796215057373,0.27423601746559145,1.4999999999999999e-05
7825,598.8120314606545,1,-0.008814442677483391,30.292265129089355,0.27414363622665405,1.4999999999999999e-05
7826,567.6025913857427,1,0.0037059277296066285,298.077001953125,0.27407208681106565,1.4999999999999999e-05
7827,579.3982149337057,1,-9.349472820758819e-05,331.6045440673828,0.27402806282043457,1.4999999999999999e-05
7828,608.7509005484933,1,-0.07854320611804724,85.99792409539222,0.2740110456943512,1.4999999999999999e-05
7829,602.3700285724772,1,-0.08109968379139901,37.32047111284919,0.2738284468650818,1.4999999999999999e-05
7830,619.2758499638928,1,0.0005955219666553546,70.39611511230468,0.2732728600502014,1.4999999999999999e-05
7831,587.9573504169034,1,-0.14985057087615133,55.49304192066192,0.2729108095169067,1.4999999999999999e-05
7832,126.72966800747605,1,0.00538055868819356,89969.46171875,0.27270122468471525,1.4999999999999999e-05
7833,612.4067982183814,1,0.008662888780236244,50.98074887469411,0.2726430773735046,1.4999999999999999e-05
7834,588.9424527760237,1,-0.002434818461557775,151.85164947509764,0.2725606769323349,1.4999999999999999e-05
7835,530.727848051039,1,-0.01597184077836573,2050.088262939453,0.27251502871513367,1.4999999999999999e-05
7836,620.0317706956977,1,-0.00191841544600031,98.53266525268555,0.27251170873641967,1.4999999999999999e-05
7837,609.8434954578101,1,1.6092041695969785e-05,18769.504296875,0.2724969744682312,1.4999999999999999e-05
7838,589.6812880156483,1,-0.0002941533962538045,202.3816345214844,0.27249003052711485,1.4999999999999999e-05
7839,588.146988332544,1,0.14395818267948926,71.43376920223236,0.2724895477294922,1.4999999999999999e-05
7840,584.2881992211003,1,0.000543124735504108,155.15838317871095,0.27246510684490205,1.4999999999999999e-05
7841,588.8815862017626,1,-0.0015803376701129413,79.26681976318359,0.27246096134185793,1.4999999999999999e-05
7842,-95.16144571499885,0,-0.002665938756295613,1637.2143031529017,0.2725030830928257,1.4999999999999999e-05
7843,619.1488062899012,1,-0.000380986905352465,90.07089080810547,0.27249460816383364,1.4999999999999999e-05
7844,590.0396460310708,1,-0.003621371242610838,71.98561553955078,0.2724483788013458,1.4999999999999999e-05
7845,556.9194266537627,1,-0.00785769559442997,677.9729848861695,0.27235679030418397,1.4999999999999999e-05
7846,605.04021452497,1,-0.0026096796287070844,43.97203102111816,0.27230759859085085,1.4999999999999999e-05
7847,630.7318746146899,1,0.00014955295591647654,225.6260986328125,0.27222672700881956,1.4999999999999999e-05
7848,608.6508665099957,1,-0.0018581998173475612,236.1340545654297,0.2721822500228882,1.4999999999999999e-05
7849,-1758.6078442350656,1,1.4855600893497467e-05,34382.22265625,0.2721601176261902,1.4999999999999999e-05
7850,579.3129127689476,1,-0.000583137571811676,435.08925170898436,0.27216174602508547,1.4999999999999999e-05
7851,629.2199825914594,1,-0.00020112962489520213,97.76471710205078,0.2721730351448059,1.4999999999999999e-05
7852,619.7637567062275,1,-0.0005836123158147188,76.3785415649414,0.2721478700637817,1.4999999999999999e-05
7853,631.2149501398806,1,0.00011974922545618938,135.3520133972168,0.2720875859260559,1.4999999999999999e-05
7854,612.8172426982155,1,0.036566656082868576,54.505995094776154,0.27200294137001035,1.4999999999999999e-05
7855,619.4223967182868,1,-0.0010608382171938048,34.60859260559082,0.27182468473911287,1.4999999999999999e-05
7856,574.2886284833282,1,0.022239286080002786,1943.449395751953,0.2717223405838013,1.4999999999999999e-05
7857,630.3359959258216,1,-0.0002587904706160771,101.73163681030273,0.2716925412416458,1.4999999999999999e-05
7858,610.9559476810491,1,4.0278436669538564e-05,33300.575390625,0.2716643691062927,1.4999999999999999e-05
7859,481.5478769447428,1,0.027664000820368528,2643.371063232422,0.2716453433036804,1.4999999999999999e-05
7860,571.5141183829993,1,-0.015104785561561584,2518.603094482422,0.2716403350234032,1.4999999999999999e-05
7861,604.1930350217518,1,-0.0009290331768648131,42.247625732421874,0.27164892852306366,1.4999999999999999e-05
7862,67.42117115114843,1,0.00600589436168472,20480.232779947917,0.2716321716705958,1.4999999999999999e-05
7863,567.3228756798385,1,-0.1261840470135212,253.67478523254394,0.2716037452220917,1.4999999999999999e-05
7864,604.9820048437718,1,-0.00033969643038958,44.1139518737793,0.2715445816516876,1.4999999999999999e-05
7865,614.607275599458,1,-2.2540658130187908e-05,17779.59765625,0.2714978218078613,1.4999999999999999e-05
7866,589.3503439078796,1,-0.006692864005453813,58.80031814575195,0.2714664161205292,1.4999999999999999e-05
7867,589.2675855993269,1,-0.007434898742558716,51.65534858703613,0.27146472632884977,1.4999999999999999e-05
7868,621.2098888666608,1,-0.002486733909596239,123.63512496948242,0.27151970863342284,1.4999999999999999e-05
7869,567.798332583973,1,-0.0018651573453098535,209.93482055664063,0.2715669751167297,1.4999999999999999e-05
7870,-162.82780464549603,1,-0.046948785272737346,19873.52521158854,0.27157255411148074,1.4999999999999999e-05
7871,557.2732005298881,1,-0.10972380777820945,321.99444381594657,0.27155053019523623,1.4999999999999999e-05
7872,620.8995635827035,1,-0.00031708777493406616,128.29143371582032,0.2715002059936523,1.4999999999999999e-05
7873,608.5535251681051,1,0.07980670407414436,22.931542778015135,0.27148351073265076,1.4999999999999999e-05
7874,632.546269055682,1,0.002208237720790862,381.3368408203125,0.2714433193206787,1.4999999999999999e-05
7875,614.7424005645084,1,-0.0005832499295124194,159.8523406982422,0.27143315076828,1.4999999999999999e-05
7876,548.4300901497916,1,0.03834741767495871,394.16721801757814,0.2714159250259399,1.4999999999999999e-05
7877,583.5391893963365,1,0.02289304193109274,176.95107440948487,0.27137096524238585,1.4999999999999999e-05
7878,609.8988304487125,1,-0.0007676963119472191,65.41068725585937,0.2712949335575104,1.4999999999999999e-05
7879,574.4437666070171,1,0.061540437396615744,298.133159828186,0.27125046849250795,1.4999999999999999e-05
7880,615.6413609463418,1,-0.0013692397480184581,85.62718353271484,0.2712217032909393,1.4999999999999999e-05
7881,609.7089738237256,1,-0.0009496949712652025,48.026848220825194,0.27117563486099244,1.4999999999999999e-05
7882,625.3860480685595,1,-0.0039004361881751493,58.377929306030275,0.2711116194725037,1.4999999999999999e-05
7883,619.9689253679713,1,8.442130197181542e-05,117.06476821899415,0.27109352350234983,1.4999999999999999e-05
7884,620.4303383797564,1,-0.0024583293666262662,94.8094612121582,0.27109556198120116,1.4999999999999999e-05
7885,630.9038115645269,1,-0.0005978957105455152,221.91080474853516,0.27107551097869875,1.4999999999999999e-05
7886,629.9740993496644,1,-0.0031159201964818806,176.70219879150392,0.27105863988399503,1.4999999999999999e-05
7887,609.3389678746237,1,-0.001794256189649701,49.02468643188477,0.2710241794586182,1.4999999999999999e-05
7888,598.1975841408139,1,-0.0009814918520428151,82.64425888061524,0.27097110748291015,1.4999999999999999e-05
7889,560.3436012647558,1,0.0002729472704231739,36567.624609375,0.27095463275909426,1.4999999999999999e-05
7890,630.6217171023673,1,-0.0013730562369971722,88.24518585205078,0.2709520697593689,1.4999999999999999e-05
7891,569.1195605233786,1,2.008373922439688e-05,263.99840393066404,0.27095816731452943,1.4999999999999999e-05
7892,518.3041673206478,1,0.03948030257597566,1146.6825103759766,0.2709741622209549,1.4999999999999999e-05
7893,553.4974910566331,1,-0.011612286604940892,166.76767520904542,0.27097093462944033,1.4999999999999999e-05
7894,567.7531438174485,1,-0.15490260692313312,328.3876329319552,0.2708180844783783,1.4999999999999999e-05
7895,630.63314192971,1,2.392694822415109e-05,17817.169921875,0.27055481672286985,1.4999999999999999e-05
7896,623.8646458837093,1,-0.001470679517368012,56.970951843261716,0.27047646343708037,1.4999999999999999e-05
7897,618.3981133485818,1,-0.001686271696974373,20.962436294555665,0.2704110562801361,1.4999999999999999e-05
7898,574.1340576127659,1,-0.0005827849730849266,52383.590625,0.27035008668899535,1.4999999999999999e-05
7899,578.7347034447524,1,0.08877944401465357,94.66407715976239,0.2703062057495117,1.4999999999999999e-05
7900,599.1126549705765,1,0.08853333024308085,63.24128601551056,0.27016350626945496,1.4999999999999999e-05
7901,609.9329317575751,1,-0.0011161211396657933,50.13015251159668,0.2699633568525314,1.4999999999999999e-05
7902,610.1565536658997,1,-0.0021857016752744986,48.4733283996582,0.2698179244995117,1.4999999999999999e-05
7903,587.8674558647942,1,-0.00045295578527131396,161.5677291870117,0.2697492688894272,1.4999999999999999e-05
7904,620.2166215954851,1,-0.0004050489214243669,112.91873626708984,0.2697251558303833,1.4999999999999999e-05
7905,587.1072918883816,1,-0.06514339745044709,119.05629737079144,0.2696223080158234,1.4999999999999999e-05
7906,629.8611870540682,1,0.0017710265574251594,123.16614532470703,0.2694809794425964,1.4999999999999999e-05
7907,617.9238902952467,1,-0.006425959461355291,20.647230911254884,0.26945455372333527,1.4999999999999999e-05
7908,614.547490423057,1,0.000926292559501718,29.989896392822267,0.2694115549325943,1.4999999999999999e-05
7909,-5100.8596728203365,1,-0.0004674544557929039,16458.37353942871,0.2693443924188614,1.4999999999999999e-05
7910,614.6157010732989,1,-0.02058927697343895,18.48682804107666,0.2693216383457184,1.4999999999999999e-05
7911,630.2668906029576,1,-0.0026997198234312235,65.2638053894043,0.2692570298910141,1.4999999999999999e-05
7912,615.6430997262411,1,0.00023842286648800837,53.62003707885742,0.2692052125930786,1.4999999999999999e-05
7913,630.0200266056362,1,-0.0006469476082855863,80.32799530029297,0.26917104721069335,1.4999999999999999e-05
7914,629.3502467745184,1,-0.00015388986427495867,72.0642318725586,0.26914815604686737,1.4999999999999999e-05
7915,598.6297941875974,1,-0.012390288093592971,42.946970748901364,0.26910145580768585,1.4999999999999999e-05
7916,589.8527643359615,1,0.0003358038862760537,55095.49765625,0.26904961168766023,1.4999999999999999e-05
7917,604.4746629854174,1,-0.006093814642730244,48.39259643554688,0.26901781260967256,1.4999999999999999e-05
7918,-589.6051690130828,1,0.002804600245629748,40525.108984375,0.26896442075570426,1.4999999999999999e-05
7919,629.7133286732183,1,-0.0005887777544558049,25.407664489746093,0.2689457893371582,1.4999999999999999e-05
7920,630.105766451917,1,-0.00032705735603144603,77.49748916625977,0.26892359256744386,1.4999999999999999e-05
7921,589.5180889867975,1,1.6596168279647827e-05,15838.3853515625,0.26890901327133176,1.4999999999999999e-05
7922,589.7310797962915,1,-0.0022389005511371353,78.19786071777344,0.2689050406217575,1.4999999999999999e-05
7923,630.9319803165872,1,-0.004948446855128452,110.2564910888672,0.2689118146896362,1.4999999999999999e-05
7924,624.2389433290981,1,-0.0006545535423985172,25.059403228759766,0.2689128011465073,1.4999999999999999e-05
7925,621.013425133997,1,-0.0006124425742894069,76.16314468383788,0.2688776731491089,1.4999999999999999e-05
7926,598.4057153325762,1,-0.0010615979614247094,75.72849884033204,0.26884445548057556,1.4999999999999999e-05
7927,578.7742448350175,1,-0.0002694160211831331,494.59970703125,0.26883223056793215,1.4999999999999999e-05
7928,572.7095184399828,1,-0.14922648519277573,235.22561807632445,0.26881752014160154,1.4999999999999999e-05
7929,588.9830307127029,1,0.13357773320749403,22215.376628303715,0.26878509521484373,1.4999999999999999e-05
7930,610.6076978133307,1,0.000532390555279072,103.57635726928712,0.2687881588935852,1.4999999999999999e-05
7931,-2019.4320558617155,1,-0.024348791626592477,29451.731249491375,0.2687951902548472,1.4999999999999999e-05
7932,479.323286034158,1,0.03555061900988221,2240.839249420166,0.2687964797019958,1.4999999999999999e-05
7933,-4761.3236228584465,1,-0.0015769310109317303,17060.403721923827,0.2688029968738556,1.4999999999999999e-05
7934,583.5709689768994,1,-0.00033219866454601286,249.6081298828125,0.2688059449195862,1.4999999999999999e-05
7935,619.6703477612871,1,-0.0013588937590228057,21.98401794433594,0.26880499720573425,1.4999999999999999e-05
7936,598.9174547457596,1,-0.0009037740557687358,89.09721221923829,0.26878114640712736,1.4999999999999999e-05
7937,599.0134745909947,1,-0.00010348893702030181,16197.74326171875,0.2687568426132202,1.4999999999999999e-05
7938,598.727859870148,1,-0.006321133474730445,16.78292465209961,0.2687347561120987,1.4999999999999999e-05
7939,611.2148006883045,1,0.001355787003025455,106.08101654052734,0.2686802357435226,1.4999999999999999e-05
7940,588.0176832784234,1,0.14423239221796394,253.5191734313965,0.2686124503612518,1.4999999999999999e-05
7941,-12056.4341807435,0,-0.0003717952358879541,4677.199966390509,0.26858055403358055,1.4999999999999999e-05
7942,619.6736168084562,1,-0.00012463152969450776,103.3333953857422,0.26856131553649903,1.4999999999999999e-05
7943,618.4629959342622,1,-0.0021663142368197443,46.05114059448242,0.26853994131088255,1.4999999999999999e-05
7944,556.189021726657,1,0.04799736822023988,816.5463615417481,0.26849807500839235,1.4999999999999999e-05
7945,593.7640149106645,1,-0.002717543182925297,53.86782264709473,0.2684600830078125,1.4999999999999999e-05
7946,604.2644927996669,1,-0.0022682221606373787,37.131018447875974,0.2684046983718872,1.4999999999999999e-05
7947,614.3880807526027,1,-0.0016714713147182535,28.19632339477539,0.26835824847221373,1.4999999999999999e-05
7948,497.27753658426525,1,-0.016067473497241736,524.1101547241211,0.2683105364441872,1.4999999999999999e-05
7949,525.0966792530539,1,0.015198957920074464,1502.2502479553223,0.26828199028968813,1.4999999999999999e-05
7950,588.4770851771264,1,-0.0014991385862231255,109.95148010253907,0.2682762503623962,1.4999999999999999e-05
7951,608.8181638436472,1,-0.0028970414126622047,51.598154067993164,0.2682559072971344,1.4999999999999999e-05
7952,619.453045306584,1,-0.00059741003446101,102.52221221923828,0.26822857558727264,1.4999999999999999e-05
7953,618.5368882622889,1,-0.002137302479265202,37.17396469116211,0.268180775642395,1.4999999999999999e-05
7954,608.4603882341517,1,-0.008538919687271117,42.81680603027344,0.26813942193984985,1.4999999999999999e-05
7955,553.7107881501893,1,-0.00017744353972375392,3227.0563354492188,0.26809625029563905,1.4999999999999999e-05
7956,611.0654576829031,1,1.4017779231245698e-05,19674.5240234375,0.26808713674545287,1.4999999999999999e-05
7957,612.0294389505109,1,-0.15995044158771635,26.400596046447752,0.26811463236808775,1.4999999999999999e-05
7958,579.8851124971411,1,-0.0008186519145965577,379.08583679199216,0.2680772662162781,1.4999999999999999e-05
7959,597.2868620314013,1,0.019572656601667404,32.580661457777026,0.26796882748603823,1.4999999999999999e-05
7960,-869.7276882887516,1,-0.011142849136376753,51038.368359375,0.2677723094820976,1.4999999999999999e-05
7961,608.9468979295445,1,-0.006867875803389723,28.798508644104004,0.26773934066295624,1.4999999999999999e-05
7962,-241.21073847264478,1,-0.0009478498871127764,30515.305240885416,0.26768215696016945,1.4999999999999999e-05
7963,611.3667375496273,1,0.008623975142836571,2200.2658874511717,0.2676671355962753,1.4999999999999999e-05
7964,629.8348845907324,1,-0.0007705169291597258,130.85042190551758,0.2676629304885864,1.4999999999999999e-05
7965,589.1808578412189,1,-0.004916992151069266,29.416126823425294,0.2676444172859192,1.4999999999999999e-05
7966,630.1788525087079,1,-0.000544917804635503,190.08710021972655,0.2676234722137451,1.4999999999999999e-05
7967,456.641690211404,1,-0.03815754204988479,91253.24921875,0.2676171943545341,1.4999999999999999e-05
7968,619.5813022026767,1,-0.0006181244192703161,80.23724746704102,0.2676139950752258,1.4999999999999999e-05
7969,548.1786738850981,1,-0.16269697537645697,131.2565967798233,0.2675698459148407,1.4999999999999999e-05
7970,618.6382067912463,1,-0.0007623853714136431,83.98974685668945,0.26748962700366974,1.4999999999999999e-05
7971,536.3680018057992,1,-0.014240000350400805,1779.6747192382813,0.26745684146881105,1.4999999999999999e-05
7972,568.4145869658441,1,0.14380249297246336,278.0393204689026,0.2674518644809723,1.4999999999999999e-05
7973,624.0560360869133,1,-0.0019941604321758177,58.13661880493164,0.2674597859382629,1.4999999999999999e-05
7974,545.7302953718468,1,-0.10431417226791381,582.0446029663086,0.2674610674381256,1.4999999999999999e-05
7975,630.3521003550059,1,-0.0003365393634879865,109.94297561645507,0.26746414303779603,1.4999999999999999e-05
7976,604.0505021247079,1,-0.0006703082445802977,53.38421783447266,0.26746076345443726,1.4999999999999999e-05
7977,630.2935427543686,1,3.38061104685039e-05,157.68768157958985,0.2674554347991943,1.4999999999999999e-05
7978,631.0929993999192,1,-0.0006645927203919655,143.7813278198242,0.2674479603767395,1.4999999999999999e-05
7979,-12057.073770540735,0,2.173405434740217e-05,4774.545141260248,0.26747470529455886,1.4999999999999999e-05
7980,631.2731547421199,1,-2.385501200414808e-05,20133.512890625,0.2675719618797302,1.4999999999999999e-05
7981,567.9659575253293,1,-0.28845711341127755,313.4542410850525,0.2675545334815979,1.4999999999999999e-05
7982,-5823.7695545687575,1,0.0038053728747539793,18354.10098783053,0.2674511918654809,1.4999999999999999e-05
7983,531.4271836326474,1,0.029362648478127085,13000.344729614259,0.26744932532310484,1.4999999999999999e-05
7984,527.836446488798,1,-0.128898517601192,608.4095657348632,0.2674496114253998,1.4999999999999999e-05
7985,613.8281952831655,1,-0.0016968030521493204,87.3704605102539,0.267437618970871,1.4999999999999999e-05
7986,607.0102988142489,1,0.08569985358044505,43.48812189698219,0.267349374294281,1.4999999999999999e-05
7987,630.6605475624627,1,-0.0008602680868250445,219.08759613037108,0.2671981692314148,1.4999999999999999e-05
7988,618.7329524844486,1,-0.0007597132807859452,70.78318939208984,0.2671509116888046,1.4999999999999999e-05
7989,239.4153442844588,1,-0.0019711152960856754,20600.735286458334,0.26714305877685546,1.4999999999999999e-05
7990,614.219997697219,1,-0.003008903153448017,81.89900741577148,0.26713545322418214,1.4999999999999999e-05
7991,613.8127465436849,1,-0.0023979746597536434,37.27477607727051,0.2671245574951172,1.4999999999999999e-05
7992,-12055.991591024982,0,3.5636759314097854e-05,5309.8407801979465,0.26715406304911565,1.4999999999999999e-05
7993,597.1086963338423,1,-0.0028322944417595863,45.107077026367186,0.26710439920425416,1.4999999999999999e-05
7994,630.3375629687296,1,-0.0005836229505803203,199.23052215576172,0.2670756340026855,1.4999999999999999e-05
7995,600.9546177287393,1,-0.0008854805183077019,178.86165466308594,0.26706269979476926,1.4999999999999999e-05
7996,570.807179629259,1,-0.00028473349383020265,113.58264846801758,0.2670253276824951,1.4999999999999999e-05
7997,629.3501736765369,1,1.1786099420874052e-05,125.77782897949218,0.26695115566253663,1.4999999999999999e-05
7998,618.8340552804272,1,-0.001798376710350169,26.125413703918458,0.2668939381837845,1.4999999999999999e-05
7999,568.4142752633164,1,0.00026741998139669934,401.4914520263672,0.26681663691997526,1.4999999999999999e-05
8000,515.565821885112,1,-0.06550523219630122,1499.1244018554687,0.26675221920013426,1.4999999999999999e-05
