episode,reward,success,noise_sigma,ep_avg_critic_loss,ep_avg_actor_loss,buffer_size
1,-586.4663203091208,0,0.29985,10.258438303357078,1.8479170941171192,211
2,-529.9644760212136,0,0.299700075,10.345982460414662,1.5302051820007025,415
3,-154.24090805317408,0,0.2995502249625,9.56796718889208,1.7643154574863946,549
4,-197.81176874271603,0,0.2994004498500188,8.252783972825577,1.4988760841426565,683
5,-200.54649229264123,0,0.2992507496250938,10.38432134333111,1.612967572514973,808
6,-405.5931087405961,0,0.29910112425028124,10.649873317816319,1.7859187492957482,965
7,-322.9577345612247,0,0.2989515736881561,10.530563795888746,1.6867582073082794,1112
8,-101.67180155961431,0,0.29880209790131207,14.617994073319108,1.6014256567171175,1259
9,-383.55014563874687,0,0.29865269685236145,15.163718639193354,1.3438777456412445,1407
10,-446.2675200227529,0,0.2985033705039353,11.344186690449714,1.2348386190831662,1567
11,-297.71617219734793,0,0.29835411881868334,13.45066330909729,1.0630580111344656,1716
12,-334.1358064543909,0,0.29820494175927403,15.145259934502679,0.9449104167319633,1865
13,-129.56492090381508,0,0.2980558392883944,12.267323081776247,0.7331294995748391,1983
14,-316.7069981978921,0,0.29790681136875025,16.869595110416412,0.5853662587081393,2126
15,-98.53232001442902,0,0.29775785796306586,21.316978363763717,0.3937981475795072,2253
16,22.20643837410831,0,0.29760897903408434,20.42814410130183,0.07926821984971563,2373
17,-158.45006626125314,0,0.2974601745445673,25.719497048493587,-0.12028251500856696,2504
18,-173.26095349675154,0,0.297311444457295,18.3692150885059,-0.31173138500701997,2628
19,-170.97743409933437,0,0.2971627887350664,25.6228195860766,-0.7005904208922732,2766
20,-226.75162510021957,0,0.2970142073406989,25.701980686187746,-1.0383734410628676,2887
21,-288.734537075856,0,0.2968657002370286,22.54658720944379,-1.3202236550482545,3034
22,-148.23116017120304,0,0.29671726738691007,18.569632165133953,-1.489904584363103,3163
23,-117.99030690301886,0,0.2965689087532166,24.653963685035706,-1.8492160257365968,3307
24,-237.24441576547582,0,0.29642062429884003,26.324898988385744,-2.0545395703255376,3464
25,-27.53692023766417,0,0.29627241398669063,25.19386312311346,-2.4014018058776854,3574
26,-219.57192763077904,0,0.2961242777796973,24.61916524644882,-2.7475693907056535,3701
27,-273.502946530371,0,0.29597621564080745,34.89184393820825,-2.947589211649709,3855
28,-28.004522719187534,0,0.29582822753298704,29.68480161577463,-3.307952592149377,3982
29,-122.6333892517425,0,0.2956803134192206,34.909294624586366,-3.6589289903640747,4130
30,-208.09522505230973,0,0.295532473262511,38.79371956311739,-4.222972484735342,4260
31,-258.99952099951156,0,0.2953847070258797,39.46040135460931,-4.781860548096734,4408
32,-92.76882619503306,0,0.2952370146723668,38.71423698644169,-5.237596941775963,4531
33,-230.06613648291295,0,0.2950893961650306,32.829763164520266,-5.748556334177653,4680
34,443.1747420582427,1,0.2949418514669481,39.45183807519766,-6.419515264951266,4810
35,412.44914382975355,1,0.29479438054121465,108.2893797035875,-7.1669886112213135,4926
36,-327.17685717787197,0,0.2946469833509441,69.04417009787126,-7.5407874584198,5059
37,-71.17906735675561,0,0.2944996598592686,109.02292667308323,-8.3304946456157,5201
38,-177.06540326826283,0,0.294352410029339,99.31480880081654,-9.218276545405388,5328
39,-36.9224536529976,0,0.29420523382432434,126.97827098244115,-9.832376195673357,5443
40,-63.71248949431354,0,0.2940581312074122,116.41943929272313,-10.134585426699731,5567
41,15.364881626186012,0,0.2939111021418085,40.14611259557433,-10.77183393704689,5685
42,-58.124994742624,0,0.2937641465907376,71.80288229882717,-11.625405684113503,5813
43,-160.74275796153032,0,0.29361726451744224,70.95591669395321,-12.160148354827381,5935
44,-19.62357904150707,1,0.29347045588518356,123.77713742852211,-12.853889495134354,6126
45,-247.87232114268,0,0.293323720657241,122.5704118671702,-13.65616217655922,6261
46,-93.94307194848483,0,0.2931770587969124,105.42901690531585,-14.900088682013044,6379
47,-195.75555750994806,0,0.293030470267514,136.65484247488135,-15.719207258785472,6514
48,489.88007966118505,1,0.29288395503238024,91.61588957370856,-16.19355590526874,6593
49,-123.19730469053835,0,0.29273751305486406,129.1362993173432,-16.801944113614265,6706
50,309.61298898598966,1,0.29259114429833666,95.05578754498409,-17.984971413245567,6811
51,-96.85358061453596,0,0.2924448487261875,162.19057897537473,-18.526075575086807,6936
52,-204.56106254766257,0,0.2922986263018244,69.51052319057403,-18.87644534640842,7062
53,-54.44818758302796,0,0.2921524769886735,190.56929322211974,-20.11650756097609,7187
54,-219.37041621280233,0,0.2920064007501792,57.15989516437917,-20.876139350559402,7324
55,-105.5512552678475,0,0.29186039754980414,116.97428109728057,-21.838249831364074,7440
56,-66.83529814495255,0,0.29171446735102924,175.90689462423325,-22.46545574069023,7569
57,-178.77208715116797,0,0.29156861011735374,144.34788930588874,-23.75191486745641,7706
58,49.36956144386672,0,0.29142282581229506,118.10056892273919,-24.633738381522043,7832
59,-189.0750617004992,0,0.2912771143993889,109.30836794716971,-25.794895662580217,7973
60,-122.61930800480424,0,0.29113147584218924,101.6276960701778,-26.99395209345324,8089
61,-146.61845462475455,0,0.29098591010426816,148.47528676986695,-27.36332759857178,8208
62,-108.18122080701957,0,0.29084041714921605,136.42941336477958,-28.83194381959977,8332
63,561.4091887928186,1,0.29069499694064144,76.2501492867103,-29.66980604025034,8384
64,-31.925437730701706,0,0.29054964944217115,147.7545007978167,-30.768624884741648,8496
65,469.151339468897,1,0.2904043746174501,93.29959223005507,-31.47532448945222,8605
66,349.5723328003334,1,0.2902591724301414,149.30797242336587,-32.878248558669796,8727
67,376.9876725272491,1,0.29011404284392633,111.26824882795226,-34.996135423768244,8833
68,522.6262059975555,1,0.2899689858225044,155.4872396829966,-35.71622900060705,8907
69,-142.2030119208688,0,0.2898240013295932,140.78294263567244,-37.14361882890974,9047
70,495.4566648739784,1,0.2896790893289284,129.78440916979756,-39.35055139329698,9155
71,-115.3334710610701,0,0.28953424978426395,119.03483985452091,-40.83054009605856,9291
72,407.4699826108088,1,0.2893894826593718,222.80967358180456,-42.19974268699179,9388
73,299.3660288013102,1,0.28924478791804215,191.88703385377542,-44.48006096864358,9466
74,525.5102689976154,1,0.28910016552408313,163.49588422422056,-44.37413533528646,9520
75,424.9304274751018,1,0.2889556154413211,80.85213908442745,-45.78120182178639,9575
76,-184.6904641785016,0,0.28881113763360045,152.89177249726794,-47.18110384259905,9701
77,558.3545867329104,1,0.28866673206478366,107.64596547020807,-48.41013262006972,9773
78,431.1680923316126,1,0.2885223986987513,189.4590912380734,-49.05896759033203,9847
79,-110.92910937946625,0,0.28837813749940194,210.88784233998445,-51.82181458554025,9964
80,-270.38195213635976,0,0.28823394843065225,161.1660792610862,-53.26813333684748,10097
81,434.86698337730866,1,0.28808983145643696,231.14324107314602,-54.41944896813595,10162
82,535.7223637752904,1,0.28794578654070874,296.7068810235886,-55.04353859311058,10204
83,129.2828347728617,1,0.2878018136474384,113.63821952126243,-56.01153203790838,10314
84,458.33906555671325,1,0.2876579127406147,183.31662440749835,-59.03143857560068,10420
85,462.50293025179184,1,0.2875140837842444,246.3517416249151,-60.24911573658819,10512
86,-136.4795542268201,0,0.2873703267423523,177.09667251069666,-62.35647292056326,10631
87,405.7601655426072,1,0.28722664157898115,248.80994499206543,-64.7774739074707,10731
88,526.2671181442571,1,0.28708302825819165,243.38973556026335,-65.66204415598223,10792
89,386.1011802001899,1,0.28693948674406256,197.13643868764242,-66.82259877522786,10865
90,560.7043320648063,1,0.2867960170006905,205.92882638228568,-69.52661454050164,10941
91,602.2426529274178,1,0.2866526189921902,197.52754123394305,-70.68739436222957,10967
92,316.64057599497335,1,0.2865092926826941,219.49777741127826,-70.77671375680477,11060
93,423.198709768565,1,0.28636603803635274,249.92049960432382,-74.00890929123452,11118
94,462.4332770665851,1,0.2862228550173346,216.8191111973354,-74.8110833304269,11189
95,500.50059061797276,1,0.2860797435898259,243.34595567752154,-75.87969775077624,11266
96,515.1847422283707,1,0.28593670371803104,239.7892702463511,-78.58995880951753,11340
97,543.8671302387595,1,0.28579373536617203,189.33407715388708,-78.92898123604911,11396
98,440.99814007796283,1,0.28565083849848893,184.24050367200698,-79.9176819260056,11470
99,336.4361974909232,1,0.28550801307923973,199.52537848024951,-82.37758870027503,11568
100,399.57019040199634,1,0.2853652590727001,147.326660823822,-83.31695671081543,11648
101,457.15789493585623,1,0.2852225764431638,279.56658973693845,-85.78499170939128,11709
102,379.50846179459705,1,0.2850799651549422,219.54078951189595,-87.00498802431169,11832
103,522.5339974274563,1,0.28493742517236476,166.96077553885323,-88.76309225899833,11902
104,538.2756233195544,1,0.2847949564597786,187.57029724121094,-92.03735975785689,11991
105,559.683653571384,1,0.28465255898154873,213.25727081298828,-93.1604617725719,12034
106,571.9394684249065,1,0.284510232702058,235.62262966758325,-94.34054003263775,12072
107,506.60083463221326,1,0.284367977585707,221.7950542156513,-95.66219036395734,12125
108,557.5434518945999,1,0.28422579359691413,227.04515838623047,-96.97517515483655,12163
109,601.0826639072567,1,0.2840836807001157,190.87466757638114,-98.30955450875419,12191
110,528.0972774072227,1,0.28394163885976564,236.6724624633789,-97.09644529554579,12226
111,413.3264752891587,1,0.2837996680403358,152.22935038975308,-98.21045205252511,12296
112,500.8692921396098,1,0.28365776820631566,260.70728055892454,-100.49594509986139,12359
113,300.57071706570724,1,0.28351593932221253,207.99333031394264,-102.73544852516868,12469
114,402.47991462698553,1,0.28337418135255144,172.61535606384277,-104.1023691813151,12528
115,448.256360942289,1,0.2832324942618752,167.41938035384467,-105.72768816740617,12621
116,564.5226080044645,1,0.28309087801474425,171.48441414211106,-106.27119512143342,12666
117,419.63511123472927,1,0.2829493325757369,204.24565305207906,-107.75744066740337,12742
118,506.293417681678,1,0.28280785790944907,201.95026741027831,-108.7486063639323,12803
119,523.1863968348948,1,0.28266645398049434,180.76916481466856,-110.3232650756836,12871
120,405.3697507746874,0,0.2825251207535041,171.32981322793398,-113.73339563257554,13007
121,375.46118873213885,1,0.2823838581931274,197.3688649264249,-114.98418495871805,13073
122,527.0870062126239,1,0.28224266626403083,198.39856443734004,-117.10520593051253,13131
123,462.46608881101355,1,0.28210154493089884,154.28270748683386,-118.52187265668597,13243
124,510.87998993437805,1,0.2819604941584334,186.63131185678336,-121.20833206176758,13294
125,514.398750132227,1,0.2818195139113542,130.2974189309513,-120.84970092773438,13329
126,563.4439612909321,1,0.2816786041543985,154.92594774034288,-122.73385976155599,13419
127,534.8695710541064,1,0.2815377648523213,162.67884930697355,-124.32779797640714,13462
128,473.2016422833077,1,0.28139699596989515,148.9718074798584,-124.8904391697475,13519
129,571.4163701306966,1,0.2812562974719102,151.42727096557618,-125.62254302978516,13569
130,505.9543456808718,1,0.2811156693231743,171.45955091907132,-127.69093691918158,13630
131,406.19930600337034,1,0.28097511148851273,144.06475523041516,-128.97580681777583,13712
132,570.2389423857641,1,0.2808346239327685,146.44475059509278,-129.14873123168945,13753
133,489.78012812794543,1,0.28069420662080213,152.627299979881,-130.95391563132958,13807
134,540.8837783823274,1,0.28055385951749173,142.32371539161318,-132.23690505254837,13848
135,407.2478152526809,1,0.280413582587733,156.6374506136266,-133.79104539824695,13930
136,464.45609489443,1,0.2802733757964392,145.4907705783844,-135.87162685394287,13995
137,492.47020999146855,1,0.280133239108541,137.45651273727418,-136.1198236465454,14074
138,427.5612735791822,1,0.27999317248898675,137.92610330581664,-137.56322860717773,14154
139,494.48748783084443,1,0.2798531759027423,174.2787892376935,-138.67358963577837,14209
140,497.96979701122626,1,0.2797132493147909,118.9922817548116,-139.95025634765625,14256
141,601.55557360935,1,0.27957339269013354,142.87341254098075,-142.67026301792689,14284
142,577.2254501972398,1,0.27943360599378847,157.7512146799188,-140.81604244834497,14322
143,428.1978001888982,1,0.27929388919079157,120.26663650785174,-141.82597133091517,14435
144,472.97082933765455,1,0.27915424224619617,130.9579253818678,-146.91249416185462,14526
145,543.4790313613229,1,0.2790146651250731,121.90630895441228,-149.163417931759,14593
146,482.1317558123367,1,0.2788751577925106,143.21400022506714,-150.7629280090332,14641
147,413.70481864604926,1,0.27873572021361437,120.01185295798562,-148.84036740389737,14729
148,571.9477117503694,1,0.2785963523535076,142.69585527692522,-153.0117928641183,14756
149,532.1510796548074,1,0.27845705417733085,130.1639575958252,-152.55042584737143,14804
150,558.4229394434448,1,0.2783178256502422,105.34091994341682,-153.35292681525735,14839
151,172.49248429223346,1,0.2781786667374171,147.4782585144043,-152.884135945638,14928
152,380.0177468692366,1,0.2780395774040484,123.08709980891301,-155.52976441994693,15006
153,534.3822654524668,1,0.2779005576153464,119.71992666071111,-160.46611231023616,15050
154,511.3152203536633,1,0.2777616073365387,132.7354309082031,-156.24951416015625,15100
155,435.8973196995188,1,0.27762272653287046,123.25043773651123,-159.00450642903647,15149
156,352.9756964399437,1,0.277483915169604,151.44817413330077,-161.58840881347658,15198
157,489.73658279468634,1,0.27734517321201924,108.64608383178711,-157.69539737701416,15230
158,558.1870022534704,1,0.27720650062541324,140.05489141290838,-164.25113053755328,15275
159,436.0100666724365,1,0.27706789737510057,137.61276245117188,-163.72044049776517,15379
160,457.9628616708762,1,0.27692936342641306,126.63866319327519,-166.6823925149852,15437
161,571.1177094862275,1,0.27679089874469986,113.8718615940639,-166.9511435372489,15478
162,547.6118495632659,1,0.27665250329532753,130.65701336330838,-167.89732191297742,15515
163,564.3356768230668,1,0.27651417704367987,123.16765639361213,-167.54436627556296,15549
164,567.7289110920703,1,0.27637591995515803,144.59872468312582,-169.96294784545898,15596
165,500.6024771845081,1,0.2762377319951805,134.00799894332886,-171.29766941070557,15692
166,502.2115421497582,1,0.2760996131291829,188.29504755923622,-174.02542033948396,15731
167,482.6072323421545,1,0.27596156332261834,143.4755416870117,-173.88131286621095,15780
168,468.24050021104347,1,0.27582358254095707,126.27517627534412,-174.45207323346818,15865
169,568.5175758148686,1,0.2756856707496866,134.0945142110189,-174.91734398735895,15900
170,518.6656018638911,1,0.27554782791431176,155.2485580444336,-179.34422122730928,15968
171,557.0358775747037,1,0.2754100540003546,145.5200924343533,-181.46287112765842,16005
172,557.5112152245774,1,0.27527234897335445,147.86965454101562,-185.88720947265625,16054
173,565.5881580896064,1,0.2751347127988678,140.21654437837145,-183.11858622233072,16096
174,-260.8268402562677,0,0.2749971454424684,134.6342250108719,-186.04905533790588,16225
175,592.5374836018817,1,0.2748596468697472,122.8929191002479,-187.8157947246845,16251
176,602.5396141278145,1,0.27472221704631233,125.10954930232121,-189.82465186485877,16277
177,517.5747907622565,1,0.2745848559377892,143.63870747884116,-188.93690660264758,16313
178,485.036694472433,1,0.2744475635098203,125.66097831726074,-191.02426671981812,16377
179,367.4033829173276,1,0.2743103397280654,118.58903461032443,-193.21967146131726,16449
180,580.2554864178812,1,0.2741731845582014,117.65476417541504,-192.22544193267822,16481
181,508.18641564045936,1,0.2740360979659223,104.7102631462945,-193.89874860975476,16516
182,553.6308468129766,1,0.27389907991693935,114.75750127331963,-196.12668741160425,16574
183,579.9742714080708,1,0.2737621303769809,148.36415393535907,-197.87019876333383,16627
184,517.2846729678937,1,0.2736252493117924,134.87975993909333,-199.36737703022203,16665
185,558.2951873568825,1,0.2734884366871365,134.13853454589844,-202.39190080430774,16700
186,569.0943006752209,1,0.273351692468793,131.66687870025635,-202.22274684906006,16733
187,603.6848774627996,1,0.2732150166225586,109.89362970987956,-200.735595703125,16756
188,329.90708433097893,1,0.27307840911424736,133.0533063788163,-205.1365239996659,16833
189,546.3598556550113,1,0.27294186990969027,121.47129201889038,-206.02971267700195,16896
190,543.839215145596,1,0.27280539897473544,113.91977832935474,-210.68204865632234,16951
191,600.6101061800588,1,0.2726689962752481,134.9424611409505,-209.0706787109375,16981
192,601.7062830957807,1,0.2725326617771105,105.28084455217633,-213.89751325334822,17008
193,482.8196195912071,1,0.27239639544622196,114.31210759480794,-210.92219085693358,17069
194,462.88615592166747,1,0.27226019724849887,122.43329970041911,-214.99215761820474,17117
195,567.8029171774529,1,0.27212406714987464,110.8472531636556,-215.6334754096137,17152
196,530.8236115426749,1,0.2719880051162997,100.00045013427734,-217.5891143798828,17182
197,555.8437977137014,1,0.2718520111137416,112.60938110351563,-212.63784255981446,17222
198,546.9681572591091,1,0.27171608510818474,118.95428835961127,-219.17515170189643,17284
199,442.86398787829705,1,0.2715802270656307,113.72210491404815,-222.17279501522287,17353
200,576.7382241196766,1,0.27144443695209786,131.62775621916117,-225.5115139609889,17391
201,564.7511477124914,1,0.27130871473362184,107.0570068359375,-226.35716114873472,17437
202,536.7604638942206,1,0.27117306037625505,101.39692726135254,-226.9365264892578,17476
203,535.2017611442784,1,0.2710374738460669,94.99917893182663,-230.1092529296875,17518
204,571.606447250737,1,0.2709019551091439,107.65837297941509,-230.19438332005552,17556
205,545.8527448689094,1,0.2707665041315893,118.97577819824218,-231.8254425048828,17596
206,495.7998817422422,1,0.2706311208795235,105.70944155179538,-237.3095949613131,17648
207,603.0722716187053,1,0.2704958053190838,112.38326581319173,-230.86783091227213,17673
208,591.6194758152836,1,0.2703605574164243,110.65040370396206,-232.13501739501953,17701
209,568.1451521310006,1,0.2702253771377161,135.2385499742296,-236.5081303914388,17736
210,481.76549907291724,1,0.27009026444914724,111.75472980075412,-240.1579678853353,17808
211,419.15491271366835,1,0.2699552193169227,107.92412103925433,-241.13926260811942,17865
212,475.7902976124455,1,0.2698202417072642,100.05148546623461,-241.6314387465968,17930
213,574.4074915260713,1,0.2696853315864106,106.29617418561664,-241.78744288853235,17973
214,567.249394737134,1,0.26955048892061745,108.17172160901521,-244.30138357062089,18011
215,511.2213423825615,1,0.26941571367615713,121.24021606445312,-247.65255615234375,18061
216,381.94979271185036,1,0.2692810058193191,113.3502377404107,-249.3017603556315,18132
217,548.1329911281305,1,0.26914636531640945,110.51857418484158,-254.9646453857422,18168
218,567.9947229067996,1,0.26901179213375126,110.01783124138328,-252.8392962287454,18202
219,595.9988055044745,1,0.2688772862376844,109.6319808959961,-258.39066314697266,18231
220,576.6293511970512,1,0.26874284759456557,111.70266418457031,-260.66393966674804,18270
221,539.0820382726779,1,0.26860847617076833,110.95911093319164,-255.22702834185432,18304
222,585.8621764533902,1,0.26847417193268297,103.43668980752268,-260.1835543724798,18367
223,486.9852446404646,1,0.26833993484671664,105.3592134475708,-262.8941535949707,18406
224,506.97546600766594,1,0.2682057648792933,95.17853647867838,-266.4698435465495,18467
225,581.496881953417,1,0.26807166199685367,117.12587629045758,-264.6732635498047,18495
226,565.0308339737257,1,0.26793762616585526,106.61218318232784,-266.8263097692419,18548
227,419.08515134057234,1,0.26780365735277234,108.79852137072334,-268.07499221275594,18606
228,-2.8814979703244603,1,0.26766975552409594,121.30369266243868,-268.77618479174237,18692
229,522.3413591549383,1,0.2675359206463339,102.01422373453777,-273.20837063259546,18729
230,558.9943822796719,1,0.26740215268601075,119.17453586353975,-273.21412030388325,18762
231,502.9002504884059,1,0.2672684516096678,91.20083279079861,-273.28050401475696,18799
232,582.6139777227517,1,0.26713481738386297,128.1299027663011,-279.9484652005709,18825
233,580.5622792777424,1,0.26700124997517105,173.94728393554686,-274.60748494466145,18855
234,498.7905523761281,1,0.2668677493501835,113.60060613295612,-279.85618681066177,18889
235,529.4707287971819,1,0.2667343154755084,103.68191364833287,-282.1618085588728,18944
236,603.7389823196813,1,0.26660094831777065,103.19462862881747,-277.4001742276278,18967
237,546.5041020250844,1,0.26646764784361177,101.29642232259114,-283.675775437128,19008
238,495.763806499824,1,0.26633441401969,137.63941265287855,-284.62549264090404,19050
239,555.0496372102036,1,0.26620124681268015,106.58644485473633,-284.751218355619,19103
240,457.40660235450844,1,0.2660681461892738,104.29069023132324,-288.73526458740236,19142
241,523.4273615963302,1,0.2659351121161792,104.05271613079569,-293.62371958857,19188
242,523.3450625373283,1,0.26580214456012113,114.88176186879475,-294.0430971781413,19236
243,552.2883951147743,1,0.2656692434878411,121.14881006876628,-290.0455894470215,19285
244,587.5655611282797,1,0.2655364088660972,100.02661162156325,-294.9405306302584,19311
245,537.0921223720181,1,0.26540364066166416,122.5264573348196,-297.2188415527344,19349
246,590.7718857046054,1,0.26527093884133335,147.67400639851888,-295.47532552083334,19378
247,588.4023199259609,1,0.2651383033719127,151.43719751694624,-301.0184003044577,19412
248,405.9169510642592,1,0.2650057342202267,105.27396320161365,-300.1169680640811,19455
249,527.4171861599622,1,0.26487323135311663,117.11793518066406,-295.56720174153645,19515
250,543.5144187589838,1,0.2647407947374401,123.79842281341553,-305.6554463704427,19562
251,585.1826926770697,1,0.2646084243400714,106.24984169006348,-302.0166732788086,19603
252,594.8392025564499,1,0.2644761201279014,115.45719354802912,-302.0578044544567,19646
253,603.0891880838919,1,0.26434388206783743,108.99804464975993,-303.44754282633465,19671
254,599.0401175945956,1,0.2642117101268035,115.48100831773546,-311.19171651204425,19706
255,357.33012934107103,1,0.2640796042717401,109.80576019287109,-309.9259877522787,19767
256,586.7609349920529,1,0.26394756446960427,100.96230125427246,-306.48303375244143,19806
257,604.0105725799018,1,0.2638155906873695,118.83167440241033,-302.9894658868963,19829
258,582.2259548810043,1,0.2636836828920258,98.26472418648856,-314.2055358886719,19856
259,589.064405336874,1,0.2635518410505798,108.32590866088867,-312.9735622406006,19889
260,572.0973194972353,1,0.26342006513005456,116.25385846589741,-317.2336056357936,19927
261,604.2585853534713,1,0.26328835509748955,110.46086536754261,-313.4120816317472,19949
262,563.5658217476733,1,0.2631567109199408,157.99292500813803,-317.6773274739583,19984
263,603.2219081579681,1,0.26302513256448085,112.86232121785481,-318.3993657430013,20008
264,511.5457615099096,1,0.2628936199981986,113.57038787841798,-317.2123779296875,20059
265,503.39646929936805,1,0.2627621731881995,108.05571332185164,-323.0739679751189,20105
266,590.4651974760661,1,0.2626307921016054,105.07924855550131,-317.3478495279948,20135
267,551.5906887593833,1,0.2624994767055546,148.11116065979004,-321.98557434082034,20174
268,540.8871098291343,1,0.26236822696720186,120.98638610839843,-323.5100784301758,20215
269,599.4641369704151,1,0.2622370428537183,111.40643405914307,-324.4948196411133,20247
270,505.9304814289673,1,0.26210592433229146,92.02719898223877,-327.9917587280273,20287
271,472.8444681003841,1,0.2619748713701253,112.74728183088631,-323.82094705515897,20345
272,571.3624732813337,1,0.26184388393444025,97.88471163236179,-329.9782468355619,20396
273,549.8174316666112,1,0.261712961992473,112.52540334065755,-328.9219584147135,20427
274,409.50215469063903,1,0.2615821055114768,123.48284801683928,-332.74941615054485,20503
275,603.9416309603798,1,0.2614513144587211,106.57674199884588,-333.88984818892044,20525
276,554.105597952811,1,0.2613205888014918,113.26322286269244,-335.84287755629595,20559
277,496.9312140830452,1,0.26118992850709105,103.26996612548828,-336.19738616943357,20598
278,601.2117444071669,1,0.2610593335428375,97.34966060093471,-334.3896266392299,20626
279,600.8699245425144,1,0.2609288038760661,115.47375768025717,-338.02955932617186,20656
280,569.9245814868649,1,0.26079833947412806,92.77783727645874,-336.92273139953613,20688
281,380.4187373482485,1,0.260667940304391,103.81636144759807,-340.9744873046875,20783
282,598.7162142125187,1,0.26053760633423884,104.40219073825412,-343.38154941134985,20818
283,538.6537463080275,1,0.26040733753107176,102.35150752348058,-343.6520242130055,20853
284,548.3322068452089,1,0.2602771338623062,103.63970637321472,-346.495322227478,20917
285,589.8262817966929,1,0.2601469952953751,98.97337579727173,-350.0158863067627,20949
286,602.8907862240133,1,0.26001692179772745,134.59464645385742,-345.6543451944987,20973
287,527.0232887181805,1,0.2598869133368286,91.86950988769532,-346.7173110961914,21012
288,521.4241643026688,1,0.2597569698801602,90.84394119262696,-345.5107116699219,21063
289,491.8068269353381,1,0.25962709139522017,102.23469482421875,-348.23159057617187,21112
290,493.9176606273377,1,0.2594972778495226,164.68306308322482,-350.3283227991175,21167
291,469.34286620667984,1,0.25936752921059786,118.82438264574323,-352.9987673078264,21223
292,542.4374763221864,1,0.2592378454459926,94.75684865315755,-351.8358446756999,21271
293,587.5469194814142,1,0.2591082265232696,97.00778609055739,-355.45113666240985,21296
294,480.6256587378189,1,0.258978672410008,131.9500645857591,-354.04757925180286,21348
295,475.96689631503375,1,0.258849183073803,88.46300201416015,-353.4650919596354,21409
296,583.9248247618049,1,0.25871975848226614,104.55112561312589,-356.2441323020241,21453
297,481.2505835569613,1,0.258590398603025,104.79154205322266,-357.2365560531616,21516
298,556.6559786130249,1,0.2584611034037235,84.50666568153783,-358.64378597861844,21554
299,597.0181628794371,1,0.2583318728520217,93.60967137263371,-358.38835965670074,21581
300,380.61030489866306,1,0.2582027069155957,119.44103409523187,-361.4942080475563,21666
301,597.7683891132803,1,0.25807360556213793,98.62035190357881,-364.1194242589614,21701
302,600.2346880245204,1,0.2579445687593569,87.88275756835938,-361.9452799479167,21731
303,547.4005157936806,1,0.2578155964749772,98.7917117457236,-368.6704702069682,21792
304,478.0071307172086,1,0.2576866886767397,88.96232143668242,-365.84840215638627,21879
305,559.6123030012836,1,0.25755784533240134,74.3973159790039,-367.96383476257324,21911
306,558.2661236827273,1,0.2574290664097352,86.80201403299968,-367.3973219129774,21946
307,586.0310084760611,1,0.25730035187653033,82.09497533525739,-371.0068686349051,21975
308,602.7840190414089,1,0.25717170170059206,79.50571999183067,-368.2664560171274,22000
309,526.9134476356372,1,0.25704311584974177,76.25461212158203,-367.7871728515625,22050
310,596.3494682629222,1,0.2569145942918169,82.10078729901996,-370.562489100865,22079
311,438.69151340997104,1,0.256786136994671,83.98855694857511,-370.26962465228456,22145
312,533.067595289067,1,0.2566577439261737,89.51679293314616,-373.47620391845703,22192
313,506.54716101119936,1,0.2565294150542106,75.0477975845337,-373.21301727294923,22233
314,573.4787752547704,1,0.25640115034668354,75.78497473398845,-373.1981379191081,22257
315,561.6947142428543,1,0.2562729497715102,70.89682723999023,-374.676962890625,22307
316,547.0848894025415,1,0.2561448132966245,118.05999965667725,-377.03573455810545,22346
317,596.0129040944113,1,0.25601674088997617,117.09071636199951,-379.5632064819336,22387
318,532.2635173708978,1,0.2558887325195312,83.74051406860352,-379.7640588378906,22436
319,603.4659170630101,1,0.25576078815327147,158.88975941051137,-381.9822248979048,22459
320,601.233220103922,1,0.25563290775919484,73.66169384547642,-379.0085144042969,22487
321,445.50804255716304,1,0.25550509130531524,137.0676115712812,-376.45082338394656,22549
322,561.8940213742885,1,0.25537733875966256,148.70365031560263,-380.7796821594238,22597
323,474.4336248274129,1,0.2552496500902827,105.13061324409817,-380.60516357421875,22642
324,593.4300621738339,1,0.2551220252652376,123.06235365434127,-380.77615633877843,22665
325,514.3786639333819,1,0.25499446425260497,68.97822869342306,-381.6477103855299,22711
326,377.6787810200541,1,0.2548669670204787,63.30935051861931,-384.56701929429,22778
327,583.4107926507138,1,0.25473953353696843,163.3055830001831,-380.90858459472656,22803
328,579.9067804590609,1,0.25461216377019996,65.423983335495,-383.8163070678711,22835
329,520.5408116147781,1,0.25448485768831486,64.95709824562073,-385.61677742004395,22867
330,573.0409348512735,1,0.2543576152594707,67.16995566231864,-388.604061453683,22937
331,421.65444052390336,1,0.25423043645184096,80.02251669076773,-387.9965550349309,22988
332,520.7456473598988,1,0.25410332123361506,158.07377090454102,-388.22677459716795,23029
333,586.9556737387247,1,0.2539762695729983,96.03411323145816,-388.4707962839227,23067
334,590.8798994707696,1,0.2538492814382118,177.40330454508464,-382.956504313151,23097
335,306.9556643935271,1,0.25372235679749267,124.10256741497967,-386.19873046875,23170
336,574.151514169886,1,0.25359549561909395,142.03295969963074,-386.0078868865967,23203
337,586.4634535535018,1,0.2534686978712844,64.90134201049804,-395.0464782714844,23243
338,577.5323004121865,1,0.2533419635223488,72.1864232515034,-389.49966591282896,23280
339,557.7745944634896,1,0.2532152925405876,79.99290406076531,-389.9367097553454,23318
340,595.5450931874348,1,0.25308868489431735,60.45555468967983,-387.36255536760603,23347
341,493.70572845950164,1,0.2529621405518702,97.64185200566831,-392.05199929942256,23392
342,583.0813507027065,1,0.2528356594815943,61.94629420404849,-394.4047174868376,23438
343,458.0216876953879,1,0.25270924165185354,54.00762448992048,-392.467898777553,23495
344,468.48268107266495,1,0.25258288703102766,73.52912442437534,-393.0310016500539,23553
345,441.9736270723859,1,0.25245659558751216,70.97441267198131,-396.1117337134577,23614
346,392.9197052541916,1,0.2523303672897184,92.44785118103027,-394.2584238688151,23675
347,554.3989912882267,1,0.2522042021060736,90.89858889579773,-395.86590003967285,23707
348,578.6214213968522,1,0.25207810000502057,64.80530211504768,-397.2804493623621,23741
349,595.5091035438622,1,0.2519520609550181,61.75330316452753,-395.2149847121466,23782
350,533.061445387946,1,0.2518260849245406,86.6068289383598,-394.5951445206352,23829
351,544.3918321499284,1,0.2517001718820784,53.21804159337824,-400.46445257013494,23873
352,495.4671623401245,1,0.25157432179613737,63.53539639427548,-400.3207499186198,23915
353,564.1842776582306,1,0.2514485346352393,118.79126756841487,-397.93657753684306,23959
354,350.59558248432967,1,0.2513228103679217,121.26169554392497,-397.8318519592285,24055
355,502.65791293368085,1,0.25119714896273776,111.86753364231275,-398.80677729067594,24101
356,493.91149732249744,1,0.2510715503882564,58.56938536270805,-397.83113562542457,24146
357,466.7591743584032,1,0.25094601461306226,59.15830039978027,-400.10088907877605,24207
358,603.8642553919237,1,0.25082054160575573,81.1776351928711,-398.5227799849077,24229
359,566.191398650571,1,0.25069513133495286,56.659652137756346,-401.5969757080078,24269
360,537.8841448737973,1,0.2505697837692854,88.89356570773654,-398.8869900173611,24304
361,490.9979141097142,1,0.2504444988774008,67.37484741210938,-399.5652894716005,24379
362,557.9843647067371,1,0.2503192766279621,54.74566290113661,-399.6216566297743,24415
363,599.4400800856357,1,0.25019411698964816,50.94734811782837,-402.19080352783203,24447
364,550.0947347146805,1,0.2500690199311534,54.008008775256926,-399.63726806640625,24489
365,514.6818688728143,1,0.24994398542118781,71.60414123535156,-400.33731369745163,24531
366,593.6243534750377,1,0.24981901342847723,70.65428394741483,-400.322028266059,24567
367,596.1750573816914,1,0.249694103921763,97.5873194694519,-403.4397994995117,24606
368,182.23014517329293,1,0.24956925686980214,90.30262494641681,-404.50695020099016,24693
369,583.9637836553095,1,0.24944447224136726,76.7765978899869,-403.31420343572444,24736
370,541.5563559031401,1,0.2493197500052466,47.044482367379324,-401.91198076520647,24764
371,333.7166604018122,1,0.249195090130244,116.48508486066545,-405.7475516183036,24835
372,545.2393606632286,1,0.24907049258517888,200.0797351655506,-404.1468563988095,24877
373,326.0491799698362,1,0.2489459573388863,61.49341438912057,-404.7212573902027,24951
374,588.3644786907761,1,0.24882148436021687,60.32731304997983,-402.5691209876019,24997
375,439.16170416038034,1,0.24869707361803678,54.32651294361461,-404.40196366743606,25063
376,578.6419033897213,1,0.24857272508122777,127.66207377115886,-405.9115108913845,25098
377,538.5465063801541,1,0.24844843871868716,138.04797624658656,-400.59203649450234,25153
378,478.30456553408857,1,0.24832421449932782,86.8671325815135,-403.5282719053071,25211
379,551.0692528607084,1,0.24820005239207818,54.5605712890625,-406.17474772135415,25240
380,593.8410354344469,1,0.24807595236588215,47.37103346119756,-401.11330247961956,25286
381,505.1238703459537,1,0.2479519143896992,104.28275190080915,-411.04717436290923,25328
382,591.0806298897578,1,0.24782793843250436,142.64403166089738,-404.6947479248047,25357
383,585.4669022556916,1,0.24770402446328812,66.25160535176595,-406.78384980701264,25399
384,589.0952760364366,1,0.24758017245105648,98.03730785145478,-408.6747723747702,25432
385,529.0040472546971,1,0.24745638236483097,139.55997000800238,-404.24700136537905,25487
386,551.061343335527,1,0.24733265417364858,116.54119110107422,-405.9610982259115,25517
387,547.0405907239165,1,0.24720898784656176,63.58074348851254,-404.250388697574,25554
388,569.3069651119533,1,0.2470853833526385,66.69493631216196,-409.98453150040064,25632
389,566.8753422244108,1,0.2469618406609622,52.858761636834394,-404.5783482601768,25670
390,602.6615993140351,1,0.24683835974063173,95.53109343846639,-404.95190175374347,25695
391,560.1933265340933,1,0.24671494056076143,97.21717643737793,-408.411368233817,25736
392,581.3113904121146,1,0.24659158309048107,128.48978073120117,-409.8104553222656,25786
393,531.1204954111325,1,0.24646828729893586,98.9340044452298,-406.39281045236896,25848
394,598.199624864089,1,0.2463450531552864,101.65143203735352,-408.3300134995404,25882
395,490.2753417314506,1,0.24622188062870878,177.64914025200738,-408.32982268156826,25936
396,351.22039839437576,1,0.24609876968839445,126.54185224133869,-408.57453812000364,26022
397,584.996826003128,1,0.24597572030355028,127.80373460596257,-409.13109103116125,26066
398,600.8777022732296,1,0.2458527324433985,142.770108795166,-404.7030497233073,26096
399,535.4058453966036,1,0.24572980607717682,67.57364400227864,-403.83453369140625,26139
400,596.0743948138963,1,0.24560694117413823,47.50379867553711,-406.82835845947267,26179
401,581.0074880567452,1,0.24548413770355118,61.015923563639326,-408.5146240234375,26209
402,585.983575860774,1,0.24536139563469941,64.00259151458741,-407.67995300292966,26249
403,598.212024625738,1,0.24523871493688207,91.28303043658917,-405.97886540339545,26274
404,566.2572872760525,1,0.24511609557941363,48.14251504625593,-409.1668701171875,26303
405,425.7527550402308,1,0.24499353753162395,89.14662014354359,-404.23065370501894,26368
406,537.0588693516804,1,0.24487104076285815,93.36185020446777,-407.4889807128906,26418
407,574.502926066889,1,0.24474860524247674,45.75204740251814,-410.24691481817337,26461
408,570.3125184055762,1,0.24462623093985553,124.0270398457845,-408.43902791341145,26491
409,503.20470173856336,1,0.2445039178243856,119.73381797472636,-403.19274520874023,26539
410,529.7416995554985,1,0.2443816658654734,47.974276661872864,-410.5666389465332,26571
411,601.0778417175804,1,0.2442594750325407,82.04998438698905,-409.47552490234375,26599
412,510.2635392030325,1,0.24413734529502443,80.62823623418808,-408.71277141571045,26663
413,571.0038880430054,1,0.24401527662237693,118.49472122192383,-405.02012939453124,26693
414,575.750646799346,1,0.24389326898406577,90.80854682922363,-407.0146286010742,26733
415,531.4383651327515,1,0.24377132234957374,132.14747479756673,-407.8131368001302,26792
416,536.8874174209552,1,0.24364943668839897,43.76589524118524,-407.0351851613898,26831
417,602.5945513898565,1,0.2435276119700548,200.02615987337552,-409.3673846905048,26857
418,483.9225317537953,1,0.24340584816406977,61.446328121682875,-409.8391033670177,26903
419,544.3196939125871,1,0.24328414523998773,66.88146995095646,-407.8581937902114,26937
420,529.263942132098,1,0.24316250316736776,100.48181961322653,-408.99377230940195,26994
421,600.1302834047424,1,0.24304092191578408,38.262603759765625,-412.80421142578126,27025
422,599.4193610133459,1,0.2429194014548262,57.20700925939224,-410.9411926269531,27059
423,581.9109792615714,1,0.2427979417540988,42.13388456617083,-412.6379830496652,27086
424,598.9029970357197,1,0.24267654278322176,71.90312933921814,-411.1898193359375,27118
425,480.31896631594213,1,0.24255520451183016,63.04405623215895,-410.45700894869293,27170
426,526.2487630088106,1,0.24243392690957424,117.24009616558368,-409.77236116849457,27223
427,553.594528544086,1,0.24231270994611948,135.0254498650046,-405.7220818014706,27256
428,595.0855685554101,1,0.24219155359114644,63.13114556812105,-405.59950038364957,27299
429,571.5402666339247,1,0.24207045781435088,57.08946685791015,-406.00597076416017,27339
430,578.4186101379682,1,0.24194942258544372,56.500741734224206,-406.1744025735294,27373
431,601.9168900386878,1,0.241828447874151,64.13699177333287,-417.74757167271207,27400
432,543.1616899802908,1,0.24170753365021394,63.50560283660889,-406.36209522594106,27445
433,469.2469207519496,1,0.24158667988338883,105.44558368009679,-409.0013652128332,27513
434,536.8305967930332,1,0.24146588654344714,48.510607319493445,-410.97401871219756,27575
435,537.3543450196397,1,0.24134515360017542,45.918142921046204,-410.8166359349301,27612
436,466.10067442260095,1,0.24122448102337535,107.53686804998489,-408.72128150576634,27655
437,592.3558188914494,1,0.24110386878286366,140.24674081802368,-408.0346043904622,27703
438,512.290781570233,1,0.24098331684847224,81.32966550191243,-411.9418296813965,27751
439,505.4832900906211,1,0.240862825190048,79.71634755815778,-411.17808605375745,27793
440,354.75019086546234,1,0.240742393777453,55.94078826904297,-410.34398489287406,27858
441,579.5620438922958,1,0.24062202258056428,130.40389502048492,-407.21972846984863,27891
442,587.0110782526585,1,0.24050171156927402,53.05193939208984,-407.9927017211914,27931
443,556.6627092316954,1,0.2403814607134894,70.24647512435914,-405.6163558959961,27970
444,573.2003790913121,1,0.24026126998313266,84.98200822913128,-410.9549799380095,28016
445,579.5811032104552,1,0.2401411393481411,62.02275061607361,-406.57021141052246,28048
446,593.0229781376861,1,0.24002106877846704,156.57181106914175,-407.2711348100142,28093
447,536.6915934082372,1,0.2399010582440778,74.80916395187378,-408.6467742919922,28132
448,526.3271105240608,1,0.23978110771495578,42.20743274688721,-409.58455352783204,28173
449,597.2512928004533,1,0.2396612171610983,79.22853098975287,-409.6710442437066,28209
450,588.4580310435128,1,0.23954138655251778,139.53939296888268,-410.60579780910325,28254
451,590.5431750932556,1,0.23942161585924154,91.09756711324056,-410.5829284667969,28285
452,576.8361076935236,1,0.23930190505131194,44.88851868478876,-408.3449225174753,28323
453,535.9291160686238,1,0.2391822540987863,180.13834238052368,-409.9529867172241,28386
454,579.9281134134216,1,0.23906266297173692,158.59817111492157,-410.2851867675781,28418
455,570.730899136176,1,0.23894313164025108,47.62278379712786,-409.6102621895926,28447
456,584.4686240030128,1,0.23882366007443095,56.23930631365095,-408.9010285877046,28489
457,589.963429577879,1,0.23870424824439376,108.5004266500473,-408.26941108703613,28520
458,568.7951855876759,1,0.2385848961202716,75.97284317016602,-409.57234999712773,28554
459,504.0216606021345,1,0.23846560367221148,103.15363996679133,-407.2228546142578,28598
460,549.5396040228576,1,0.23834637087037538,37.98025691509247,-410.03540802001953,28630
461,556.6367969534224,1,0.23822719768494022,60.284924055400644,-412.4612892552426,28668
462,601.758512320266,1,0.23810808408609777,46.52467727661133,-405.4094434465681,28696
463,592.3133960025336,1,0.23798903004405472,120.39853902963492,-407.91872934194714,28722
464,519.4896795190218,1,0.23787003552903271,123.10148789332463,-406.74419579139123,28775
465,536.859799624037,1,0.23775110051126822,66.98400700887045,-405.6287312825521,28834
466,561.943217498768,1,0.2376322249610126,45.33928800884046,-408.94290642989307,28872
467,526.1945203235,1,0.23751340884853211,65.82810417175293,-409.3780236816406,28923
468,546.3073802681206,1,0.23739465214410785,56.105393447875976,-409.4769873046875,28972
469,520.2212190604054,1,0.23727595481803582,97.19636447613055,-411.76334674541766,29024
470,587.797331022253,1,0.23715731684062683,46.95956039428711,-410.57425689697266,29049
471,563.8594276229884,1,0.23703873818220653,46.9888448300569,-406.20210332455844,29094
472,604.1006141552107,1,0.23692021881311542,348.6180586381392,-415.1045227050781,29116
473,519.903827509011,1,0.23680175870370887,130.42541786476417,-407.1000140154803,29170
474,544.9280709027785,1,0.23668335782435704,105.38194665454682,-406.2399713425409,29213
475,580.8266996094542,1,0.23656501614544487,98.43005930582682,-410.30808919270834,29243
476,588.430539187332,1,0.23644673363737215,45.56426175435384,-406.4334225124783,29278
477,449.60215241720323,1,0.2363285102705535,119.15303170053582,-408.5726238049959,29354
478,580.1058755403675,1,0.23621034601541824,58.570458778968224,-408.86156639686,29407
479,495.18317229612876,1,0.23609224084241054,44.327383041381836,-407.4925523237749,29450
480,600.1123111537943,1,0.23597419472198936,44.47026288509369,-404.11519622802734,29482
481,597.4061771176065,1,0.23585620762462836,99.58527723948161,-407.1634996202257,29518
482,574.0715747717222,1,0.23573827952081605,160.05302862687543,-407.2883314652876,29563
483,563.9819159400336,1,0.23562041038105566,46.70719415491278,-411.78268987482244,29607
484,598.1779110154588,1,0.23550260017586513,58.39287545945909,-406.56251356336804,29643
485,600.8025165914667,1,0.2353848488757772,77.30053977966308,-409.059375,29672
486,488.9887711882259,1,0.23526715645133933,63.27960395812988,-409.2185756138393,29729
487,570.5333202318936,1,0.23514952287311366,35.169390082359314,-410.5608386993408,29760
488,580.1789448397003,1,0.23503194811167713,82.9868357522147,-405.48924328031995,29803
489,530.9714477076882,1,0.2349144321376213,135.06031051635742,-408.31211547851564,29853
490,529.023354770206,1,0.23479697492155252,81.56827242234174,-406.3132719152114,29887
491,535.1015450537641,1,0.23467957643409176,100.7394471168518,-408.42654037475586,29919
492,522.2084117631764,1,0.23456223664587472,45.27407897949219,-407.6865625,29968
493,517.0211588344835,1,0.2344449555275518,78.23200215791401,-410.5403635125411,30007
494,566.6220835806678,1,0.23432773304978802,113.55845478602818,-405.7059413364955,30035
495,549.688566884898,1,0.23421056918326313,45.81867587566376,-406.92614555358887,30067
496,597.5805662929711,1,0.23409346389867153,66.22696484459772,-408.0670115152995,30103
497,573.0022749898301,1,0.2339764171667222,50.30788622962104,-403.386242336697,30138
498,551.3946077297461,1,0.23385942895813885,47.608059844970704,-410.57567626953124,30189
499,427.7560626080617,1,0.2337424992436598,84.22400949918307,-406.93748779296874,30319
500,496.6419172785008,1,0.233625627994038,108.48383493423462,-410.51092224121095,30359
501,576.1247536518839,1,0.233508815180041,45.26920146033878,-407.94323585146947,30400
502,536.0442460843581,1,0.23339206077245098,37.04792122613816,-407.36712646484375,30442
503,586.210499922521,1,0.23327536474206476,158.93638665335519,-407.345456804548,30471
504,466.2166029622896,1,0.23315872705969373,87.29715516017033,-404.712890625,30522
505,587.3040217635076,1,0.2330421476961639,52.67377439038507,-405.9938543911638,30580
506,601.9150097427314,1,0.23292562662231583,35.4979362487793,-407.55298790564905,30607
507,548.0481790180106,1,0.23280916380900468,37.843789418538414,-406.0173746744792,30642
508,600.4960689153183,1,0.2326927592271002,43.345982487996416,-412.20447998046876,30672
509,525.2906114820183,1,0.23257641284748667,38.91164216541109,-408.42249552408856,30714
510,514.9701851524035,1,0.23246012464106294,33.90091609954834,-407.5529479980469,30747
511,588.0465423256587,1,0.23234389457874244,113.35233317481146,-405.4804992675781,30782
512,566.6473155402375,1,0.23222772263145308,136.6165529552259,-405.43486745733964,30820
513,563.6392936182501,1,0.23211160877013737,154.19944526209974,-407.558242335464,30887
514,577.3660530791843,1,0.2319955529657523,39.79137761969315,-410.2113374408923,30924
515,432.35283638708165,1,0.23187955518926945,78.47052034838447,-410.49936544484103,30982
516,526.6613189212381,1,0.23176361541167484,87.3894638262297,-407.8618533485814,31020
517,562.1192146807978,1,0.231647733603969,111.36064368027907,-406.5300480769231,31047
518,602.0111636022848,1,0.23153190973716703,38.0369930267334,-404.90098454402045,31073
519,487.7114281539581,1,0.23141614378229847,57.125478665033974,-403.8050600687663,31120
520,591.9840064379068,1,0.23130043571040734,79.47679270230807,-410.2170738807091,31147
521,564.5477701546748,1,0.23118478549255214,113.73043207688765,-405.53444740988994,31190
522,604.2120388308567,1,0.2310691930998059,44.10676536560059,-403.1191101074219,31211
523,558.1577719983397,1,0.230953658503256,101.33166027069092,-408.33839246961804,31246
524,599.2665501509082,1,0.23083818167400438,85.76959609985352,-406.2032699584961,31278
525,538.6380557408053,1,0.2307227625831674,145.53270351185517,-406.0776690314798,31313
526,441.9630667250831,1,0.23060740120187584,49.651502532958986,-405.82377075195313,31362
527,586.1756744858384,1,0.23049209750127492,79.39593772888183,-406.9014617919922,31403
528,535.1631781356788,1,0.2303768514525243,58.4530408950079,-408.59321957542784,31445
529,531.0255634802725,1,0.23026166302679804,86.05307821127084,-404.14181753305286,31497
530,604.6128967473971,1,0.23014653219528466,195.5792562311346,-415.8665050159801,31518
531,570.2222143414697,1,0.23003145892918703,65.50410664876303,-402.1170715332031,31549
532,557.4642132076511,1,0.22991644319972246,88.45848395029704,-404.91778361002605,31608
533,569.9931253823434,1,0.2298014849781226,135.21548461914062,-405.2735566638765,31650
534,570.9306691098024,1,0.22968658423563357,139.91466852823893,-402.45233764648435,31680
535,539.540399815854,1,0.22957174094351576,185.85480856895447,-406.08077239990234,31712
536,551.5889370571598,1,0.229456955073044,41.198453216552736,-405.1388220214844,31763
537,595.3540751987334,1,0.2293422265955075,42.97430262358292,-407.6568086043648,31808
538,532.4446098760382,1,0.22922755548220974,71.00120202700298,-405.23107655843097,31856
539,575.8023177921193,1,0.22911294170446866,101.90243520736695,-403.71265716552733,31896
540,574.0083088117113,1,0.22899838523361643,40.74412560462952,-405.73571968078613,31929
541,588.3429161160495,1,0.22888388604099963,47.1814366446601,-403.5526987711589,31964
542,590.4614776531349,1,0.22876944409797914,184.32307294209798,-404.4274597167969,31994
543,575.3356862359817,1,0.22865505937593017,67.63120775956374,-409.5581747201773,32047
544,601.8217881553264,1,0.2285407318462422,46.09062576293945,-407.5493360246931,32074
545,558.4850118067641,1,0.22842646148031912,47.65794331094493,-402.9709751295007,32120
546,457.33841622382346,1,0.22831224824957896,92.24919024876186,-404.7841988699777,32191
547,591.3058679927352,1,0.2281980921254542,38.26860455104283,-406.89984130859375,32219
548,599.4245489607017,1,0.22808399307939148,129.0037213563919,-405.54949378967285,32251
549,560.4757162049773,1,0.22796995108285178,154.23881708780925,-407.49305419921876,32281
550,475.9760572696606,1,0.22785596610731038,37.598355293273926,-405.2126174926758,32321
551,601.7139069462897,1,0.22774203812425672,184.98756899152482,-401.2595912388393,32348
552,398.2037654242861,1,0.2276281671051946,35.53831422740016,-405.5308195969154,32406
553,600.3407803148675,1,0.22751435302164202,35.72811508178711,-402.9255310058594,32436
554,571.6787611238641,1,0.22740059584513123,85.08656774248395,-410.25332423618863,32464
555,586.2008237052728,1,0.22728689554720868,250.92019258226668,-409.300051007952,32492
556,599.8910314616605,1,0.2271732520994351,171.33003997802734,-408.42549324035645,32524
557,496.8083761253195,1,0.22705966547338538,43.69455407795153,-401.4389279014186,32562
558,556.2209451796322,1,0.2269461356406487,34.86019934377363,-407.367679719002,32625
559,602.8794474246649,1,0.2268326625728284,59.349118306086616,-404.33170025165265,32651
560,487.01638072763325,1,0.226719246241542,96.07785377502441,-407.79819580078123,32700
561,547.1120245844743,1,0.22660588661842124,105.81888135274251,-407.38099466959636,32760
562,588.7969293320398,1,0.22649258367511205,89.93499685216833,-409.5243790237992,32815
563,541.4945816927358,1,0.2263793373832745,51.63853588104248,-409.6843978881836,32854
564,594.3165060248843,1,0.2262661477145829,67.20743691921234,-410.26977920532227,32886
565,538.3048447441477,1,0.22615301464072562,39.128129641215004,-403.4139336480035,32922
566,566.1681418492889,1,0.22603993813340528,72.63713110410251,-405.07630920410156,32974
567,602.14738457338,1,0.2259269181643386,48.952910936795746,-408.0017301119291,33001
568,603.0689195261529,1,0.22581395470525645,90.10957175034743,-406.07945838341345,33026
569,591.1536376108608,1,0.22570104772790384,106.74109963008335,-405.3877737862723,33054
570,505.389962032795,1,0.2255881972040399,51.390362512497674,-402.0136994861421,33097
571,555.7893772960585,1,0.22547540310543787,89.61398273706436,-406.8550672531128,33160
572,604.4705136769176,1,0.22536266540388517,37.41750373840332,-404.7565551757813,33181
573,599.8800676890673,1,0.22524998407118324,123.0950927734375,-400.0323791503906,33212
574,543.8455234365514,1,0.22513735907914767,41.44695082577792,-407.49826882102275,33256
575,550.2279116548588,1,0.2250247903996081,90.28066006413212,-406.4623944317853,33310
576,600.6660173680949,1,0.2249122780044083,26.56234690348307,-405.1358642578125,33341
577,485.9531314284321,1,0.22479982186540612,113.15840203421456,-407.13317435128346,33382
578,535.4120546397262,1,0.22468742195447342,73.77195612589519,-405.8139110746838,33425
579,512.051727081846,1,0.22457507824349618,106.42277519226074,-404.30704711914063,33474
580,601.7540930955396,1,0.22446279070437444,40.12147683363695,-410.8014315091647,33501
581,555.7427502171173,1,0.22435055930902226,117.05794324874878,-407.8132781982422,33541
582,605.0635221143002,1,0.22423838402936777,159.56440811157228,-408.7280731201172,33561
583,570.5299461791514,1,0.2241262648373531,141.3569529056549,-409.561487197876,33592
584,603.5741723631975,1,0.22401420170493444,35.3469934463501,-401.8145523071289,33616
585,601.9201446322195,1,0.22390219460408198,39.930390284611626,-409.74681208683893,33642
586,588.348338654818,1,0.22379024350677995,59.48588472254136,-409.6769193761489,33677
587,533.9615685875121,1,0.22367834838502657,114.18933114138517,-404.5800420587713,33721
588,513.4871172644299,1,0.22356650921083407,43.70010336514177,-405.7210388183594,33779
589,504.961900018133,1,0.22345472595622867,51.406993952664465,-409.28516179865056,33823
590,603.5438345523548,1,0.22334299859325057,46.71090189615885,-409.9823735555013,33846
591,526.4667381120739,1,0.22323132709395396,40.69555320739746,-404.5192611694336,33886
592,603.4788026397672,1,0.223119711430407,54.675328341397375,-410.4935330477628,33909
593,573.1564315251596,1,0.22300815157469178,50.145979825188135,-408.0222275677849,33943
594,603.3243882842552,1,0.22289664749890445,29.704107999801636,-404.4307123819987,33966
595,576.1612553176121,1,0.22278519917515502,44.00087588174002,-405.403564453125,33995
596,477.696315607242,1,0.22267380657556746,93.29789371490479,-406.09929911295575,34055
597,507.5960833243444,1,0.2225624696722797,43.158257936176504,-407.31095163445724,34092
598,598.4545817320161,1,0.22245118843744355,45.29103469848633,-408.88533109777114,34127
599,540.234178078401,1,0.22233996284322483,40.29867803482782,-408.88672310965404,34168
600,602.0986342767735,1,0.22222879286180322,40.135878783005936,-405.6709500826322,34194
601,573.2291545926496,1,0.22211767846537234,42.19823161760966,-407.0093587239583,34242
602,564.135974284423,1,0.22200661962613966,50.853913162693836,-407.1601867675781,34308
603,602.3292396621763,1,0.2218956163163266,57.98508101243239,-403.53617037259613,34334
604,408.22528632562177,1,0.22178466850816844,109.33182469536277,-405.2570531508502,34402
605,591.4387497910537,1,0.22167377617391437,41.041642733982634,-412.1142054966518,34430
606,599.2227489151784,1,0.22156293928582743,93.71645975112915,-407.09010124206543,34462
607,567.9300980153274,1,0.22145215781618452,58.725922865026135,-410.5541776769301,34497
608,602.1235294585839,1,0.22134143173727644,33.77451910291399,-406.94618007114957,34524
609,549.3508317514188,1,0.22123076102140782,162.58696293830872,-410.286828994751,34556
610,584.0703340645996,1,0.22112014564089713,60.917134111577816,-411.9106750488281,34600
611,603.7400382271292,1,0.2210095855680767,115.93918956409802,-412.9061556729403,34623
612,556.2829794178695,1,0.2208990807752927,161.41732157193698,-404.95374943659857,34674
613,452.69196075204013,1,0.22078863123490505,50.34833812713623,-410.172358194987,34723
614,560.3500168048022,1,0.22067823691928762,40.937217458089194,-409.6467000325521,34753
615,578.6424668152649,1,0.220567897800828,48.03138205584358,-409.5628500545726,34787
616,418.22557800655323,1,0.2204576138519276,48.57015511085247,-409.38989468278555,34845
617,524.9749676913139,1,0.22034738504500165,114.80389867510114,-413.5544666108631,34887
618,504.21168984675444,1,0.22023721135247917,106.17510610818863,-406.5810880661011,34951
619,577.2964048781089,1,0.22012709274680295,134.64543272319594,-411.14938193873354,34989
620,573.0996808158295,1,0.22001702920042956,45.48863307634989,-407.98437372843426,35036
621,590.9030716008633,1,0.21990702068582937,118.11966391972133,-412.79954528808594,35065
622,589.1791328836882,1,0.21979706717548647,134.4115541121539,-411.37311329561123,35098
623,604.6177206500791,1,0.21968716864189874,46.813199823552914,-409.78036221590907,35120
624,590.2398989021199,1,0.2195773250575778,62.60258373847375,-415.1939462515024,35172
625,604.2906784750024,1,0.219467536395049,296.3041072845459,-406.59072265625,35193
626,506.5047587782887,1,0.2193578026268515,45.95167217254639,-407.16884765625,35232
627,558.7378682005316,1,0.2192481237255381,66.2957457374124,-410.48400699391084,35266
628,546.3110920818101,1,0.21913849966367532,60.981714750591074,-404.9261731599507,35305
629,537.7759625475446,1,0.2190289304138435,41.49800658226013,-408.4786071777344,35352
630,597.5660115718181,1,0.2189194159486366,83.40951661502613,-411.79490751378677,35387
631,601.2245828321638,1,0.2188099562406623,112.15870412190755,-409.6377400716146,35416
632,530.2167975389036,1,0.21870055126254198,138.89537220909483,-411.34070550827755,35458
633,582.0771094688262,1,0.21859120098691073,42.98970339848445,-402.82275390625,35484
634,601.7410783572057,1,0.2184819053864173,103.11174480731671,-415.7672612116887,35511
635,571.0213591396339,1,0.2183726644337241,82.54303023928688,-410.63718959263394,35552
636,587.1722497576227,1,0.21826347810150726,75.16101114373458,-410.26526200143917,35591
637,590.4859337279611,1,0.2181543463624565,44.89779968261719,-412.52147623697914,35621
638,600.6278376680082,1,0.2180452691892753,58.008767954508464,-407.23195393880206,35650
639,558.9253682861761,1,0.2179362465546807,35.37309612947352,-406.36911190257354,35684
640,602.3059695083141,1,0.21782727843140337,40.201872898982124,-408.50862943209137,35710
641,567.6922666877251,1,0.21771836479218767,54.918536738345495,-410.14646831311677,35748
642,527.635018940264,1,0.2176095056097916,49.96302952485926,-407.48454194910386,35783
643,595.7319933758779,1,0.2175007008569867,36.25530920028687,-409.63626556396486,35822
644,601.6860465806285,1,0.2173919505065582,114.18530258765587,-414.7265155498798,35849
645,602.705547155711,1,0.21728325453130495,98.16190719604492,-416.52726393479566,35874
646,469.79400492687716,1,0.2171746129040393,56.18546434549185,-406.9672593336839,35927
647,603.3227297608253,1,0.2170660255975873,38.94621594746908,-411.9663848876953,35951
648,562.192106915921,1,0.21695749258478852,75.09505598885673,-407.2164284842355,35978
649,576.6592688100454,1,0.21684901383849614,34.076469120226406,-408.9220548930921,36017
650,581.0071371537717,1,0.21674058933157692,60.68918146405901,-406.2731410435268,36045
651,541.5054197824953,1,0.21663221903691113,132.70678068462172,-408.7108587967722,36083
652,602.678560922094,1,0.21652390292739268,86.30493516188402,-407.5084158090445,36109
653,587.0585765237348,1,0.216415640975929,45.83252157483782,-411.0067596435547,36136
654,579.7092094419935,1,0.21630743315544104,103.42341816425323,-411.3005771636963,36168
655,560.7632419762512,1,0.21619927943886333,43.66185213724772,-411.85642903645834,36199
656,571.4842146847424,1,0.2160911797991439,30.056033406938827,-411.90401785714283,36227
657,594.3055563746502,1,0.21598313420924437,34.50341320037842,-410.7524242401123,36259
658,600.8131521617307,1,0.21587514264213975,38.91352996826172,-408.2886189778646,36288
659,531.9612777243008,1,0.2157672050708187,39.453141927719116,-413.109182993571,36337
660,469.9348518434973,1,0.21565932146828332,150.87711655009878,-411.9315948486328,36380
661,524.7016405201085,1,0.21555149180754918,41.42490931919643,-408.82049560546875,36422
662,591.3127836355332,1,0.21544371606164542,38.21521513802664,-417.17958068847656,36451
663,570.9726783639402,1,0.2153359942036146,42.28973808288574,-411.9130879720052,36480
664,584.5486894830901,1,0.2152283262065128,79.58229124546051,-410.29125785827637,36512
665,485.4566404785436,1,0.21512071204340957,36.71547998700823,-408.8807939801897,36554
666,568.4689534974002,1,0.21501315168738788,188.40173867169548,-410.35838048598345,36589
667,583.6955493989494,1,0.2149056451115442,83.72497415542603,-408.9598032633464,36612
668,555.8269005241192,1,0.21479819228898844,86.84005546569824,-409.43578084309894,36642
669,510.467076189775,1,0.21469079319284395,102.09990098741319,-412.8562927246094,36696
670,602.5625843064577,1,0.21458344779624755,39.521979649861656,-409.0573959350586,36721
671,532.360365746664,1,0.21447615607234943,87.7391808827718,-409.1618792215983,36769
672,489.9614716465889,1,0.21436891799431326,78.95027078901019,-411.13966006324404,36811
673,590.517064870614,1,0.2142617335353161,39.275156529744464,-411.1984375,36841
674,564.923954143369,1,0.21415460266854847,70.22353036063058,-412.9757051013765,36883
675,447.51097501884806,1,0.2140475253672142,43.67639986673991,-412.09334055582684,36931
676,582.0279730681043,1,0.2139405016045306,35.02572659083775,-410.69832938058033,36958
677,603.4270210780774,1,0.21383353135372835,54.76110315322876,-415.3848292032878,36983
678,586.8598955251839,1,0.2137266145880515,112.03262628827777,-409.87566048758373,37010
679,583.4735582414044,1,0.2136197512807575,66.05164137753573,-413.5380748401989,37055
680,477.4638366454073,1,0.21351294140511712,39.228088569641116,-414.3693572998047,37115
681,600.3858945824531,1,0.21340618493441457,70.12800356547038,-410.93951009114585,37145
682,543.0088018624853,1,0.21329948184194739,32.01172836967137,-412.6101896866508,37191
683,587.759747305905,1,0.21319283210102644,89.30816025204129,-413.8849131266276,37226
684,519.3845687823039,1,0.21308623568497592,54.349448919296265,-411.6928939819336,37259
685,534.5874329943981,1,0.21297969256713345,95.87180493094705,-413.82232388583094,37303
686,487.3991120483237,1,0.2128732027208499,152.6396772066752,-414.39084498087567,37351
687,602.903907845825,1,0.21276676611948947,165.76144233116736,-415.8600369966947,37376
688,508.0842674227987,1,0.21266038273642973,53.383005639781125,-409.4306587550951,37422
689,518.3417943682821,1,0.21255405254506152,52.47486135694716,-412.5497233072917,37458
690,592.2496354705028,1,0.212447775518789,47.93210880572979,-410.373772254357,37484
691,601.4430459569519,1,0.2123415516310296,207.95335238320487,-413.35238211495533,37512
692,514.2113000682239,1,0.2122353808552141,92.35125547647476,-410.6036567687988,37577
693,511.95151299803,1,0.2121292631647865,37.69126427968343,-415.5004892985026,37636
694,603.1376778187532,1,0.21202319853320412,33.59891319274902,-412.05274963378906,37661
695,590.1011601428588,1,0.21191718693393752,108.0058343410492,-414.57947540283203,37693
696,458.66578596713106,1,0.21181122834047056,92.01428546076235,-412.75039142111075,37739
697,565.5539327808474,1,0.21170532272630033,89.34608116149903,-410.0233418782552,37769
698,417.8103820771956,1,0.21159947006493718,41.27312412261963,-414.5516326904297,37828
699,604.4871703847379,1,0.2114936703299047,28.983959007263184,-419.2410369873047,37849
700,596.1812180073865,1,0.21138792349473978,29.583001963297527,-416.18225911458336,37878
701,443.78322428953214,1,0.21128222953299242,48.60123866537343,-415.6234767747962,37924
702,536.2184567390001,1,0.21117658841822592,34.83979549407959,-414.7711547851562,37964
703,595.7005805120062,1,0.21107100012401683,32.4377446492513,-412.8879455566406,37994
704,539.6749365760584,1,0.21096546462395482,65.9469485282898,-414.3693218231201,38026
705,597.4339607547024,1,0.21085998189164284,99.99607849121094,-413.34339226616754,38063
706,582.4898074730677,1,0.21075455190069703,30.843579805814304,-413.2004629281851,38088
707,568.1628248425874,1,0.2106491746247467,88.01107328078326,-410.0944501091452,38123
708,598.2833861021095,1,0.21054385003743434,42.29090174039205,-416.34142812093097,38146
709,591.3809459835514,1,0.21043857811241562,105.53627518245152,-418.2955017089844,38175
710,559.2278976435673,1,0.21033335882335943,76.50197735954734,-416.9041065889246,38208
711,543.9266320262024,1,0.21022819214394778,54.17292390046296,-413.247875072338,38262
712,537.0992191724627,1,0.2101230780478758,117.43306039509021,-414.0139385022615,38301
713,601.5515785347678,1,0.21001801650885188,29.477843761444092,-418.4111022949219,38328
714,600.8453829286859,1,0.20991300750059746,129.3080369404384,-414.3913356236049,38357
715,585.8384507226801,1,0.20980805099684718,30.29314193725586,-414.08914947509766,38397
716,604.2128256480889,1,0.20970314697134876,37.12738748030229,-414.55967018821025,38419
717,598.7345642350554,1,0.2095982953978631,34.83672120836046,-413.29215325249567,38454
718,569.6644729488169,1,0.20949349625016417,72.138463139534,-416.6118354797363,38486
719,595.592735687674,1,0.2093887495020391,27.947634124755858,-418.9095748901367,38526
720,539.1829819232142,1,0.2092840551272881,65.60416733134876,-414.236645785245,38570
721,593.4734550931556,1,0.20917941309972446,37.43184264500936,-413.78235117594403,38594
722,602.2205017541346,1,0.2090748233931746,111.07747488755446,-413.4531742976262,38620
723,589.8321956998115,1,0.20897028598147802,31.571764119466145,-415.2792460123698,38651
724,539.0658433753872,1,0.2088658008384873,46.83341205821318,-413.5683360380285,38685
725,585.9764123387406,1,0.20876136793806807,39.29495859146118,-418.2593688964844,38725
726,500.0685283149416,1,0.20865698725409904,72.9830936085094,-418.05423251065343,38768
727,508.5466984327582,1,0.208552658760472,37.32009281831629,-413.5909782858456,38802
728,502.2801889965708,1,0.20844838243109176,69.12212891048856,-417.81368849012586,38839
729,596.4806632888472,1,0.20834415823987623,57.3106578525744,-412.0300501773232,38877
730,587.7228926160078,1,0.2082399861607563,43.16171317630344,-418.4569346110026,38913
731,599.8712385746172,1,0.20813586616767596,155.1157352924347,-416.3518753051758,38945
732,566.6904248022458,1,0.20803179823459214,81.97733507156372,-412.49675903320315,38984
733,601.0725473790051,1,0.20792778233547485,99.0562996183123,-414.17701503208707,39013
734,602.3984722718795,1,0.2078238184443071,29.82254512493427,-414.0482154259315,39039
735,572.8808217221484,1,0.20771990653508496,44.30049191350522,-416.6317576532779,39085
736,530.6915352859359,1,0.20761604658181743,154.15265345573425,-414.3792915344238,39117
737,578.5843644663535,1,0.20751223855852652,31.42129909290987,-414.6612494973575,39151
738,549.3918415673161,1,0.20740848243924725,41.196036731495575,-415.27671903722427,39184
739,601.3425755393779,1,0.20730477819802764,38.91004753112793,-419.45496041434154,39212
740,586.2942849500811,1,0.20720112580892863,44.987162138286386,-414.57800453587583,39251
741,561.642849345832,1,0.20709752524602418,29.1345349362022,-416.8321982935855,39289
742,602.8473755827886,1,0.20699397648340118,97.20571835835774,-417.9189147949219,39313
743,603.2633315548072,1,0.20689047949515948,97.86234474182129,-414.9737828572591,39336
744,539.5155351355236,1,0.20678703425541192,80.01125744410923,-418.05323718843005,39379
745,570.0544352576841,1,0.20668364073828424,24.49054527282715,-417.72643852233887,39410
746,570.118304728574,1,0.2065802989179151,93.60628000895183,-418.13633897569446,39465
747,541.2018676428411,1,0.20647700876845615,42.2928551197052,-417.0858612060547,39505
748,599.6855328069134,1,0.20637377026407194,69.72683215141296,-418.35583114624023,39537
749,602.6114659462644,1,0.20627058337893991,30.481343636145958,-420.7130526029147,39563
750,523.7108832442233,1,0.20616744808725046,29.786820701930832,-416.01638263204825,39609
751,590.7022644254787,1,0.20606436436320685,95.11466509501139,-416.9476277669271,39639
752,603.0580816669826,1,0.20596133218102528,32.80765708287557,-420.6495946248372,39663
753,505.7853763743407,1,0.20585835151493478,47.28094600495838,-419.0271432059152,39704
754,591.7998452915816,1,0.20575542233917732,82.63112552349384,-417.2455538236178,39731
755,604.6570264511271,1,0.20565254462800775,60.29227499528365,-418.42657193270594,39752
756,588.7481694323656,1,0.20554971835569374,68.66987252235413,-415.2176914215088,39785
757,522.6002637018828,1,0.2054469434965159,31.320434369538958,-415.5327662417763,39822
758,584.1033192074192,1,0.20534422002476765,52.82881164550781,-420.12734291770244,39866
759,538.0034139587317,1,0.20524154791475527,33.664478354983856,-421.74727715386285,39902
760,597.9508156334309,1,0.2051389271407979,30.446672863430447,-414.675055609809,39938
761,580.0613331646456,1,0.2050363576772275,49.09123700459798,-417.7271016438802,39969
762,570.1653249477877,1,0.2049338394983889,64.87216436862946,-417.23655891418457,40000
763,603.5140505967682,1,0.2048313725786397,30.951976776123047,-417.6964638449929,40023
764,552.9257442023128,1,0.2047289568923504,81.31843079460992,-420.5571017795139,40059
765,509.66148905630814,1,0.20462659241390424,31.2653951048851,-417.30214977264404,40122
766,595.5787567453576,1,0.2045242791176973,27.938539759318033,-415.35096435546876,40152
767,603.3081345082145,1,0.20442201697813847,147.58945035934448,-417.17242431640625,40176
768,529.1643463513649,1,0.2043198059696494,95.7143816947937,-416.686466217041,40208
769,593.1584277090328,1,0.2042176460666646,36.52043263117472,-416.81762440999347,40233
770,562.4326881215377,1,0.20411553724363127,30.77650038401286,-420.003480275472,40280
771,584.9195259056452,1,0.20401347947500947,25.38283487955729,-422.7678975423177,40311
772,602.5736356343581,1,0.203911472735272,35.9998836517334,-422.10992666391223,40336
773,592.2257806504814,1,0.20380951699890437,83.46098001797994,-417.16051355997723,40384
774,585.628244430741,1,0.20370761224040493,56.050250339508054,-422.1566497802734,40425
775,580.5750141522204,1,0.20360575843428474,82.66282386779785,-419.173740641276,40455
776,588.3580087989848,1,0.20350395555506762,82.29784324434068,-417.02691819932727,40490
777,505.67754067905145,1,0.2034022035772901,28.725487375259398,-418.81537475585935,40531
778,570.1213563556788,1,0.20330050247550147,63.01565957069397,-420.84288024902344,40562
779,597.9142402463037,1,0.20319885222426373,96.19524248908547,-419.9947545668658,40597
780,587.1911712689041,1,0.2030972527981516,29.698872634342738,-413.64547947474887,40624
781,603.4915818555352,1,0.20299570417175253,62.20047108332316,-418.7213541666667,40648
782,550.4997230963297,1,0.20289420631966668,26.828126525878908,-417.32506510416664,40678
783,598.6166645138178,1,0.20279275921650686,226.08196606355554,-419.50330846449907,40713
784,601.6299787249258,1,0.20269136283689862,32.85913372039795,-419.3392551967076,40740
785,601.4944640362264,1,0.2025900171554802,46.4399733543396,-415.8482469831194,40768
786,598.3344341736783,1,0.20248872214690247,26.031508614035214,-419.9251906451057,40803
787,540.6142146319761,1,0.20238747778582902,126.69028854370117,-418.7177022298177,40832
788,571.2647284684483,1,0.20228628404693613,88.82069710322789,-427.5149666922433,40860
789,502.0597357128545,1,0.20218514090491269,59.92398818333944,-417.63837814331055,40909
790,593.0146302208404,1,0.20208404833446025,25.856337033785305,-418.1208097017728,40934
791,600.048084184129,1,0.20198300631029303,85.50787150859833,-416.10044860839844,40966
792,603.0607762956645,1,0.2018820148071379,54.67456992467245,-415.9845428466797,40990
793,600.7622328867051,1,0.20178107379973434,36.35477365766253,-420.66336931501115,41019
794,600.9018263767825,1,0.2016801832628345,72.98160826365152,-422.0051554361979,41048
795,505.8947345608914,1,0.20157934317120307,33.596666262700005,-420.70903249887317,41100
796,601.0468759151647,1,0.2014785534996175,27.971347332000732,-420.14095633370533,41129
797,580.3910958068161,1,0.20137781422286768,33.71795645214262,-422.6168677920387,41170
798,603.5179822553059,1,0.20127712531575626,28.81023184458415,-422.74903361002606,41194
799,544.6022454097127,1,0.20117648675309838,74.3864117860794,-420.9820098876953,41226
800,552.1458159065863,1,0.20107589850972185,24.09200035898309,-421.2305201480263,41264
801,601.497906305178,1,0.200975360560467,59.41461291679969,-420.54025503305286,41291
802,593.48184973621,1,0.20087487288018677,41.23936425315009,-422.1362660725911,41327
803,603.967433680632,1,0.20077443544374668,97.56134398778279,-422.98739369710285,41350
804,507.49758322192275,1,0.2006740482260248,29.050962950053968,-419.9277086759868,41388
805,599.4664733233682,1,0.2005737112019118,99.04958748817444,-418.75250244140625,41421
806,568.4642660394597,1,0.20047342434631085,23.568551858266193,-421.4728495279948,41456
807,599.8595455269242,1,0.2003731876341377,83.11410013834636,-423.44115193684894,41486
808,572.2166602798115,1,0.20027300104032064,96.98499708909254,-414.8794250488281,41512
809,598.8516937035179,1,0.2001728645398005,24.062446369844324,-423.6486241957721,41546
810,394.2481064663769,1,0.2000727781075306,30.573854793201793,-422.5674771395597,41591
811,572.0966186570786,1,0.19997274171847684,59.40715912410191,-424.53536333356584,41618
812,593.8146100870126,1,0.19987275534761761,30.637446836991742,-419.31160389293325,41641
813,601.1794356479039,1,0.1997728189699438,70.70477288564047,-421.4097615559896,41670
814,556.9079221549412,1,0.19967293256045884,40.630495601230194,-417.1877170138889,41707
815,569.0300383676945,1,0.19957309609417861,46.56529067544376,-416.79967364142925,41740
816,582.9330735705333,1,0.19947330954613154,146.79158369700113,-422.01149495442706,41764
817,603.5269292223838,1,0.19937357289135849,62.37499913302335,-418.94681063565343,41787
818,599.5668790250057,1,0.1992738861049128,72.83974134922028,-419.3227787017822,41819
819,546.0984120312041,1,0.19917424916186036,78.78500620524089,-420.0875621977307,41860
820,548.9886422586769,1,0.19907466203727944,26.09878897666931,-420.3308734893799,41893
821,496.6904928982676,1,0.1989751247062608,81.28111486434936,-418.77689666748046,41932
822,584.707487415886,1,0.19887563714390769,29.957203038533528,-425.0403727213542,41963
823,589.3997886420547,1,0.19877619932533575,70.62375405255486,-417.95624856387866,41997
824,587.2469266123053,1,0.1986768112256731,30.660140589663857,-419.4554025750411,42034
825,559.1743976989202,1,0.19857747282006027,50.32355319752413,-420.2198953067555,42068
826,601.8557971185039,1,0.19847818408365026,36.467140491192154,-426.073481633113,42095
827,603.2552052496852,1,0.19837894499160844,76.83939610994778,-422.91939133864184,42120
828,594.2106430925267,1,0.19827975551911264,26.17421105328728,-421.6532503015855,42154
829,558.6373735394238,1,0.1981806156413531,23.505149224225214,-421.7908935546875,42188
830,580.0522230378426,1,0.19808152533353243,154.3890541791916,-422.91715240478516,42220
831,506.70984347671015,1,0.19798248457086567,148.34113281651548,-422.42213680869656,42259
832,583.2833223615085,1,0.19788349332858024,64.09802844307639,-422.53077697753906,42303
833,453.3544076103545,1,0.19778455158191596,83.51069483549699,-418.47886856742525,42349
834,583.8929809601738,1,0.19768565930612503,42.17047264264978,-417.7250684655231,42394
835,558.9822196732308,1,0.19758681647647197,71.16529881954193,-420.5518684387207,42427
836,467.8278028029342,1,0.19748802306823374,55.64617056595652,-420.0323341771176,42464
837,603.8281344627403,1,0.19738927905669962,82.71597879583186,-420.23216386274856,42487
838,517.2543632801521,1,0.1972905844171713,35.99367859489039,-421.95641929224917,42525
839,598.3275783814515,1,0.19719193912496272,21.41508611043294,-422.0710728963216,42549
840,597.8887273189994,1,0.19709334315540025,82.41261185540094,-420.57735358344183,42584
841,586.2639199846035,1,0.19699479648382257,48.635895578484785,-423.92095947265625,42622
842,600.3379933126525,1,0.19689629908558068,50.8070016225179,-420.33396402994794,42653
843,599.1636517664934,1,0.1967978509360379,26.746802243319426,-420.696816184304,42675
844,457.6459874937111,1,0.1966994520105699,35.97101386388143,-422.3020388285319,42722
845,601.0708567009278,1,0.19660110228456462,28.26034082685198,-421.63448006766185,42751
846,568.2979417958852,1,0.19650280173342236,35.573694388071694,-424.7994961208767,42786
847,566.5092502718677,1,0.19640455033255566,81.31415884118331,-420.10748291015625,42824
848,553.4228397888971,1,0.1963063480573894,22.01880110865054,-421.469982644786,42870
849,574.6781206123109,1,0.19620819488336072,68.62582218647003,-418.34045219421387,42902
850,601.6810844390814,1,0.19611009078591904,60.0268732217642,-419.3537339430589,42929
851,529.2601149884279,1,0.19601203574052609,25.11907167995677,-422.6731962316176,42962
852,603.5439663473521,1,0.19591402972265584,55.104436527598985,-429.9610235040838,42985
853,596.5319879995836,1,0.19581607270779453,85.48510029441432,-419.9413130910773,43023
854,604.7547405479149,1,0.19571816467144063,125.63090757890181,-418.0363103693182,43044
855,551.0318708561884,1,0.19562030558910493,23.695564416738655,-423.026371882512,43097
856,514.298360866441,1,0.1955224954363104,26.814695192419965,-421.82352347995925,43142
857,562.6435380259886,1,0.19542473418859224,94.03343560960558,-424.065180460612,43179
858,603.301331202731,1,0.19532702182149794,109.5415170987447,-421.01441955566406,43202
859,554.7855973706054,1,0.19522935831058721,67.71509399414063,-419.93926391601565,43233
860,602.0926620011992,1,0.19513174363143193,140.89118358067103,-424.51251438685824,43260
861,591.9129744467995,1,0.19503417775961623,75.9959275172307,-416.4183584359976,43287
862,586.0667567468271,1,0.19493666067073645,94.7889591852824,-419.1449788411458,43316
863,560.0779384255311,1,0.1948391923404011,24.541770219802856,-423.7240447998047,43348
864,603.5013978350387,1,0.1947417727442309,86.76267131169637,-418.7919158935547,43372
865,559.7761830819534,1,0.1946444018578588,25.319201060703822,-422.001706077939,43415
866,599.0361802576094,1,0.19454707965692988,78.63986839967616,-420.17937155330884,43449
867,602.9708779239588,1,0.19444980611710144,30.90917221705119,-426.6977259318034,43473
868,591.8701548139397,1,0.1943525812140429,27.310018880026682,-422.06222752162387,43500
869,516.0478044357458,1,0.19425540492343588,37.918989181518555,-421.9202850341797,43541
870,570.037162914986,1,0.19415827722097417,140.98471202850342,-419.8024393717448,43571
871,600.6132206233847,1,0.1940611980823637,109.03624331156412,-419.49513549804686,43600
872,544.7790538779774,1,0.1939641674833225,64.74361950159073,-420.7213649749756,43632
873,601.2917087667072,1,0.19386718539958087,76.01290239606585,-416.59505571637834,43660
874,571.7269513414548,1,0.1937702518068811,71.17094993591309,-428.4948168302837,43698
875,590.7811547769966,1,0.19367336668097768,35.48912658691406,-422.6485656738281,43728
876,604.2664616482239,1,0.1935765299976372,108.99011715975675,-421.04721624200994,43750
877,590.6485120803253,1,0.19347974173263838,54.75781275431315,-422.1339070638021,43780
878,581.2609206989832,1,0.19338300186177207,30.875094686235702,-425.42515345982144,43808
879,589.1176760362202,1,0.1932863103608412,40.95832097530365,-425.23185539245605,43840
880,568.5564757144614,1,0.1931896672056608,109.62978666478938,-422.70265059037644,43885
881,519.3982040304057,1,0.19309307237205797,68.95421757417567,-421.1999278349035,43919
882,575.3526225831206,1,0.19299652583587196,22.985024094581604,-422.11170387268066,43950
883,543.8546726909804,1,0.19290002757295402,91.60470511696555,-425.62516645951706,43994
884,555.2548037268989,1,0.19280357755916755,169.18206314813523,-421.81910196940106,44036
885,476.99786835579965,1,0.19270717577038798,31.342629482871608,-420.6205123098273,44075
886,590.9690727456851,1,0.1926108221825028,50.0699234644572,-421.6995340983073,44104
887,590.573066285151,1,0.19251451677141157,23.941073417663574,-427.51886189778645,44135
888,595.8859613540353,1,0.19241825951302588,24.46633152961731,-420.83711395263674,44174
889,547.1021172487308,1,0.19232205038326938,26.289188678448017,-421.308600792518,44201
890,602.0026970422227,1,0.19222588935807775,26.209145545959473,-419.69158935546875,44229
891,598.9616278073564,1,0.1921297764133987,32.47259044647217,-423.915626077091,44262
892,602.4587372621568,1,0.19203371152519202,22.192559162775677,-424.26185099283856,44287
893,601.1761441020269,1,0.19193769466942945,42.54803810119629,-418.74913126627604,44316
894,603.275933881756,1,0.19184172582209474,27.743184089660645,-419.2088572184245,44340
895,557.3712797458259,1,0.1917458049591837,21.483686346756784,-421.80896959806745,44378
896,603.3403767607582,1,0.1916499320567041,98.52724075317383,-424.35117132013494,44401
897,548.9267561723518,1,0.19155410709067577,37.29056268579819,-420.65014468922334,44435
898,549.8391607717031,1,0.19145833003713045,25.483901381492615,-421.5335502624512,44466
899,589.9266735525381,1,0.1913626008721119,50.44834124247233,-424.24195353190106,44497
900,528.4858512072769,1,0.19126691957167585,71.35059642791748,-424.9409915699678,44531
901,598.3874992690805,1,0.19117128611189002,31.74913922478171,-423.03626385857075,44565
902,553.3727513267793,1,0.1910757004688341,34.121189488304985,-420.81316630045575,44600
903,600.0106626270817,1,0.19098016261859968,79.43648420969645,-423.8885070800781,44631
904,600.223591861495,1,0.19088467253729038,25.578125417232513,-421.00977325439453,44662
905,498.42715167140256,1,0.19078923020102176,43.77928290647619,-419.2079593434053,44697
906,603.9331935536508,1,0.19069383558592126,23.438778270374645,-421.6593738902699,44719
907,600.7886401985966,1,0.1905984886681283,25.9680539449056,-428.3539672851563,44748
908,505.7781244078048,1,0.19050318942379427,27.935643434524536,-421.4072784423828,44788
909,542.5517354439218,1,0.19040793782908239,69.1856803894043,-422.85748926798504,44836
910,597.0680392323508,1,0.19031273386016787,44.567241815420296,-419.6501699594351,44862
911,603.9371392601884,1,0.19021757749323778,27.1961125460538,-422.9605990323153,44885
912,572.8532825894869,1,0.19012246870449118,23.663712395562065,-425.0307803683811,44921
913,569.7143566825325,1,0.19002740747013894,84.53306078910828,-424.10768699645996,44953
914,567.863376886531,1,0.1899323937664039,37.89865880542331,-422.41651916503906,44988
915,589.2384940195775,1,0.1898374275695207,25.278291885669415,-425.83163686899036,45041
916,505.491629688244,1,0.18974250885573596,39.3564772605896,-424.07295989990234,45081
917,590.2501043440323,1,0.1896476376013081,105.28678941726685,-426.89287185668945,45112
918,556.0785371377955,1,0.18955281378250746,73.17057948112488,-423.67161712646487,45152
919,528.3043306684974,1,0.18945803737561623,28.735058503992416,-422.417677935432,45187
920,557.1213134673466,1,0.18936330835692844,34.09192993766383,-427.0437975431743,45225
921,533.3816248486615,1,0.18926862670275,26.809120178222656,-421.39747450086804,45260
922,602.488783753575,1,0.18917399238939864,64.13887111345927,-423.3797887166341,45285
923,567.2333369869505,1,0.18907940539320395,86.19610997250206,-425.3658848812706,45323
924,577.116962366362,1,0.18898486569050735,202.9352038534064,-420.36563913445724,45360
925,598.552577225862,1,0.18889037325766211,27.528899361105527,-420.9628708783318,45395
926,602.7570210903168,1,0.1887959280710333,59.39313213641827,-426.01610389122595,45420
927,593.9022276201838,1,0.18870153010699778,48.28547529740767,-425.44026600230825,45442
928,545.7296749677173,1,0.1886071793419443,124.00923399925232,-423.9094665527344,45483
929,549.4697859588498,1,0.18851287575227332,27.72988813573664,-425.7417616410689,45527
930,586.5424925491143,1,0.18841861931439718,141.57386704853602,-425.96837724958147,45555
931,603.5039178967327,1,0.18832441000473998,28.7703800201416,-425.59058634440106,45578
932,601.7528605835564,1,0.18823024779973763,76.9110474219689,-421.594480074369,45605
933,604.0997882045654,1,0.18813613267583776,21.823594440113414,-427.167988170277,45627
934,601.101337313808,1,0.18804206460949985,77.02072722117106,-423.1285685221354,45656
935,529.4974139172494,1,0.1879480435771951,25.64290170108571,-423.07378611845127,45690
936,601.8939637574006,1,0.1878540695554065,23.424646084125225,-421.76453575721155,45717
937,586.9864540055801,1,0.1877601425206288,81.93294847928561,-420.79754403921277,45743
938,589.5407333357905,1,0.18766626244936851,20.569171130657196,-429.2614288330078,45774
939,598.2049384049275,1,0.18757242931814383,29.15301996118882,-423.1075654871324,45808
940,561.4147799079915,1,0.18747864310348478,23.709072044917516,-420.24845014299666,45836
941,604.0706637038681,1,0.18738490378193304,21.481230995871805,-423.89982188831675,45858
942,596.3888604572068,1,0.1872912113300421,47.85777282714844,-424.7096034458705,45886
943,603.9843360681563,1,0.18719756572437707,112.1046520579945,-423.49864335493606,45908
944,342.44525965870247,1,0.18710396694151488,34.303569316864014,-425.8722839355469,45980
945,493.8638939610795,1,0.18701041495804413,156.30180410905317,-426.02505770596593,46025
946,581.5153621212021,1,0.18691690975056513,26.810254914419993,-425.1988416399275,46053
947,602.838310837914,1,0.18682345129568986,50.28079810509315,-420.6163283128005,46078
948,570.4230781139246,1,0.18673003957004203,30.61706263224284,-421.85338338216144,46109
949,577.2445410955106,1,0.186636674550257,82.2470057638068,-423.9462665758635,46146
950,565.6133380132028,1,0.1865433562129819,30.705243065243675,-424.8652082170759,46188
951,561.3447935683895,1,0.1864500845348754,26.222748204281455,-420.7248952765214,46227
952,602.3981127743924,1,0.186356859492608,24.889898226811336,-424.1059265136719,46252
953,540.9821723506923,1,0.1862636810628617,56.499596391405376,-423.90813991001676,46281
954,538.5869154833196,1,0.18617054922233028,79.13890234629314,-424.6819118923611,46316
955,599.074736323734,1,0.18607746394771912,38.43729376792908,-428.07374382019043,46349
956,604.1951392765355,1,0.18598442521574526,32.78707452253862,-428.46368685635656,46371
957,574.1038824999994,1,0.1858914330031374,34.417691924355246,-424.40906177867544,46415
958,536.6275154112165,1,0.18579848728663584,21.795979928970336,-426.3176467895508,46454
959,553.207737326192,1,0.18570558804299253,32.15598313704781,-428.79870472783625,46500
960,497.22259568831737,1,0.18561273524897104,60.76862414677938,-425.53421274820965,46549
961,561.0665923390508,1,0.18551992888134655,63.98271166483561,-421.9451416015625,46578
962,599.3871350979429,1,0.1854271689169059,22.54333770275116,-421.8269500732422,46611
963,527.1670127409143,1,0.18533445533244744,83.12380740517064,-425.4180908203125,46648
964,535.7638806554373,1,0.18524178810478123,40.650528812408446,-425.2432495117188,46688
965,581.1245441160642,1,0.18514916721072885,113.24878243037632,-421.65389142717635,46717
966,512.6407203441595,1,0.1850565926271235,69.13884953657787,-430.82167689005536,46764
967,600.3645139435029,1,0.18496406433080995,132.08314469655355,-422.9021769205729,46794
968,601.0594050673185,1,0.18487158229864456,85.89242158617292,-426.09057181222096,46822
969,518.1284493267227,1,0.18477914650749525,33.76932794397528,-423.0684745094993,46867
970,590.8695696981864,1,0.1846867569342415,25.315884272257488,-430.47980346679685,46897
971,569.5148418432959,1,0.18459441355577438,65.57902693748474,-424.565975189209,46929
972,576.3454442895738,1,0.18450211634899652,26.88365922655378,-423.58377729143416,46957
973,575.9537655308927,1,0.18440986529082204,60.012832232884,-426.3339000883557,46998
974,601.9172499616267,1,0.18431766035817665,39.70079231262207,-428.0403583233173,47025
975,546.9320931792092,1,0.18422550152799758,54.993533887361224,-428.59228836862667,47063
976,599.6022888292106,1,0.1841333887772336,25.746619522571564,-424.0548667907715,47095
977,603.124242224176,1,0.184041322082845,23.422083377838135,-428.67355092366535,47119
978,598.8123211407249,1,0.18394930142180357,52.526841163635254,-420.26880645751953,47142
979,601.8784800346842,1,0.18385732677109268,23.146949401268593,-425.0772916353666,47168
980,494.30231448277493,1,0.18376539810770715,37.16301164172945,-424.8604300362723,47211
981,561.1870632121853,1,0.18367351540865332,31.797505950927736,-424.3918802897135,47241
982,603.0659551645149,1,0.183581678650949,73.72371403376262,-426.61260986328125,47265
983,599.8936451576242,1,0.18348988781162354,49.88545602560043,-431.00289154052734,47296
984,595.4904184401778,1,0.18339814286771774,24.044740867614745,-424.4958048502604,47326
985,592.3488287284781,1,0.18330644379628389,103.9288862546285,-427.198247273763,47351
986,593.1782678162856,1,0.18321479057438575,63.98207823435465,-422.0764567057292,47374
987,533.6942773684297,1,0.18312318317909856,22.85460277037187,-426.246337890625,47418
988,593.4472905391927,1,0.18303162158750902,99.10488057136536,-426.1849772135417,47442
989,598.3782934563623,1,0.18294010577671527,107.81389657188865,-425.5773189769072,47476
990,549.228750897649,1,0.18284863572382692,104.78220698412727,-423.3810029871324,47510
991,603.0140732601855,1,0.18275721140596501,23.01708221435547,-426.8323237101237,47534
992,593.1209556605136,1,0.18266583280026205,88.96482078234355,-424.314214070638,47559
993,597.7164879155858,1,0.18257449988386193,63.500098599327934,-424.95262145996094,47594
994,602.1515066690928,1,0.18248321263392,22.776418905991775,-426.4235652043269,47620
995,579.4959572439883,1,0.18239197102760304,66.50891894102097,-429.3072280883789,47652
996,599.2676596674528,1,0.18230077504208925,114.50314605236053,-429.4846248626709,47685
997,599.7761127833279,1,0.18220962465456822,30.82721585035324,-423.5715026855469,47716
998,517.2537103531303,1,0.18211851984224095,22.77448304494222,-428.35822041829425,47753
999,582.0915263045642,1,0.18202746058231983,32.92199420928955,-422.2323477608817,47780
1000,604.2766929126103,1,0.18193644685202867,40.21654567718506,-423.7042663574219,47801
1001,588.4995727264196,1,0.18184547862860267,20.70548994400922,-426.0950604607077,47835
1002,530.9131479282923,1,0.18175455588928838,41.78720366160075,-426.12286987304685,47865
1003,548.6434394650411,1,0.18166367861134375,71.48068052179673,-426.74917063993564,47899
1004,567.0531585908093,1,0.18157284677203808,93.5071656363351,-428.04569135393416,47927
1005,600.6801758621032,1,0.18148206034865208,30.17953592936198,-425.3221964518229,47956
1006,583.9502994512583,1,0.18139131931847777,21.38013527610085,-428.5979558771307,47978
1007,595.8319689085814,1,0.18130062365881855,27.824374151229858,-423.45567626953124,48018
1008,603.1641145095033,1,0.18120997334698916,20.496418635050457,-424.2056630452474,48042
1009,572.2823063165204,1,0.18111936836031567,69.14196483905499,-425.6522404597356,48068
1010,524.6091301866776,1,0.18102880867613552,21.16914395725026,-428.1261471019072,48102
1011,597.4486577479487,1,0.18093829427179747,68.81268141004774,-428.37456766764325,48139
1012,601.1484871347873,1,0.18084782512466158,23.617652007511683,-428.2781197684152,48167
1013,547.2392820619415,1,0.18075740121209927,20.90594974317049,-425.44479209498354,48204
1014,592.8685683780967,1,0.18066702251149322,20.795997778574627,-423.53892771402997,48229
1015,541.2747748835311,1,0.1805766890002375,21.93072617848714,-424.1258117675781,48259
1016,509.3724713904818,1,0.18048640065573737,53.73661882737104,-426.23486148609834,48292
1017,570.2080351800203,1,0.18039615745540952,44.10666669209798,-423.56504109700523,48322
1018,543.8953058246555,1,0.1803059593766818,28.757963061332703,-425.5736274719238,48355
1019,600.0802573917567,1,0.18021580639699347,63.93246454000473,-421.3543243408203,48386
1020,597.4858995783794,1,0.18012569849379498,18.961206330193413,-426.55238172743054,48422
1021,525.9358961088901,1,0.18003563564454808,20.595353979813424,-425.34925922594573,48461
1022,534.0209611466494,1,0.17994561782672583,54.5074217054579,-427.10545631691264,48515
1023,594.7276500533827,1,0.17985564501781248,47.47306896391369,-428.01854742140995,48557
1024,575.4607148345467,1,0.1797657171953036,39.01253967285156,-427.026161702474,48587
1025,598.8573495726034,1,0.17967583433670595,121.24714787801106,-426.19578552246094,48610
1026,551.6737384877388,1,0.1795859964195376,62.72921901702881,-426.8677026367188,48660
1027,596.015527558517,1,0.17949620342132783,27.846943174089706,-422.27840750558033,48689
1028,599.7972267601599,1,0.1794064553196172,42.850732294718426,-426.66303100585935,48719
1029,587.3091345321964,1,0.17931675209195738,20.36099338531494,-425.36692692683295,48745
1030,602.025477523933,1,0.17922709371591142,86.02404550405649,-425.6930753267728,48771
1031,482.19161999401615,1,0.17913748016905348,25.195439020792644,-427.6677729288737,48819
1032,560.4976027581727,1,0.17904791142896898,25.025951131184897,-428.9562459309896,48849
1033,543.7173709417383,1,0.1789583874732545,31.25485432666281,-423.4552585767663,48894
1034,576.7336968138276,1,0.17886890827951787,18.67181088374211,-429.1556443434495,48921
1035,571.0569737473081,1,0.17877947382537812,20.56191291809082,-431.8855916341146,48950
1036,602.2330865444985,1,0.17869008408846543,97.58085529620831,-423.5813387357272,48977
1037,524.575408441242,1,0.1786007390464212,55.227867911843695,-424.29193115234375,49011
1038,577.774259622802,1,0.178511438676898,39.94410392973158,-427.3460506863064,49046
1039,602.7483305016877,1,0.17842218295755957,78.5090395120474,-428.0094557542067,49072
1040,589.0963267837066,1,0.1783329718660808,31.054072548361386,-425.3664981617647,49106
1041,596.7186008544252,1,0.17824380538014778,95.89256661278861,-428.7744140625,49134
1042,581.3626472139854,1,0.17815468347745772,69.64910650253296,-427.63553510393416,49162
1043,602.3580898920765,1,0.178065606135719,34.79193981488546,-432.908203125,49187
1044,597.1289274568364,1,0.17797657333265116,45.13007520374499,-429.83354909796464,49225
1045,588.1369609267182,1,0.17788758504598484,48.85119995317961,-424.9524182771382,49262
1046,601.721181382396,1,0.17779864125346187,19.392634538503792,-428.72938420222357,49289
1047,591.1809715491041,1,0.17770974193283515,24.395821126302085,-427.7609903971354,49318
1048,600.825253119512,1,0.17762088706186874,103.97150135040283,-426.42239815848217,49347
1049,599.4040415572814,1,0.1775320766183378,32.55579792369496,-428.4141956676136,49369
1050,600.1016326769402,1,0.17744331058002866,33.03902208805084,-424.4381732940674,49400
1051,600.0900696710249,1,0.17735458892473865,18.57532526652018,-433.876552327474,49431
1052,562.1897904000913,1,0.1772659116302763,32.85556693871816,-427.4960797627767,49478
1053,591.7866114600181,1,0.17717727867446117,21.487503345196064,-427.49913142277643,49505
1054,572.3546589553806,1,0.17708869003512395,70.37795331743028,-427.51676262749567,49541
1055,600.5409897545848,1,0.1770001456901064,23.9342622756958,-425.3351216634115,49571
1056,591.2651537434831,1,0.17691164561726133,77.49437090555827,-427.9689575195313,49600
1057,581.1726122736111,1,0.17682318979445272,27.042138985225133,-426.9361485072545,49629
1058,591.4108339875353,1,0.1767347781995555,100.94813115256173,-429.0615016392299,49657
1059,549.3422440377196,1,0.17664641081045573,33.81817739150103,-435.1716703527114,49691
1060,595.9853124277989,1,0.1765580876050505,74.01958436965943,-426.6083694458008,49731
1061,599.9894362456547,1,0.176469808561248,20.575422942638397,-427.2945899963379,49762
1062,602.1573667395419,1,0.17638157365696738,79.78614609058087,-433.1720228928786,49788
1063,508.5484879711442,1,0.1762933828701389,21.30885436799791,-428.4147084554036,49824
1064,594.4048694069877,1,0.17620523617870384,28.357205033302307,-429.0665531158447,49857
1065,591.3498564897243,1,0.1761171335606145,48.31192751725515,-430.15099716186523,49905
1066,539.1369545942783,1,0.17602907499383422,131.6769400764914,-428.95674223058364,49938
1067,601.8743352286151,1,0.1759410604563373,22.599366188049316,-428.9231684758113,49965
1068,600.4063853950098,1,0.17585308992610915,35.720805168151855,-426.3819966634115,49995
1069,599.6099568851496,1,0.17576516338114612,65.1677713394165,-429.21991539001465,50026
1070,535.5293452973847,1,0.17567728079945555,60.59839920997619,-427.76617126464845,50066
1071,604.4058560766236,1,0.17558944215905584,56.39774417877197,-431.5508666992188,50087
1072,568.5582908574722,1,0.1755016474379763,55.89386171764798,-429.5507049560547,50122
1073,581.4866893102089,1,0.17541389661425733,65.9041166305542,-429.9031459263393,50150
1074,602.9134572914847,1,0.1753261896659502,20.703619480133057,-425.18992106119794,50174
1075,569.4449186561206,1,0.17523852657111724,70.44603943824768,-425.93318367004395,50206
1076,589.4744711301998,1,0.1751509073078317,24.657946586608887,-428.0384887695312,50237
1077,582.8689293364498,1,0.1750633318541778,46.02625846862793,-428.92803720327527,50262
1078,424.70842425819984,1,0.1749758001882507,35.34056026285345,-429.9215517911044,50306
1079,498.55909283397386,1,0.1748883122881566,34.44373301097325,-429.4425299508231,50362
1080,568.0871966058684,1,0.17480086813201254,23.437367158777572,-426.85985071518843,50396
1081,599.4231631955568,1,0.17471346769794655,19.0536607503891,-431.8563938140869,50428
1082,517.6798681629205,1,0.17462611096409758,38.070601251390244,-429.5889655219184,50465
1083,601.756841693338,1,0.17453879790861554,29.54269347872053,-427.24998256138394,50493
1084,361.74673533853354,1,0.17445152850966125,65.49835725931021,-426.48390902005707,50545
1085,602.9160915464906,1,0.17436430274540643,20.73701425699087,-424.1783212515024,50570
1086,539.5235471436026,1,0.17427712059403375,59.64699870347977,-429.1195755004883,50603
1087,591.2227530495193,1,0.17418998203373673,29.023086738586425,-429.45379842122395,50632
1088,540.4099888036078,1,0.17410288704271987,92.49441680908203,-430.5565490722656,50662
1089,580.6276716301011,1,0.1740158355991985,20.51544411977132,-429.99656372070314,50692
1090,602.6302165355562,1,0.17392882768139892,24.993274609247845,-429.3078842163086,50717
1091,556.3873457374832,1,0.17384186326755824,19.574861001968383,-428.6979553222656,50757
1092,557.7965277861638,1,0.17375494233592448,42.211853780244525,-427.96948563425167,50794
1093,604.348710966587,1,0.17366806486475653,106.39698028564453,-427.0169844193892,50816
1094,559.2739712344328,1,0.17358123083232416,32.32460933923721,-426.920166015625,50849
1095,528.5823904934268,1,0.173494440216908,33.65995889239841,-430.2515513102214,50885
1096,582.6366391020499,1,0.17340769299679953,22.483347159165604,-423.7791724571815,50910
1097,603.8870086111893,1,0.17332098915030114,99.7345609664917,-430.3762706409801,50933
1098,575.0279525143186,1,0.173234328655726,68.69362485408783,-427.67719650268555,50965
1099,580.821995835247,1,0.17314771149139815,18.823097292582194,-427.1854207356771,50994
1100,595.3309480342613,1,0.17306113763565245,96.79912786483764,-427.24243011474607,51035
1101,602.0115071176074,1,0.17297460706683462,18.838106082035946,-429.354985163762,51061
1102,573.7141974794059,1,0.1728881197633012,88.6542967449535,-432.55138744007456,51105
1103,604.9097118688711,1,0.17280167570341956,130.35500379042193,-426.6801036487926,51126
1104,589.1809579513429,1,0.17271527486556787,32.063294649124146,-433.1771354675293,51159
1105,588.9709713287771,1,0.1726289172281351,33.691294614006495,-428.1879254509421,51193
1106,600.0168686588801,1,0.17254260276952102,128.36123549938202,-428.61379623413086,51224
1107,589.6905768345928,1,0.17245633146813627,24.98952281475067,-432.1092300415039,51257
1108,603.0704058471646,1,0.1723701033024022,18.549355506896973,-431.00160725911456,51281
1109,602.78491937278,1,0.172283918250751,18.05347963479849,-427.3546964205228,51306
1110,552.2268387378197,1,0.17219777629162564,19.241213138286884,-428.1976013183594,51333
1111,601.7932699631398,1,0.17211167740347982,17.23056329999651,-431.8626447405134,51361
1112,549.2323673427629,1,0.1720256215647781,29.825635012458353,-432.32006656422334,51394
1113,590.7455981095786,1,0.17193960875399572,66.81036548614502,-433.6483642578125,51424
1114,600.8027565638731,1,0.17185363894961872,97.84021874836513,-430.27415902274,51453
1115,559.3024833095293,1,0.1717677121301439,24.453514993190765,-433.55845069885254,51485
1116,603.0192006712888,1,0.17168182827407885,19.542503754297893,-431.3889414469401,51509
1117,598.2495179631587,1,0.17159598735994183,31.24469987083884,-433.8865751378676,51543
1118,603.3207117909838,1,0.17151018936626186,35.55010437965393,-433.7088343302409,51566
1119,519.8130228041016,1,0.17142443427157875,20.547196278205284,-427.32435490534857,51619
1120,603.0180391526297,1,0.17133872205444298,19.588037967681885,-427.58068593343097,51643
1121,600.2492361317383,1,0.17125305269341576,21.255169423421226,-431.24871419270835,51673
1122,602.2859975799505,1,0.17116742616706906,114.39800871335544,-430.9093252328726,51699
1123,600.1989819868164,1,0.17108184245398553,56.48467362721761,-426.57080078125,51729
1124,506.32400965091085,1,0.17099630153275855,95.47265267372131,-428.4980178833008,51768
1125,592.6779628600577,1,0.1709108033819922,52.432403124295746,-426.9484417255108,51794
1126,526.5950727825366,1,0.1708253479803012,71.31182966734234,-430.39306961862667,51832
1127,581.6643393062864,1,0.17073993530631104,31.3161007807805,-427.375237098107,51859
1128,579.3320004791397,1,0.1706545653386579,61.326548127567065,-432.5579313390395,51892
1129,541.3378321218847,1,0.17056923805598856,22.929215703691757,-427.4644339425223,51921
1130,575.0721010061018,1,0.17048395343696057,31.68616896867752,-428.49875259399414,51952
1131,603.3624302227161,1,0.1703987114602421,51.372478564580284,-429.70147196451825,51976
1132,603.8414262393294,1,0.17031351210451198,18.31441220370206,-429.15542047674006,51999
1133,601.9723602294494,1,0.17022835534845973,172.22301966803414,-429.8075648716518,52026
1134,598.057818177628,1,0.1701432411707855,29.6136173360488,-427.4625818589154,52061
1135,604.435379225082,1,0.17005816955020012,95.25645247372714,-428.86903242631394,52083
1136,568.2264104502428,1,0.16997314046542503,47.5428319507175,-429.2243872748481,52118
1137,599.4160298264443,1,0.16988815389519232,115.96924287622625,-428.59982854669744,52140
1138,598.6686692214362,1,0.16980320981824473,20.223153282614316,-425.0339714499081,52174
1139,604.1058590443797,1,0.1697183082133356,34.24587691913951,-428.3580793900923,52196
1140,603.69758376495,1,0.16963344905922895,34.96320204301314,-424.2254638671875,52219
1141,561.5896043396028,1,0.16954863233469933,194.25480229513985,-427.1308157784598,52247
1142,600.1423356194614,1,0.16946385801853198,68.90833657582601,-430.24395345052085,52277
1143,584.2666028553884,1,0.1693791260895227,32.89242727106268,-427.56985751065343,52299
1144,553.7301609683681,1,0.16929443652647796,25.370644288904526,-432.634178610409,52333
1145,569.2845964260613,1,0.16920978930821473,73.16253050635842,-430.91065171185664,52366
1146,575.1981412430348,1,0.16912518441356064,19.445087305704753,-429.5004638671875,52397
1147,592.2654014199421,1,0.16904062182135388,23.496538088871883,-429.90625939002405,52423
1148,509.72187840601896,1,0.1689561015104432,40.9340295791626,-431.58120866255325,52466
1149,588.8270459135158,1,0.168871623459688,16.785885025473203,-430.301705753102,52501
1150,600.0003626575069,1,0.16878718764795816,22.147100865840912,-430.1110248565674,52533
1151,592.5266347882651,1,0.1687027940541342,77.39957706744855,-429.20103806715747,52559
1152,603.1051442761866,1,0.16861844265710713,18.979380289713543,-427.1138610839844,52583
1153,602.5475532102296,1,0.16853413343577858,56.15069257296049,-436.02979689378003,52608
1154,584.7995195450819,1,0.1684498663690607,94.73617483774821,-429.30796915690104,52639
1155,602.9118545503453,1,0.16836564143587618,86.67517618032602,-431.8485036996695,52664
1156,599.4696569115416,1,0.16828145861515825,25.358543932437897,-430.9487533569336,52697
1157,602.2209669006248,1,0.16819731788585068,17.878610951559885,-429.29116603306363,52724
1158,571.3310779370745,1,0.16811321922690778,24.054894992283412,-424.3582567487444,52752
1159,548.0165617894604,1,0.16802916261729434,24.84149079852634,-429.1593288845486,52789
1160,603.5360544873718,1,0.1679451480359857,25.85071635246277,-433.1760508219401,52812
1161,567.6547090555802,1,0.16786117546196772,38.27664226955838,-428.6785617404514,52848
1162,568.8287420776444,1,0.16777724487423673,17.124908671659583,-430.69274722828584,52882
1163,582.7906218247821,1,0.16769335625179962,17.01881958888127,-427.19094613882214,52908
1164,598.5073492813115,1,0.16760950957367374,90.93344447192024,-429.3947987275965,52943
1165,603.3415966203871,1,0.1675257048188869,35.3331667582194,-427.32374318440753,52966
1166,569.6927398004802,1,0.16744194196647746,35.232814610004425,-430.8488235473633,52999
1167,592.448345916749,1,0.16735822099549424,21.700267498309795,-427.477536714994,53025
1168,551.8893515201064,1,0.16727454188499652,20.66271209716797,-432.2025800432478,53053
1169,595.4310831960524,1,0.16719090461405403,34.80424908229283,-431.37797473725817,53094
1170,598.9743831467349,1,0.16710730916174701,23.250402113970587,-426.33686918370864,53128
1171,477.1909774999356,1,0.16702375550716614,21.145610357585706,-431.51948145816203,53166
1172,555.6257443567699,1,0.16694024362941257,27.289712953567506,-426.47681427001953,53207
1173,588.5208576629286,1,0.16685677350759787,102.18333900676055,-430.2645891974954,53241
1174,598.7500143383533,1,0.16677334512084407,23.367117264691522,-426.4193420410156,53274
1175,603.3579335880454,1,0.16668995844828366,51.90210723876953,-432.8133316040039,53298
1176,601.3615932645655,1,0.16660661346905953,71.98840066364833,-430.00442940848217,53327
1177,556.4854592017053,1,0.166523310162325,20.087656211853027,-430.01231994628904,53366
1178,601.9738170804671,1,0.16644004850724384,28.906831447894756,-429.99576979417066,53392
1179,567.9188956915946,1,0.16635682848299022,58.85142607159085,-429.7032996283637,53428
1180,600.1281870073283,1,0.16627365006874872,19.051002820332844,-426.1772481282552,53458
1181,583.5596748741418,1,0.16619051324371437,16.60955278078715,-433.05418395996094,53482
1182,603.7355911108598,1,0.16610741798709253,21.525210814042524,-436.39146562056106,53505
1183,550.8360620021505,1,0.166024364278099,94.49486974080403,-431.37168986002604,53534
1184,592.5821582012028,1,0.16594135209595995,35.34428906440735,-431.0205841064453,53559
1185,571.2382254508586,1,0.16585838141991197,29.498045716966903,-424.8799787248884,53587
1186,568.3844600431014,1,0.165775452229202,85.15059746012969,-428.56602747300093,53621
1187,601.9474034252572,1,0.16569256450308742,25.14932577950614,-428.6625082833426,53648
1188,548.0097253793747,1,0.1656097182208359,95.13687790141387,-431.5370860380285,53683
1189,604.0238764413433,1,0.16552691336172548,23.473121643066406,-426.3906222256747,53705
1190,484.4474135814638,1,0.16544414990504464,21.922569729032972,-430.656729561942,53747
1191,590.3803143962516,1,0.1653614278300921,30.913912073771158,-435.52808634440106,53777
1192,602.8345627250152,1,0.16527874711617707,21.681117131159855,-428.76042996920074,53802
1193,603.1885066097853,1,0.165196107742619,27.04920744895935,-433.1849110921224,53827
1194,582.973333833126,1,0.1651135096887477,17.617975895221416,-431.6031423715445,53852
1195,602.8065588309034,1,0.16503095293390332,17.638551155726116,-431.0762939453125,53877
1196,564.06747010976,1,0.16494843745743637,33.33457301644718,-429.7529835420496,53910
1197,602.1995251988008,1,0.16486596323870767,17.56247718517597,-432.3065889798678,53936
1198,603.9928459940489,1,0.16478353025708833,21.65081448988481,-429.7820933948864,53959
1199,559.0359945198323,1,0.1647011384919598,134.66189209620157,-427.537843492296,53994
1200,600.3404774406785,1,0.16461878792271384,18.895446268717446,-435.0815083821615,54025
1201,601.0171078218302,1,0.1645364785287525,27.347298113505044,-433.5879699707031,54054
1202,602.9390482186919,1,0.16445421028948815,89.57537587483723,-430.2323710123698,54079
1203,598.631637120675,1,0.1643719831843434,34.12832032309638,-431.3591885036892,54114
1204,591.574022207426,1,0.16428979719275125,26.80751235144479,-430.07288251604353,54142
1205,582.4119626851389,1,0.16420765229415488,16.088123101454514,-432.72142146183893,54169
1206,603.7093495027027,1,0.1641255484680078,24.988884051640827,-433.49620819091797,54192
1207,598.5192852087928,1,0.1640434856937738,91.3770471460679,-429.9762483484605,54226
1208,603.1829817114158,1,0.16396146395092692,31.269344568252563,-434.46924591064453,54250
1209,593.3255286726509,1,0.16387948321895146,58.97210963567098,-432.1710154215495,54274
1210,529.4382046663368,1,0.163797543477342,63.234354734420776,-427.14286613464355,54307
1211,577.7456306778952,1,0.16371564470560332,26.3109384642707,-433.53053114149304,54343
1212,548.7786795297748,1,0.16363378688325053,18.47454637951321,-430.6907314724392,54378
1213,601.9592904628421,1,0.16355196998980892,82.46173689915584,-427.71663959209735,54405
1214,603.9156271331625,1,0.16347019400481402,17.799776337363504,-429.0169178355824,54427
1215,586.0036657807632,1,0.16338845890781162,18.308472951253254,-429.3388732910156,54456
1216,593.0797832300789,1,0.16330676467835772,24.59097107251485,-431.58133697509766,54481
1217,590.9814949683608,1,0.16322511129601855,60.38515377044678,-429.3168029785156,54510
1218,592.621589434518,1,0.16314349874037054,27.167311668395996,-433.0005798339844,54536
1219,601.3891119880943,1,0.16306192699100036,172.27111119490402,-431.0135991023137,54563
1220,602.6443957276834,1,0.16298039602750486,20.02826162484976,-438.1818072979267,54588
1221,497.2599958616935,1,0.16289890582949113,27.595348157380755,-433.71020186574833,54626
1222,601.2032254182997,1,0.16281745637657638,23.048291615077428,-433.190671648298,54655
1223,580.4986332000145,1,0.1627360476483881,16.541651026407877,-427.3810221354167,54685
1224,518.5438954885964,1,0.1626546796245639,92.7675787469615,-430.666039508322,54731
1225,589.0099968954503,1,0.16257335228475162,18.971805628608255,-430.09170891256895,54764
1226,593.4958941531137,1,0.16249206560860924,15.29512534422033,-434.3681945800781,54799
1227,590.8232537387431,1,0.16241081957580494,71.24270496368408,-431.5442687988281,54828
1228,553.8398227611723,1,0.16232961416601704,98.57648748159409,-432.4366512298584,54861
1229,601.5509255390316,1,0.16224844935893404,24.10952683857509,-428.4658726283482,54888
1230,552.8687862494556,1,0.16216732513425458,16.109797624441292,-434.6885493351863,54914
1231,563.2942355132091,1,0.16208624147168746,84.01398838267608,-433.5056511374081,54949
1232,604.1566757904498,1,0.16200519835095162,32.93377910960805,-429.8008866743608,54971
1233,548.765069579161,1,0.16192419575177616,25.599547121259903,-431.8743082682292,55006
1234,597.734413014405,1,0.16184323365390027,23.04009501139323,-429.878412882487,55031
1235,580.8316569476386,1,0.16176231203707334,34.00143998463948,-428.35691528320314,55060
1236,505.0041407821687,1,0.1616814308810548,18.768801643734886,-434.44112577892486,55102
1237,602.6728483505799,1,0.1616005901656143,17.790005903977615,-432.36380474384015,55128
1238,581.909766253194,1,0.16151978987053148,18.628092545729416,-429.1934556227464,55155
1239,582.2344386990842,1,0.16143902997559623,14.45618042579064,-434.2400794396034,55180
1240,587.0981669621353,1,0.16135831046060845,90.94487146230844,-427.7886775090144,55206
1241,554.3632909046327,1,0.16127763130537814,69.44805145263672,-429.2047481536865,55238
1242,603.8185705448427,1,0.16119699248972547,125.74973817305131,-428.95105535333806,55260
1243,528.502768847112,1,0.1611163939934806,27.47243723662003,-428.3209188710088,55306
1244,584.5911768678185,1,0.16103583579648387,26.04752892255783,-433.6426124572754,55338
1245,546.7482685259936,1,0.16095531787858564,63.63455551549008,-431.5763019762541,55376
1246,599.0278650977481,1,0.16087484021964635,51.581860065460205,-431.62425422668457,55408
1247,604.2720353550633,1,0.16079440279953652,17.023843860626222,-432.9869140625,55429
1248,603.4724924926829,1,0.16071400559813676,15.32275652885437,-429.9550959269206,55452
1249,530.1589673554289,1,0.16063364859533769,44.270969331264496,-434.3740825653076,55484
1250,595.0908539772132,1,0.16055333177104003,27.599649701799667,-431.1958501906622,55526
1251,541.7169818803493,1,0.16047305510515453,23.617101464952743,-435.4481288364955,55554
1252,602.3531549653491,1,0.16039281857760196,18.110509872436523,-431.11804962158203,55579
1253,593.8859593006732,1,0.16031262216831316,23.5919086933136,-434.16793060302734,55602
1254,602.2436579264802,1,0.160232465857229,15.13674046443059,-431.5899470402644,55629
1255,594.8683463289503,1,0.1601523496243004,23.33699012938,-431.8110860188802,55670
1256,604.6016020689725,1,0.16007227344948824,25.657700278542258,-427.27280495383525,55692
1257,603.8658302245171,1,0.1599922373127635,69.22276358170943,-432.1142467151989,55715
1258,582.2245591902521,1,0.15991224119410713,172.97406453352707,-436.723637507512,55741
1259,591.4579024891298,1,0.15983228507351008,21.05354200090681,-429.3637477329799,55769
1260,601.8664839675621,1,0.15975236893097333,23.524190221514022,-428.84398324149,55796
1261,597.5492150288726,1,0.15967249274650785,184.52948435147604,-429.21315511067706,55821
1262,600.8390025667816,1,0.1595926565001346,27.74758135477702,-434.205712890625,55850
1263,473.7174667561903,1,0.15951286017188454,20.548184871673584,-430.0577697753906,55886
1264,602.2773641227429,1,0.15943310374179862,62.5768062884991,-432.73891977163464,55913
1265,577.4660224277543,1,0.15935338718992773,26.480073175932233,-434.38682797080594,55950
1266,603.1718376506326,1,0.15927371049633277,15.478419621785482,-436.1325149536133,55974
1267,598.6185177044304,1,0.15919407364108462,44.183072884877525,-433.36420186360675,56010
1268,601.5894991548234,1,0.1591144766042641,82.55268647120549,-434.39153817983777,56037
1269,600.5058375860224,1,0.15903491936596195,30.506922022501627,-432.9721150716146,56066
1270,601.5124582105319,1,0.158955401906279,16.62509089249831,-431.9284433218149,56093
1271,603.6185418656421,1,0.15887592420532587,49.21527441342672,-433.65912373860675,56116
1272,564.7523377327991,1,0.1587964862432232,45.875743457249236,-430.503412155878,56158
1273,601.2595147487773,1,0.1587170880001016,102.41352544512067,-431.5901620047433,56186
1274,581.4470391996362,1,0.15863772945610155,59.241831166403635,-430.42811584472656,56214
1275,603.5278010494892,1,0.15855841059137352,24.660786231358845,-430.49256642659503,56238
1276,508.85642076799047,1,0.15847913138607783,59.7041243206371,-433.9634510387074,56283
1277,556.9421567124857,1,0.1583998918203848,20.67212160010087,-430.08222238641036,56321
1278,584.9544745103909,1,0.15832069187447462,18.245272755622864,-434.763729095459,56353
1279,604.1363644298006,1,0.1582415315285374,29.53836406360973,-433.2562144886364,56375
1280,602.3545134387157,1,0.15816241076277313,95.48040147928091,-430.14340444711536,56400
1281,556.0085198724479,1,0.15808332955739174,25.31611462643272,-431.5489068282278,56439
1282,602.5410098566666,1,0.15800428789261306,20.516237625708946,-433.02994948167066,56464
1283,585.4460590808095,1,0.15792528574866677,87.21395662852696,-433.36922345842635,56493
1284,586.7590005500834,1,0.15784632310579244,87.1808579989842,-434.5165274483817,56521
1285,604.3496561959579,1,0.15776739994423955,26.73005312139338,-436.2635303844105,56543
1286,593.1123756058669,1,0.15768851624426744,23.337037881215412,-430.41125742594403,56567
1287,597.7170862717185,1,0.1576096719861453,74.65759997897678,-432.56021287706164,56603
1288,572.1108461548602,1,0.15753086715015224,84.79962708399846,-432.4216519869291,56629
1289,561.8592108100613,1,0.15745210171657717,25.41658619471959,-432.02457101004467,56656
1290,600.5119924723836,1,0.15737337566571888,18.814520835876465,-430.0822794596354,56686
1291,568.0707668828551,1,0.15729468897788604,22.506111088921042,-436.17635031307447,56720
1292,415.59887020335646,1,0.1572160416333971,16.5972008228302,-434.6365493774414,56761
1293,562.0538564528202,1,0.15713743361258042,76.23348937715802,-430.3428279331752,56789
1294,599.1567617529938,1,0.15705886489577414,19.33591657526353,-432.1006864659926,56822
1295,603.2395971480115,1,0.15698033546332626,16.354837656021118,-435.19288635253906,56846
1296,604.8142115286689,1,0.15690184529559462,27.54993553161621,-435.3384063720703,56867
1297,603.5959611178007,1,0.15682339437294682,27.326748371124268,-433.635991414388,56891
1298,602.8812001110527,1,0.15674498267576034,19.91311526298523,-436.65118916829425,56915
1299,599.6983184098178,1,0.15666661018442246,21.995233952999115,-432.2732734680176,56947
1300,603.4686124452339,1,0.15658827687933025,41.09372480710348,-432.8592224121094,56971
1301,497.0408987291098,1,0.1565099827408906,170.9714062690735,-434.43546295166016,57010
1302,593.7361607823799,1,0.15643172774952016,20.551972909407183,-431.23215553977275,57032
1303,603.4293861232345,1,0.15635351188564542,18.49203395843506,-431.0927149454753,57057
1304,598.3892381629948,1,0.1562753351297026,80.25144839286804,-434.44867451985675,57081
1305,602.5811978471459,1,0.15619719746213775,23.116414436927208,-433.12138014573316,57106
1306,529.4002828805599,1,0.1561190988634067,92.54763036966324,-433.2775630950928,57139
1307,601.0775527700625,1,0.156041039313975,24.812434895833334,-433.4792053222656,57168
1308,596.174465563249,1,0.15596301879431804,20.350439977645873,-434.9759979248047,57208
1309,603.1840170417638,1,0.1558850372849209,27.232036511103313,-431.2210744222005,57233
1310,600.7849078081648,1,0.15580709476627844,24.600325965881346,-429.81064860026044,57263
1311,587.0358518228512,1,0.1557291912188953,21.53692606517247,-434.0916857038225,57290
1312,600.8511404483004,1,0.15565132662328587,18.313301971980504,-431.8034362792969,57319
1313,520.3026304144624,1,0.15557350095997424,90.62991577386856,-433.46933364868164,57351
1314,497.9009859215371,1,0.15549571420949426,20.853917774401214,-433.31284854286594,57388
1315,580.7541272706858,1,0.15541796635238952,74.96025507790702,-433.9387991768973,57417
1316,540.2153930664078,1,0.15534025736921334,16.66022150857108,-432.1834440685454,57458
1317,604.1932986977763,1,0.15526258724052874,18.020309795032848,-429.51868230646306,57480
1318,603.6188223724753,1,0.15518495594690848,38.19348112742106,-431.9705174763997,57504
1319,581.8570914841168,1,0.15510736346893503,25.158875737871444,-431.31141662597656,57532
1320,598.2739464189397,1,0.15502980978720057,21.350369565627155,-435.25519337373623,57566
1321,602.9084052847729,1,0.15495229488230697,27.46894296010335,-435.2123616536458,57590
1322,591.4918682339787,1,0.15487481873486583,247.49506841387068,-433.67679922921315,57618
1323,601.214186459651,1,0.15479738132549842,126.30973032542637,-434.25738743373324,57647
1324,566.7814673738773,1,0.1547199826348357,30.375060031288548,-430.4831237792969,57685
1325,600.7309583220575,1,0.15464262264351827,30.15236078898112,-432.7141845703125,57714
1326,597.3453940205501,1,0.15456530133219654,97.56263701121013,-433.8437008327908,57751
1327,590.7197908086875,1,0.15448801868153045,16.725164286295573,-436.88819986979166,57780
1328,601.4267122547288,1,0.1544107746721897,81.94179350989205,-432.74857657296315,57808
1329,604.5302951889348,1,0.15433356928485362,95.1757041757757,-429.6298467462713,57830
1330,596.3175121511238,1,0.1542564025002112,53.387513662639414,-432.0823765804893,57868
1331,602.50902435451,1,0.15417927429896108,17.286022186279297,-434.134772667518,57894
1332,600.5382885080039,1,0.1541021846618116,23.32139670054118,-430.1358703613281,57924
1333,572.8299150058816,1,0.15402513356948072,24.732016490055965,-433.4418475811298,57950
1334,529.1299721443886,1,0.15394812100269598,33.80779103671803,-429.55558328067553,57984
1335,599.7687555706768,1,0.15387114694219464,21.612855553627014,-435.13951683044434,58016
1336,592.3351750210184,1,0.15379421136872357,69.8569913947064,-433.18876979662025,58063
1337,601.7237385676885,1,0.15371731426303922,29.689836297716415,-432.07542637416293,58090
1338,601.8838483304421,1,0.15364045560590772,55.39985311948336,-430.3392662635216,58117
1339,551.7735210030777,1,0.15356363537810477,50.55273675918579,-433.65750885009766,58165
1340,554.0652245950756,1,0.15348685356041572,19.78986918926239,-434.3893451690674,58197
1341,580.0454379519442,1,0.1534101101336355,17.789986729621887,-435.15555572509766,58228
1342,593.4444382684549,1,0.15333340507856869,20.637176354726154,-434.5454839070638,58252
1343,601.6463749426949,1,0.1532567383760294,24.822690078190394,-430.65689958844865,58280
1344,598.3438709477884,1,0.1531801100068414,22.214770260979147,-430.59876206341914,58314
1345,604.5553496368996,1,0.153103519951838,145.104305934906,-430.75213317871095,58335
1346,499.5287054989217,1,0.15302696819186207,52.59271520726821,-430.7759435317096,58369
1347,603.6763155670122,1,0.15295045470776614,45.97811063130697,-437.70140838623047,58392
1348,601.6683905127079,1,0.15287397948041226,112.01455613545009,-432.40440586635043,58420
1349,600.9479907724118,1,0.15279754249067207,67.99026325770787,-432.9144505092076,58449
1350,602.5117734271196,1,0.15272114371942674,111.84099960327148,-428.9446692833534,58474
1351,566.9339009244458,1,0.15264478314756705,23.384113238408016,-434.445793738732,58501
1352,602.0585955602833,1,0.15256846075599328,20.504149510310246,-437.25071598933295,58527
1353,602.6239774754417,1,0.1524921765256153,75.76184148054857,-431.50637582632214,58552
1354,603.2151342506909,1,0.15241593043735252,19.577285687128704,-430.95461018880206,58577
1355,595.9454350411336,1,0.15233972247213384,55.0873690923055,-432.29529622395836,58606
1356,568.9082211984269,1,0.15226355261089777,23.576746547923367,-432.90132230870864,58640
1357,603.0837131770926,1,0.15218742083459233,16.37769071261088,-435.66015879313153,58664
1358,588.226362318771,1,0.15211132712417505,21.839375734329224,-429.3191553751628,58688
1359,557.5690773177969,1,0.15203527146061296,19.270538118150498,-430.2877909342448,58724
1360,601.7742918955923,1,0.15195925382488268,16.26937095935528,-435.9106938288762,58751
1361,597.5274338266487,1,0.15188327419797024,17.978425832895134,-434.73983295147235,58776
1362,540.6428923939282,1,0.15180733256087126,23.623014958699546,-434.9779012044271,58807
1363,588.7365941046843,1,0.15173142889459082,19.677263259887695,-433.9337463378906,58840
1364,602.951512337352,1,0.15165556318014353,16.616448918978374,-434.6167500813802,58865
1365,603.8563001244928,1,0.15157973539855346,14.969173084605824,-428.454814564098,58887
1366,592.5561962643283,1,0.1515039455308542,28.975096189058743,-435.0265221228966,58913
1367,601.7327199027119,1,0.15142819355808879,14.638409648622785,-435.41812569754467,58940
1368,602.5483827424467,1,0.15135247946130975,21.985701322555542,-433.43744405110675,58965
1369,583.0165940723064,1,0.1512768032215791,66.94969294621394,-434.34285325270434,58990
1370,603.6662140132008,1,0.15120116481996831,71.5505505475131,-433.859413840554,59013
1371,591.9956672959631,1,0.15112556423755835,22.887027813838078,-435.48941509540265,59039
1372,602.4935124676439,1,0.1510500014554396,18.524016747107872,-433.24644822340747,59064
1373,602.9490423579681,1,0.15097447645471188,113.14214491844177,-435.75535074869794,59088
1374,570.8026067001491,1,0.15089898921648454,15.262307357788085,-432.3532653808594,59118
1375,598.1536161459728,1,0.15082353972187632,17.165315123165357,-434.01268095128677,59153
1376,603.1401178353749,1,0.1507481279520154,17.229760536780724,-433.5224210298978,59178
1377,603.081711000334,1,0.15067275388803938,89.1240204970042,-433.32626088460285,59203
1378,598.7667832699553,1,0.15059741751109537,18.596280097961426,-436.27235681870405,59237
1379,594.9743066544942,1,0.15052211880233984,84.14106518030167,-433.71985054016113,59269
1380,570.9760090320456,1,0.15044685774293867,50.51344579060872,-436.6931579589844,59298
1381,582.8524578322033,1,0.15037163431406722,32.35106086730957,-437.12132771809894,59323
1382,603.7120453625336,1,0.1502964484969102,16.72877375284831,-432.55180104573566,59346
1383,602.9686486675927,1,0.15022130027266176,54.88019720713297,-431.1334762573242,59371
1384,527.1188230403319,1,0.15014618962252543,21.92975441614787,-435.1951599121094,59407
1385,600.5325938962249,1,0.15007111652771418,23.20644211769104,-435.6342525482178,59438
1386,590.0895372957998,1,0.14999608096945033,98.19603754679362,-431.764980061849,59469
1387,580.0888104409715,1,0.1499210829289656,17.1582932472229,-433.3839988708496,59501
1388,602.4204239863037,1,0.14984612238750114,27.68682699937087,-429.489504300631,59527
1389,541.2342414105345,1,0.1497711993263074,22.03795878092448,-438.381640625,59557
1390,602.6373007851107,1,0.14969631372664424,25.935695354755108,-433.0029062124399,59582
1391,602.1015780753753,1,0.14962146556978093,26.195508149953987,-431.587653526893,59608
1392,572.7644126821432,1,0.14954665483699606,25.35061740875244,-434.18260701497394,59633
1393,536.4603864780111,1,0.14947188150957758,16.954711627960204,-435.75785064697266,59672
1394,559.194049158124,1,0.1493971455688228,72.70589766782872,-437.4568140366498,59706
1395,601.2204330802721,1,0.1493224469960384,21.477691922869003,-436.22517830984935,59734
1396,603.2731316872037,1,0.1492477857725404,17.767723430286754,-436.88649957830256,59757
1397,529.0002194654651,1,0.14917316187965413,77.31130790710449,-434.37864954331343,59791
1398,601.3358101310859,1,0.14909857529871431,28.442708015441895,-434.24788992745533,59819
1399,601.6753871264508,1,0.14902402601106496,43.11252219336374,-432.2856009347098,59846
1400,592.4709947582984,1,0.14894951399805945,15.782618229205791,-432.0609389085036,59872
1401,602.8993122758682,1,0.14887503924106044,25.916216532389324,-432.6575978597005,59896
1402,588.6431587206774,1,0.1488006017214399,15.056716918945312,-434.2049102783203,59920
1403,603.6713391336709,1,0.1487262014205792,17.53433609008789,-432.45798284357244,59943
1404,599.2958318338794,1,0.14865183831986892,18.50763827562332,-435.32945442199707,59975
1405,575.4964689166738,1,0.148577512400709,15.473738729953766,-432.0084400177002,60006
1406,547.9427785682794,1,0.14850322364450863,71.83034918043349,-430.7594214545356,60043
1407,574.4781622519598,1,0.14842897203268637,85.7547462284565,-435.75643730163574,60074
1408,543.6903073463126,1,0.14835475754667005,77.94040142406116,-434.7645818536932,60118
1409,576.2622924706131,1,0.14828058016789672,52.735565594264436,-433.01197378976,60146
1410,601.0869816362746,1,0.1482064398778128,15.486404078347343,-437.8365696498326,60175
1411,603.3711805467236,1,0.1481323366578739,28.89463718732198,-438.18407440185547,60198
1412,567.9966303701017,1,0.14805827048954498,18.64263375600179,-435.92683749728735,60234
1413,603.2701142720351,1,0.14798424135430022,16.227072715759277,-435.67783147638494,60257
1414,603.8524244199281,1,0.1479102492336231,111.17865961248225,-434.0142850008878,60279
1415,497.13774616837014,1,0.14783629410900628,33.81065320968628,-434.44237518310547,60318
1416,581.7673520731842,1,0.1477623759619518,19.48722437449864,-438.6280430385045,60346
1417,583.7860108797782,1,0.14768849477397084,22.409394423166912,-435.1619923909505,60370
1418,581.8924541623705,1,0.14761465052658385,17.152456577007587,-434.6197744516226,60397
1419,580.597927689179,1,0.14754084320132055,83.37083905537924,-435.82887980143227,60426
1420,602.9810491654887,1,0.1474670727797199,22.07364249229431,-434.6969807942708,60450
1421,603.1893800020154,1,0.14739333924333006,16.342325846354168,-437.35060628255206,60474
1422,601.2394735486008,1,0.14731964257370841,16.357964038848877,-433.03918892996654,60502
1423,592.7739147825127,1,0.14724598275242157,14.729011479546042,-435.390432918773,60537
1424,541.8148470417323,1,0.14717235976104537,18.48355872290475,-439.05309622628346,60564
1425,598.2713127886313,1,0.14709877358116485,19.891465584437054,-437.91344960530597,60588
1426,594.2802690533811,1,0.14702522419437428,19.38427127491344,-438.3745200417259,60610
1427,604.628225598562,1,0.1469517115822771,71.97425642880526,-435.4723566228693,60632
1428,503.8683363799235,1,0.14687823572648598,18.300398999994453,-434.78750749067825,60676
1429,603.868553452626,1,0.14680479660862275,106.36014236103405,-438.2227977405895,60698
1430,603.3692238211751,1,0.14673139421031844,23.56079352985729,-436.5109141956676,60721
1431,556.5588834068341,1,0.1466580285132133,22.08139624595642,-435.5625686645508,60760
1432,603.6426516088603,1,0.1465846994989567,24.589772051030938,-434.52876697887075,60783
1433,601.2990387631752,1,0.1465114071492072,17.866974149431503,-430.44137791224887,60811
1434,604.1861086573201,1,0.14643815144563263,85.2560445467631,-436.4636713663737,60834
1435,604.3105576301126,1,0.14636493236990983,18.284857177734374,-438.0190673828125,60855
1436,573.3730570160886,1,0.14629174990372487,43.361977660137676,-435.6334586765455,60901
1437,603.7557603064638,1,0.146218604028773,21.54250685373942,-433.7414016723633,60924
1438,602.6021242880336,1,0.14614549472675864,16.893958648045857,-436.00568135579425,60949
1439,590.7907182760921,1,0.14607242197939527,17.546286328633627,-437.81845703125,60978
1440,602.0912198719336,1,0.14599938576840557,16.776695324824406,-438.32609205979566,61005
1441,593.3586920100975,1,0.14592638607552139,95.26383423805237,-436.221918741862,61028
1442,602.0171929489209,1,0.14585342288248362,78.69929126592783,-437.1250821627103,61055
1443,602.8148362867254,1,0.14578049617104238,76.26453971862793,-434.4929504394531,61080
1444,519.6018940063512,1,0.14570760592295687,28.273306727409363,-434.9766597747803,61112
1445,580.3475793887153,1,0.1456347521199954,63.15176372528076,-440.57127075195314,61142
1446,572.3352412934424,1,0.14556193474393542,15.394650239210863,-435.87867854191705,61168
1447,468.056771430126,1,0.14548915377656346,25.664305210113525,-434.669926961263,61204
1448,582.5134308556119,1,0.1454164091996752,63.40568359692892,-431.66832478841144,61229
1449,594.0881101490478,1,0.14534370099507535,21.47102381966331,-434.88970947265625,61251
1450,603.9926373045563,1,0.14527102914457782,15.732545072382147,-439.5197670676491,61273
1451,600.476859481786,1,0.14519839363000553,18.798832003275553,-435.3584696451823,61303
1452,549.6415608635062,1,0.14512579443319054,14.090671122074127,-435.48890495300293,61335
1453,561.1723811040166,1,0.14505323153597396,64.25513165337699,-437.4793134416853,61363
1454,540.509376747121,1,0.14498070492020598,75.07532642001198,-436.0500183105469,61404
1455,604.4915456069807,1,0.14490821456774589,80.43130961331454,-434.9652571244673,61426
1456,604.0791062507946,1,0.144835760460462,24.389155127785422,-437.25668057528407,61448
1457,604.5841243323866,1,0.1447633425802318,21.803268085826527,-437.8705111416903,61470
1458,601.852711815679,1,0.14469096090894168,16.37215225513165,-436.4939739520733,61497
1459,601.6816830676827,1,0.14461861542848722,85.70550305502755,-434.34084865025113,61524
1460,598.3086613051015,1,0.144546306120773,17.8621561387006,-434.0764644847197,61559
1461,601.2855004357706,1,0.1444740329677126,17.556634289877756,-437.8334394182478,61587
1462,603.0150216248561,1,0.14440179595122876,121.96221014169546,-438.90301513671875,61612
1463,599.3961602475106,1,0.14432959505325316,57.10749477148056,-434.21860122680664,61644
1464,342.41087944220965,1,0.14425743025572654,18.08722789764404,-439.0995458984375,61694
1465,404.1966657287826,1,0.1441853015405987,15.659926596141997,-437.77062552315846,61736
1466,586.5695445598622,1,0.1441132088898284,14.85962268284389,-435.0103454589844,61764
1467,601.3254647032512,1,0.1440411522853835,21.29948581968035,-437.7334638323103,61792
1468,530.0783786744714,1,0.1439691317092408,65.8265033364296,-436.32914543151855,61824
1469,497.96053833471603,1,0.1438971471433862,53.397013063016146,-436.54753577190894,61870
1470,603.0823082944627,1,0.14382519856981452,17.438573837280273,-438.9230321248372,61895
1471,601.4758605530268,1,0.1437532859705296,20.548974545796714,-436.57850748697916,61924
1472,518.8465957425778,1,0.14368140932754436,16.01667247099035,-433.2849695542279,61959
1473,597.4512450982551,1,0.1436095686228806,85.98450872633192,-433.68514675564234,61995
1474,603.4941376889675,1,0.14353776383856917,20.754865090052288,-434.4108022054036,62018
1475,559.7487197247306,1,0.14346599495664988,20.018517553806305,-441.5697135925293,62050
1476,493.2497535739062,1,0.14339426195917157,25.643548073975936,-440.241222879161,62097
1477,549.9442394756568,1,0.143322564828192,16.406994879245758,-437.6908779144287,62128
1478,579.8734240745374,1,0.1432509035457779,22.07760924100876,-438.4992027282715,62160
1479,604.1658372082295,1,0.14317927809400502,17.061404323577882,-434.5071624755859,62181
1480,602.8885370636084,1,0.14310768845495803,96.36963418813852,-435.4674846942608,62206
1481,603.4572558180748,1,0.14303613461073056,16.32974182475697,-438.2292203036222,62229
1482,602.4851458917028,1,0.1429646165434252,13.71756729712853,-435.8812021108774,62255
1483,591.0238244125964,1,0.1428931342351535,14.120551745096842,-436.4184102376302,62284
1484,595.6024511735883,1,0.14282168766803593,57.51420044898987,-437.8138122558594,62324
1485,598.2655056104913,1,0.14275027682420194,26.986772219340008,-437.22157033284503,62348
1486,600.2890880477421,1,0.14267890168578984,17.695069567362467,-436.0889567057292,62378
1487,603.7005605489658,1,0.14260756223494694,89.55489245328036,-435.8722007057884,62401
1488,561.3907312065622,1,0.14253625845382947,19.175894927978515,-437.8810791015625,62431
1489,582.6934075231516,1,0.14246499032460255,59.31147245260385,-438.57911564753607,62456
1490,542.6237326714504,1,0.14239375782944025,20.794722255907562,-433.62368453176396,62494
1491,603.8308451579261,1,0.14232256095052553,20.28095566142689,-441.01872114701706,62516
1492,581.0546557788164,1,0.14225139967005027,18.506788526262557,-433.03831263950894,62544
1493,601.4127152447339,1,0.14218027397021524,17.6265424319676,-435.8265707833426,62572
1494,603.8974178403438,1,0.14210918383323012,17.832044167952105,-438.5096130371094,62594
1495,604.0558753630387,1,0.1420381292413135,15.423342618075283,-436.60106034712356,62616
1496,603.2420138953078,1,0.14196711017669286,58.607915798823036,-436.8224792480469,62640
1497,602.3657788766044,1,0.14189612662160453,20.667573341956505,-436.3638986440805,62666
1498,599.2734005944083,1,0.14182517855829374,19.669844329357147,-442.12542152404785,62698
1499,598.5405046078951,1,0.1417542659690146,23.283629249123965,-434.89343082203584,62733
1500,570.5124710537489,1,0.1416833888360301,69.67070852915445,-438.4941446940104,62763
