episode,reward,success,epsilon,ep_avg_loss,buffer_size
1,-321.9799999999998,0,0.998,4.207954330314504,164
2,-234.23000000000002,0,0.996004,10.823618905335072,315
3,-329.8999999999998,0,0.994011992,10.414350678812873,478
4,-321.35999999999973,0,0.992023968016,12.43733619787022,645
5,-319.66999999999996,0,0.990039920079968,13.61697507811239,811
6,-387.78999999999996,0,0.9880598402398081,11.741220307131272,988
7,-317.5,0,0.9860837205593285,11.120493088865421,1157
8,-248.80999999999995,0,0.9841115531182099,12.01519467891791,1313
9,-212.31999999999994,0,0.9821433300119734,13.900071431152725,1461
10,-246.53000000000014,0,0.9801790433519495,15.605762435087733,1618
11,-349.90999999999974,0,0.9782186852652456,11.265141811112912,1789
12,-347.37999999999994,0,0.976262247894715,13.693251656902115,1960
13,-223.73999999999995,0,0.9743097233989256,12.321851438817543,2108
14,-356.58000000000015,0,0.9723611039521278,11.49597606142105,2282
15,-296.03999999999985,0,0.9704163817442236,15.91112501859481,2444
16,-361.41999999999996,0,0.9684755489807352,14.873614302315449,2621
17,-225.17000000000013,0,0.9665385978827737,13.92736437040809,2769
18,-301.75999999999993,0,0.9646055206870082,13.72710648212515,2936
19,-305.45000000000005,0,0.9626763096456342,12.368679762608371,3096
20,-319.08000000000004,0,0.9607509570263429,13.082687869725852,3257
21,-236.23000000000008,0,0.9588294551122902,14.8954650952779,3410
22,-304.73999999999984,0,0.9569117962020657,12.865547127051357,3577
23,-229.14999999999995,0,0.9549979726096616,11.939220106366697,3726
24,-256.40999999999985,0,0.9530879766644422,16.592549299953447,3881
25,-258.19,0,0.9511818007111134,16.30103717680285,4038
26,-256.52999999999986,0,0.9492794371096911,13.131812385012266,4196
27,-307.91999999999973,0,0.9473808782354717,11.109898056289772,4360
28,-207.1099999999999,0,0.9454861164790007,16.577565376990595,4509
29,-221.53999999999985,0,0.9435951442460427,13.937921508184528,4660
30,-318.15,0,0.9417079539575507,14.808626469960826,4827
31,-256.0099999999997,0,0.9398245380496356,12.160809559723697,4983
32,-324.1899999999999,0,0.9379448889735363,13.350355077581192,5144
33,-308.1500000000001,0,0.9360689991955893,13.364428628721004,5313
34,-205.58999999999997,0,0.9341968611971981,13.990590921084353,5462
35,-282.21999999999974,0,0.9323284674748037,12.286693259394207,5621
36,-281.14999999999964,0,0.930463810539854,12.902781482943983,5786
37,-264.9699999999998,0,0.9286028829187744,13.577640807326391,5945
38,-267.74000000000007,0,0.9267456771529368,12.893667071020301,6103
39,-306.81,0,0.9248921857986309,11.43497402006816,6270
40,-258.1899999999998,0,0.9230424014270336,13.523008153828627,6423
41,-291.6399999999999,0,0.9211963166241796,13.678363359215238,6587
42,-417.7100000000001,0,0.9193539239909312,12.288666199980932,6756
43,-279.7299999999999,0,0.9175152161429493,13.28456452039954,6912
44,-232.95000000000005,0,0.9156801857106633,9.893720067687482,7061
45,-277.6899999999999,0,0.913848825339242,12.346736081392516,7219
46,-308.76999999999987,0,0.9120211276885636,10.723094020129704,7383
47,-250.18999999999974,0,0.9101970854331864,11.061919821817783,7540
48,-228.42999999999984,0,0.9083766912623201,12.829172072658936,7690
49,-254.51999999999992,0,0.9065599378797955,11.788913606179337,7845
50,-268.5599999999999,0,0.9047468180040359,11.67785139946611,8002
51,-278.96999999999986,0,0.9029373243680279,12.22916043240907,8160
52,-269.5399999999999,0,0.9011314497192918,11.689029484303504,8318
53,-273.07,0,0.8993291868198532,11.353935894064652,8479
54,-280.27999999999986,0,0.8975305284462135,11.224114762512363,8636
55,-224.43999999999994,0,0.8957354673893211,11.153499917519328,8788
56,-247.16999999999996,0,0.8939439964545425,8.853532255104472,8943
57,-214.96999999999994,0,0.8921561084616334,11.079776000231504,9092
58,-272.84999999999985,0,0.8903717962447101,8.7217459749407,9251
59,-356.21,0,0.8885910526522206,8.789277977006776,9426
60,-305.72999999999996,0,0.8868138705469162,5.484619848725454,9590
61,-155.13999999999993,0,0.8850402428058224,8.451211817054586,9744
62,-261.9599999999998,0,0.8832701623202107,10.811877115303046,9898
63,-283.59999999999997,0,0.8815036219955703,9.71607758906446,10056
64,-119.88,0,0.8797406147515792,9.122736085867999,10208
65,-167.07999999999993,0,0.877981133522076,9.313768344974479,10359
66,-243.0799999999999,0,0.8762251712550319,8.8485518608266,10516
67,-222.77999999999986,0,0.8744727209125218,9.589614579441891,10669
68,-135.49999999999991,0,0.8727237754706968,7.295194683124621,10819
69,-264.3499999999998,0,0.8709783279197554,11.019033763416205,10977
70,-130.99999999999997,0,0.8692363712639158,10.16823996963517,11126
71,-332.8500000000001,0,0.867497898521388,9.907083709421027,11298
72,-121.66999999999993,0,0.8657629027243453,13.089525471343414,11450
73,-232.19999999999993,0,0.8640313769188966,12.762496855551083,11602
74,-242.57999999999998,0,0.8623033141650589,8.848939231700367,11755
75,-362.71999999999986,0,0.8605787075367288,9.117108624767173,11931
76,-158.31999999999994,0,0.8588575501216553,12.00977702476796,12088
77,-180.44999999999996,0,0.857139835021412,9.104110204180081,12253
78,-223.8299999999998,0,0.8554255553513692,9.119719406348818,12423
79,-306.75999999999993,0,0.8537147042406664,12.791604624785206,12585
80,-242.77999999999986,0,0.8520072748321851,9.742561141827277,12739
81,-226.64,0,0.8503032602825207,7.55802113746636,12891
82,-162.30999999999986,0,0.8486026537619556,9.38085830736121,13043
83,-266.53999999999996,0,0.8469054484544317,10.27494795049859,13201
84,-267.91999999999996,0,0.8452116375575228,8.071575414156541,13361
85,-184.98999999999992,0,0.8435212142824078,9.863007288592257,13518
86,-209.4199999999999,0,0.841834171853843,9.74178920380327,13669
87,-267.55999999999995,0,0.8401505035101353,6.755524746890814,13832
88,-137.48999999999992,0,0.838470202503115,7.605175376128239,13989
89,-248.30999999999995,0,0.8367932620981088,7.55298416776123,14143
90,-258.0199999999999,0,0.8351196755739125,11.343727680778986,14291
91,-221.5099999999999,0,0.8334494362227647,5.361303136060978,14436
92,-262.58999999999986,0,0.8317825373503192,6.233259615214432,14589
93,-212.52999999999983,0,0.8301189722756185,9.45200525553062,14734
94,-160.48,0,0.8284587343310672,8.884890061874803,14890
95,-225.01999999999992,0,0.8268018168624051,7.23997583377118,15037
96,-324.3799999999999,0,0.8251482132286803,6.245362837554976,15205
97,-232.71999999999997,0,0.823497916802223,3.9095441000284374,15353
98,-249.0999999999998,0,0.8218509209686186,7.928565364734382,15510
99,-253.61999999999986,0,0.8202072191266814,4.994788237889997,15663
100,-186.0399999999999,0,0.818566804688428,6.979438762027252,15821
101,-272.09000000000015,0,0.8169296710790511,6.136078509359272,15984
102,-224.47999999999985,0,0.815295811736893,7.43200336676716,16133
103,-119.5499999999999,0,0.8136652201134192,9.098691913425117,16281
104,-221.28000000000006,0,0.8120378896731923,8.928238042189102,16433
105,-130.56999999999994,0,0.8104138138938459,5.042957570578828,16582
106,-242.13999999999996,0,0.8087929862660582,7.274189057723655,16736
107,-129.9199999999999,0,0.8071754002935261,4.998104632235108,16892
108,-108.03999999999994,0,0.805561049492939,6.7957922938932365,17039
109,-137.59999999999994,0,0.8039499273939532,7.56994229648879,17190
110,-177.06999999999994,0,0.8023420275391653,6.472259184755619,17349
111,-214.10999999999987,0,0.800737343484087,8.90800022020936,17499
112,-250.5399999999999,0,0.7991358687971188,6.824275625906638,17650
113,-91.18999999999997,0,0.7975375970595246,13.523961916616926,17796
114,-215.63999999999993,0,0.7959425218654056,12.667032221919053,17942
115,-249.80999999999992,0,0.7943506368216747,7.399629254341125,18092
116,-263.2099999999998,0,0.7927619355480314,11.172353593919139,18248
117,-187.7899999999999,0,0.7911764116769353,10.224460367868831,18391
118,-270.85,0,0.7895940588535815,7.317693676799536,18547
119,-207.75999999999988,0,0.7880148707358743,5.332935516766254,18696
120,-213.08999999999992,0,0.7864388409944025,6.201365370502074,18846
121,-310.7599999999998,0,0.7848659633124138,9.727675105299218,19012
122,-84.91999999999993,0,0.783296231385789,9.630300424732528,19155
123,-130.7599999999999,0,0.7817296389230174,10.155458302605872,19304
124,-259.7299999999999,0,0.7801661796451713,11.201480728181654,19463
125,-96.17999999999992,0,0.778605847285881,13.899356391071015,19605
126,-292.19999999999993,0,0.7770486355913092,9.82854135725883,19763
127,-153.64999999999998,0,0.7754945383201266,10.305893004639074,19923
128,-251.47999999999985,0,0.7739435492434863,9.332986323422269,20081
129,-187.7099999999999,0,0.7723956621449993,9.582132137808445,20229
130,-218.52999999999994,0,0.7708508708207094,11.16732055215618,20377
131,-166.47999999999996,0,0.769309169079068,11.760010066340046,20532
132,-149.12999999999994,0,0.7677705507409098,9.795996866084092,20683
133,-125.38999999999996,0,0.766235009639428,9.021499398450057,20833
134,-106.19999999999993,0,0.7647025396201492,23.15267728815136,20979
135,-212.6299999999999,0,0.763173134540909,12.853648064461979,21131
136,-232.43999999999986,0,0.7616467882718272,10.622519786616689,21283
137,-108.99999999999994,0,0.7601234946952835,8.909638308876792,21434
138,-236.58999999999983,0,0.7586032477058929,11.780538842523177,21586
139,-117.33999999999995,0,0.7570860412104812,13.695162785667423,21734
140,-137.8299999999999,0,0.7555718691280602,10.279448075170972,21886
141,-144.94999999999996,0,0.7540607253898041,19.54033211589444,22039
142,-147.93999999999997,0,0.7525526039390245,13.53926564523807,22195
143,-233.3499999999999,0,0.7510474987311464,14.237521539263378,22346
144,-220.29,0,0.7495454037336841,9.01031198793728,22498
145,-248.8599999999999,0,0.7480463129262167,9.831709290479685,22652
146,-221.18999999999994,0,0.7465502203003642,10.538833349247774,22802
147,-222.40999999999985,0,0.7450571198597635,8.335100087465024,22955
148,-280.54999999999995,0,0.743567005620044,8.135925620049239,23115
149,-110.23999999999992,0,0.7420798716088038,14.108129421799955,23257
150,-228.99999999999983,0,0.7405957118655863,12.351267359509373,23408
151,-198.43999999999994,0,0.7391145204418551,14.248737710369687,23555
152,-256.2999999999998,0,0.7376362914009714,14.628581868484616,23711
153,-194.15999999999997,0,0.7361610188181695,9.521336254220584,23856
154,-156.45999999999992,0,0.7346886967805332,14.83853127101794,24007
155,-143.09999999999997,0,0.733219319386972,9.361163585348741,24159
156,-250.60999999999987,0,0.7317528807481981,7.847143826599153,24310
157,-114.13999999999994,0,0.7302893749867018,15.126006959459266,24458
158,-103.71999999999996,0,0.7288287962367284,10.20149918605884,24608
159,-239.4699999999998,0,0.727371138644255,18.027917347652348,24760
160,-81.19999999999999,0,0.7259163963669665,11.164266862182153,24904
161,-159.76999999999992,0,0.7244645635742325,15.472841027073372,25060
162,-73.25999999999996,0,0.723015634447084,10.16886278660968,25204
163,-118.94999999999995,0,0.7215696031781899,18.99648199186025,25355
164,-79.98999999999994,0,0.7201264639718334,26.60299216677137,25502
165,-214.23999999999987,0,0.7186862110438897,11.284444250516444,25651
166,-157.55999999999995,0,0.717248838621802,13.860246613910121,25806
167,-134.35999999999996,0,0.7158143409445584,13.07018271725821,25958
168,-115.66999999999999,0,0.7143827122626694,11.694491225592538,26105
169,-233.76999999999987,0,0.7129539468381441,12.200146711912732,26254
170,-125.45999999999992,0,0.7115280389444678,11.476575638975529,26405
171,-199.5399999999999,0,0.7101049828665789,18.074303769481343,26553
172,-145.72999999999993,0,0.7086847729008457,20.00510409738444,26711
173,-154.97999999999996,0,0.707267403355044,22.40337131285592,26869
174,-96.65999999999994,0,0.705852868548334,15.68224848919127,27015
175,-239.51999999999987,0,0.7044411628112373,19.366663655560266,27167
176,0.24000000000011568,0,0.7030322804856147,17.555355195792355,27314
177,-146.46999999999994,0,0.7016262159246435,14.158212773501873,27469
178,-102.34999999999994,0,0.7002229634927942,18.680787104581082,27616
179,-171.18999999999997,0,0.6988225175658086,17.93956143481116,27771
180,-154.0099999999999,0,0.697424872530677,13.65901253872404,27923
181,-130.61999999999995,0,0.6960300227856157,14.05520684429172,28070
182,-116.6099999999999,0,0.6946379627400444,18.18376671243459,28222
183,-126.53999999999994,0,0.6932486868145643,12.485248586064891,28374
184,-153.57999999999993,0,0.6918621894409351,21.063748469777927,28531
185,-122.2899999999999,0,0.6904784650620532,22.713471560960723,28678
186,-214.01,0,0.6890975081319292,14.491433590950582,28827
187,-106.57999999999996,0,0.6877193131156653,16.016375121581397,28980
188,-89.48999999999992,0,0.6863438744894339,13.460007667386284,29124
189,-174.18999999999994,0,0.684971186740455,22.921862582723012,29263
190,-135.37999999999994,0,0.6836012443669741,17.795496223506586,29416
191,-141.5499999999999,0,0.6822340418782402,18.30083328706603,29571
192,-165.22999999999993,0,0.6808695737944838,19.57229965896743,29728
193,-105.69999999999993,0,0.6795078346468948,20.502000266725712,29869
194,-80.04999999999998,0,0.678148818977601,18.859950057789682,30009
195,-96.69999999999999,0,0.6767925213396458,17.298457485151616,30155
196,-82.43999999999994,0,0.6754389362969666,14.223844603329272,30298
197,-102.92999999999992,0,0.6740880584243727,13.223572339655625,30442
198,-136.09999999999997,0,0.6727398823075239,20.209348163627958,30596
199,-126.41999999999997,0,0.6713944025429088,25.706311538041412,30750
200,-133.73999999999995,0,0.670051613737823,19.361072980903632,30901
201,-141.52999999999992,0,0.6687115105103473,12.284612313111623,31051
202,-117.23999999999994,0,0.6673740874893266,20.958072282373905,31199
203,-121.58999999999995,0,0.6660393393143479,16.7575742341828,31348
204,-98.96999999999998,0,0.6647072606357192,22.796653737964697,31494
205,-144.84999999999994,0,0.6633778461144477,20.45805497094989,31646
206,-110.02999999999994,0,0.6620510904222189,19.431137951386386,31791
207,-222.7299999999998,0,0.6607269882413744,25.12458897670921,31938
208,-115.89999999999995,0,0.6594055342648917,13.781319427284702,32083
209,-127.03999999999996,0,0.6580867231963619,24.284122048055423,32236
210,-131.04999999999995,0,0.6567705497499692,16.78831122095893,32383
211,-164.87999999999997,0,0.6554570086504692,17.30731403250247,32543
212,-136.93999999999994,0,0.6541460946331682,20.044262060721714,32693
213,-180.06999999999994,0,0.6528378024439019,10.798612734417857,32855
214,-127.87999999999997,0,0.6515321268390141,12.40523719066888,33008
215,-117.88999999999993,0,0.6502290625853361,16.848780532645073,33159
216,-120.99999999999996,0,0.6489286044601654,14.946163296405421,33311
217,-176.29999999999987,0,0.6476307472512451,24.377615982166876,33475
218,-84.24999999999996,0,0.6463354857567426,16.833262161165475,33615
219,-111.68999999999994,0,0.6450428147852291,17.060268770356277,33758
220,-227.54999999999987,0,0.6437527291556586,23.182430431442825,33910
221,-121.02999999999994,0,0.6424652236973473,22.879557064970335,34060
222,-114.24999999999996,0,0.6411802932499525,27.9004569972048,34207
223,-130.46999999999986,0,0.6398979326634526,16.822689708891428,34351
224,-83.05999999999995,0,0.6386181367981257,23.337707151440863,34492
225,-101.16999999999993,0,0.6373409005245295,17.12367463277446,34636
226,-115.21999999999994,0,0.6360662187234805,19.359566104534554,34782
227,-106.71999999999993,0,0.6347940862860335,17.800926283721267,34927
228,-77.62999999999994,0,0.6335244981134615,20.397448728303257,35066
229,-115.48999999999991,0,0.6322574491172346,18.064988719853194,35214
230,-85.96999999999998,0,0.6309929342190002,13.448023982346058,35358
231,-102.70999999999998,0,0.6297309483505622,22.404858555567674,35503
232,-113.09999999999998,0,0.6284714864538611,14.863576681536882,35650
233,-234.5399999999998,0,0.6272145434809534,16.100449222946327,35799
234,-173.69999999999993,0,0.6259601143939915,17.824041480982775,35951
235,-98.66999999999993,0,0.6247081941652035,23.552327920381032,36093
236,-113.62999999999994,0,0.6234587777768731,12.690357293282355,36236
237,-39.76999999999994,0,0.6222118602213194,19.248721417976963,36391
238,-120.92999999999998,0,0.6209674365008767,19.015939437485986,36544
239,-95.21999999999994,0,0.619725501627875,21.79992418415499,36695
240,-77.36999999999995,0,0.6184860506246193,19.326865004789497,36839
241,-12.469999999999942,0,0.61724907852337,18.920802193920355,36987
242,-100.46999999999994,0,0.6160145803663232,17.134246491695812,37136
243,-25.979999999999897,0,0.6147825512055906,16.519847357998025,37284
244,-112.34999999999994,0,0.6135529861031793,21.86223736785402,37433
245,-137.90999999999988,0,0.612325880130973,20.389449772554517,37584
246,-86.65999999999993,0,0.611101228370711,19.633803137049483,37732
247,3.480000000000018,0,0.6098790259139696,17.342998660998802,37878
248,-100.86999999999995,0,0.6086592678621416,21.143796981771786,38028
249,-0.999999999999936,0,0.6074419493264174,14.810179801734343,38174
250,-4.749999999999979,0,0.6062270654277645,23.231893562485237,38322
251,-96.91999999999996,0,0.6050146112969089,22.518594275120975,38469
252,-139.40999999999994,0,0.6038045820743151,22.12351906754367,38623
253,-18.279999999999994,0,0.6025969729101665,25.577039182383494,38774
254,-32.42999999999994,0,0.6013917789643461,11.40925192651584,38926
255,-107.29999999999993,0,0.6001889954064175,20.545714529497282,39073
256,-123.73999999999998,0,0.5989886174156046,18.49392188975475,39222
257,-128.58999999999992,0,0.5977906401807734,22.632357330117003,39373
258,-175.19999999999987,0,0.5965950589004119,21.023350990395393,39528
259,-123.22999999999992,0,0.595401868782611,20.90497970243295,39678
260,-113.31,0,0.5942110650450458,19.120756226314885,39826
261,-108.54999999999997,0,0.5930226429149558,18.937124461735657,39975
262,-126.00999999999993,0,0.5918365976291259,22.59315507184412,40123
263,-182.62999999999988,0,0.5906529244338676,23.512881335201143,40281
264,-131.47999999999993,0,0.5894716185849999,20.72101380907256,40426
265,-141.02999999999992,0,0.5882926753478298,21.079251852278645,40578
266,-55.97999999999993,0,0.5871160899971342,26.95909226657647,40737
267,-107.75999999999996,0,0.5859418578171399,19.215562538630298,40884
268,-25.179999999999943,0,0.5847699741015057,17.570957324362748,41035
269,-22.039999999999942,0,0.5836004341533026,17.562282642836024,41192
270,11.210000000000058,0,0.5824332332849961,11.592785988285623,41337
271,-106.26999999999997,0,0.5812683668184261,13.28130468460795,41483
272,-132.52999999999992,0,0.5801058300847892,14.820277277745452,41636
273,-87.38999999999993,0,0.5789456184246197,20.22875594274259,41778
274,-158.78999999999994,0,0.5777877271877704,14.749372337739189,41932
275,23.58000000000004,0,0.5766321517333949,19.477595371418985,42077
276,4.1500000000000625,0,0.5754788874299281,11.662149614463114,42223
277,-108.02999999999994,0,0.5743279296550683,18.493318800342408,42369
278,-77.84999999999995,0,0.5731792737957582,13.2556929647083,42511
279,-155.18999999999986,0,0.5720329152481667,14.348962471863024,42664
280,-27.109999999999932,0,0.5708888494176704,19.010125143757833,42817
281,11.710000000000043,0,0.569747071718835,18.659997956699705,42963
282,-110.88999999999994,0,0.5686075775753973,19.058395238140143,43111
283,7.600000000000037,0,0.5674703624202465,18.41327851742506,43261
284,-27.819999999999926,0,0.5663354216954061,16.115247536254557,43413
285,-101.65999999999991,0,0.5652027508520152,24.14526647057485,43561
286,428.57,1,0.5640723453503111,14.260832388860148,43709
287,7.670000000000023,0,0.5629442006596105,34.50207247800075,43858
288,16.58000000000004,0,0.5618183122582913,19.180977666789087,44003
289,-38.55999999999989,0,0.5606946756337747,19.987840342776554,44155
290,-87.95999999999998,0,0.5595732862825071,17.3898754308761,44297
291,-84.04999999999995,0,0.5584541397099421,20.512062832923004,44439
292,14.809999999999988,0,0.5573372314305222,13.650508373663142,44582
293,-78.52999999999997,0,0.5562225569676611,13.60263942682243,44725
294,-41.18999999999991,0,0.5551101118537257,15.120037675859072,44881
295,481.93,1,0.5539998916300183,14.583835539123244,45002
296,-38.46999999999995,0,0.5528918918467582,44.16530927085636,45151
297,-86.28999999999996,0,0.5517861080630647,20.483099432032684,45296
298,510.42,1,0.5506825358469386,13.521784586813844,45399
299,-35.159999999999926,0,0.5495811707752447,34.598440259399005,45550
300,-116.30999999999995,0,0.5484820084336942,12.764908203301397,45698
301,432.55,1,0.5473850444168268,39.1380256791025,45844
302,-18.999999999999964,0,0.5462902743279932,34.898458083118165,45999
303,-0.16999999999993776,0,0.5451976937793371,37.126380249148326,46146
304,422.94,0,0.5441072983917784,33.14206312271773,46295
305,-85.63999999999996,0,0.5430190837949949,84.05322365129328,46438
306,-12.139999999999972,0,0.5419330456274049,48.38672663261624,46590
307,-95.42999999999991,0,0.5408491795361501,33.88668143424858,46737
308,-15.559999999999953,0,0.5397674811770777,13.668371152757798,46886
309,473.77,1,0.5386879462147236,33.10663823958021,47014
310,-30.749999999999922,0,0.5376105703222942,49.54190285543338,47165
311,-84.42999999999994,0,0.5365353491816496,17.704853612747225,47308
312,-69.84999999999994,0,0.5354622784832863,12.777750234955397,47464
313,464.99000000000007,1,0.5343913539263198,44.226482322660544,47582
314,-106.45999999999995,0,0.5333225712184672,9.225730062260494,47725
315,-14.759999999999977,0,0.5322559260760302,46.647934582693125,47878
316,-7.779999999999951,0,0.5311914142238782,53.22917627998246,48027
317,-92.40999999999997,0,0.5301290313954304,12.939890645393708,48174
318,-132.10999999999999,0,0.5290687733326396,33.32998788511598,48328
319,-29.939999999999973,0,0.5280106357859743,16.565193607065922,48484
320,-8.28999999999997,0,0.5269546145144024,56.13477068847499,48632
321,417.92,1,0.5259007052853736,54.72744691759756,48778
322,479.5100000000001,1,0.5248489038748029,62.64700570052728,48911
323,488.46000000000004,1,0.5237992060670532,16.7301714684217,49042
324,-46.33999999999995,0,0.5227516076549191,47.6706634936439,49199
325,433.44000000000005,1,0.5217061044396093,61.784966975971535,49342
326,429.13000000000005,1,0.52066269223073,35.73634948668542,49496
327,489.64000000000004,1,0.5196213668462686,122.00550006709315,49606
328,470.33000000000004,1,0.5185821241125761,59.73686379960014,49750
329,453.38000000000005,1,0.5175449598643509,73.79010895394639,49899
330,454.25000000000006,1,0.5165098699446222,11.603888778705297,50026
331,7.160000000000075,0,0.515476850204733,53.12103793917059,50173
332,11.250000000000028,0,0.5144458965043235,55.24619169730619,50324
333,13.48000000000006,0,0.5134170047113148,32.12279524101692,50471
334,454.12000000000006,1,0.5123901707018922,81.5586077695822,50607
335,-17.34999999999995,0,0.5113653903604884,31.516074079314087,50760
336,22.070000000000036,0,0.5103426595797674,54.47898099007639,50908
337,440.44000000000005,1,0.5093219742606079,116.8690679683624,51044
338,12.180000000000021,0,0.5083033303120866,31.43275280388034,51191
339,-0.7599999999999767,0,0.5072867236514624,175.23639216377504,51335
340,400.51000000000005,1,0.5062721502041595,126.80273199851821,51482
341,460.70000000000005,1,0.5052596059037512,94.61171317018875,51628
342,-82.38999999999994,0,0.5042490866919437,46.02658473700285,51790
343,476.69,1,0.5032405885185598,81.80762360105669,51913
344,486.50000000000006,1,0.5022341073415226,38.28861135940686,52020
345,367.1900000000001,0,0.5012296391268396,9.98444129115878,52176
346,448.05,1,0.5002271798485859,127.54154918627704,52312
347,497.43000000000006,1,0.4992267254888887,112.86319425804862,52428
348,442.05000000000007,1,0.4982282720379109,70.55615449076765,52571
349,458.57000000000005,1,0.4972318154938351,156.5274960159817,52707
350,-102.17999999999998,0,0.49623735186284745,109.16646985720088,52850
351,504.3400000000001,1,0.49524487715912174,70.19972033755293,52953
352,-16.619999999999955,0,0.4942543874048035,118.0287185357947,53100
353,484.6,1,0.4932658786299939,58.54029924610387,53215
354,-13.359999999999992,0,0.4922793468727339,78.53170555553689,53366
355,483.54,1,0.4912947881789884,152.7207422282283,53493
356,479.09,1,0.4903121986026304,82.89660224268833,53613
357,3.760000000000062,0,0.48933157420542517,86.10018469861575,53753
358,487.50000000000006,1,0.48835291105701434,117.24885284545876,53879
359,468.7800000000001,1,0.48737620523490033,212.05970169343647,54005
360,453.1,1,0.48640145282443054,122.34710434100924,54142
361,456.6600000000001,1,0.48542864991878165,155.129731466023,54284
362,463.96,1,0.48445779261894406,28.613650351293444,54411
363,4.240000000000009,0,0.4834888770337062,65.10626617925507,54558
364,417.0400000000001,1,0.4825218992796388,143.29493486841784,54709
365,441.61,1,0.4815568554810795,164.74659170745872,54837
366,14.520000000000053,0,0.4805937417701174,128.9242812043263,54981
367,-40.01999999999995,0,0.47963255428657714,204.7324698896882,55142
368,477.44,1,0.478673289178004,198.92128984478936,55280
369,470.76000000000005,1,0.477715942599648,129.7419339206993,55397
370,501.17,1,0.4767605107144487,151.92419386546837,55514
371,437.40000000000003,1,0.4758069896930198,111.96450337100384,55648
372,457.6200000000001,1,0.4748553757136338,196.58926452380896,55785
373,471.26000000000005,1,0.47390566496220654,140.21045552563928,55922
374,470.16,1,0.47295785363228215,152.50197063622966,56048
375,485.9800000000001,1,0.4720119379250176,83.45188247845057,56172
376,1.070000000000043,0,0.4710679140491676,131.7242779301717,56321
377,484.8500000000001,1,0.47012577822106927,192.4816890167826,56452
378,502.26000000000005,1,0.46918552666462715,143.60489913254978,56552
379,517.9100000000001,1,0.46824715561129787,202.28583068056747,56656
380,476.87000000000006,1,0.46731066130007526,188.5806579636676,56796
381,396.76000000000005,0,0.4663760399774751,130.42918906255858,56945
382,461.53000000000003,1,0.46544328789752015,128.50734674582077,57069
383,496.91,1,0.4645124013217251,84.90050910741596,57187
384,-88.12999999999997,0,0.46358337651908166,150.86073724115454,57336
385,9.050000000000054,0,0.4626562097660435,162.7384551603522,57485
386,498.0400000000001,1,0.4617308973465114,89.76276083113784,57603
387,469.67999999999995,1,0.46080743555181836,130.70730095737764,57734
388,427.7300000000001,0,0.4598858206807147,114.82351401730163,57882
389,499.3700000000001,1,0.4589660490393533,119.51887655430116,57986
390,6.740000000000052,0,0.45804811694127456,106.8330059757038,58133
391,508.87000000000006,1,0.457132020707392,137.9384473656353,58247
392,425.69000000000005,1,0.45621775666597725,78.27973022739938,58388
393,502.82000000000005,1,0.45530532115264527,121.55667079914184,58493
394,499.93,1,0.45439471051033997,175.50639183989918,58624
395,529.98,1,0.4534859210893193,94.32035223297451,58716
396,11.95000000000006,0,0.45257894924714065,75.93468303672525,58867
397,-14.21999999999997,0,0.4516737913486464,121.51574980266192,59015
398,433.45000000000005,1,0.4507704437659491,68.36247380415598,59165
399,490.12000000000006,1,0.4498689028784172,123.05973169273314,59301
400,470.11000000000007,1,0.4489691650726603,172.1335686293699,59419
401,521.0600000000001,1,0.448071226742515,154.10436491419873,59515
402,476.91,1,0.44717508428902997,62.374481607127834,59626
403,-208.00999999999993,0,0.4462807341204519,159.4745596408844,59791
404,461.61000000000007,1,0.445388172652211,82.69565320192878,59925
405,452.58000000000004,1,0.44449739630690654,95.8332021277175,60042
406,-230.79000000000002,0,0.4436084015142927,98.52613846437465,60211
407,468.4000000000001,1,0.4427211847112641,106.44755714051965,60349
408,475.7800000000001,1,0.4418357423418416,151.2473736109557,60484
409,3.030000000000051,0,0.44095207085715793,140.55019982735317,60634
410,470.77000000000004,1,0.44007016671544363,111.54008561159883,60774
411,410.39000000000004,0,0.43919002638201277,81.50030875125447,60922
412,515.71,1,0.43831164632924874,90.58978494891414,61030
413,447.1500000000001,1,0.43743502303659026,72.10009685560321,61171
414,506.25000000000006,1,0.4365601529905171,66.64283653954479,61278
415,460.46000000000004,1,0.43568703268453607,129.93049781650078,61409
416,428.0400000000001,1,0.434815658619167,83.15042366670525,61547
417,462.23,1,0.43394602730192866,120.92409509132648,61692
418,468.36000000000007,1,0.4330781352473248,74.37325462436677,61817
419,512.38,1,0.43221197897683017,99.90212862104433,61934
420,498.33000000000004,1,0.4313475550188765,72.05078192324865,62039
421,512.7700000000001,1,0.4304848599088387,81.73368269085884,62139
422,504.55000000000007,1,0.42962389018902103,115.27309467940204,62252
423,525.74,1,0.428764642408643,100.83408293562027,62355
424,505.6700000000001,1,0.4279071131238257,116.27374879384445,62473
425,509.67,1,0.42705129889757804,81.7329075631054,62560
426,481.65,1,0.42619719629978287,84.59528108728611,62683
427,428.52,1,0.4253448019071833,73.7521368973497,62821
428,468.69000000000005,1,0.424494112303369,65.30675136391073,62949
429,509.5400000000001,1,0.42364512407876226,130.71668568797733,63064
430,438.20000000000005,1,0.4227978338306047,91.18256011731188,63206
431,505.85,1,0.42195223816294347,103.53033507427322,63313
432,-8.739999999999952,0,0.4211083336866176,73.12076128697863,63466
433,519.59,1,0.4202661170192444,89.15383317253806,63565
434,480.7600000000001,1,0.41942558478520586,95.15130569473389,63689
435,493.22,1,0.4185867336156355,72.46700936287372,63800
436,502.5200000000001,1,0.4177495601484042,88.43390471713488,63929
437,479.1500000000001,1,0.4169140610281074,73.53923191316426,64057
438,554.0,1,0.4160802329060512,41.458035597675725,64133
439,464.23,1,0.4152480724402391,44.28379627839843,64267
440,492.09000000000003,1,0.41441757629535864,49.16109541955033,64390
441,471.63,1,0.4135887411427679,70.54569320423262,64530
442,509.31,1,0.41276156366048233,70.92763289492181,64624
443,491.7700000000001,1,0.41193604053316135,62.44696268464765,64741
444,526.5700000000002,1,0.41111216845209503,51.36054406543769,64842
445,487.69000000000005,1,0.4102899441151908,64.98436651825905,64962
446,476.68000000000006,1,0.40946936422696045,58.9309420136305,65092
447,495.78000000000003,1,0.40865042549850655,64.16176560620467,65212
448,479.0400000000001,1,0.40783312464750954,69.01095212324886,65343
449,464.50000000000006,1,0.4070174583982145,63.54230818857673,65474
450,519.9600000000002,1,0.4062034234814181,29.521591998021538,65583
451,530.98,1,0.40539101663445526,60.10518718887778,65668
452,506.86,1,0.40458023460118636,67.35903180599213,65768
453,521.3399999999999,1,0.403771074131984,23.07107435654257,65875
454,515.5300000000001,1,0.40296353198372004,38.999020155595275,65973
455,495.63,1,0.4021576049197526,36.80822754331997,66085
456,462.31000000000006,1,0.40135328970991313,28.61069454568805,66217
457,503.46000000000004,1,0.4005505831304933,35.163332035428,66322
458,486.59000000000003,1,0.3997494819642323,30.81003190550888,66436
459,526.0100000000001,1,0.3989499830003039,42.00938118094265,66537
460,485.74000000000007,1,0.3981520830343033,52.87955917721301,66650
461,503.24000000000007,1,0.39735577886823464,95.08203382567157,66777
462,497.7700000000001,1,0.39656106731049817,37.75817118991505,66887
463,511.27000000000004,1,0.39576794517587716,67.92264222430292,66994
464,542.75,1,0.3949764092855254,78.0783257484436,67077
465,487.65000000000003,1,0.3941864564669544,44.51480954246862,67189
466,511.00000000000006,1,0.39339808355402045,66.28396726434475,67296
467,516.7,1,0.3926112873869124,61.25891209881881,67412
468,450.06000000000006,1,0.3918260648121386,68.69025543166532,67556
469,480.18,1,0.39104241268251433,48.719505903455946,67691
470,475.35,1,0.3902603278571493,104.09452559096472,67831
471,475.01000000000005,1,0.389479807201435,51.61279289810746,67966
472,503.83000000000004,1,0.3887008475870321,68.56067276204753,68083
473,500.72,1,0.38792344589185807,43.85213005961033,68197
474,487.1,1,0.38714759900007434,54.349948634703956,68317
475,453.75000000000006,1,0.3863733038020742,87.76785161829831,68431
476,505.08000000000004,1,0.38560055719447006,32.992709361589874,68535
477,464.27000000000004,1,0.3848293560800811,72.59596949665486,68654
478,375.68,1,0.38405969736792095,118.86927550911103,68803
479,482.1,1,0.3832915779731851,84.92616778373718,68903
480,460.2500000000001,1,0.38252499481723873,140.60274712030704,69033
481,527.25,1,0.3817599448276042,213.88101732369626,69132
482,487.43000000000006,1,0.380996424937949,67.16384200538907,69244
483,487.11,1,0.3802344320880731,101.5415381360054,69344
484,498.20000000000005,1,0.379473963223897,106.59240847191911,69438
485,541.49,1,0.37871501529744916,97.27212316989899,69528
486,468.46000000000004,1,0.37795758526685425,110.26528847676057,69632
487,484.75,1,0.37720167009632055,150.63920988859954,69740
488,522.63,1,0.3764472667561279,116.62591604168496,69829
489,521.3000000000001,1,0.37569437222261565,92.79173791039851,69926
490,491.70000000000005,1,0.3749429834781704,77.59039212874512,70060
491,505.25000000000006,1,0.37419309751121405,117.29420823676914,70162
492,518.5,1,0.3734447113161916,36.37649247622249,70261
493,442.00000000000006,1,0.3726978218935592,121.4910253375566,70408
494,496.83000000000004,1,0.3719524262497721,135.4856234198218,70519
495,482.46000000000004,1,0.37120852139727256,99.64348641128251,70651
496,525.8600000000001,1,0.370466104354478,136.0141748631938,70740
497,505.43000000000006,1,0.36972517214576905,138.0801047543499,70847
498,4.360000000000021,0,0.36898572180147754,96.26334945414517,70995
499,482.6600000000001,1,0.3682477503578746,74.22472362675943,71116
500,480.12,1,0.36751125485715885,158.10655413264723,71229
501,486.84000000000003,1,0.36677623234744455,142.31569326602346,71352
502,525.46,1,0.3660426798827497,52.60704393239365,71449
503,440.89000000000004,1,0.3653105945229842,152.58589934959687,71588
504,510.94000000000005,1,0.3645799733339382,109.56978068528352,71696
505,490.8800000000001,1,0.3638508133872703,162.30177459893403,71804
506,524.47,1,0.3631231117604958,173.78146598530913,71891
507,505.4200000000001,1,0.3623968655369748,81.34097705222666,72019
508,428.56000000000006,1,0.3616720718059009,145.47690705127187,72163
509,512.44,1,0.3609487276622891,54.71859584463404,72257
510,489.50000000000006,1,0.3602268302069645,224.87441169169912,72371
511,492.74000000000007,1,0.35950637654655054,181.00509423794955,72486
512,462.09000000000003,1,0.35878736379345744,135.1388741193279,72610
513,481.26000000000005,1,0.3580697890658705,95.31799002211223,72739
514,478.20000000000005,1,0.35735364948773873,192.3407873299814,72863
515,526.5500000000001,1,0.35663894218876324,133.71842213904503,72964
516,490.13000000000005,1,0.3559256643043857,93.52751787440984,73091
517,513.2100000000002,1,0.3552138129757769,62.57874637024075,73193
518,498.49,1,0.35450338534982534,81.93705903302443,73304
519,-30.4299999999999,0,0.3537943785791257,113.72273655454065,73461
520,482.14000000000004,1,0.35308678982196745,158.92495419855774,73577
521,516.19,1,0.35238061624232353,251.64985027815166,73672
522,474.82000000000005,1,0.3516758550098389,143.9616420234459,73810
523,522.0200000000001,1,0.3509725032998192,66.75417761575608,73915
524,-1.4499999999999176,0,0.35027055829321957,229.8345188848434,74070
525,6.710000000000058,0,0.3495700171766331,68.91640487885633,74221
526,29.550000000000068,0,0.3488708771422798,154.84838380225716,74367
527,2.980000000000018,0,0.34817313538799527,199.87839610545666,74521
528,21.120000000000147,0,0.3474767891172193,195.80621888305967,74672
529,0.5800000000000978,0,0.34678183553898484,204.240798649035,74824
530,-15.089999999999897,0,0.34608827186790686,252.5159894831769,74978
531,7.4200000000000585,0,0.34539609532417104,165.48361465254345,75126
532,-10.409999999999862,0,0.3447053031335227,177.39377608424738,75278
533,-28.42999999999995,0,0.3440158925272557,126.18301064627511,75432
534,27.310000000000066,0,0.3433278607422012,197.70821598872243,75581
535,-8.549999999999983,0,0.34264120502071677,196.26200548700385,75729
536,21.89000000000008,0,0.3419559226106753,130.28363245242352,75877
537,445.6600000000001,1,0.34127201076545394,299.2541351386479,76017
538,35.780000000000044,0,0.34058946674392304,123.21264240044314,76164
539,6.690000000000069,0,0.3399082878104352,290.55189237594607,76314
540,18.33000000000002,0,0.3392284712348143,255.43499088287354,76466
541,353.3,0,0.33855001429234466,197.53525521253286,76618
542,-2.399999999999906,0,0.33787291426376,275.71600246739075,76772
543,32.97000000000007,0,0.33719716843523245,165.17652942056526,76918
544,8.730000000000032,0,0.336522774098362,242.61385494194283,77069
545,24.660000000000032,0,0.33584972855016526,209.37932904999832,77214
546,464.80000000000007,1,0.33517802909306493,247.15479541635838,77361
547,467.3200000000001,1,0.3345076730348788,102.84517416760728,77509
548,471.48000000000013,1,0.33383865768880905,247.09286608112802,77648
549,0.8700000000000117,0,0.3331709803734314,164.82531627071532,77800
550,-33.05999999999996,0,0.3325046384126845,220.30055047963796,77952
551,485.12,1,0.3318396291358591,217.67338825975145,78092
552,460.58000000000015,1,0.3311759498775874,236.6044828859965,78242
553,454.38000000000005,1,0.33051359797783225,268.7081751050176,78390
554,493.64,1,0.3298525707818766,278.6150386872953,78527
555,458.9800000000001,1,0.3291928656403128,228.91642929485866,78667
556,433.38000000000005,1,0.3285344799090322,210.76384173187554,78820
557,454.65999999999997,1,0.32787741094921413,175.12744110188586,78961
558,463.1500000000001,1,0.3272216561273157,170.54947929095505,79094
559,490.48,1,0.32656721281506107,174.21694606851648,79229
560,514.22,1,0.32591407838943093,281.02151563564934,79349
561,478.61,1,0.32526225023265204,237.7242547273636,79481
562,442.03999999999996,1,0.3246117257321867,181.31541982763693,79633
563,484.74,1,0.3239625022807223,246.97710782699002,79764
564,453.34000000000003,1,0.32331457727616086,281.82697454304764,79906
565,447.3,1,0.32266794812160854,224.0570670893403,80053
566,485.61000000000007,1,0.3220226122253653,225.84252367188446,80166
567,470.1399999999999,1,0.3213785670009146,178.8688936468581,80308
568,495.83000000000004,1,0.3207358098669128,164.86074535449345,80428
569,506.0900000000001,1,0.320094338247179,205.25548593876726,80546
570,475.95000000000005,1,0.31945414957068463,259.59543913472305,80683
571,490.61,1,0.31881524127154326,205.84364052672885,80817
572,493.6000000000001,1,0.3181776107890002,235.6562490017294,80956
573,451.71,1,0.3175412555674222,223.8334989013672,81081
574,466.8500000000001,1,0.3169061730562873,232.85368365841313,81224
575,28.430000000000135,0,0.3162723607101747,195.13657751276688,81372
576,459.1000000000001,1,0.3156398159887544,91.51814839223049,81515
577,498.67,1,0.3150085363567769,137.0695618401226,81632
578,489.23000000000013,1,0.31437851928406335,138.6038180329746,81765
579,508.4200000000001,1,0.3137497622454952,140.50199780582398,81886
580,499.2700000000002,1,0.31312226272100424,259.32262483037505,82019
581,506.23,1,0.3124960181955622,149.6574195952251,82135
582,507.84000000000015,1,0.3118710261591711,183.01365322019996,82258
583,477.28000000000003,1,0.31124728410685276,182.16710011036164,82382
584,496.72,1,0.31062478953863903,152.75432718992232,82502
585,506.71000000000015,1,0.31000353995956176,242.62944925956006,82608
586,510.1,1,0.30938353287964265,240.73034105486082,82711
587,445.58000000000004,1,0.30876476581388335,124.79029710425272,82855
588,514.0300000000001,1,0.3081472362822556,168.2461009885444,82977
589,483.55,1,0.3075309418096911,230.68090559224612,83099
590,473.86,1,0.3069158799260717,158.625286321171,83221
591,504.9300000000002,1,0.3063020481662196,214.84668896993,83341
592,477.30000000000007,1,0.30568944406988713,142.73788212928451,83460
593,514.0300000000001,1,0.30507806518174735,206.8468263542768,83563
594,448.34000000000003,1,0.3044679090513839,169.9206500746246,83680
595,517.9,1,0.3038589732332811,105.45334762515444,83779
596,493.83000000000004,1,0.3032512552868145,92.52880644798279,83901
597,509.09000000000003,1,0.30264475277624087,196.31412398054243,83995
598,467.4100000000001,1,0.30203946327068837,84.24666562256989,84130
599,490.92,1,0.301435384344147,140.61869322798634,84261
600,509.53000000000003,1,0.3008325135754587,101.58685343856112,84370
601,273.21000000000004,1,0.3002308485483078,139.61342091993853,84535
602,517.94,1,0.2996303868512112,155.76221113289353,84648
603,500.30000000000007,1,0.29903112607750876,275.83388353430706,84763
604,481.46000000000015,1,0.29843306382535373,216.0336733881165,84899
605,486.61,1,0.29783619769770303,106.27257083791547,85012
606,490.2800000000001,1,0.2972405253023076,127.57025509643555,85137
607,526.63,1,0.296646044251703,195.4763103697035,85227
608,530.8600000000001,1,0.2960527521631996,114.34477065618222,85331
609,489.4600000000002,1,0.29546064665887317,113.27479273764814,85453
610,501.6200000000001,1,0.29486972536555545,126.37585693247178,85555
611,517.5200000000002,1,0.29427998591482435,105.40439622170102,85668
612,493.6500000000001,1,0.2936914259429947,77.69263169725062,85786
613,515.2600000000001,1,0.2931040430911087,92.57598838897852,85890
614,522.9200000000001,1,0.2925178350049265,127.653031034129,86002
615,486.28000000000003,1,0.29193279933491667,109.66719269334224,86116
616,453.75,1,0.2913489337362468,144.6807604059577,86244
617,506.46000000000004,1,0.2907662358687743,184.7889696052394,86341
618,518.72,1,0.2901847033970368,150.55482351779938,86441
619,467.7300000000001,1,0.2896043339902427,95.72094422578812,86561
620,507.29000000000013,1,0.2890251253222622,241.4604513304574,86673
621,506.43000000000006,1,0.2884470750716177,95.41433582040999,86781
622,521.9200000000001,1,0.2878701809214745,132.49407286510288,86888
623,514.96,1,0.28729444055963155,165.4933659071775,86985
624,508.70000000000005,1,0.28671985167851227,117.33455607867,87084
625,480.19000000000005,1,0.2861464119751552,143.65906600391165,87203
626,522.5800000000002,1,0.2855741191512049,154.18984978053035,87301
627,508.3,1,0.2850029709129025,221.58214184614988,87412
628,500.93,1,0.2844329649710767,103.36308486121041,87503
629,531.8000000000001,1,0.2838640990411345,70.59866021474203,87593
630,529.3800000000001,1,0.28329637084305226,108.68294857949326,87690
631,1.1800000000000566,0,0.2827297781013662,132.27295659734057,87844
632,512.6400000000001,1,0.28216431854516344,114.86588564373199,87949
633,496.54,1,0.2815999899080731,96.70986507578594,88072
634,-69.99999999999996,0,0.281036789928257,126.56651760114205,88220
635,481.4700000000001,1,0.2804747163484005,248.81282983239242,88347
636,499.2700000000001,1,0.2799137669157037,187.356726695444,88454
637,516.6500000000001,1,0.2793539393818723,120.98748749180844,88568
638,519.0600000000001,1,0.2787952315031086,159.93700005114079,88664
639,-79.99999999999997,0,0.27823764104010235,171.83938541866485,88811
640,506.91,1,0.27768116575802215,128.9907799095943,88927
641,518.53,1,0.2771258034265061,147.5552513553546,89031
642,5.820000000000057,0,0.2765715518196531,137.42287542978923,89181
643,-94.58999999999992,0,0.2760184087160138,126.049449287988,89334
644,497.9200000000001,1,0.27546637189858175,209.34389928609383,89453
645,-89.51999999999992,0,0.2749154391547846,162.6982127482595,89606
646,-90.12999999999994,0,0.27436560827647505,129.59072677712692,89758
647,479.5300000000001,1,0.2738168770599221,139.05883797009787,89890
648,463.95000000000005,1,0.2732692433058022,155.50782822900348,90034
649,504.93,1,0.2727227048191906,170.12307607793363,90141
650,13.020000000000081,0,0.27217725940955223,92.31152272224426,90290
651,12.770000000000032,0,0.2716329048907331,162.2027489121755,90440
652,-98.0399999999999,0,0.2710896390809516,179.61757465356436,90596
653,502.84000000000003,1,0.2705474598027897,167.6273728577987,90711
654,10.250000000000028,0,0.27000636488318414,162.85381012916565,90861
655,26.650000000000055,0,0.26946635215341774,159.35752071470222,91010
656,430.97,0,0.2689274194491109,183.50647563350444,91157
657,461.6400000000001,1,0.2683895646102127,173.38967067901402,91303
658,454.31000000000006,1,0.2678527854809923,122.40653488097652,91458
659,15.220000000000041,0,0.2673170799100303,115.03016353607178,91608
660,-5.669999999999973,0,0.2667824457502102,152.08883888449444,91757
661,477.68000000000006,1,0.2662488808587098,110.56809265083737,91901
662,483.07000000000005,1,0.26571638309699236,244.4784570345238,92035
663,11.490000000000016,0,0.26518495033079836,104.57272562465153,92183
664,465.30000000000007,1,0.2646545804301368,131.6065086475035,92330
665,463.53000000000003,1,0.26412527126927654,104.516892535111,92475
666,430.32000000000005,0,0.26359702072673796,132.10684884794605,92624
667,481.65000000000003,1,0.2630698266852845,123.71254987716675,92769
668,493.58000000000004,1,0.26254368703191394,127.83905760198832,92897
669,483.57000000000005,1,0.2620185996578501,155.8657128554124,93027
670,9.860000000000035,0,0.2614945624585344,176.09908220328782,93179
671,469.15,1,0.26097157333361737,177.78663924100587,93318
672,24.300000000000033,0,0.2604496301869501,192.9129954070261,93464
673,488.18000000000006,1,0.2599287309265762,186.40986069888933,93605
674,492.68,1,0.259408873464723,124.6537384464793,93742
675,-73.62999999999997,0,0.25889005571779355,164.2599334204757,93891
676,467.72,1,0.25837227560635795,178.70158965293675,94037
677,490.41,1,0.25785553105514525,140.9064589543129,94171
678,489.70000000000005,1,0.25733981999303496,104.5902663215262,94293
679,477.99,1,0.2568251403530489,166.67892087039664,94427
680,517.1800000000001,1,0.2563114900723428,129.61950724534313,94526
681,496.71000000000004,1,0.25579886709219807,180.16811246138352,94643
682,512.4,1,0.25528726935801366,210.61864491701127,94763
683,-105.26,0,0.25477669481929766,112.70218052960082,94912
684,503.03000000000003,1,0.25426714142965906,134.19428317028544,95027
685,492.26000000000005,1,0.25375860714679976,191.03173472664574,95148
686,485.7800000000001,1,0.25325108993250617,71.15927417721369,95261
687,515.23,1,0.25274458775264114,153.4505137710248,95379
688,513.8,1,0.25223909857713583,86.60619790951411,95499
689,-87.51999999999997,0,0.25173462037998157,79.19357585279565,95651
690,508.6700000000001,1,0.2512311511392216,137.03492368062336,95756
691,453.25000000000006,1,0.25072868883694316,192.65117495812027,95905
692,533.6500000000001,1,0.2502272314592693,180.13641385109193,95998
693,-80.23999999999997,0,0.24972677699635074,179.17597323936104,96147
694,19.47,0,0.24922732344235804,128.92732238120774,96294
695,497.55,1,0.24872886879547332,108.0323895462628,96410
696,480.19000000000005,1,0.24823141105788238,120.25154618270524,96541
697,523.2300000000001,1,0.2477349482357666,167.46812816347395,96646
698,478.34000000000003,1,0.24723947833929508,126.97961729281657,96794
699,419.52,0,0.2467449993826165,97.37211149417801,96945
700,507.22,1,0.24625150938385126,185.1067413186605,97058
701,531.5800000000002,1,0.24575900636508355,100.20900572328007,97143
702,490.7700000000001,1,0.24526748835235337,99.44967944001499,97289
703,-75.38999999999996,0,0.24477695337564867,110.14681426950749,97438
704,491.02000000000004,1,0.24428739946889738,142.78898752837623,97557
705,527.69,1,0.24379882466995959,171.14188382330906,97646
706,505.13000000000005,1,0.24331122702061966,120.93083124690585,97754
707,511.8500000000001,1,0.24282460456657842,131.48384435637658,97873
708,488.37,1,0.24233895535744526,147.9346402670986,98002
709,515.26,1,0.24185427744673038,103.84247781235038,98105
710,494.83000000000004,1,0.24137056889183692,177.9579158961344,98244
711,473.44000000000005,1,0.24088782775405324,124.42197821980757,98383
712,497.62000000000006,1,0.24040605209854513,110.85635793593622,98507
713,488.76000000000005,1,0.23992523999434803,175.62421685193493,98620
714,546.0900000000001,1,0.23944538951435934,87.25235143373179,98706
715,504.83000000000004,1,0.23896649873533063,164.06208403642512,98827
716,496.77000000000004,1,0.23848856573785998,75.75648057372482,98962
717,532.7,1,0.23801158860638427,130.2561084508896,99062
718,184.0300000000001,1,0.2375355654291715,141.08725284740626,99213
719,491.68,1,0.23706049429831316,58.72332450321743,99339
720,493.9200000000001,1,0.23658637330971655,95.74181920763046,99465
721,475.75000000000006,1,0.23611320056309712,148.42137820380074,99605
722,503.1300000000001,1,0.2356409741619709,98.11836083255596,99739
723,525.54,1,0.23516969221364697,135.25382603431234,99837
724,507.88000000000005,1,0.2346993528292197,129.51715250325398,99960
725,504.9200000000001,1,0.23422995412356126,117.2581419691895,100000
726,507.15000000000003,1,0.23376149421531414,66.91321665608984,100000
727,481.7000000000001,1,0.2332939712268835,63.9365666271889,100000
728,498.86,1,0.23282738328442973,131.61294958679764,100000
729,509.77000000000004,1,0.23236172851786085,90.63268232345581,100000
730,502.5400000000001,1,0.23189700506082514,129.85369626617432,100000
731,508.63000000000005,1,0.2314332110507035,124.31207319437448,100000
732,497.26000000000005,1,0.23097034462860208,163.42165197943248,100000
733,497.5900000000001,1,0.23050840393934488,156.7421731257784,100000
734,486.86,1,0.2300473871314662,206.6948746906892,100000
735,512.2900000000001,1,0.22958729235720327,112.17416924090425,100000
736,505.2000000000001,1,0.22912811777248887,123.39053833857179,100000
737,476.09000000000003,1,0.22866986153694388,196.34852349758148,100000
738,408.7300000000001,0,0.22821252181387,166.38906673668257,100000
739,482.1200000000001,1,0.22775609677024225,176.19298482963018,100000
740,505.72,1,0.22730058457670177,114.53986133262515,100000
741,485.64000000000004,1,0.22684598340754836,141.11495150136582,100000
742,493.20000000000005,1,0.22639229144073325,64.02614079023662,100000
743,482.32000000000005,1,0.22593950685785177,227.687106897851,100000
744,496.97,1,0.22548762784413606,144.38687469939555,100000
745,506.0300000000001,1,0.2250366525884478,131.52571927555024,100000
746,483.9800000000001,1,0.2245865792832709,113.31969491295193,100000
747,519.72,1,0.22413740612470434,149.40100932802474,100000
748,520.59,1,0.22368913131245494,192.26423848325555,100000
749,500.12,1,0.22324175304983002,140.03058604038122,100000
750,511.5400000000001,1,0.22279526954373036,96.42203438679377,100000
751,414.97,1,0.2223496790046429,91.42812693469665,100000
752,488.1500000000001,1,0.2219049796466336,150.17747794298026,100000
753,472.30000000000007,1,0.22146116968734034,149.0426331090589,100000
754,467.6400000000001,1,0.22101824734796566,134.21690349578859,100000
755,514.11,1,0.22057621085326973,118.9782314906686,100000
756,502.33000000000004,1,0.2201350584315632,112.03228959170255,100000
757,509.00000000000006,1,0.21969478831470007,172.52277320974014,100000
758,423.02000000000004,0,0.21925539873807068,156.16708826065064,100000
759,511.81000000000006,1,0.21881688794059453,129.6567946434021,100000
760,504.5,1,0.21837925416471335,92.1076908838951,100000
761,489.95000000000005,1,0.21794249565638393,109.46408343135863,100000
762,515.52,1,0.21750661066507115,117.24699013397611,100000
763,524.1600000000001,1,0.21707159744374102,97.9339380727231,100000
764,502.59000000000003,1,0.21663745424885353,113.71554917459902,100000
765,517.1600000000001,1,0.21620417934035582,137.5700876472193,100000
766,506.9200000000001,1,0.2157717709816751,183.36390693434353,100000
767,526.98,1,0.21534022743971176,131.40227227486096,100000
768,514.27,1,0.21490954698483233,79.81355146634377,100000
769,499.82000000000005,1,0.21447972789086267,130.33137187311206,100000
770,527.84,1,0.21405076843508095,207.44214677329015,100000
771,516.36,1,0.21362266689821077,37.475109577178955,100000
772,479.72,1,0.21319542156441434,134.3401438168117,100000
773,519.24,1,0.21276903072128553,136.1455918275393,100000
774,514.2,1,0.21234349265984295,123.77057868297969,100000
775,504.31,1,0.21191880567452326,206.83967723466654,100000
776,541.6300000000001,1,0.21149496806317422,75.56515016025968,100000
777,505.0,1,0.21107197812704787,162.24824945401338,100000
778,522.86,1,0.21064983417079378,163.26971610224976,100000
779,499.7700000000001,1,0.21022853450245219,136.05778326729472,100000
780,500.46000000000004,1,0.2098080774334473,170.42542632562774,100000
781,506.17,1,0.20938846127858038,148.77257136668055,100000
782,501.29,1,0.20896968435602323,94.47050960558765,100000
783,485.0,1,0.2085517449873112,174.59952509138319,100000
784,492.54,1,0.20813464149733657,173.45936170852545,100000
785,458.73,1,0.2077183722143419,182.30088197483735,100000
786,512.07,1,0.2073029354699132,142.37870995480083,100000
787,496.65000000000003,1,0.20688832959897338,91.65157898329198,100000
788,483.97,1,0.20647455293977543,85.79691657555841,100000
789,516.5600000000001,1,0.20606160383389588,178.65425700441412,100000
790,508.72,1,0.2056494806262281,193.23628732698774,100000
791,-87.32999999999997,0,0.20523818166497565,135.85947858048723,100000
792,494.65999999999997,1,0.2048277053016457,111.5929021010032,100000
793,514.0500000000001,1,0.20441804989104242,113.89254943598871,100000
794,507.68000000000006,1,0.20400921379126033,109.06613476096459,100000
795,513.48,1,0.20360119536367782,112.13770761904509,100000
796,519.63,1,0.20319399297295046,120.60564350245292,100000
797,506.57000000000005,1,0.20278760498700457,137.450555851904,100000
798,486.53000000000003,1,0.20238202977703057,99.14506653842763,100000
799,485.18,1,0.2019772657174765,119.17073749762315,100000
800,505.64,1,0.20157331118604155,225.42963307590807,100000
801,506.13000000000005,1,0.20117016456366946,120.77350039805395,100000
802,504.3,1,0.20076782423454212,173.36268545190492,100000
803,506.72,1,0.20036628858607303,116.48077067945685,100000
804,488.51000000000005,1,0.19996555600890087,163.53764034544722,100000
805,510.4200000000001,1,0.19956562489688306,103.00920692411792,100000
806,500.51,1,0.1991664936470893,162.69543009395747,100000
807,503.82000000000005,1,0.1987681606597951,156.84815161878413,100000
808,470.0400000000001,1,0.19837062433847552,87.06522901268566,100000
809,501.40000000000003,1,0.19797388308979857,126.10680655545967,100000
810,485.03000000000003,1,0.19757793532361898,68.85571773662123,100000
811,496.99000000000007,1,0.19718277945297175,143.54883730039,100000
812,505.28000000000003,1,0.1967884138940658,143.6178248487413,100000
813,498.9100000000001,1,0.19639483706627767,121.09732450335478,100000
814,518.73,1,0.1960020473921451,158.24783512165672,100000
815,514.45,1,0.1956100432973608,98.85212082778457,100000
816,505.94000000000005,1,0.19521882321076608,112.3155691352317,100000
817,499.87,1,0.19482838556434456,166.6175125691949,100000
818,515.87,1,0.1944387287932159,99.1006249674296,100000
819,518.75,1,0.19404985133562946,87.77818916525159,100000
820,513.23,1,0.1936617516329582,86.60157112038654,100000
821,522.47,1,0.19327442812969228,149.2172804423741,100000
822,496.06000000000006,1,0.1928878792734329,146.91561766802255,100000
823,502.26000000000005,1,0.19250210351488603,110.7315037378243,100000
824,516.59,1,0.19211709930785625,145.98826888372312,100000
825,509.6000000000001,1,0.19173286510924054,104.4975220741482,100000
826,514.01,1,0.19134939937902207,105.4867223655736,100000
827,522.7600000000001,1,0.19096670058026402,164.13769676923752,100000
828,535.0400000000001,1,0.1905847671791035,171.19489078720412,100000
829,540.19,1,0.1902035976447453,141.46220024228097,100000
830,522.6700000000001,1,0.1898231904494558,136.163933319204,100000
831,516.36,1,0.1894435440685569,98.63425683222319,100000
832,530.9200000000001,1,0.1890646569804198,102.35746552803937,100000
833,525.7400000000001,1,0.18868652766645896,107.61931363244851,100000
834,537.13,1,0.18830915461112605,156.37012712339336,100000
835,505.8400000000001,1,0.1879325363019038,137.5574514164644,100000
836,515.22,1,0.18755667122929998,184.87798150877157,100000
837,529.45,1,0.18718155788684138,99.5364648597409,100000
838,502.33,1,0.1868071947710677,191.16556026935578,100000
839,545.3900000000001,1,0.18643358038152555,103.69028757339301,100000
840,516.71,1,0.1860607132207625,193.2068565499549,100000
841,498.5000000000001,1,0.18568859179432098,128.06498132491933,100000
842,557.72,1,0.18531721461073233,95.13193648060162,100000
843,534.34,1,0.18494658018151086,254.28870404663905,100000
844,537.33,1,0.18457668702114785,188.45278216747755,100000
845,521.54,1,0.18420753364710554,146.99430890083312,100000
846,533.6500000000001,1,0.18383911857981133,130.72135733554236,100000
847,520.9100000000001,1,0.1834714403426517,119.1693204453117,100000
848,529.33,1,0.1831044974619664,60.68553969393606,100000
849,529.3000000000001,1,0.18273828846704246,192.32782174452493,100000
850,543.24,1,0.18237281189010837,166.70463136109439,100000
851,544.13,1,0.18200806626632815,152.99190089868944,100000
852,559.5300000000001,1,0.1816440501337955,87.68021125452859,100000
853,516.0500000000001,1,0.18128076203352791,153.06331546153498,100000
854,536.69,1,0.18091820050946086,84.83141671432243,100000
855,547.6400000000001,1,0.18055636410844195,74.19438318979172,100000
856,545.19,1,0.18019525138022507,184.36458817748135,100000
857,545.33,1,0.17983486087746461,101.34840003279753,100000
858,535.9900000000001,1,0.17947519115570967,101.32936277818143,100000
859,524.1500000000001,1,0.17911624077339824,131.86721869437926,100000
860,526.07,1,0.17875800829185146,110.26557038798191,100000
861,548.21,1,0.17840049227526775,127.59428042028009,100000
862,532.02,1,0.1780436912907172,116.23056463693318,100000
863,534.9000000000001,1,0.17768760390813576,179.81925492234282,100000
864,548.1500000000001,1,0.17733222870031948,106.51414163228942,100000
865,545.98,1,0.17697756424291883,65.6941150532493,100000
866,504.5500000000001,1,0.17662360911443298,115.80244938532512,100000
867,538.78,1,0.17627036189620413,141.48891948557448,100000
868,540.49,1,0.17591782117241173,129.14559764020584,100000
869,541.61,1,0.17556598553006691,126.8456713491016,100000
870,517.47,1,0.1752148535590068,100.92000798976167,100000
871,533.6400000000001,1,0.17486442385188877,79.35033731050389,100000
872,512.3000000000001,1,0.17451469500418498,158.01875896646519,100000
873,544.49,1,0.17416566561417662,106.46816460880233,100000
874,524.4000000000001,1,0.17381733428294827,96.04602058066263,100000
875,526.7900000000001,1,0.17346969961438236,202.64648289150662,100000
876,538.9200000000001,1,0.1731227602151536,114.11956312738616,100000
877,547.94,1,0.1727765146947233,134.6893445485598,100000
878,532.44,1,0.17243096166533387,130.45567392761058,100000
879,538.7800000000001,1,0.1720860997420032,54.50425983511883,100000
880,538.5200000000001,1,0.17174192754251918,192.12517060630623,100000
881,534.59,1,0.17139844368743415,63.696142016455184,100000
882,551.95,1,0.17105564680005927,160.97893523864258,100000
883,520.0000000000001,1,0.17071353550645915,155.7238558292389,100000
884,513.8600000000001,1,0.17037210843544623,174.91430665464964,100000
885,512.8000000000001,1,0.17003136421857534,125.05119126593625,100000
886,512.57,1,0.1696913014901382,265.9298597014094,100000
887,552.97,1,0.16935191888715792,247.1403914841128,100000
888,542.7800000000001,1,0.1690132150493836,192.18185932377736,100000
889,494.98000000000013,1,0.16867518861928482,164.86981595384663,100000
890,540.1600000000001,1,0.16833783824204626,183.7018925554612,100000
891,525.94,1,0.16800116256556216,106.17005666380837,100000
892,539.32,1,0.16766516024043104,238.20254957966688,100000
893,532.2700000000001,1,0.16732982991995018,92.31223343719135,100000
894,544.6600000000001,1,0.1669951702601103,105.73178709877863,100000
895,533.8100000000002,1,0.16666117991959006,195.03095963560506,100000
896,515.1,1,0.16632785755975088,227.42593117598648,100000
897,530.5500000000001,1,0.16599520184463137,239.02792656547146,100000
898,523.9300000000001,1,0.16566321144094212,205.66415205769155,100000
899,501.96000000000015,1,0.16533188501806023,116.69284776931113,100000
900,550.34,1,0.1650012212480241,111.29288850128651,100000
901,514.4300000000001,1,0.16467121880552807,94.400154720182,100000
902,540.0300000000001,1,0.164341876367917,140.1280641752131,100000
903,553.9100000000001,1,0.16401319261518116,173.74537061637557,100000
904,559.33,1,0.1636851662299508,253.75832907812935,100000
905,529.0500000000001,1,0.1633577958974909,112.6073967592389,100000
906,547.9200000000001,1,0.1630310803056959,154.89919360891565,100000
907,555.99,1,0.1627050181450845,103.21585448368175,100000
908,546.6300000000001,1,0.16237960810879434,281.5695172597284,100000
909,538.57,1,0.16205484889257676,74.67884693474605,100000
910,505.33000000000004,1,0.1617307391947916,119.67545036767659,100000
911,517.0300000000001,1,0.16140727771640204,145.54397112257936,100000
912,537.95,1,0.16108446316096922,66.96163620309132,100000
913,557.6000000000001,1,0.16076229423464727,221.95070791244507,100000
914,530.3700000000001,1,0.16044076964617798,166.37132323897163,100000
915,492.20000000000005,1,0.16011988810688563,202.2372402365391,100000
916,530.5800000000002,1,0.15979964833067187,165.24647277781838,100000
917,527.19,1,0.15948004903401053,79.93805044956422,100000
918,529.84,1,0.1591610889359425,89.99863015219222,100000
919,536.5600000000001,1,0.1588427667580706,186.03735931998207,100000
920,543.3800000000001,1,0.15852508122455447,170.24849119939302,100000
921,548.63,1,0.15820803106210535,70.59719540142432,100000
922,528.2900000000001,1,0.15789161499998114,139.8525938125367,100000
923,542.1200000000001,1,0.1575758317699812,157.21283797513354,100000
924,548.94,1,0.15726068010644123,173.9117741380419,100000
925,542.7900000000001,1,0.15694615874622836,132.84800517128176,100000
926,532.97,1,0.1566322664287359,94.8406378030777,100000
927,538.57,1,0.15631900189587844,81.23080330424838,100000
928,539.8700000000001,1,0.1560063638920867,189.40722525384692,100000
929,526.48,1,0.15569435116430252,168.35100371461166,100000
930,547.5200000000001,1,0.15538296246197392,74.75303349892299,100000
931,544.7800000000001,1,0.15507219653704996,148.75701420689808,100000
932,529.57,1,0.15476205214397584,83.05824468187664,100000
933,559.23,1,0.1544525280396879,93.23517446517944,100000
934,530.5800000000002,1,0.1541436229836085,219.30049113962386,100000
935,557.22,1,0.1538353357376413,185.29275584552022,100000
936,543.79,1,0.15352766506616602,114.18256360513193,100000
937,540.34,1,0.15322060973603369,143.08235258641452,100000
938,553.11,1,0.15291416851656162,214.51162387774542,100000
939,533.8600000000001,1,0.15260834017952848,130.66291741917772,100000
940,552.3100000000001,1,0.15230312349916944,128.50677078198163,100000
941,525.1700000000001,1,0.1519985172521711,82.9437011430661,100000
942,540.5800000000002,1,0.15169452021766675,158.25540958292345,100000
943,555.0500000000001,1,0.1513911311772314,102.14960602811865,100000
944,542.4200000000001,1,0.15108834891487694,81.2939605799066,100000
945,550.24,1,0.15078617221704718,237.24884675145148,100000
946,551.24,1,0.1504845998726131,48.67238338905222,100000
947,557.6800000000001,1,0.15018363067286786,150.21234640479088,100000
948,548.1400000000001,1,0.1498832634115221,136.8255973574403,100000
949,527.0300000000001,1,0.14958349688469907,160.83945838521035,100000
950,549.6500000000001,1,0.14928432989092968,207.5197036107381,100000
951,540.6700000000001,1,0.14898576123114782,176.60092538217955,100000
952,556.01,1,0.1486877897086855,105.97274467107412,100000
953,557.6000000000001,1,0.14839041412926815,67.89899666772948,100000
954,553.37,1,0.1480936333010096,85.38664635470215,100000
955,555.07,1,0.1477974460344076,222.60781943279764,100000
956,539.2800000000001,1,0.14750185114233877,184.22912331263225,100000
957,544.7100000000002,1,0.14720684744005408,117.32070287951717,100000
958,551.98,1,0.14691243374517396,121.94275866142691,100000
959,547.8000000000001,1,0.1466186088776836,191.22800135922122,100000
960,552.2700000000001,1,0.14632537165992823,141.60389272983258,100000
961,551.48,1,0.14603272091660838,140.07111019630955,100000
962,555.38,1,0.14574065547477516,145.67598789325658,100000
963,553.2900000000001,1,0.1454491741638256,80.15150860329749,100000
964,552.77,1,0.14515827581549795,155.36212920531247,100000
965,550.12,1,0.14486795926386695,166.6584973603487,100000
966,537.21,1,0.1445782233453392,146.13719345842088,100000
967,554.0600000000001,1,0.14428906689864854,138.6121264758863,100000
968,532.2500000000001,1,0.14400048876485125,69.99756838471056,100000
969,549.9000000000001,1,0.14371248778732154,208.86888161023458,100000
970,558.8100000000001,1,0.14342506281174688,84.56038844768818,100000
971,562.6100000000001,1,0.1431382126861234,106.97039385997888,100000
972,557.64,1,0.14285193626075116,97.72105947799153,100000
973,538.34,1,0.14256623238822966,130.94587665941657,100000
974,543.97,1,0.1422810999234532,74.25417224043294,100000
975,557.4200000000001,1,0.1419965377236063,206.79174738460117,100000
976,550.74,1,0.14171254464815908,103.84512920379639,100000
977,554.5600000000001,1,0.14142911955886275,137.74507401177758,100000
978,543.6800000000001,1,0.14114626131974503,162.72724626281044,100000
979,540.9000000000001,1,0.14086396879710555,102.86640464277828,100000
980,536.74,1,0.14058224085951135,127.3311739734241,100000
981,560.98,1,0.14030107637779232,191.88859017806894,100000
982,557.6200000000001,1,0.14002047422503675,128.16614219877454,100000
983,548.1600000000001,1,0.13974043327658667,202.2727868340232,100000
984,551.95,1,0.1394609524100335,226.6738674976887,100000
985,549.59,1,0.13918203050521344,208.23117299397788,100000
986,553.7400000000001,1,0.13890366644420302,115.00355360877346,100000
987,558.6500000000001,1,0.13862585911131461,136.6398754119873,100000
988,538.6600000000001,1,0.138348607393092,75.49831763298616,100000
989,542.49,1,0.1380719101783058,52.3233463390764,100000
990,555.1600000000001,1,0.13779576635794918,78.55929626589236,100000
991,549.6700000000001,1,0.1375201748252333,151.32754467328388,100000
992,545.7,1,0.13724513447558281,110.53842689862122,100000
993,558.99,1,0.13697064420663166,97.77354952948434,100000
994,559.6700000000001,1,0.1366967029182184,120.40257480485099,100000
995,551.8900000000001,1,0.13642330951238196,204.9093973956891,100000
996,545.95,1,0.1361504628933572,65.65546167953104,100000
997,530.82,1,0.13587816196757047,170.0637275478508,100000
998,547.58,1,0.13560640564363532,137.24758230556142,100000
999,547.6600000000001,1,0.13533519283234804,157.88817530018943,100000
1000,539.37,1,0.13506452244668335,66.42918059144701,100000
1001,547.32,1,0.13479439340178997,152.34750280442177,100000
1002,551.8100000000001,1,0.1345248046149864,38.246434766952305,100000
1003,559.1700000000001,1,0.13425575500575643,106.71213037286486,100000
1004,549.27,1,0.13398724349574492,112.81702087402344,100000
1005,547.5900000000001,1,0.13371926900875344,109.28021448850632,100000
1006,544.5400000000001,1,0.13345183047073594,66.39676556175138,100000
1007,552.94,1,0.13318492680979446,82.67873081690828,100000
1008,552.4100000000001,1,0.13291855695617488,50.93600808657133,100000
1009,557.32,1,0.13265271984226254,97.77409546573956,100000
1010,549.3900000000001,1,0.132387414402578,125.61710119928632,100000
1011,546.61,1,0.13212263957377285,189.30045412461968,100000
1012,547.5000000000001,1,0.13185839429462531,119.28057033055788,100000
1013,549.88,1,0.13159467750603607,131.43430210351943,100000
1014,555.7900000000001,1,0.131331488151024,79.30789175871256,100000
1015,543.51,1,0.13106882517472196,200.04243587192735,100000
1016,524.98,1,0.13080668752437252,79.26691214442253,100000
1017,546.6600000000001,1,0.1305450741493238,84.39745295615424,100000
1018,544.84,1,0.13028398400102514,167.20479951964484,100000
1019,544.72,1,0.1300234160330231,95.04184927469419,100000
1020,544.0600000000001,1,0.12976336920095705,238.17063037972702,100000
1021,558.28,1,0.12950384246255514,128.01746677027808,100000
1022,524.6200000000001,1,0.12924483477763002,123.5176990032196,100000
1023,557.7800000000001,1,0.12898634510807475,104.77168815996912,100000
1024,546.11,1,0.1287283724178586,33.923686667333676,100000
1025,549.44,1,0.12847091567302288,223.7465020020803,100000
1026,547.7800000000001,1,0.12821397384167682,144.79899186592598,100000
1027,557.0400000000001,1,0.12795754589399347,226.35829361872888,100000
1028,554.77,1,0.12770163080220548,76.29632870701776,100000
1029,559.09,1,0.12744622754060106,164.93211048671176,100000
1030,559.69,1,0.12719133508551986,126.99466991765159,100000
1031,536.0400000000001,1,0.12693695241534883,83.53471418647538,100000
1032,564.6200000000001,1,0.12668307851051813,217.2479698099196,100000
1033,559.4100000000001,1,0.1264297123534971,107.3988887820925,100000
1034,559.03,1,0.1261768529287901,62.74772898129054,100000
1035,555.08,1,0.12592449922293253,114.61981197716533,100000
1036,527.47,1,0.12567265022448668,87.71478104016867,100000
1037,553.76,1,0.1254213049240377,206.6324858477241,100000
1038,554.02,1,0.12517046231418963,151.91052137550554,100000
1039,535.84,1,0.12492012138956125,96.46518989503383,100000
1040,551.0900000000001,1,0.12467028114678214,114.40958597109868,100000
1041,550.2,1,0.12442094058448858,59.7714648194935,100000
1042,551.6700000000001,1,0.1241720987033196,79.86892820321597,100000
1043,563.1500000000001,1,0.12392375450591296,69.80847677317533,100000
1044,557.52,1,0.12367590699690113,177.31480284200774,100000
1045,543.45,1,0.12342855518290734,180.2148768180295,100000
1046,544.4300000000001,1,0.12318169807254152,121.73538285355235,100000
1047,549.3800000000001,1,0.12293533467639643,158.21187153203147,100000
1048,554.94,1,0.12268946400704364,141.76897677131322,100000
1049,557.6200000000001,1,0.12244408507902955,138.11217324270143,100000
1050,557.58,1,0.1221991969088715,214.31492689914174,100000
1051,557.5,1,0.12195479851505375,196.98255167073674,100000
1052,548.71,1,0.12171088891802365,112.48990960864278,100000
1053,559.59,1,0.1214674671401876,162.23331206866672,100000
1054,562.59,1,0.12122453220590722,81.1249468904553,100000
1055,545.7,1,0.1209820831414954,283.0326508449603,100000
1056,561.48,1,0.12074011897521242,183.47606297450906,100000
1057,552.49,1,0.12049863873726199,99.09299729114923,100000
1058,555.09,1,0.12025764145978747,175.91916795356855,100000
1059,551.9300000000001,1,0.1200171261768679,158.1395546748088,100000
1060,542.73,1,0.11977709192451416,143.7533005971413,100000
1061,557.6,1,0.11953753774066514,109.95094082421727,100000
1062,546.9,1,0.1192984626651838,120.00151537429718,100000
1063,551.48,1,0.11905986573985344,273.32675189841285,100000
1064,555.35,1,0.11882174600837374,172.39295859958816,100000
1065,543.8800000000001,1,0.118584102516357,111.99557812590348,100000
1066,555.7900000000001,1,0.11834693431132429,149.6132007289577,100000
1067,550.0200000000001,1,0.11811024044270164,168.8930972623825,100000
1068,548.8900000000001,1,0.11787401996181623,200.57244039603643,100000
1069,537.7600000000001,1,0.1176382719218926,125.92932164378283,100000
1070,548.5,1,0.11740299537804882,223.14126692019718,100000
1071,550.24,1,0.11716818938729273,224.28412741661072,100000
1072,557.22,1,0.11693385300851815,116.32776608069737,100000
1073,536.2600000000001,1,0.11669998530250111,138.5409928001935,100000
1074,555.75,1,0.1164665853318961,216.0722119453791,100000
1075,547.6000000000001,1,0.11623365216123231,85.1099219074497,100000
1076,561.08,1,0.11600118485690984,138.45099297691795,100000
1077,552.87,1,0.11576918248719602,165.40504916956726,100000
1078,557.0,1,0.11553764412222163,133.76409876677724,100000
1079,559.47,1,0.11530656883397719,50.743341544696264,100000
1080,564.54,1,0.11507595569630924,101.23117507994175,100000
1081,557.19,1,0.11484580378491663,113.30536737726696,100000
1082,559.09,1,0.1146161121773468,129.04679765871592,100000
1083,547.0,1,0.1143868799529921,78.271308210161,100000
1084,547.8100000000001,1,0.11415810619308611,143.80879914429454,100000
1085,558.87,1,0.11392978998069994,105.90921910830906,100000
1086,558.97,1,0.11370193040073855,89.93676733630043,100000
1087,559.51,1,0.11347452653993707,86.88736162696566,100000
1088,557.1200000000001,1,0.1132475774868572,128.33221076594458,100000
1089,550.24,1,0.11302108233188347,184.09410237669945,100000
1090,545.9000000000001,1,0.11279504016721971,102.14142605420706,100000
1091,553.16,1,0.11256945008688526,87.02486841929586,100000
1092,530.35,1,0.1123443111867115,145.90709749758244,100000
1093,550.4100000000001,1,0.11211962256433808,111.23853339837945,100000
1094,534.86,1,0.1118953833192094,162.02118722505347,100000
1095,552.8600000000001,1,0.11167159255257098,99.55242744298049,100000
1096,548.4200000000001,1,0.11144824936746583,120.02801180389565,100000
1097,559.11,1,0.1112253528687309,153.31468295880725,100000
1098,551.27,1,0.11100290216299344,73.55184219308096,100000
1099,538.69,1,0.11078089635866745,56.837769756191655,100000
1100,540.4100000000001,1,0.11055933456595012,155.02608195278378,100000
1101,537.3000000000001,1,0.11033821589681822,133.02771924946407,100000
1102,553.9300000000001,1,0.11011753946502459,78.6920279617041,100000
1103,529.6700000000001,1,0.10989730438609453,116.04548046029645,100000
1104,543.97,1,0.10967750977732234,118.6065030451174,100000
1105,562.6100000000001,1,0.1094581547577677,97.75800496881658,100000
1106,546.87,1,0.10923923844825216,157.12326990564665,100000
1107,559.3900000000001,1,0.10902075997135566,69.71434920855931,100000
1108,532.89,1,0.10880271845141294,96.6801696560356,100000
1109,550.22,1,0.10858511301451011,115.73145951271057,100000
1110,557.1800000000001,1,0.1083679427884811,131.75203516748218,100000
1111,556.4100000000001,1,0.10815120690290413,137.45589631956977,100000
1112,564.76,1,0.10793490448909832,89.09031585976481,100000
1113,546.48,1,0.10771903468012012,142.34728064114535,100000
1114,558.8700000000001,1,0.10750359661075988,228.81639350822994,100000
1115,561.2,1,0.10728858941753835,206.64925875383264,100000
1116,559.11,1,0.10707401223870328,53.92984243290765,100000
1117,557.1400000000001,1,0.10685986421422587,107.86271169947253,100000
1118,542.5300000000001,1,0.10664614448579741,138.3981997271379,100000
1119,564.6800000000001,1,0.10643285219682581,118.74202647060156,100000
1120,555.7900000000002,1,0.10621998649243217,126.87461270190575,100000
1121,558.9300000000001,1,0.1060075465194473,132.34134745938437,100000
1122,561.1600000000001,1,0.1057955314264084,73.98308876156807,100000
1123,566.51,1,0.10558394036355559,113.48103918183234,100000
1124,553.4100000000001,1,0.10537277248282848,140.799951670875,100000
1125,549.2800000000001,1,0.10516202693786282,151.4451551659902,100000
1126,553.6,1,0.1049517028839871,79.60469247479188,100000
1127,557.84,1,0.10474179947821913,132.39517233437962,100000
1128,555.51,1,0.10453231587926269,115.93609000541069,100000
1129,553.7,1,0.10432325124750416,197.75783824606947,100000
1130,557.26,1,0.10411460474500915,93.89742142127619,100000
1131,560.84,1,0.10390637553551914,54.17549989153357,100000
1132,559.51,1,0.1036985627844481,77.49452486378806,100000
1133,557.22,1,0.1034911656588792,61.67404641045464,100000
1134,561.0600000000001,1,0.10328418332756144,84.08261250222431,100000
1135,547.75,1,0.10307761496090631,39.95197174920664,100000
1136,562.8299999999999,1,0.1028714597309845,68.481069113269,100000
1137,560.74,1,0.10266571681152252,61.58433806545594,100000
1138,558.9000000000001,1,0.10246038537789948,138.4869368186364,100000
1139,548.07,1,0.10225546460714367,53.46879845029778,100000
1140,555.81,1,0.10205095367792938,85.08309489971883,100000
1141,561.04,1,0.10184685177057352,150.63281478601343,100000
1142,549.8000000000001,1,0.10164315806703238,97.62205182611942,100000
1143,551.33,1,0.10143987175089832,64.93879782337032,100000
1144,563.01,1,0.10123699200739653,62.229421546964936,100000
1145,544.5,1,0.10103451802338173,131.89922449149583,100000
1146,560.98,1,0.10083244898733497,98.16679982402745,100000
1147,561.24,1,0.1006307840893603,60.60312157168108,100000
1148,557.54,1,0.10042952252118158,126.32864587174521,100000
1149,540.23,1,0.10022866347613922,200.45055886805056,100000
1150,562.77,1,0.10002820614918695,122.26112470121095,100000
1151,555.6500000000001,1,0.09982814973688857,179.48965615195198,100000
1152,553.23,1,0.0996284934374148,140.3385701448145,100000
1153,541.4200000000001,1,0.09942923645053997,66.50826485092576,100000
1154,556.8800000000001,1,0.0992303779776389,89.9224395164803,100000
1155,562.95,1,0.09903191722168361,66.64417061480609,100000
1156,559.97,1,0.09883385338724024,106.39329408407211,100000
1157,536.4800000000001,1,0.09863618568046575,50.26052579698683,100000
1158,553.8800000000001,1,0.09843891330910483,99.16333245727378,100000
1159,544.3400000000001,1,0.09824203548248661,44.80570741721562,100000
1160,552.19,1,0.09804555141152164,113.61145467941577,100000
1161,553.02,1,0.09784946030869861,53.19401757482072,100000
1162,551.74,1,0.09765376138808121,165.03563713700805,100000
1163,562.99,1,0.09745845386530505,144.45509714430028,100000
1164,554.74,1,0.09726353695757443,45.469504076987505,100000
1165,553.2,1,0.09706900988365928,73.6572872501024,100000
1166,549.01,1,0.09687487186389196,65.95693732471001,100000
1167,553.5600000000001,1,0.09668112212016418,125.74693514171399,100000
1168,563.09,1,0.09648775987592385,95.20575228604403,100000
1169,550.24,1,0.096294784356172,143.22089729905127,100000
1170,561.38,1,0.09610219478745965,80.17604123844819,100000
1171,562.8900000000001,1,0.09590999039788474,43.801313754284024,100000
1172,545.59,1,0.09571817041708897,35.0378495644832,100000
1173,546.22,1,0.09552673407625478,119.7987160612555,100000
1174,564.9000000000001,1,0.09533568060810227,69.65504227951169,100000
1175,561.02,1,0.09514500924688607,161.42091024623198,100000
1176,555.5400000000001,1,0.0949547192283923,93.18143662507983,100000
1177,555.2700000000001,1,0.09476480978993551,121.76858134688558,100000
1178,561.3800000000001,1,0.09457528017035564,108.3535978145459,100000
1179,555.4200000000001,1,0.09438612961001493,149.9015599264615,100000
1180,553.11,1,0.0941973573507949,78.21574227574845,100000
1181,553.69,1,0.09400896263609332,96.01081616106168,100000
1182,561.1200000000001,1,0.09382094471082113,144.11020220377867,100000
1183,561.1400000000001,1,0.09363330282139949,50.75139633697622,100000
1184,557.14,1,0.09344603621575669,76.202618723485,100000
1185,559.29,1,0.09325914414332517,70.60192348957062,100000
1186,555.49,1,0.09307262585503852,106.0528707469719,100000
1187,564.9000000000001,1,0.09288648060332844,127.65320326760411,100000
1188,550.3100000000001,1,0.09270070764212178,148.30719394960266,100000
1189,552.8600000000001,1,0.09251530622683754,134.137631082199,100000
1190,552.72,1,0.09233027561438387,127.38698095805717,100000
1191,557.24,1,0.09214561506315509,128.82465422153473,100000
1192,557.07,1,0.09196132383302878,125.75576357521228,100000
1193,560.9000000000001,1,0.09177740118536272,31.67955081953722,100000
1194,561.24,1,0.09159384638299199,43.70375649893985,100000
1195,551.72,1,0.09141065869022601,72.91494858101623,100000
1196,548.3100000000001,1,0.09122783737284555,83.57564941090597,100000
1197,557.6200000000001,1,0.09104538169809986,105.99842604498069,100000
1198,561.1200000000001,1,0.09086329093470366,75.56480024229077,100000
1199,547.5600000000001,1,0.09068156435283425,125.62518300778336,100000
1200,561.34,1,0.09050020122412858,244.9836660483304,100000
1201,561.3000000000001,1,0.09031920082168032,83.5955483720583,100000
1202,556.9300000000001,1,0.09013856242003697,97.61737756230939,100000
1203,555.8100000000001,1,0.0899582852951969,132.06152551560788,100000
1204,564.9200000000001,1,0.0897783687246065,114.47852242179215,100000
1205,535.7900000000001,1,0.08959881198715729,110.12407057349746,100000
1206,562.85,1,0.08941961436318298,45.24327486030983,100000
1207,555.0500000000001,1,0.0892407751344566,58.83252965367359,100000
1208,566.51,1,0.0890622935841877,88.29924619390118,100000
1209,563.1100000000001,1,0.08888416899701933,63.09962772961819,100000
1210,551.56,1,0.08870640065902528,66.04907451753746,100000
1211,564.84,1,0.08852898785770723,108.25315814092755,100000
1212,557.2,1,0.08835192988199181,70.0909130225579,100000
1213,553.54,1,0.08817522602222783,146.52596501901115,100000
1214,562.8100000000001,1,0.08799887557018338,42.724636471632756,100000
1215,554.6700000000001,1,0.08782287781904301,140.4143048265706,100000
1216,544.1800000000001,1,0.08764723206340493,76.67205836602619,100000
1217,552.19,1,0.08747193759927811,62.16464172876798,100000
1218,536.4200000000001,1,0.08729699372407955,110.87783236895936,100000
1219,563.1700000000001,1,0.08712239973663138,156.3331691658858,100000
1220,566.51,1,0.08694815493715811,30.651674839758105,100000
1221,552.9000000000001,1,0.0867742586272838,81.49528157039427,100000
1222,564.84,1,0.08660071011002923,99.53286882955581,100000
1223,561.0400000000001,1,0.08642750868980917,38.689839505097446,100000
1224,557.01,1,0.08625465367242954,28.712689910362016,100000
1225,557.46,1,0.08608214436508468,98.69035006728437,100000
1226,562.99,1,0.08590998007635452,31.887954917821016,100000
1227,564.9200000000001,1,0.0857381601162018,94.34770291112363,100000
1228,559.1500000000001,1,0.0855666837959694,77.84825095874923,100000
1229,555.35,1,0.08539555042837747,107.374454970809,100000
1230,556.0500000000001,1,0.08522475932752072,80.86412954652631,100000
1231,555.48,1,0.08505430980886568,20.75902209420135,100000
1232,557.7800000000001,1,0.08488420118924794,80.57312113377783,100000
1233,551.8500000000001,1,0.08471443278686945,283.254291594845,100000
1234,547.52,1,0.08454500392129571,17.46920857992437,100000
1235,547.4000000000001,1,0.08437591391345312,194.29360493686465,100000
1236,559.11,1,0.0842071620856262,175.61902502945492,100000
1237,557.6600000000001,1,0.08403874776145495,23.476879212591385,100000
1238,559.4100000000001,1,0.08387067026593203,141.69824382066727,100000
1239,548.6300000000001,1,0.08370292892540017,109.31320881843567,100000
1240,550.08,1,0.08353552306754937,36.569347321192424,100000
1241,559.47,1,0.08336845202141427,123.8085827912603,100000
1242,557.02,1,0.08320171511737144,94.35223138829072,100000
1243,559.0400000000001,1,0.0830353116871367,153.37889762841738,100000
1244,558.78,1,0.08286924106376242,72.19711694900806,100000
1245,564.84,1,0.08270350258163489,127.50500041805208,100000
1246,563.1500000000001,1,0.08253809557647163,115.10762410633492,100000
1247,543.2700000000001,1,0.08237301938531869,105.6513455266684,100000
1248,547.26,1,0.08220827334654805,90.622921615839,100000
1249,535.8500000000001,1,0.08204385679985496,97.59233192334304,100000
1250,557.8400000000001,1,0.08187976908625524,89.14124550422032,100000
1251,558.0400000000001,1,0.08171600954808274,111.3678186568949,100000
1252,555.5600000000001,1,0.08155257752898658,49.33931662034297,100000
1253,545.12,1,0.0813894723739286,47.14229646886604,100000
1254,562.6700000000001,1,0.08122669342918075,163.20828703587705,100000
1255,554.73,1,0.08106424004232239,69.27835549651712,100000
1256,535.37,1,0.08090211156223774,167.84845278391967,100000
1257,561.22,1,0.08074030733911326,69.91889138256802,100000
1258,557.09,1,0.08057882672443503,30.787668535958474,100000
1259,551.33,1,0.08041766907098616,68.8040959606432,100000
1260,543.33,1,0.08025683373284419,46.123221142191284,100000
1261,554.6200000000001,1,0.08009632006537849,51.060632299631834,100000
1262,542.51,1,0.07993612742524774,91.8351346005996,100000
1263,552.33,1,0.07977625517039724,59.391611065437544,100000
1264,564.6800000000001,1,0.07961670266005645,17.775958301499486,100000
1265,557.38,1,0.07945746925473633,108.53443604873286,100000
1266,563.11,1,0.07929855431622686,103.05005769115506,100000
1267,564.74,1,0.0791399572075944,34.523865558207035,100000
1268,559.8100000000001,1,0.0789816772931792,38.99879834651947,100000
1269,555.3900000000001,1,0.07882371393859285,47.77458437456601,100000
1270,566.51,1,0.07866606651071566,59.38759490174632,100000
1271,555.47,1,0.07850873437769422,24.852412951959145,100000
1272,553.45,1,0.07835171690893883,213.95889654965467,100000
1273,564.6,1,0.07819501347512095,114.16568250022829,100000
1274,561.1600000000001,1,0.07803862344817071,139.75815341402503,100000
1275,561.34,1,0.07788254620127437,83.88370879783349,100000
1276,547.45,1,0.07772678110887182,64.6197617146876,100000
1277,545.6200000000001,1,0.07757132754665408,91.61538571280403,100000
1278,553.4300000000001,1,0.07741618489156077,22.397900025609513,100000
1279,542.8299999999999,1,0.07726135252177764,129.40564570595058,100000
1280,558.77,1,0.07710682981673408,76.30601487526526,100000
1281,560.7,1,0.07695261615710061,156.8198335378889,100000
1282,564.54,1,0.0767987109247864,66.1596780223772,100000
1283,564.6,1,0.07664511350293683,85.91698618233204,100000
1284,564.6600000000001,1,0.07649182327593096,149.4519905168563,100000
1285,553.8100000000001,1,0.0763388396293791,33.080432460341655,100000
1286,556.23,1,0.07618616195012033,51.12484104891081,100000
1287,559.6300000000001,1,0.0760337896262201,52.247264140844344,100000
1288,558.85,1,0.07588172204696765,133.77513336951915,100000
1289,549.9200000000001,1,0.07572995860287371,104.11990767002106,100000
1290,561.06,1,0.07557849868566796,103.47404325359008,100000
1291,562.83,1,0.07542734168829662,81.57560580336687,100000
1292,560.9000000000001,1,0.07527648700492003,92.96522519518348,100000
1293,560.84,1,0.07512593403091018,172.09587316740962,100000
1294,566.51,1,0.07497568216284836,157.329076401649,100000
1295,561.46,1,0.07482573079852267,114.65974707375554,100000
1296,564.54,1,0.07467607933692563,75.0034685395658,100000
1297,557.1800000000001,1,0.07452672717825178,115.63180425266425,100000
1298,564.9200000000001,1,0.07437767372389527,138.19482625834644,100000
1299,566.51,1,0.07422891837644748,90.23514546502021,100000
1300,549.6700000000001,1,0.07408046053969458,79.45141136487325,100000
1301,555.04,1,0.0739322996186152,28.76682394483815,100000
1302,554.83,1,0.07378443501937797,21.115935500711203,100000
1303,559.1300000000001,1,0.07363686614933922,63.753300624234335,100000
1304,557.0400000000001,1,0.07348959241704053,7.943009195932701,100000
1305,553.61,1,0.07334261323220645,98.01326739452254,100000
1306,551.3900000000001,1,0.07319592800574204,113.57010225513402,100000
1307,564.76,1,0.07304953614973056,34.44085592869669,100000
1308,555.1600000000001,1,0.0729034370774311,116.74703103994977,100000
1309,558.1,1,0.07275763020327625,65.31821012000243,100000
1310,559.11,1,0.07261211494286969,88.50406345980508,100000
1311,560.6800000000001,1,0.07246689071298396,47.624732679790924,100000
1312,554.72,1,0.07232195693155799,16.724304566159844,100000
1313,553.6300000000001,1,0.07217731301769488,54.02018408036568,100000
1314,559.11,1,0.07203295839165949,191.5289641065257,100000
1315,563.09,1,0.07188889247487618,11.757657512570873,100000
1316,556.73,1,0.07174511468992642,100.88771133280513,100000
1317,564.76,1,0.07160162446054656,93.46006746403873,100000
1318,550.0400000000001,1,0.07145842121162548,102.93053570429484,100000
1319,559.04,1,0.07131550436920223,100.98715051871079,100000
1320,551.3700000000001,1,0.07117287336046382,64.16167251415112,100000
1321,564.72,1,0.0710305276137429,121.48881545476615,100000
1322,562.9300000000001,1,0.07088846655851541,91.16498056595975,100000
1323,546.19,1,0.07074668962539839,64.14654699370668,100000
1324,546.1800000000001,1,0.0706051962461476,110.51358338664559,100000
1325,563.01,1,0.0704639858536553,123.42609703179562,100000
1326,563.09,1,0.070323057881948,73.29014603748466,100000
1327,564.8800000000001,1,0.0701824117661841,63.416773666627705,100000
1328,557.1300000000001,1,0.07004204694265173,92.68764203519963,100000
1329,560.6300000000001,1,0.06990196284876643,102.07521973242835,100000
1330,553.72,1,0.0697621589230689,72.8983874396539,100000
1331,560.5300000000001,1,0.06962263460522276,18.636286823522475,100000
1332,562.6300000000001,1,0.06948338933601232,86.96295539267135,100000
1333,556.97,1,0.0693444225573403,28.481990422775496,100000
1334,564.9200000000001,1,0.06920573371222562,66.14148121792823,100000
1335,557.19,1,0.06906732224480117,55.89751995232568,100000
1336,559.03,1,0.06892918760031157,76.94140797001975,100000
1337,559.3900000000001,1,0.06879132922511094,60.371784555912015,100000
1338,553.6,1,0.06865374656666072,140.73558691521765,100000
1339,552.8800000000001,1,0.0685164390735274,43.605460873155884,100000
1340,559.1300000000001,1,0.06837940619538035,11.998694474356515,100000
1341,555.33,1,0.06824264738298959,42.99144693474839,100000
1342,553.0900000000001,1,0.0681061620882236,90.87122333469526,100000
1343,557.46,1,0.06796994976404716,64.55302828219202,100000
1344,562.75,1,0.06783400986451907,65.85918740792708,100000
1345,559.51,1,0.06769834184479002,5.785261097976139,100000
1346,564.6,1,0.06756294516110044,67.66379122808576,100000
1347,564.76,1,0.06742781927077823,102.7363913077861,100000
1348,553.11,1,0.06729296363223668,79.12933162568321,100000
1349,562.8900000000001,1,0.0671583777049722,82.08072298133013,100000
1350,559.37,1,0.06702406094956226,62.73151012829372,100000
1351,561.12,1,0.06689001282766313,77.21251683988991,100000
1352,562.95,1,0.0667562328020078,59.57411176237193,100000
1353,562.8700000000001,1,0.06662272033640379,77.17985059275772,100000
1354,563.01,1,0.06648947489573098,68.15453055546139,100000
1355,557.22,1,0.06635649594593952,80.20052958068563,100000
1356,564.58,1,0.06622378295404764,56.40810462646186,100000
1357,550.9100000000001,1,0.06609133538813955,19.730290996677734,100000
1358,556.97,1,0.06595915271736327,62.564074478932284,100000
1359,564.74,1,0.06582723441192855,55.66429973952472,100000
1360,560.59,1,0.06569557994310468,111.52526838722683,100000
1361,553.6800000000001,1,0.06556418878321847,75.79959983473093,100000
1362,561.22,1,0.06543306040565204,56.5459632058354,100000
1363,566.51,1,0.06530219428484074,7.560981136175894,100000
1364,562.69,1,0.06517158989627106,35.55037142742764,100000
1365,561.1,1,0.06504124671647851,5.321676622418797,100000
1366,561.1,1,0.06491116422304556,50.87698566913605,100000
1367,560.6600000000001,1,0.06478134189459947,109.11069152989084,100000
1368,564.8600000000001,1,0.06465177921081026,49.49495407193899,100000
1369,562.6100000000001,1,0.06452247565238864,22.358097428625282,100000
1370,557.23,1,0.06439343070108386,47.869882961707326,100000
1371,555.6,1,0.0642646438396817,51.056480606396995,100000
1372,559.7700000000001,1,0.06413611455200233,73.68126683746065,100000
1373,562.71,1,0.06400784232289833,113.42220112952319,100000
1374,560.57,1,0.06387982663825253,33.98496466212802,100000
1375,566.51,1,0.06375206698497603,90.88300563731501,100000
1376,559.04,1,0.06362456285100608,58.17927824167105,100000
1377,562.9300000000001,1,0.06349731372530407,40.24216724254868,100000
1378,555.6300000000001,1,0.06337031909785346,77.80185245899926,100000
1379,551.1300000000001,1,0.06324357845965775,112.89366005273426,100000
1380,536.5500000000001,1,0.06311709130273843,68.94726753398163,100000
1381,562.8700000000001,1,0.06299085712013296,86.78536322441968,100000
1382,553.1,1,0.0628648754058927,66.80243906107816,100000
1383,551.1300000000001,1,0.06273914565508092,7.4474415218128875,100000
1384,564.6800000000001,1,0.06261366736377075,74.6896137110889,100000
1385,564.72,1,0.062488440029043205,56.05043389182538,100000
1386,551.49,1,0.06236346314898512,116.66449373609879,100000
1387,547.33,1,0.06223873622268715,43.769246733850906,100000
1388,553.73,1,0.06211425875024178,32.32701393090762,100000
1389,562.85,1,0.06199003023274129,83.1510756404111,100000
1390,551.3800000000001,1,0.06186605017227581,60.12849618229148,100000
1391,560.84,1,0.06174231807193126,50.951985374969595,100000
1392,559.6500000000001,1,0.0616188334357874,96.76877113921302,100000
1393,564.6400000000001,1,0.06149559576891582,27.927772314287722,100000
1394,563.27,1,0.06137260457737799,91.26961869001389,100000
1395,556.9300000000001,1,0.06124985936822323,23.513504969539927,100000
1396,564.62,1,0.06112735964948679,162.64786343555897,100000
1397,562.85,1,0.06100510493018781,80.37604367913622,100000
1398,562.85,1,0.060883094720327435,118.60223151788567,100000
1399,561.04,1,0.06076132853088678,205.39966859011088,100000
1400,564.6800000000001,1,0.06063980587382501,75.23554010968655,100000
1401,556.8199999999999,1,0.06051852626207736,43.840238983951394,100000
1402,564.6600000000001,1,0.06039748920955321,21.428608756046742,100000
1403,564.6600000000001,1,0.060276694231134104,41.935974199324846,100000
1404,563.0699999999999,1,0.06015614084267183,43.90048609448202,100000
1405,561.34,1,0.060035828560986486,93.06475481478607,100000
1406,563.01,1,0.05991575690386451,8.815251703515198,100000
1407,562.7900000000001,1,0.059795925390056785,23.489630525762383,100000
1408,556.98,1,0.05967633353927667,42.108906821083664,100000
1409,554.75,1,0.059556980872198115,17.646116056013852,100000
1410,566.51,1,0.05943786691045372,81.73725852947081,100000
1411,564.76,1,0.059318991176632814,68.44879588857293,100000
1412,564.8800000000001,1,0.05920035319427955,44.72423211717978,100000
1413,564.9000000000001,1,0.05908195248789099,68.64959759451449,100000
1414,566.51,1,0.05896378858291521,46.20993254934588,100000
1415,557.28,1,0.05884586100574938,27.627846180564827,100000
1416,550.21,1,0.05872816928373788,92.8137217051741,100000
1417,561.02,1,0.0586107129451704,31.077986417447818,100000
1418,558.9000000000001,1,0.058493491519280065,111.90123472030346,100000
1419,564.78,1,0.058376504536241505,80.02747535519302,100000
1420,559.1700000000001,1,0.05825975152716902,38.12242953096117,100000
1421,564.78,1,0.058143232024114685,131.9854209125042,100000
1422,559.3700000000001,1,0.058026945560066455,77.75614828552519,100000
1423,564.6600000000001,1,0.05791089166894632,5.031333574093878,100000
1424,555.5500000000001,1,0.05779506988560843,86.64755286254744,100000
1425,564.74,1,0.05767947974583722,79.58536699321121,100000
1426,553.1500000000001,1,0.05756412078634554,19.96972353273714,100000
1427,558.71,1,0.05744899254477285,15.054508669559771,100000
1428,561.3,1,0.0573340945596833,57.753101872170674,100000
1429,558.73,1,0.05721942637056394,9.82587708234787,100000
1430,564.7,1,0.05710498751782281,39.85052960086614,100000
1431,562.8900000000001,1,0.05699077754278716,84.81653340206002,100000
1432,563.31,1,0.05687679598770159,51.95976302027702,100000
1433,563.03,1,0.05676304239572619,60.70205887610262,100000
1434,564.5600000000001,1,0.05664951631093473,98.6884273821488,100000
1435,548.01,1,0.056536217278312866,63.07880896078029,100000
1436,560.8000000000001,1,0.05642314484375624,72.70428397900918,100000
1437,559.0500000000001,1,0.05631029855406873,117.42601055417742,100000
1438,564.56,1,0.056197677956960596,65.493941873312,100000
1439,560.69,1,0.05608528260104667,56.60764366104489,100000
1440,562.8100000000001,1,0.055973112035844576,29.888803644613787,100000
1441,555.08,1,0.05586116581177289,15.362716039885646,100000
1442,561.1,1,0.05574944348014935,34.04719693345182,100000
1443,563.25,1,0.05563794459318905,31.643517041748222,100000
1444,553.9200000000001,1,0.05552666870400267,94.45250496864318,100000
1445,560.52,1,0.055415615366594666,35.87456709714163,100000
1446,564.6400000000001,1,0.05530478413586148,5.1957293432205915,100000
1447,566.51,1,0.05519417456758975,95.62043094442737,100000
1448,562.79,1,0.05508378621845457,30.97968578338623,100000
1449,566.51,1,0.05497361864601766,34.53848744207813,100000
1450,558.76,1,0.054863671408725626,68.44308736232611,100000
1451,560.84,1,0.054753944065908174,47.202267183977014,100000
1452,566.51,1,0.054644436177776354,105.49720661774758,100000
1453,557.22,1,0.0545351473054208,28.803608667519356,100000
1454,564.9000000000001,1,0.05442607701080996,41.49286629259586,100000
1455,555.32,1,0.05431722485678834,77.97574372611184,100000
1456,547.1400000000001,1,0.054208590407074764,87.35256509896782,100000
1457,560.69,1,0.054100173226260616,86.66405404370929,100000
1458,557.1800000000001,1,0.053991972879808094,68.76393013944228,100000
1459,555.0200000000001,1,0.05388398893404848,46.392887691656746,100000
1460,559.83,1,0.053776220956180384,46.20827770020281,100000
1461,550.27,1,0.05366866851426803,53.00920402844747,100000
1462,566.51,1,0.05356133117723949,28.456851311268345,100000
1463,555.35,1,0.05345420851488501,56.51921292318814,100000
1464,557.21,1,0.053347300097855245,39.94621227570434,100000
1465,562.99,1,0.053240605497659535,68.02821094429854,100000
1466,561.3800000000001,1,0.05313412428666422,49.6195455530987,100000
1467,557.1700000000001,1,0.05302785603809089,128.70957242197065,100000
1468,558.94,1,0.052921800326014706,26.24481569161782,100000
1469,560.5400000000001,1,0.05281595672536268,19.53483269895826,100000
1470,564.6400000000001,1,0.05271032481191195,71.22442299500108,100000
1471,563.01,1,0.05260490416228813,103.02782742904894,100000
1472,562.7900000000001,1,0.05249969435396355,13.387790894869601,100000
1473,551.3400000000001,1,0.052394694965255624,64.46569511743441,100000
1474,562.83,1,0.05228990557532511,171.6445882212032,100000
1475,564.6,1,0.052185325764174464,160.57775410730392,100000
1476,564.5600000000001,1,0.05208095511264611,28.489380469545722,100000
1477,558.99,1,0.05197679320242082,72.03525739082923,100000
1478,563.09,1,0.05187283961601598,79.85659771706119,100000
1479,558.97,1,0.051769093936783944,59.23655754236074,100000
1480,558.76,1,0.05166555574891037,73.47757358734424,100000
1481,555.01,1,0.05156222463741255,91.96306586913441,100000
1482,560.72,1,0.05145910018813773,43.91004623117901,100000
1483,553.72,1,0.05135618198776145,59.015321024938636,100000
1484,564.8600000000001,1,0.05125346962378593,39.882871634326875,100000
1485,553.0600000000001,1,0.05115096268453836,37.60296948660504,100000
1486,563.11,1,0.05104866075916928,49.52708276925665,100000
1487,566.51,1,0.05094656343765094,11.995312082190667,100000
1488,563.0500000000001,1,0.050844670310775636,68.98314773178461,100000
1489,561.32,1,0.05074298097015408,44.39931999234592,100000
1490,561.2,1,0.05064149500821377,11.414484631489305,100000
1491,561.02,1,0.05054021201819734,12.208700149374849,100000
1492,557.12,1,0.05043913159416095,95.60440288070176,100000
1493,550.9200000000001,1,0.050338253330972624,62.72115876920083,100000
1494,564.9200000000001,1,0.05023757682431068,52.04641577554867,100000
1495,552.77,1,0.05013710167066206,33.23134787380695,100000
1496,564.9200000000001,1,0.05003682746732073,27.499172784388065,100000
1497,564.94,1,0.04993675381238609,14.880712321959436,100000
1498,563.1500000000001,1,0.04983688030476132,12.45471176685709,100000
1499,562.79,1,0.0497372065441518,47.68604571078763,100000
1500,562.75,1,0.0496377321310635,109.64805659019586,100000
1501,552.32,1,0.04953845666680137,98.36183010286359,100000
1502,553.12,1,0.04943937975346777,15.00869852052608,100000
1503,559.11,1,0.04934050099396084,117.78772287185376,100000
1504,558.73,1,0.04924181999197292,61.035807255598215,100000
1505,566.51,1,0.049143336351988975,133.02472151671685,100000
1506,562.59,1,0.049045049679285,65.88510195775466,100000
1507,559.51,1,0.048946959579926425,54.71450700547014,100000
1508,560.8800000000001,1,0.04884906566076657,29.373939228408478,100000
1509,561.24,1,0.04875136752944504,26.508048190790063,100000
1510,563.01,1,0.04865386479438615,75.04291062102173,100000
1511,563.07,1,0.04855655706479738,56.28890806617159,100000
1512,559.07,1,0.048459443950667785,140.45456322248165,100000
1513,563.1500000000001,1,0.04836252506276645,51.71339080008593,100000
1514,566.51,1,0.048265800012640914,30.168181078087898,100000
1515,556.73,1,0.04816926841261563,48.918410993778885,100000
1516,564.6600000000001,1,0.0480729298757904,131.30123597756028,100000
1517,566.51,1,0.04797678401603882,50.585541209866925,100000
1518,551.98,1,0.04788083044800674,9.685317488303825,100000
1519,561.1,1,0.04778506878711073,70.99739905183806,100000
1520,562.8700000000001,1,0.04768949864953651,50.24645976135225,100000
1521,564.6600000000001,1,0.04759411965223744,25.80424332525581,100000
1522,555.36,1,0.04749893141293297,69.95496087100194,100000
1523,561.22,1,0.0474039335501071,107.72454974800348,100000
1524,554.04,1,0.04730912568300689,56.77912117393924,100000
1525,560.72,1,0.04721450743164087,11.810152656891766,100000
1526,566.51,1,0.04712007841677759,3.0254453074547554,100000
1527,564.6600000000001,1,0.04702583825994403,131.07925293315202,100000
1528,563.11,1,0.046931786583424145,51.69062774967063,100000
1529,564.86,1,0.0468379230102573,102.51060131797567,100000
1530,558.96,1,0.04674424716423679,68.1193195269658,100000
1531,564.72,1,0.04665075866990831,50.728811669163406,100000
1532,562.8500000000001,1,0.046557457152568496,62.621495621673986,100000
1533,564.8800000000001,1,0.04646434223826336,32.07631657505408,100000
1534,549.7900000000001,1,0.04637141355378683,112.34069555911465,100000
1535,556.94,1,0.04627867072667925,9.439011069376077,100000
1536,566.51,1,0.046186113385225894,62.69313347820313,100000
1537,566.51,1,0.046093741158455444,61.27363113914767,100000
1538,562.61,1,0.046001553676138535,55.644125160845846,100000
1539,566.51,1,0.045909550568786255,83.44396799514371,100000
1540,564.86,1,0.045817731467648684,11.335024481639266,100000
1541,566.51,1,0.04572609600471338,80.86451428840238,100000
1542,556.84,1,0.045634643812703955,25.685449303086124,100000
1543,564.6,1,0.04554337452507855,38.90952272154391,100000
1544,566.51,1,0.04545228777602839,67.41990684886133,100000
1545,562.71,1,0.04536138320047633,76.40168059323773,100000
1546,560.64,1,0.04527066043407538,25.741870705695714,100000
1547,561.44,1,0.045180119113207226,44.45146104605759,100000
1548,562.8500000000001,1,0.04508975887498081,65.95120891386813,100000
1549,557.0,1,0.04499957935723085,46.6197955199142,100000
1550,560.72,1,0.04490958019851639,100.43357118301921,100000
1551,560.9000000000001,1,0.044819761038119355,8.896535258082782,100000
1552,566.51,1,0.044730121516043116,60.20786944896944,100000
1553,564.9000000000001,1,0.04464066127301103,64.67731884913519,100000
1554,563.03,1,0.04455137995046501,68.52503411968549,100000
1555,562.75,1,0.04446227719056408,18.50595897616762,100000
1556,564.78,1,0.04437335263618295,80.77840635739267,100000
1557,558.69,1,0.04428460593091058,60.017691233066415,100000
1558,561.5400000000001,1,0.04419603671904876,93.89543655164101,100000
1559,566.51,1,0.044107644645610664,1.5033818795796363,100000
1560,553.0300000000001,1,0.044019429356319445,2.633724940914503,100000
1561,564.6200000000001,1,0.043931390497606804,49.92385404976085,100000
1562,560.6500000000001,1,0.04384352771661159,60.331953218058935,100000
1563,559.0,1,0.043755840661178366,23.328315187417545,100000
1564,566.51,1,0.04366832897985601,115.30109458104256,100000
1565,566.51,1,0.04358099232189629,44.56990119430326,100000
1566,560.9000000000001,1,0.0434938303372525,164.28394951978152,100000
1567,562.97,1,0.043406842676577996,67.83289987661622,100000
1568,564.76,1,0.04332002899122484,73.29930421710014,100000
1569,553.0,1,0.04323338893324239,102.09930850791208,100000
1570,564.9200000000001,1,0.043146922155375904,4.93754743039608,100000
1571,562.9300000000001,1,0.04306062831106515,57.553959706515975,100000
1572,556.9200000000001,1,0.04297450705444302,89.07011060750307,100000
1573,564.6800000000001,1,0.04288855804033413,110.53466661320999,100000
1574,550.8700000000001,1,0.042802780924253464,45.5531929144088,100000
1575,563.1700000000001,1,0.042717175362404956,61.152074717211,100000
1576,566.51,1,0.042631741011680144,82.01717086857364,100000
1577,556.96,1,0.04254647752965678,22.445363812482178,100000
1578,550.33,1,0.04246138457459747,7.741610106350719,100000
1579,564.58,1,0.042376461805448275,28.509441189467907,100000
1580,562.71,1,0.04229170888183738,21.80033854914434,100000
1581,560.98,1,0.0422071254640737,4.720872902256601,100000
1582,550.26,1,0.04212271121314556,36.29483310727105,100000
1583,561.1000000000001,1,0.042038465790719265,11.706776036059155,100000
1584,564.78,1,0.041954388859137826,23.840706993825734,100000
1585,563.09,1,0.04187048008141955,111.71103081694154,100000
1586,564.6800000000001,1,0.041786739121256716,11.282494936138391,100000
1587,566.51,1,0.041703165643014205,67.89773871437195,100000
1588,564.82,1,0.04161975931172818,50.0713644977659,100000
1589,564.6,1,0.04153651979310472,84.50424609193578,100000
1590,562.8900000000001,1,0.04145344675351851,19.168168964711104,100000
1591,554.6700000000001,1,0.04137053986001147,196.24596100207418,100000
1592,564.76,1,0.04128779878029144,82.32671641930938,100000
1593,551.86,1,0.04120522318273086,44.00987007190932,100000
1594,562.79,1,0.041122812736365394,74.09879873015664,100000
1595,566.51,1,0.04104056711089266,96.09243313247158,100000
1596,566.51,1,0.04095848597667088,95.02554912528684,100000
1597,562.59,1,0.04087656900471754,48.88239699782747,100000
1598,564.6,1,0.040794815866708106,150.37247948441654,100000
1599,557.0500000000001,1,0.04071322623497469,72.71462632915866,100000
1600,566.51,1,0.04063179978250474,34.78349363323181,100000
1601,564.8800000000001,1,0.04055053618293973,37.00224205153063,100000
1602,560.52,1,0.040469435110573854,85.33132871465078,100000
1603,559.39,1,0.040388496240352706,84.76775769250733,100000
1604,563.07,1,0.040307719247872,21.706467534104984,100000
1605,561.22,1,0.040227103809376254,61.92664413680048,100000
1606,557.0600000000001,1,0.040146649601757504,14.7249605442161,100000
1607,566.51,1,0.040066356302553986,93.88425030150721,100000
1608,566.51,1,0.039986223589948876,52.139751381451084,100000
1609,562.95,1,0.03990625114276898,45.00888266978842,100000
1610,562.59,1,0.03982643864048344,23.805575153592862,100000
1611,563.27,1,0.03974678576320247,21.28163492860216,100000
1612,564.6600000000001,1,0.03966729219167607,22.086143308784813,100000
1613,556.9300000000001,1,0.039587957607292716,42.26172973682631,100000
1614,563.1500000000001,1,0.03950878169207813,49.07942469643824,100000
1615,564.6400000000001,1,0.03942976412869397,81.27120907325298,100000
1616,555.7,1,0.03935090460043658,68.09580106489243,100000
1617,566.51,1,0.03927220279123571,30.425154330268985,100000
1618,561.22,1,0.03919365838565324,46.5585434682229,100000
1619,562.9100000000001,1,0.03911527106888193,51.08920948523463,100000
1620,564.58,1,0.039037040526744164,37.07648667646572,100000
1621,563.05,1,0.038958966445690676,46.88345329147397,100000
1622,566.51,1,0.0388810485127993,130.72374652470313,100000
1623,564.78,1,0.0388032864157737,80.67668152227998,100000
1624,560.72,1,0.03872567984294215,11.598589748617202,100000
1625,557.3800000000001,1,0.03864822848325627,62.84326994685984,100000
1626,559.2500000000001,1,0.03857093202628976,107.3092521905899,100000
1627,564.84,1,0.038493790162237175,55.27533242292702,100000
1628,564.56,1,0.0384168025819127,100.87717798259109,100000
1629,561.08,1,0.03833996897674887,105.98418304937728,100000
1630,566.51,1,0.038263289038795376,34.526322697439504,100000
1631,566.51,1,0.03818676246071778,47.958506105407594,100000
1632,561.3,1,0.038110388935796345,6.0677393354913765,100000
1633,558.57,1,0.03803416815792475,27.652243646291588,100000
1634,566.51,1,0.0379580998216089,43.90253744586821,100000
1635,564.6,1,0.03788218362196568,39.84609657526016,100000
1636,564.76,1,0.03780641925472175,19.892209915909916,100000
1637,564.8800000000001,1,0.037730806416212306,25.751770544797182,100000
1638,566.51,1,0.037655344803379884,75.01281758614125,100000
1639,562.71,1,0.03758003411377312,54.37481875130624,100000
1640,564.62,1,0.037504874045545575,65.78574038762599,100000
1641,560.72,1,0.037429864297454485,8.13691647090609,100000
1642,564.6,1,0.037355004568859575,3.579835985787213,100000
1643,557.12,1,0.03728029455972186,55.377771873854925,100000
1644,560.82,1,0.037205733970602416,39.41023888570421,100000
1645,559.3299999999999,1,0.03713132250266121,98.53022826441696,100000
1646,561.1200000000001,1,0.03705705985765589,46.64479082910454,100000
1647,566.51,1,0.03698294573794057,147.18002473779262,100000
1648,564.84,1,0.03690897984646469,57.573676532134414,100000
1649,560.57,1,0.036835161886771765,80.4686882628335,100000
1650,558.71,1,0.036761491562998225,49.38912075116084,100000
1651,562.9100000000001,1,0.03668796857987223,6.668589469609839,100000
1652,566.51,1,0.03661459264271248,2.501430112988718,100000
1653,554.85,1,0.036541363457427055,116.0550761083141,100000
1654,566.51,1,0.0364682807305122,225.45184138994063,100000
1655,566.51,1,0.03639534416905117,162.56526999223618,100000
1656,564.7,1,0.03632255348071307,90.99259563954547,100000
1657,556.99,1,0.03624990837375164,36.56249081732622,100000
1658,558.7700000000001,1,0.03617740855700413,39.02288612448252,100000
1659,551.8300000000002,1,0.036105053739890126,74.08167410509228,100000
1660,548.9100000000001,1,0.03603284363241035,19.09747065810057,100000
1661,562.8500000000001,1,0.03596077794514553,37.30627299303358,100000
1662,566.51,1,0.03588885638925524,32.132804326953426,100000
1663,564.54,1,0.03581707867647673,83.20119302137755,100000
1664,566.51,1,0.03574544451912378,89.79865860746753,100000
1665,563.03,1,0.035673953630085534,74.79409612986174,100000
1666,564.82,1,0.035602605722825365,22.65519959386438,100000
1667,561.3000000000001,1,0.035531400511379714,93.9939161048216,100000
1668,560.58,1,0.035460337710356955,32.69352783570214,100000
1669,566.51,1,0.03538941703493624,3.2406554183652325,100000
1670,558.6500000000001,1,0.03531863820086637,23.749110477704267,100000
1671,566.51,1,0.03524800092446464,75.87920904447955,100000
1672,566.51,1,0.03517750492261571,33.33698153639993,100000
1673,563.07,1,0.03510714991277048,3.9918416476610936,100000
1674,560.57,1,0.03503693561294494,80.6718308372157,100000
1675,564.6,1,0.034966861741719056,49.03781458456069,100000
1676,558.99,1,0.034896928018235615,46.25155693973814,100000
1677,559.0,1,0.034827134162199146,3.8764822528912473,100000
1678,564.9000000000001,1,0.034757479893874746,54.03923006914556,100000
1679,558.73,1,0.034687964934087,26.42725321146158,100000
1680,560.5400000000001,1,0.034618589004218825,87.5219582735546,100000
1681,562.9100000000001,1,0.034549351826210384,30.55158969850251,100000
1682,561.1400000000001,1,0.034480253122557966,15.858621645499678,100000
1683,564.58,1,0.03441129261631285,40.01962670031935,100000
1684,563.19,1,0.03434247003108023,55.228301510666356,100000
1685,564.54,1,0.03427378509101807,10.313290842808783,100000
1686,566.51,1,0.034205237520836033,104.28531129273676,100000
1687,560.6400000000001,1,0.03413682704579436,42.56551732714214,100000
1688,562.75,1,0.034068553391702776,68.71871383352713,100000
1689,564.6400000000001,1,0.03400041628491937,121.4786471594125,100000
1690,555.6800000000001,1,0.03393241545234953,59.79940506768605,100000
1691,566.51,1,0.03386455062144483,25.95943596190022,100000
1692,561.4000000000001,1,0.03379682152020194,122.82747532427311,100000
1693,564.76,1,0.03372922787716154,100.20093374326825,100000
1694,564.6400000000001,1,0.033661769421407216,36.50948190968484,100000
1695,564.62,1,0.033594445882564404,52.000869636423886,100000
1696,561.4200000000001,1,0.033527256990799274,65.53753030563102,100000
1697,564.9200000000001,1,0.03346020247681768,26.153566983062774,100000
1698,558.9100000000001,1,0.03339328207186404,17.360278410177965,100000
1699,559.8900000000001,1,0.03332649550772031,94.40971850582531,100000
1700,564.74,1,0.033259842516704864,19.72658879403025,100000
1701,564.58,1,0.03319332283167145,8.928189968690276,100000
1702,562.77,1,0.03312693618600811,38.24425686850692,100000
1703,566.51,1,0.03306068231363609,95.959313739692,100000
1704,563.01,1,0.032994560949008815,49.73662992950642,100000
1705,564.74,1,0.0329285718271108,42.45870871236548,100000
1706,560.5400000000001,1,0.03286271468345658,80.68466028618434,100000
1707,564.6600000000001,1,0.032796989254089665,12.002686508465558,100000
1708,560.9200000000001,1,0.032731395275581485,36.97021718367058,100000
1709,564.6600000000001,1,0.03266593248503032,22.98659066716209,100000
1710,564.8000000000001,1,0.03260060062006026,69.69400670612231,100000
1711,554.94,1,0.03253539941882014,69.61239244367765,100000
1712,563.01,1,0.032470328619982496,19.15922804854133,100000
1713,564.84,1,0.03240538796274253,8.32294224621728,100000
1714,566.51,1,0.03234057718681705,117.48706925395996,100000
1715,557.3100000000001,1,0.032275896032443414,23.082660945493785,100000
1716,562.95,1,0.032211344240378526,75.2099915372603,100000
1717,564.84,1,0.032146921551897766,37.572921549435705,100000
1718,563.07,1,0.03208262770879397,51.20180917057124,100000
1719,564.8000000000001,1,0.03201846245337638,34.74734466522932,100000
1720,558.8100000000001,1,0.03195442552846963,62.0571060270071,100000
1721,566.51,1,0.03189051667741269,38.59122623743549,100000
1722,562.95,1,0.031826735644057864,16.502054377035662,100000
1723,566.51,1,0.03176308217276975,49.006192777426016,100000
1724,566.51,1,0.03169955600842421,27.19108604904144,100000
1725,566.51,1,0.031636156896407364,16.635464433700808,100000
1726,564.94,1,0.03157288458261455,77.56088150059804,100000
1727,564.6800000000001,1,0.03150973881344932,2.8617591033689678,100000
1728,562.57,1,0.031446719335822416,8.749561463341568,100000
1729,564.6,1,0.031383825897150774,38.10611267341301,100000
1730,559.63,1,0.03132105824535647,23.511027297803334,100000
1731,560.5500000000001,1,0.031258416128865756,73.21820689619534,100000
1732,562.95,1,0.031195899296608025,26.584523538748424,100000
1733,562.97,1,0.031133507498014808,67.50303008700863,100000
1734,557.62,1,0.031071240483018778,50.794564060038994,100000
1735,555.1100000000001,1,0.03100909800205274,23.603315727866214,100000
1736,564.56,1,0.030947079806048633,29.329884744714946,100000
1737,564.8800000000001,1,0.030885185646436535,27.714320299681276,100000
1738,566.51,1,0.03082341527514366,35.07506620980078,100000
1739,554.0600000000001,1,0.030761768444593374,24.106780947630224,100000
1740,564.7,1,0.030700244907704188,15.320388041902333,100000
1741,564.5600000000001,1,0.030638844417888778,7.070147200487554,100000
1742,566.51,1,0.030577566729053,14.615638397393688,100000
1743,564.82,1,0.030516411595594893,9.446643353905529,100000
1744,561.46,1,0.0304553787724037,61.3132091808845,100000
1745,562.8900000000001,1,0.030394468014858893,36.41880012913184,100000
1746,566.51,1,0.030333679078829175,51.90807265860419,100000
1747,563.01,1,0.030273011720671518,35.96344339576635,100000
1748,562.9300000000001,1,0.030212465697230174,38.65974052611625,100000
1749,564.78,1,0.030152040765835712,2.559871496167034,100000
1750,566.51,1,0.03009173668430404,25.706391956537,100000
1751,566.51,1,0.030031553210935435,27.0669380339884,100000
1752,564.6400000000001,1,0.029971490104513564,15.640010251197964,100000
1753,564.8000000000001,1,0.029911547124304536,24.38465960882604,100000
1754,566.51,1,0.029851724030055926,1.9878910491543431,100000
1755,564.58,1,0.029792020581995815,43.38876858074218,100000
1756,562.8100000000001,1,0.029732436540831825,27.188055889172986,100000
1757,566.51,1,0.02967297166775016,18.69536626435095,100000
1758,564.58,1,0.02961362572441466,18.60098720341921,100000
1759,566.51,1,0.029554398472965832,47.75684958311819,100000
1760,560.61,1,0.0294952896760199,1.7545290963044242,100000
1761,553.8700000000001,1,0.02943629909666786,9.320883507453479,100000
1762,563.1500000000001,1,0.029377426498474524,14.474905174338456,100000
1763,563.07,1,0.029318671645477575,67.39146980507807,100000
1764,564.72,1,0.02926003430218662,10.306637885048985,100000
1765,560.8800000000001,1,0.02920151423358225,27.130439731128074,100000
1766,566.51,1,0.029143111205115084,10.223335759774331,100000
1767,557.04,1,0.029084824982704854,19.547130165260228,100000
1768,564.58,1,0.029026655332739446,18.018320932984352,100000
1769,566.51,1,0.028968602022073967,32.38925084183293,100000
1770,566.51,1,0.02891066481802982,1.6239339565077135,100000
1771,566.51,1,0.02885284348839376,7.4560099936300706,100000
1772,564.84,1,0.028795137801416973,35.012254307512194,100000
1773,564.56,1,0.028737547525814137,11.715915869455785,100000
1774,562.97,1,0.02868007243076251,5.661759761698319,100000
1775,560.6300000000001,1,0.028622712285900985,25.686585677048516,100000
1776,558.8800000000001,1,0.028565466861329183,19.963383558621775,100000
1777,566.51,1,0.028508335927606526,2.048197138213342,100000
1778,558.83,1,0.02845131925575131,5.620793633736097,100000
1779,566.51,1,0.02839441661723981,26.769180626878814,100000
1780,566.51,1,0.02833762778400533,6.904060968948949,100000
1781,564.58,1,0.02828095252843732,29.321029449813068,100000
1782,556.8000000000001,1,0.028224390623380446,17.27311618514915,100000
1783,566.51,1,0.028167941842133684,22.520670141423903,100000
1784,564.72,1,0.02811160595844942,5.1770957093685865,100000
1785,566.51,1,0.02805538274653252,44.042501657720535,100000
1786,560.52,1,0.027999271981039454,72.56000772118568,100000
1787,566.51,1,0.027943273437077375,18.337690588447355,100000
1788,566.51,1,0.02788738689020322,50.86842993863167,100000
1789,564.84,1,0.027831612116422814,66.41427088202909,100000
1790,564.54,1,0.02777594889218997,36.10995361604728,100000
1791,566.51,1,0.02772039699440559,7.078234105821578,100000
1792,554.7500000000001,1,0.027664956200416778,62.86719232238829,100000
1793,566.51,1,0.027609626288015943,8.33328406080123,100000
1794,566.51,1,0.02755440703543991,3.7240766238781715,100000
1795,564.8600000000001,1,0.027499298221369033,12.240618877112865,100000
1796,566.51,1,0.027444299624926293,3.459927571396674,100000
1797,566.51,1,0.02738941102567644,9.887875476912145,100000
1798,564.84,1,0.027334632203625087,3.825240068603307,100000
1799,566.51,1,0.027279962939217837,48.10646792429109,100000
1800,560.96,1,0.0272254030133394,8.42136139510309,100000
1801,564.6200000000001,1,0.02717095220731272,31.64458577055484,100000
1802,563.1300000000001,1,0.027116610302898095,90.36783318221569,100000
1803,560.7800000000001,1,0.0270623770822923,22.693206027588424,100000
1804,564.72,1,0.027008252328127716,39.890203051269054,100000
1805,553.1500000000001,1,0.02695423582347146,37.70369624052987,100000
1806,564.8000000000001,1,0.02690032735182452,39.05418855184689,100000
1807,564.82,1,0.02684652669712087,10.923521610442549,100000
1808,566.51,1,0.02679283364372663,60.18067609638937,100000
1809,558.9200000000001,1,0.026739247976439177,5.364682282851293,100000
1810,564.6600000000001,1,0.026685769480486298,22.245053130667657,100000
1811,564.86,1,0.026632397941525325,19.080502370838076,100000
1812,564.8000000000001,1,0.026579133145642274,43.43475245917216,100000
1813,564.54,1,0.02652597487935099,34.190347811207175,100000
1814,557.02,1,0.026472922929592288,22.08573310677685,100000
1815,566.51,1,0.026419977083733105,20.434130323510015,100000
1816,566.51,1,0.02636713712956564,43.742023978983205,100000
1817,564.6400000000001,1,0.026314402855306507,38.74836216913536,100000
1818,562.77,1,0.026261774049595895,14.290737942764252,100000
1819,564.6800000000001,1,0.0262092505014967,73.94589953753166,100000
1820,564.58,1,0.026156832000493707,108.50058906292543,100000
1821,564.86,1,0.02610451833649272,13.339571440126747,100000
1822,562.9100000000001,1,0.026052309299819734,71.47162675315684,100000
1823,564.74,1,0.026000204681220093,41.95813450682908,100000
1824,564.84,1,0.025948204271857653,48.92069925414398,100000
1825,566.51,1,0.025896307863313938,7.179085237845298,100000
1826,566.51,1,0.02584451524758731,5.1764237265433035,100000
1827,564.54,1,0.025792826217092137,26.25193291483447,100000
1828,566.51,1,0.025741240564657954,8.306028380509346,100000
1829,564.54,1,0.02568975808352864,38.46984096430242,100000
1830,564.78,1,0.02563837856736158,42.306074808351696,100000
1831,566.51,1,0.02558710181022686,65.33717926519532,100000
1832,563.07,1,0.025535927606606404,46.34786137125709,100000
1833,566.51,1,0.02548485575139319,18.923528039647685,100000
1834,562.69,1,0.025433886039890406,19.931832361853484,100000
1835,564.78,1,0.025383018267810625,2.7674097381532192,100000
1836,562.83,1,0.025332252231275002,8.843488826896206,100000
1837,566.51,1,0.02528158772681245,5.4306321612769555,100000
1838,566.51,1,0.025231024551358828,27.85303822688518,100000
1839,564.7,1,0.025180562502256112,3.637723893392831,100000
1840,566.51,1,0.0251302013772516,24.83153065942949,100000
1841,556.8900000000001,1,0.025079940974497096,28.02330598768903,100000
1842,564.7,1,0.025029781092548102,39.215743065811694,100000
1843,566.51,1,0.024979721530363007,2.2086262573157587,100000
1844,564.86,1,0.02492976208730228,12.121114892885089,100000
1845,566.51,1,0.024879902563127675,8.986314375554361,100000
1846,564.6800000000001,1,0.02483014275800142,9.724466044455767,100000
1847,564.82,1,0.02478048247248542,16.76701175607741,100000
1848,564.8600000000001,1,0.024730921507540447,19.284037892706692,100000
1849,566.51,1,0.024681459664525365,2.2235773340348275,100000
1850,564.6,1,0.024632096745196314,42.71455995226279,100000
1851,566.51,1,0.02458283255170592,46.71490618346199,100000
1852,564.58,1,0.02453366688660251,52.49609975190833,100000
1853,564.6600000000001,1,0.024484599552829306,1.4607190159149468,100000
1854,564.76,1,0.024435630353723647,34.71844101138413,100000
1855,566.51,1,0.0243867590930162,5.137379260313127,100000
1856,566.51,1,0.02433798557483017,1.5777839345316733,100000
1857,566.51,1,0.02428930960368051,16.78694395384481,100000
1858,566.51,1,0.02424073098447315,3.5634061021189534,100000
1859,566.51,1,0.024192249522504206,44.20233706072454,100000
1860,558.7,1,0.024143865023459197,32.47083839269785,100000
1861,562.99,1,0.024095577293412277,16.83277613376126,100000
1862,564.54,1,0.02404738613882545,4.685527707450092,100000
1863,566.51,1,0.0239992913665478,49.02843916752646,100000
1864,566.51,1,0.023951292783814707,29.50879465836671,100000
1865,560.57,1,0.02390339019824708,42.084717848471236,100000
1866,562.77,1,0.023855583417850584,38.28051774655328,100000
1867,564.5400000000001,1,0.023807872251014883,6.083607563283294,100000
1868,566.51,1,0.023760256506512853,12.914858483499096,100000
1869,566.51,1,0.023712735993499826,21.793563754327835,100000
1870,552.27,1,0.023665310521512828,38.404275997805954,100000
1871,564.54,1,0.023617979900469804,6.327529193367809,100000
1872,564.58,1,0.023570743940668864,17.871437049470842,100000
1873,566.51,1,0.023523602452787527,20.25747935473919,100000
1874,564.6,1,0.02347655524788195,13.88732401560992,100000
1875,566.51,1,0.023429602137386187,41.59338597785081,100000
1876,564.7,1,0.023382742933111413,37.02489274460822,100000
1877,560.6800000000001,1,0.02333597744724519,11.7529079133556,100000
1878,562.7900000000001,1,0.023289305492350698,13.840562683163267,100000
1879,558.96,1,0.023242726881365996,4.340506951854779,100000
1880,566.51,1,0.023196241427603265,2.29169691474207,100000
1881,559.1,1,0.023149848944748058,43.2061653141792,100000
1882,566.51,1,0.023103549246858562,61.664901813191754,100000
1883,563.07,1,0.023057342148364846,29.256472665252108,100000
1884,562.85,1,0.023011227464068116,21.323794999357425,100000
1885,564.58,1,0.02296520500913998,2.0260085416957736,100000
1886,559.01,1,0.0229192745991217,27.991302129855523,100000
1887,546.22,1,0.022873436049923458,30.167953819913023,100000
1888,564.82,1,0.02282768917782361,1.729365823790431,100000
1889,566.51,1,0.022782033799467964,54.88243053613171,100000
1890,566.51,1,0.02273646973186903,34.91273091012432,100000
1891,566.51,1,0.022690996792405292,4.060970479442227,100000
1892,566.51,1,0.02264561479882048,39.439925542762204,100000
1893,558.8900000000001,1,0.022600323569222838,124.4607367671453,100000
1894,566.51,1,0.022555122922084392,11.720466304690607,100000
1895,566.51,1,0.022510012676240223,23.181502071119123,100000
1896,564.72,1,0.022464992650887743,58.93458489701152,100000
1897,563.23,1,0.022420062665585966,4.426811537959359,100000
1898,554.75,1,0.022375222540254792,31.941588442772627,100000
1899,566.51,1,0.022330472095174282,7.998349456777496,100000
1900,566.51,1,0.022285811150983933,6.0953691274889055,100000
1901,566.51,1,0.022241239528681966,44.00029160034272,100000
1902,557.23,1,0.0221967570496246,19.49644209422282,100000
1903,559.1500000000001,1,0.02215236353552535,31.218511142639013,100000
1904,557.3500000000001,1,0.0221080588084543,33.32701335335845,100000
1905,562.8900000000001,1,0.02206384269083739,28.81515908331582,100000
1906,566.51,1,0.022019715005455714,2.0151932037645772,100000
1907,562.9300000000001,1,0.021975675575444803,35.32219401543791,100000
1908,566.51,1,0.021931724224293913,34.63018255560629,100000
1909,566.51,1,0.021887860775845324,50.50304732159261,100000
1910,566.51,1,0.021844085054293635,5.9883233686127975,100000
1911,564.8000000000001,1,0.021800396884185048,16.502176930196583,100000
1912,560.6700000000001,1,0.021756796090416676,9.04610544537741,100000
1913,566.51,1,0.021713282498235842,12.699345229133483,100000
1914,566.51,1,0.02166985593323937,13.472664969102029,100000
1915,562.6700000000001,1,0.02162651622137289,22.25361987316247,100000
1916,564.54,1,0.021583263188930144,26.96369774476625,100000
1917,560.6100000000001,1,0.021540096662552286,8.26209625507158,100000
1918,562.59,1,0.021497016469227182,21.78762807177775,100000
1919,560.7,1,0.021454022436288727,6.51284597364683,100000
1920,566.51,1,0.021411114391416148,27.279533737609462,100000
1921,566.51,1,0.021368292162633317,15.54302978515625,100000
1922,560.6,1,0.02132555557830805,7.028394129068133,100000
1923,562.8700000000001,1,0.021282904467151434,6.151861029140877,100000
1924,560.6500000000001,1,0.02124033865821713,25.66681118806203,100000
1925,563.03,1,0.021197857980900698,1.8292292415192632,100000
1926,563.01,1,0.021155462264938897,35.64973596664089,100000
1927,562.95,1,0.02111315134040902,5.01314994150942,100000
1928,566.51,1,0.021070925037728203,28.198615250568235,100000
1929,564.8000000000001,1,0.021028783187652746,13.916739411652088,100000
1930,566.51,1,0.02098672562127744,14.252990378487494,100000
1931,562.99,1,0.020944752170034886,20.896052846628606,100000
1932,566.51,1,0.020902862665694816,25.562010603566325,100000
1933,560.5300000000001,1,0.020861056940363425,28.173811075233278,100000
1934,564.8800000000001,1,0.0208193348264827,6.684571412391961,100000
1935,564.6400000000001,1,0.020777696156829735,4.643427080009133,100000
1936,564.74,1,0.020736140764516076,28.954906391445547,100000
1937,558.94,1,0.020694668482987042,6.732039982997454,100000
1938,555.6700000000001,1,0.020653279146021067,23.75727939747629,100000
1939,566.51,1,0.020611972587729024,11.27149336232293,100000
1940,564.8000000000001,1,0.020570748642553566,12.261138064786792,100000
1941,566.51,1,0.02052960714526846,71.64534515815396,100000
1942,556.9200000000001,1,0.020488547930977923,17.063212076674645,100000
1943,566.51,1,0.020447570835115968,3.947314848822932,100000
1944,564.6400000000001,1,0.020406675693445734,8.544616777915508,100000
1945,566.51,1,0.02036586234205884,66.38375729370502,100000
1946,560.98,1,0.020325130617374725,25.896694567711915,100000
1947,566.51,1,0.020284480356139976,21.14899981021881,100000
1948,566.51,1,0.020243911395427697,27.799152972236758,100000
1949,564.72,1,0.020203423572636842,39.51693064905703,100000
1950,560.6200000000001,1,0.02016301672549157,25.739792881503938,100000
1951,562.87,1,0.020122690692040587,4.654615478533687,100000
1952,566.51,1,0.020082445310656505,36.39041129091093,100000
1953,564.6600000000001,1,0.020042280420035193,27.743582937167957,100000
1954,566.51,1,0.02000219585919512,5.1126547811492795,100000
1955,564.8800000000001,1,0.01996219146747673,1.4821903835982084,100000
1956,564.6400000000001,1,0.019922267084541777,23.51689119148068,100000
1957,566.51,1,0.019882422550372692,23.17805922151573,100000
1958,566.51,1,0.019842657705271948,19.096108426490137,100000
1959,557.0100000000001,1,0.019802972389861406,1.4965177600953117,100000
1960,566.51,1,0.019763366445081684,9.98790592868482,100000
1961,564.8800000000001,1,0.01972383971219152,8.107766652014107,100000
1962,564.5400000000001,1,0.019684392032767138,41.63449998293072,100000
1963,564.6,1,0.019645023248701605,47.700035823043436,100000
1964,566.51,1,0.0196057332022042,13.752606583699103,100000
1965,563.07,1,0.019566521735799793,65.34133065017787,100000
1966,564.56,1,0.019527388692328194,5.474488465581089,100000
1967,562.9300000000001,1,0.019488333914943538,8.323883238615412,100000
1968,564.56,1,0.01944935724711365,57.144091699505225,100000
1969,566.51,1,0.019410458532619423,2.817254551476048,100000
1970,566.51,1,0.019371637615554185,37.834011052885366,100000
1971,566.51,1,0.019332894340323075,1.5442748288473775,100000
1972,554.82,1,0.01929422855164243,1.6893380973488092,100000
1973,564.9000000000001,1,0.019255640094539145,15.492910546716303,100000
1974,559.29,1,0.019217128814350067,22.747799032926558,100000
1975,566.51,1,0.019178694556721367,4.313078513068538,100000
1976,564.6600000000001,1,0.019140337167607924,4.772807105444372,100000
1977,566.51,1,0.01910205649327271,12.020109530898832,100000
1978,564.5600000000001,1,0.019063852380286166,2.9368074578233063,100000
1979,560.57,1,0.019025724675525595,16.22834901322448,100000
1980,564.56,1,0.018987673226174544,14.541940673720092,100000
1981,566.51,1,0.018949697879722196,2.4997029443902354,100000
1982,560.6100000000001,1,0.018911798483962752,3.8843249716455976,100000
1983,562.79,1,0.018873974886994827,6.881417232932466,100000
1984,566.51,1,0.018836226937220837,50.248148299513325,100000
1985,566.51,1,0.018798554483346396,27.41459689217229,100000
1986,564.76,1,0.018760957374379703,21.887886937242,100000
1987,566.51,1,0.018723435459630944,1.8947324401909305,100000
1988,566.51,1,0.018685988588711684,7.472861056366274,100000
1989,566.51,1,0.01864861661153426,3.2094176805788472,100000
1990,566.51,1,0.018611319378311193,3.1461434431614412,100000
1991,566.51,1,0.01857409673955457,1.01815892707917,100000
1992,564.58,1,0.01853694854607546,8.182297463994473,100000
1993,566.51,1,0.018499874648983308,3.0177158343215145,100000
1994,552.9100000000001,1,0.01846287489968534,6.289482973741762,100000
1995,566.51,1,0.01842594914988597,3.14613111365226,100000
1996,558.72,1,0.018389097251586196,14.397916016899622,100000
1997,566.51,1,0.018352319057083025,15.063963660309392,100000
1998,566.51,1,0.018315614418968857,2.3105306668627645,100000
1999,566.51,1,0.01827898319013092,6.1010761337895545,100000
2000,564.74,1,0.018242425223750657,3.1223841570317745,100000
2001,566.51,1,0.018205940373303156,18.042945459004372,100000
2002,564.58,1,0.01816952849255655,1.100100150797516,100000
2003,564.72,1,0.018133189435571434,1.741898804437369,100000
2004,562.71,1,0.01809692305670029,2.5817497991251224,100000
2005,566.51,1,0.01806072921058689,1.4575114281427475,100000
2006,566.51,1,0.018024607752165717,1.2881815161916517,100000
2007,566.51,1,0.017988558536661384,0.9992576897625001,100000
2008,564.5600000000001,1,0.01795258141958806,16.917716740630567,100000
2009,564.8600000000001,1,0.017916676256748885,20.387583665084094,100000
2010,566.51,1,0.01788084290423539,9.635802010855366,100000
2011,566.51,1,0.017845081218426918,4.205399739646142,100000
2012,566.51,1,0.017809391055990064,2.577930287968728,100000
2013,566.51,1,0.017773772273878084,6.897004284685658,100000
2014,566.51,1,0.01773822472933033,3.070653353006609,100000
2015,558.88,1,0.01770274827987167,2.6830906464503363,100000
2016,564.82,1,0.017667342783311925,2.864175797905773,100000
2017,564.6400000000001,1,0.017632008097745303,3.2393158269114792,100000
2018,566.51,1,0.017596744081549813,6.799275981803095,100000
2019,566.51,1,0.017561550593386713,2.8836497960071408,100000
2020,564.5600000000001,1,0.01752642749219994,0.9026802657172084,100000
2021,564.56,1,0.01749137463721554,1.8816189353819937,100000
2022,560.5600000000001,1,0.01745639188794111,0.9386370357066866,100000
2023,560.57,1,0.01742147910416523,1.8935230530443645,100000
2024,564.74,1,0.0173866361459569,27.4751699520275,100000
2025,562.8100000000001,1,0.017351862873664987,5.84311100072933,100000
2026,566.51,1,0.017317159147917656,1.2903843666276624,100000
2027,564.56,1,0.01728252482962182,1.048044783063233,100000
2028,564.84,1,0.017247959779962577,1.3176235421560705,100000
2029,554.75,1,0.017213463860402654,2.6890513005200773,100000
2030,566.51,1,0.017179036932681847,0.7348325802914558,100000
2031,566.51,1,0.017144678858816483,0.8125222685836977,100000
2032,566.51,1,0.01711038950109885,12.50336517561828,100000
2033,560.6200000000001,1,0.017076168722096653,1.909306213259697,100000
2034,558.6500000000001,1,0.01704201638465246,11.988616489217831,100000
2035,566.51,1,0.017007932351883154,0.8406034693602593,100000
2036,564.74,1,0.01697391648717939,3.5032130929175764,100000
2037,566.51,1,0.01693996865420503,2.0213598029748088,100000
2038,562.75,1,0.01690608871689662,4.071157145003478,100000
2039,566.51,1,0.016872276539462827,1.5687082892944735,100000
2040,564.6400000000001,1,0.016838531986383902,0.733654782641679,100000
2041,564.5600000000001,1,0.016804854922411135,0.6304703475907445,100000
2042,566.51,1,0.016771245212566312,0.6331358008807705,100000
2043,566.51,1,0.01673770272214118,2.908182115324082,100000
2044,566.51,1,0.016704227316696896,1.4273453056812286,100000
2045,566.51,1,0.016670818862063504,0.6878893062953026,100000
2046,566.51,1,0.016637477224339378,0.7972707219662205,100000
2047,566.51,1,0.0166042022698907,1.949193363228152,100000
2048,566.51,1,0.01657099386535092,1.662790243183413,100000
2049,564.78,1,0.016537851877620215,2.689477373380214,100000
2050,566.51,1,0.016504776173864973,2.5597461868197686,100000
2051,566.51,1,0.016471766621517243,2.196465243735621,100000
2052,566.51,1,0.01643882308827421,2.231114735286082,100000
2053,566.51,1,0.016405945442097662,0.7415825974556708,100000
2054,560.69,1,0.016373133551213465,1.2446422789778029,100000
2055,560.73,1,0.016340387284111038,2.865497281153997,100000
2056,566.51,1,0.016307706509542816,0.6797551322848566,100000
2057,563.35,1,0.016275091096523732,0.6588015373457562,100000
2058,566.51,1,0.016242540914330684,0.7914269196410333,100000
2059,564.9200000000001,1,0.016210055832502023,1.2263378030620515,100000
2060,566.51,1,0.016177635720837018,1.009573305806806,100000
2061,566.51,1,0.016145280449395345,1.9147233588080252,100000
2062,564.56,1,0.016112989888496555,0.557164320955053,100000
2063,562.9100000000001,1,0.016080763908719563,2.533324914448189,100000
2064,564.54,1,0.016048602380902124,1.6655904580838978,100000
2065,566.51,1,0.01601650517614032,0.9735859495497519,100000
2066,562.79,1,0.01598447216578804,0.7192384289069609,100000
2067,566.51,1,0.015952503221456464,1.2905463672453357,100000
2068,566.51,1,0.01592059821501355,1.5721538845569856,100000
2069,562.79,1,0.015888757018583523,2.270012226971713,100000
2070,560.73,1,0.015856979504546356,5.0175411072042255,100000
2071,562.95,1,0.015825265545537263,0.8584365074833235,100000
2072,558.8900000000001,1,0.015793615014446188,0.6829534498544839,100000
2073,566.51,1,0.015762027784417296,1.173452314349913,100000
2074,566.51,1,0.01573050372884846,1.0141724778279182,100000
2075,566.51,1,0.015699042721390763,0.5146731784747492,100000
2076,564.86,1,0.01566764463594798,1.6508057843893766,100000
2077,560.5600000000001,1,0.015636309346676085,1.211810204717848,100000
2078,566.51,1,0.015605036727982732,0.561613526075117,100000
2079,566.51,1,0.015573826654526767,0.6096518676607839,100000
2080,566.51,1,0.015542679001217714,1.205133255931639,100000
2081,562.73,1,0.015511593643215279,0.8208728362665032,100000
2082,566.51,1,0.015480570455928848,1.0369545406391543,100000
2083,566.51,1,0.01544960931501699,1.8862898520404292,100000
2084,564.6,1,0.015418710096386956,1.1506086024455726,100000
2085,564.74,1,0.015387872676194183,1.0120178749784827,100000
2086,560.73,1,0.015357096930841795,0.6127100993716528,100000
2087,566.51,1,0.015326382736980112,0.6700422028380055,100000
2088,566.51,1,0.01529572997150615,0.7436042168448048,100000
2089,566.51,1,0.015265138511563138,0.7546998091763065,100000
2090,566.51,1,0.015234608234540013,0.8524877758276078,100000
2091,566.51,1,0.015204139018070932,0.6370069596075243,100000
2092,566.51,1,0.01517373074003479,0.5745338927353582,100000
2093,566.51,1,0.01514338327855472,0.5574660851590095,100000
2094,566.51,1,0.015113096511997612,0.6096464280159243,100000
2095,558.8700000000001,1,0.015082870318973617,1.9793910542359718,100000
2096,566.51,1,0.01505270457833567,0.8362490719845218,100000
2097,563.1100000000001,1,0.015022599169178998,0.5368036490046617,100000
2098,564.8600000000001,1,0.014992553970840641,0.8519194147083908,100000
2099,560.61,1,0.01496256886289896,0.5375751789127078,100000
2100,566.51,1,0.014932643725173162,0.5799735647536093,100000
2101,566.51,1,0.014902778437722815,0.715900161814305,100000
2102,566.51,1,0.014872972880847369,0.6130211942138211,100000
2103,566.51,1,0.014843226935085675,0.5928702231857085,100000
2104,564.8000000000001,1,0.014813540481215503,0.7215998892206699,100000
2105,566.51,1,0.014783913400253073,0.5478311950160611,100000
2106,566.51,1,0.014754345573452567,0.5888888477798431,100000
2107,566.51,1,0.014724836882305662,0.6066624351566837,100000
2108,564.6200000000001,1,0.014695387208541051,1.3944658990949392,100000
2109,564.56,1,0.01466599643412397,0.5938505737576634,100000
2110,566.51,1,0.014636664441255722,0.7399879624286005,100000
2111,564.72,1,0.01460739111237321,0.4699040474370122,100000
2112,563.05,1,0.014578176330148464,0.6806443627133514,100000
2113,566.51,1,0.014549019977488167,0.6883395215676676,100000
2114,564.58,1,0.01451992193753319,11.2080092378892,100000
2115,566.51,1,0.014490882093658123,0.687520046147608,100000
2116,564.7,1,0.014461900329470806,0.6642823445145041,100000
2117,566.51,1,0.014432976528811864,0.6170938687939798,100000
2118,566.51,1,0.01440411057575424,0.5152188472209438,100000
2119,566.51,1,0.014375302354602732,0.6353762068094746,100000
2120,566.51,1,0.014346551749893527,0.5250446058569416,100000
2121,564.72,1,0.01431785864639374,0.5124126407317817,100000
2122,566.51,1,0.014289222929100953,0.7464854003440949,100000
2123,566.51,1,0.01426064448324275,0.6636266665112588,100000
2124,566.51,1,0.014232123194276265,0.44593324848721105,100000
2125,560.8800000000001,1,0.014203658947887712,0.6615338428493809,100000
2126,566.51,1,0.014175251629991937,1.3424178979569865,100000
2127,566.51,1,0.014146901126731953,1.4182589909722727,100000
2128,564.6800000000001,1,0.01411860732447849,0.4078709853347391,100000
2129,566.51,1,0.014090370109829532,0.43019093404854497,100000
2130,564.56,1,0.014062189369609873,0.4644275058526546,100000
2131,564.82,1,0.014034064990870653,0.5905803963541985,100000
2132,566.51,1,0.014005996860888912,0.6813917998825351,100000
2133,566.51,1,0.013977984867167134,0.5587231968679736,100000
2134,566.51,1,0.0139500288974328,1.5306296161105555,100000
2135,566.51,1,0.013922128839637934,0.46931452688670927,100000
2136,566.51,1,0.013894284581958658,0.5886422131330736,100000
2137,566.51,1,0.01386649601279474,0.4305646390684189,100000
2138,566.51,1,0.01383876302076915,0.4317675170398528,100000
2139,562.8900000000001,1,0.013811085494727612,0.38154885534084204,100000
2140,566.51,1,0.013783463323738157,0.5497490120751243,100000
2141,566.51,1,0.01375589639709068,0.7042688758623216,100000
2142,564.6400000000001,1,0.013728384604296498,0.37868100381456316,100000
2143,559.51,1,0.013700927835087905,0.4188295257943017,100000
2144,562.8100000000001,1,0.01367352597941773,0.4794982362425689,100000
2145,562.61,1,0.013646178927458895,0.46148244844693126,100000
2146,566.51,1,0.013618886569603977,0.4848850244475949,100000
2147,566.51,1,0.013591648796464769,0.5844428301338227,100000
2148,566.51,1,0.01356446549887184,0.5015616489033545,100000
2149,566.51,1,0.013537336567874095,0.572619262962572,100000
2150,566.51,1,0.013510261894738347,0.5515605478036788,100000
2151,566.51,1,0.01348324137094887,0.5046753671861464,100000
2152,560.73,1,0.013456274888206972,0.6453546976286267,100000
2153,566.51,1,0.013429362338430558,0.44405176538613533,100000
2154,566.51,1,0.013402503613753697,0.7435408039919792,100000
2155,566.51,1,0.013375698606526189,0.8738582348150592,100000
2156,560.52,1,0.013348947209313136,0.3983780486243112,100000
2157,566.51,1,0.01332224931489451,0.5629485528315267,100000
2158,566.51,1,0.01329560481626472,0.512130961302788,100000
2159,564.82,1,0.01326901360663219,0.4045202019624412,100000
2160,564.9200000000001,1,0.013242475579418926,0.44825058232527226,100000
2161,566.51,1,0.013215990628260088,0.5354205967197495,100000
2162,566.51,1,0.013189558647003568,0.5922803219047285,100000
2163,566.51,1,0.01316317952970956,0.5285838775096401,100000
2164,564.84,1,0.01313685317065014,0.48911793529987335,100000
2165,566.51,1,0.01311057946430884,0.48051172518922436,100000
2166,566.51,1,0.013084358305380222,0.55953753114708,100000
2167,566.51,1,0.013058189588769462,0.4496828887251116,100000
2168,566.51,1,0.013032073209591922,0.4066241405183269,100000
2169,566.51,1,0.013006009063172739,0.38089438263447056,100000
2170,566.51,1,0.012979997045046394,0.4135292799722764,100000
2171,566.51,1,0.012954037050956302,0.3733941480036705,100000
2172,566.51,1,0.01292812897685439,0.586812591841144,100000
2173,566.51,1,0.012902272718900681,0.3872246491091867,100000
2174,566.51,1,0.01287646817346288,0.3727076839535467,100000
2175,566.51,1,0.012850715237115954,0.4085797424758634,100000
2176,566.51,1,0.012825013806641722,0.5548510065963191,100000
2177,566.51,1,0.012799363779028438,0.35059406608343124,100000
2178,566.51,1,0.012773765051470381,0.41946852327354495,100000
2179,564.76,1,0.01274821752136744,0.3239066358655691,100000
2180,566.51,1,0.012722721086324705,0.3556540432956911,100000
2181,564.84,1,0.012697275644152056,0.3679150273092091,100000
2182,564.9000000000001,1,0.01267188109286375,0.44918016251176596,100000
2183,566.51,1,0.012646537330678023,0.4163319093565787,100000
2184,566.51,1,0.012621244256016666,0.390404965848692,100000
2185,566.51,1,0.012596001767504634,0.4275988025530692,100000
2186,566.51,1,0.012570809763969624,0.45116831903015414,100000
2187,566.51,1,0.012545668144441685,0.49452676720196204,100000
2188,566.51,1,0.012520576808152802,0.43388357037498104,100000
2189,564.78,1,0.012495535654536497,0.5327076432295144,100000
2190,564.82,1,0.012470544583227423,0.4029641265515238,100000
2191,558.72,1,0.012445603494060969,0.3694762634543272,100000
2192,564.6400000000001,1,0.012420712287072847,0.6024325615726411,100000
2193,564.8800000000001,1,0.0123958708624987,0.40710548986680806,100000
2194,566.51,1,0.012371079120773704,0.3540064984511945,100000
2195,566.51,1,0.012346336962532156,0.41623758176161396,100000
2196,564.74,1,0.012321644288607091,0.2965872250497341,100000
2197,566.51,1,0.012297001000029877,0.43239200571852343,100000
2198,566.51,1,0.012272406998029818,0.5666159283249609,100000
2199,566.51,1,0.012247862184033759,0.45238047754091604,100000
2200,560.98,1,0.01222336645966569,0.33042921607985215,100000
2201,566.51,1,0.012198919726746358,0.43272476727443354,100000
2202,557.11,1,0.012174521887292865,0.6245760615192243,100000
2203,564.72,1,0.012150172843518279,0.44229616899974644,100000
2204,566.51,1,0.012125872497831243,0.41471590726606306,100000
2205,564.54,1,0.01210162075283558,0.46089956699870527,100000
2206,566.51,1,0.012077417511329909,0.5557196664233361,100000
2207,566.51,1,0.012053262676307248,0.3718822200692469,100000
2208,564.8600000000001,1,0.012029156150954633,0.46947290119715035,100000
2209,566.51,1,0.012005097838652725,0.33621062963239606,100000
2210,564.82,1,0.011981087642975419,0.4090375517262146,100000
2211,566.51,1,0.011957125467689468,44.486484336276206,100000
2212,566.51,1,0.01193321121675409,0.4973402290094283,100000
2213,564.76,1,0.011909344794320582,0.8329989435151219,100000
2214,566.51,1,0.01188552610473194,0.4562473922006546,100000
2215,566.51,1,0.011861755052522476,0.4061353463799723,100000
2216,566.51,1,0.011838031542417431,0.38988669096462186,100000
2217,558.69,1,0.011814355479332597,0.5158784332183691,100000
2218,564.5600000000001,1,0.011790726768373932,0.5519077656790614,100000
2219,566.51,1,0.011767145314837184,0.4383322375435983,100000
2220,564.72,1,0.011743611024207509,20.126722591696307,100000
2221,566.51,1,0.011720123802159093,0.4609339864503953,100000
2222,566.51,1,0.011696683554554775,0.39930721708843786,100000
2223,566.51,1,0.011673290187445666,0.44590117253603473,100000
2224,566.51,1,0.011649943607070775,0.432534430055849,100000
2225,566.51,1,0.011626643719856633,0.3598268813183231,100000
2226,564.8800000000001,1,0.01160339043241692,0.3547779736109078,100000
2227,566.51,1,0.011580183651552086,0.3900275083799516,100000
2228,566.51,1,0.011557023284248982,0.39234708369739596,100000
2229,564.6800000000001,1,0.011533909237680483,0.26115534419659525,100000
2230,566.51,1,0.011510841419205123,0.33292917510674847,100000
2231,566.51,1,0.011487819736366712,0.3591418797450681,100000
2232,564.8800000000001,1,0.011464844096893979,0.34479782870039344,100000
2233,566.51,1,0.011441914408700191,0.4148048756103362,100000
2234,562.77,1,0.011419030579882791,0.4121439592404799,100000
2235,566.51,1,0.011396192518723026,0.4061722515090819,100000
2236,564.54,1,0.01137340013368558,0.35189034428913146,100000
2237,566.51,1,0.011350653333418208,0.3779369432839655,100000
2238,564.84,1,0.011327952026751372,0.3465291780885309,100000
2239,564.84,1,0.01130529612269787,0.3864772755187005,100000
2240,566.51,1,0.011282685530452474,0.4238544052406665,100000
2241,566.51,1,0.01126012015939157,0.4137729290992983,100000
2242,564.74,1,0.011237599919072786,0.4199577118270099,100000
2243,564.78,1,0.01121512471923464,0.40933198435232043,100000
2244,564.6800000000001,1,0.011192694469796172,0.46784745634067804,100000
2245,566.51,1,0.01117030908085658,0.45423774132805483,100000
2246,566.51,1,0.011147968462694866,0.4550776128326693,100000
2247,566.51,1,0.011125672525769476,0.351157755621018,100000
2248,564.56,1,0.011103421180717938,0.40813431423157454,100000
2249,566.51,1,0.011081214338356501,0.3879836006991325,100000
2250,566.51,1,0.011059051909679788,0.3904042155031235,100000
2251,566.51,1,0.01103693380586043,0.3334867705500895,100000
2252,564.76,1,0.011014859938248708,0.35795913077890873,100000
2253,566.51,1,0.010992830218372211,0.293760480419282,100000
2254,566.51,1,0.010970844557935467,0.3922655052475391,100000
2255,566.51,1,0.010948902868819596,0.35054802389875533,100000
2256,564.6200000000001,1,0.010927005063081956,0.3103716920595616,100000
2257,566.51,1,0.010905151052955793,0.28297211313920634,100000
2258,564.54,1,0.01088334075084988,0.33151838812045753,100000
2259,566.51,1,0.01086157406934818,0.3351822414946172,100000
2260,564.74,1,0.010839850921209484,0.3656937546329573,100000
2261,566.51,1,0.010818171219367064,0.35746488455803166,100000
2262,564.78,1,0.01079653487692833,0.38479189830832183,100000
2263,566.51,1,0.010774941807174473,0.26227093367807325,100000
2264,564.84,1,0.010753391923560124,0.35422944463789463,100000
2265,566.51,1,0.010731885139713003,0.38921940903509816,100000
2266,566.51,1,0.010710421369433577,0.4647699976640363,100000
2267,566.51,1,0.01068900052669471,0.44836786677760465,100000
2268,560.71,1,0.01066762252564132,0.41756837211904074,100000
2269,555.6600000000001,1,0.010646287280590038,0.5689526195563968,100000
2270,566.51,1,0.010624994706028857,0.6287675969783337,100000
2271,562.97,1,0.010603744716616799,0.4458067631631186,100000
2272,566.51,1,0.010582537227183565,0.37570600019347283,100000
2273,566.51,1,0.010561372152729199,0.40432265617193713,100000
2274,566.51,1,0.01054024940842374,0.5232988088842361,100000
2275,566.51,1,0.010519168909606894,0.5482625994951494,100000
2276,566.51,1,0.01049813057178768,0.4322270178987134,100000
2277,560.96,1,0.010477134310644103,0.47584630822872415,100000
2278,564.8800000000001,1,0.010456180042022815,0.4051901688799262,100000
2279,564.72,1,0.01043526768193877,0.3768789900932461,100000
2280,566.51,1,0.010414397146574892,0.4463757574558258,100000
2281,566.51,1,0.010393568352281743,0.4564673198807624,100000
2282,566.51,1,0.010372781215577179,0.5752116083618133,100000
2283,564.76,1,0.010352035653146024,0.3726409722585231,100000
2284,564.8000000000001,1,0.010331331581839732,0.3515229446347803,100000
2285,564.62,1,0.010310668918676052,0.4235972655005753,100000
2286,555.6600000000001,1,0.0102900475808387,0.30730420421986354,100000
2287,566.51,1,0.010269467485677022,0.33800934098901286,100000
2288,566.51,1,0.010248928550705668,0.3790271386744515,100000
2289,564.7,1,0.010228430693604256,0.3760377592407167,100000
2290,566.51,1,0.010207973832217047,0.342390738427639,100000
2291,566.51,1,0.010187557884552613,0.33003418075461544,100000
2292,566.51,1,0.010167182768783508,0.2706668785502834,100000
2293,566.51,1,0.01014684840324594,0.38419016811155504,100000
2294,566.51,1,0.010126554706439448,0.49355317207594074,100000
2295,566.51,1,0.010106301597026569,0.376741029442318,100000
2296,566.51,1,0.010086088993832516,0.34323604260721513,100000
2297,566.51,1,0.010065916815844851,0.3219316152314986,100000
2298,564.6200000000001,1,0.010045784982213162,0.4304819426033646,100000
2299,564.76,1,0.010025693412248736,0.3738386012846604,100000
2300,566.51,1,0.010005642025424238,0.5151773376330253,100000
2301,564.7,1,0.01,0.4312371506821364,100000
2302,564.5600000000001,1,0.01,0.32140942802652717,100000
2303,564.9000000000001,1,0.01,0.2837123379576951,100000
2304,566.51,1,0.01,0.3053485227207984,100000
2305,566.51,1,0.01,0.38306569872844604,100000
2306,566.51,1,0.01,0.3401900919214372,100000
2307,566.51,1,0.01,0.3461972166213297,100000
2308,566.51,1,0.01,0.31757103892103317,100000
2309,566.51,1,0.01,0.3627359408044046,100000
2310,566.51,1,0.01,0.4472866917569791,100000
2311,564.74,1,0.01,0.32845772546716034,100000
2312,555.6600000000001,1,0.01,0.31972356471750474,100000
2313,566.51,1,0.01,0.42227514280426887,100000
2314,566.51,1,0.01,0.4002142137577457,100000
2315,566.51,1,0.01,0.30904589292983853,100000
2316,566.51,1,0.01,0.30211843117590875,100000
2317,566.51,1,0.01,0.3077343246869503,100000
2318,559.02,1,0.01,0.4419761900718395,100000
2319,566.51,1,0.01,0.3423826812255767,100000
2320,566.51,1,0.01,0.3062766032113183,100000
2321,566.51,1,0.01,0.30364474509992906,100000
2322,566.51,1,0.01,0.2151299582854394,100000
2323,564.72,1,0.01,0.24965713766869158,100000
2324,566.51,1,0.01,0.26194586833157846,100000
2325,566.51,1,0.01,0.47954966272077254,100000
2326,566.51,1,0.01,0.26550052327013784,100000
2327,566.51,1,0.01,0.24517930899896928,100000
2328,566.51,1,0.01,0.3040384192380213,100000
2329,566.51,1,0.01,0.3458541900880875,100000
2330,560.6600000000001,1,0.01,0.44148578577571446,100000
2331,564.8800000000001,1,0.01,0.3106488670455292,100000
2332,566.51,1,0.01,0.319817935747485,100000
2333,566.51,1,0.01,0.30988475079497985,100000
2334,564.76,1,0.01,0.4249422231223434,100000
2335,566.51,1,0.01,0.3698499539206105,100000
2336,564.8000000000001,1,0.01,0.4709690948948264,100000
2337,566.51,1,0.01,0.38930097042072204,100000
2338,564.56,1,0.01,0.3283509878674522,100000
2339,566.51,1,0.01,0.4040674126196292,100000
2340,563.05,1,0.01,0.40737462066339725,100000
2341,564.82,1,0.01,0.45305871358141303,100000
2342,566.51,1,0.01,0.3228123298575801,100000
2343,566.51,1,0.01,0.5774093109273142,100000
2344,566.51,1,0.01,0.4670596065059785,100000
2345,566.51,1,0.01,0.39541961529081865,100000
2346,566.51,1,0.01,0.378502924836451,100000
2347,566.51,1,0.01,0.4088386648124264,100000
2348,564.6800000000001,1,0.01,0.3686567230615765,100000
2349,562.87,1,0.01,0.28319120361949457,100000
2350,566.51,1,0.01,0.3227035879127441,100000
2351,566.51,1,0.01,0.30094362494926297,100000
2352,566.51,1,0.01,0.36726845921047274,100000
2353,566.51,1,0.01,0.34571645264664,100000
2354,554.0,1,0.01,0.40958783133671833,100000
2355,558.98,1,0.01,0.32423716004078207,100000
2356,566.51,1,0.01,0.2358451507264568,100000
2357,566.51,1,0.01,0.2953609794137939,100000
2358,566.51,1,0.01,0.24697851918397412,100000
2359,566.51,1,0.01,0.3668339272900935,100000
2360,566.51,1,0.01,0.44583280180250445,100000
2361,566.51,1,0.01,0.31342032840175016,100000
2362,566.51,1,0.01,0.4265089950734569,100000
2363,566.51,1,0.01,0.38203415226551796,100000
2364,566.51,1,0.01,0.3501764495045908,100000
2365,560.59,1,0.01,0.3320822841118252,100000
2366,566.51,1,0.01,0.3235513659254197,100000
2367,566.51,1,0.01,0.3838857403926311,100000
2368,560.6600000000001,1,0.01,0.3133012101290718,100000
2369,566.51,1,0.01,0.40648689505554014,100000
2370,566.51,1,0.01,0.27665669591196124,100000
2371,564.8800000000001,1,0.01,0.34155381517484784,100000
2372,564.58,1,0.01,0.22338759060949087,100000
2373,566.51,1,0.01,0.342217008913717,100000
2374,566.51,1,0.01,0.2824455080854316,100000
2375,564.8600000000001,1,0.01,0.26957748201675713,100000
2376,566.51,1,0.01,0.23758725341289275,100000
2377,566.51,1,0.01,0.2676062099635601,100000
2378,560.7,1,0.01,0.27494468220642637,100000
2379,564.8000000000001,1,0.01,0.25989854900399223,100000
2380,566.51,1,0.01,0.3289280002636294,100000
2381,566.51,1,0.01,0.36053677155606206,100000
2382,564.58,1,0.01,0.2949221940943971,100000
2383,566.51,1,0.01,0.25529674801134294,100000
2384,566.51,1,0.01,0.36378914153864306,100000
2385,566.51,1,0.01,0.42877805617547804,100000
2386,564.8600000000001,1,0.01,0.2949437005445361,100000
2387,564.8800000000001,1,0.01,0.2346626091748476,100000
2388,566.51,1,0.01,0.2960494016447375,100000
2389,566.51,1,0.01,0.27604787724633373,100000
2390,564.7,1,0.01,0.35452394641470164,100000
2391,564.6800000000001,1,0.01,0.3102099950192496,100000
2392,564.86,1,0.01,0.33827135153114796,100000
2393,566.51,1,0.01,0.28173448758259895,100000
2394,562.8100000000001,1,0.01,0.30095323592875944,100000
2395,564.9200000000001,1,0.01,0.32600243005435914,100000
2396,566.51,1,0.01,0.3644987789373244,100000
2397,566.51,1,0.01,0.230493021828513,100000
2398,566.51,1,0.01,0.3481539574361617,100000
2399,566.51,1,0.01,0.32437082932841393,100000
2400,566.51,1,0.01,0.27222732803033245,100000
2401,566.51,1,0.01,0.5997230953747227,100000
2402,566.51,1,0.01,0.5815956933844474,100000
2403,566.51,1,0.01,0.5686809396551501,100000
2404,566.51,1,0.01,0.3873325218596766,100000
2405,566.51,1,0.01,0.3513405693154181,100000
2406,566.51,1,0.01,0.27507190526493136,100000
2407,566.51,1,0.01,0.4414468948398867,100000
2408,564.84,1,0.01,0.40986583835911006,100000
2409,566.51,1,0.01,0.3021312357196885,100000
2410,560.6500000000001,1,0.01,0.3512885197997093,100000
2411,566.51,1,0.01,0.2947030462805302,100000
2412,564.5400000000001,1,0.01,0.3474213780136779,100000
2413,555.6100000000001,1,0.01,0.2857755274763183,100000
2414,559.0,1,0.01,0.28198187867036234,100000
2415,566.51,1,0.01,0.29692465727848394,100000
2416,566.51,1,0.01,0.30812301138235676,100000
2417,566.51,1,0.01,0.37314142358879887,100000
2418,566.51,1,0.01,0.3296695995715357,100000
2419,564.9200000000001,1,0.01,0.3533161806408316,100000
2420,553.08,1,0.01,0.5465479616188642,100000
2421,564.74,1,0.01,0.26404198713134974,100000
2422,566.51,1,0.01,0.3469803656541532,100000
2423,566.51,1,0.01,0.39744556623120464,100000
2424,564.86,1,0.01,0.41282123839482665,100000
2425,564.72,1,0.01,0.339154043700546,100000
2426,566.51,1,0.01,0.3221088271708258,100000
2427,558.94,1,0.01,0.3901385731421984,100000
2428,566.51,1,0.01,0.26019033020542515,100000
2429,566.51,1,0.01,0.2869106251145563,100000
2430,566.51,1,0.01,0.23892944258066914,100000
2431,566.51,1,0.01,0.2854602995418733,100000
2432,564.7,1,0.01,0.3524313318775967,100000
2433,566.51,1,0.01,0.5258257629409913,100000
2434,566.51,1,0.01,0.4827372424544827,100000
2435,566.51,1,0.01,0.24984048475180903,100000
2436,566.51,1,0.01,0.2444413239436765,100000
2437,566.51,1,0.01,0.26483596957498984,100000
2438,564.62,1,0.01,0.21609335718676448,100000
2439,566.51,1,0.01,0.28361422436371925,100000
2440,566.51,1,0.01,0.23650124368648376,100000
2441,566.51,1,0.01,0.34597469013064136,100000
2442,564.54,1,0.01,0.29642029444221407,100000
2443,566.51,1,0.01,0.28587337439098665,100000
2444,564.76,1,0.01,0.43201272713486105,100000
2445,566.51,1,0.01,0.3333938305656756,100000
2446,566.51,1,0.01,0.3035842952949385,100000
2447,566.51,1,0.01,0.2606998486143927,100000
2448,566.51,1,0.01,0.34773425745867914,100000
2449,566.51,1,0.01,0.26878176581475044,100000
2450,566.51,1,0.01,0.3550145403752404,100000
2451,566.51,1,0.01,0.30551649654103863,100000
2452,566.51,1,0.01,0.326632593067423,100000
2453,564.74,1,0.01,0.2967931651510298,100000
2454,566.51,1,0.01,0.2835755881763274,100000
2455,566.51,1,0.01,0.2737778638519587,100000
2456,566.51,1,0.01,0.28484341177728867,100000
2457,562.61,1,0.01,0.23407498560845852,100000
2458,566.51,1,0.01,0.23620840546584898,100000
2459,563.1300000000001,1,0.01,0.18412768694035936,100000
2460,566.51,1,0.01,0.23520346598759775,100000
2461,566.51,1,0.01,0.1833299216363699,100000
2462,566.51,1,0.01,0.21426621367854456,100000
2463,564.8600000000001,1,0.01,0.189745903480798,100000
2464,566.51,1,0.01,0.2191020940099993,100000
2465,564.6400000000001,1,0.01,0.2571039726026356,100000
2466,566.51,1,0.01,0.2430194315290259,100000
2467,566.51,1,0.01,0.25590333474739907,100000
2468,564.58,1,0.01,0.2697404809296131,100000
2469,566.51,1,0.01,0.27072304907825684,100000
2470,564.9200000000001,1,0.01,0.2277331338264048,100000
2471,566.51,1,0.01,0.30767949183862053,100000
2472,560.59,1,0.01,0.2464901807289275,100000
2473,566.51,1,0.01,0.2280585146959751,100000
2474,566.51,1,0.01,0.4171012655621575,100000
2475,566.51,1,0.01,0.292448895532758,100000
2476,566.51,1,0.01,0.23104020724854163,100000
2477,564.6400000000001,1,0.01,0.4575198859674856,100000
2478,560.58,1,0.01,0.42727372322290663,100000
2479,564.56,1,0.01,0.20136852277209982,100000
2480,564.6600000000001,1,0.01,0.23020469839684665,100000
2481,566.51,1,0.01,0.33183761734154915,100000
2482,566.51,1,0.01,0.31330802375751154,100000
2483,566.51,1,0.01,0.43055336453741594,100000
2484,566.51,1,0.01,0.4479912468983281,100000
2485,566.51,1,0.01,0.3141284755641414,100000
2486,566.51,1,0.01,0.4018022652354933,100000
2487,566.51,1,0.01,0.4643925733623966,100000
2488,564.8800000000001,1,0.01,0.3138026421656832,100000
2489,566.51,1,0.01,0.24614525526281325,100000
2490,566.51,1,0.01,0.23032771411441988,100000
2491,566.51,1,0.01,0.20176201289699924,100000
2492,566.51,1,0.01,0.29207034805609333,100000
2493,566.51,1,0.01,0.2652571547415949,100000
2494,564.72,1,0.01,0.21139717381447554,100000
2495,566.51,1,0.01,0.35852447740973964,100000
2496,566.51,1,0.01,0.2858588647457861,100000
2497,566.51,1,0.01,0.4239379657853034,100000
2498,564.6800000000001,1,0.01,0.34411815158091486,100000
2499,560.6400000000001,1,0.01,0.38375446011149694,100000
2500,566.51,1,0.01,0.26617516421021953,100000
2501,566.51,1,0.01,0.32929021396463914,100000
2502,564.5600000000001,1,0.01,0.24922613217495382,100000
2503,566.51,1,0.01,0.2242023448549932,100000
2504,566.51,1,0.01,0.26773923299004954,100000
2505,564.62,1,0.01,0.3987549659796059,100000
2506,564.54,1,0.01,0.3418805997353047,100000
2507,566.51,1,0.01,0.27442558410186924,100000
2508,564.8800000000001,1,0.01,0.5154368410585448,100000
2509,564.8800000000001,1,0.01,0.4211436293553561,100000
2510,566.51,1,0.01,0.2559743771149266,100000
2511,566.51,1,0.01,0.27938191929171163,100000
2512,558.8000000000001,1,0.01,0.30723873308071725,100000
2513,566.51,1,0.01,0.4053519668598329,100000
2514,566.51,1,0.01,0.3151801450838966,100000
2515,566.51,1,0.01,0.2542758450633095,100000
2516,566.51,1,0.01,0.29704339646043315,100000
2517,564.84,1,0.01,0.4968123205471784,100000
2518,564.5600000000001,1,0.01,0.3323579712305218,100000
2519,566.51,1,0.01,0.22559338243257615,100000
2520,566.51,1,0.01,0.3175458983788567,100000
2521,564.58,1,0.01,0.2878568060696125,100000
2522,566.51,1,0.01,0.2433935277644665,100000
2523,566.51,1,0.01,0.2935496003877732,100000
2524,566.51,1,0.01,0.3102299651551631,100000
2525,564.8800000000001,1,0.01,0.32378961972426623,100000
2526,566.51,1,0.01,0.2607157385397342,100000
2527,562.95,1,0.01,0.3006891117177226,100000
2528,566.51,1,0.01,0.31071617946990077,100000
2529,566.51,1,0.01,0.1985147275751637,100000
2530,566.51,1,0.01,0.24305315135467437,100000
2531,566.51,1,0.01,0.24278187451343383,100000
2532,566.51,1,0.01,0.3117704160751835,100000
2533,566.51,1,0.01,0.24923554747816054,100000
2534,566.51,1,0.01,0.5235094825827307,100000
2535,558.58,1,0.01,0.5156494914339139,100000
2536,566.51,1,0.01,0.43321421862609927,100000
2537,566.51,1,0.01,0.28573996261242895,100000
2538,566.51,1,0.01,0.26273899321113864,100000
2539,563.1700000000001,1,0.01,0.3294222168624401,100000
2540,566.51,1,0.01,0.2774589667397161,100000
2541,564.6400000000001,1,0.01,0.32726223405916244,100000
2542,566.51,1,0.01,0.2760173100377283,100000
2543,566.51,1,0.01,0.24265243906167247,100000
2544,566.51,1,0.01,0.21830642307477613,100000
2545,562.83,1,0.01,0.30534996487426036,100000
2546,566.51,1,0.01,0.38606690002545235,100000
2547,566.51,1,0.01,0.233626373352543,100000
2548,566.51,1,0.01,0.2438985998592069,100000
2549,564.6400000000001,1,0.01,0.2423221250064671,100000
2550,558.98,1,0.01,0.2104330055988752,100000
2551,566.51,1,0.01,0.21056920205873828,100000
2552,566.51,1,0.01,0.3007745868977039,100000
2553,564.6800000000001,1,0.01,0.35840244696009904,100000
2554,566.51,1,0.01,0.2627757577405822,100000
2555,566.51,1,0.01,0.2763415474084116,100000
2556,566.51,1,0.01,0.25790158539049085,100000
2557,564.6400000000001,1,0.01,0.24285167851485312,100000
2558,566.51,1,0.01,0.2774330796974321,100000
2559,564.82,1,0.01,0.29707664309535176,100000
2560,566.51,1,0.01,0.38750238758662053,100000
2561,564.72,1,0.01,0.4244238901883364,100000
2562,564.8800000000001,1,0.01,0.29341839742846787,100000
2563,563.2900000000001,1,0.01,0.3582262441967473,100000
2564,566.51,1,0.01,0.38473444227730075,100000
2565,564.6600000000001,1,0.01,0.35337883746251464,100000
2566,566.51,1,0.01,0.37845641855270634,100000
2567,566.51,1,0.01,0.26389057345448,100000
2568,564.6400000000001,1,0.01,0.40715138311497867,100000
2569,564.6200000000001,1,0.01,0.42132005956955254,100000
2570,566.51,1,0.01,0.3781343621592368,100000
2571,566.51,1,0.01,0.3332483845372354,100000
2572,566.51,1,0.01,0.31279382818648893,100000
2573,564.8800000000001,1,0.01,0.3089809393277392,100000
2574,560.6300000000001,1,0.01,0.320167200196357,100000
2575,566.51,1,0.01,0.39224374089990893,100000
2576,566.51,1,0.01,0.2962339938648285,100000
2577,566.51,1,0.01,0.2603371328403873,100000
2578,564.76,1,0.01,0.3531921674730256,100000
2579,566.51,1,0.01,0.28183942864979467,100000
2580,566.51,1,0.01,0.3021240841236807,100000
2581,564.6800000000001,1,0.01,0.306694571278058,100000
2582,566.51,1,0.01,0.2542303263420059,100000
2583,562.7700000000001,1,0.01,0.27950591627847066,100000
2584,560.69,1,0.01,0.4532076282397149,100000
2585,566.51,1,0.01,0.1845922227948904,100000
2586,566.51,1,0.01,0.3391475032173818,100000
2587,566.51,1,0.01,0.21163273073973193,100000
2588,566.51,1,0.01,0.2555154298822726,100000
2589,564.86,1,0.01,0.27927442954387516,100000
2590,564.82,1,0.01,0.3024937784066424,100000
2591,566.51,1,0.01,0.3288988687338368,100000
2592,560.9,1,0.01,0.28159449337159886,100000
2593,564.76,1,0.01,0.28490795276593417,100000
2594,566.51,1,0.01,0.23342047848047748,100000
2595,566.51,1,0.01,0.30930780090631976,100000
2596,566.51,1,0.01,0.21689666843702715,100000
2597,566.51,1,0.01,0.26926059384019146,100000
2598,566.51,1,0.01,0.24808080927018197,100000
2599,566.51,1,0.01,0.26279525615034566,100000
2600,566.51,1,0.01,0.2918122055069093,100000
2601,558.78,1,0.01,0.3751165630725714,100000
2602,564.82,1,0.01,0.34073328715749085,100000
2603,566.51,1,0.01,0.2742616495778484,100000
2604,564.8600000000001,1,0.01,0.22201773966662586,100000
2605,564.62,1,0.01,0.27393984387163073,100000
2606,564.6400000000001,1,0.01,0.2628769585862756,100000
2607,566.51,1,0.01,0.2192251727946343,100000
2608,566.51,1,0.01,0.41077688552679553,100000
2609,564.76,1,0.01,0.6233743663178757,100000
2610,564.6800000000001,1,0.01,0.31737593398429453,100000
2611,560.57,1,0.01,0.2798315847203845,100000
2612,566.51,1,0.01,0.24874005250392422,100000
2613,564.8600000000001,1,0.01,0.28874553460627794,100000
2614,566.51,1,0.01,0.33452767446156473,100000
2615,566.51,1,0.01,0.31773101466317333,100000
2616,566.51,1,0.01,0.15245038631462282,100000
2617,566.51,1,0.01,0.29527261672962096,100000
2618,566.51,1,0.01,0.2786923930529625,100000
2619,566.51,1,0.01,0.23464717439586116,100000
2620,564.76,1,0.01,0.19906788424123079,100000
2621,564.6400000000001,1,0.01,0.2750111051136628,100000
2622,566.51,1,0.01,0.24348868627942377,100000
2623,566.51,1,0.01,0.24112213222730544,100000
2624,564.9200000000001,1,0.01,0.26389440812636167,100000
2625,566.51,1,0.01,0.26616501459671604,100000
2626,560.71,1,0.01,0.32888060867313357,100000
2627,564.6400000000001,1,0.01,0.26725653395988047,100000
2628,564.8000000000001,1,0.01,0.25025542522780597,100000
2629,566.51,1,0.01,0.2787255210982215,100000
2630,564.5600000000001,1,0.01,0.2721910261316225,100000
2631,566.51,1,0.01,0.23892325601510464,100000
2632,566.51,1,0.01,0.29709568331318514,100000
2633,566.51,1,0.01,0.33401829016304785,100000
2634,564.6,1,0.01,0.27352768648415804,100000
2635,566.51,1,0.01,0.1875558525564209,100000
2636,566.51,1,0.01,0.2625076055767075,100000
2637,564.94,1,0.01,0.21371261484455317,100000
2638,566.51,1,0.01,0.19580079026279912,100000
2639,566.51,1,0.01,0.22358590761019337,100000
2640,564.74,1,0.01,0.2439758334076032,100000
2641,566.51,1,0.01,0.2603271198609183,100000
2642,566.51,1,0.01,0.2595067375129269,100000
2643,566.51,1,0.01,0.19774475020747032,100000
2644,566.51,1,0.01,0.25049089339952313,100000
2645,566.51,1,0.01,0.3748239895268794,100000
2646,566.51,1,0.01,0.3206375715953688,100000
2647,566.51,1,0.01,0.2883464573852478,100000
2648,564.78,1,0.01,0.218382028513588,100000
2649,566.51,1,0.01,0.16808269172906876,100000
2650,566.51,1,0.01,0.20147867152287113,100000
2651,564.6800000000001,1,0.01,0.1961133098229766,100000
2652,566.51,1,0.01,0.2737450251175511,100000
2653,566.51,1,0.01,0.25204501541391494,100000
2654,566.51,1,0.01,0.23077383991931716,100000
2655,566.51,1,0.01,0.14940260260576202,100000
2656,566.51,1,0.01,0.2730873801535176,100000
2657,566.51,1,0.01,0.2630805411646443,100000
2658,566.51,1,0.01,0.1903262673126113,100000
2659,566.51,1,0.01,0.26240427768038166,100000
2660,564.94,1,0.01,0.2270802638377063,100000
2661,566.51,1,0.01,0.2344294145943657,100000
2662,566.51,1,0.01,0.28921189687905774,100000
2663,566.51,1,0.01,0.24034561216831207,100000
2664,564.7,1,0.01,0.1226735754753463,100000
2665,566.51,1,0.01,0.21252671695284306,100000
2666,566.51,1,0.01,0.20521491531643174,100000
2667,566.51,1,0.01,0.21241303220871957,100000
2668,566.51,1,0.01,0.3860493024751063,100000
2669,566.51,1,0.01,0.20568670915259468,100000
2670,566.51,1,0.01,0.14392107286520542,100000
2671,564.74,1,0.01,0.2238262531463988,100000
2672,566.51,1,0.01,0.1672880589481323,100000
2673,566.51,1,0.01,0.26357828308978387,100000
2674,564.6,1,0.01,0.30256771750282496,100000
2675,566.51,1,0.01,0.23008834372364706,100000
2676,558.57,1,0.01,0.2124566226051404,100000
2677,564.8600000000001,1,0.01,0.2253673330997117,100000
2678,566.51,1,0.01,0.21885433624829015,100000
2679,566.51,1,0.01,0.24014811728510163,100000
2680,566.51,1,0.01,0.44346754649473774,100000
2681,563.0500000000001,1,0.01,0.16331741033178387,100000
2682,566.51,1,0.01,0.25676555577064714,100000
2683,564.58,1,0.01,0.15139740088488907,100000
2684,564.6600000000001,1,0.01,0.16147681331494823,100000
2685,566.51,1,0.01,0.19325185338816336,100000
2686,562.8700000000001,1,0.01,0.23750982083605998,100000
2687,564.8000000000001,1,0.01,0.1719182395027019,100000
2688,566.51,1,0.01,0.20164881424317438,100000
2689,564.8800000000001,1,0.01,0.17810062260832638,100000
2690,564.72,1,0.01,0.28190439380705357,100000
2691,566.51,1,0.01,0.20578742796374905,100000
2692,562.83,1,0.01,0.2446730729531158,100000
2693,564.7,1,0.01,0.20848082576412708,100000
2694,564.78,1,0.01,0.33252219820860773,100000
2695,566.51,1,0.01,0.3417597596924151,100000
2696,564.6600000000001,1,0.01,0.4203386737499386,100000
2697,566.51,1,0.01,0.26370653570179015,100000
2698,560.6600000000001,1,0.01,0.2632842127765928,100000
2699,566.51,1,0.01,0.19900181889533997,100000
2700,562.8900000000001,1,0.01,0.19782097242546803,100000
2701,566.51,1,0.01,0.1902636479466192,100000
2702,566.51,1,0.01,0.20754194692257913,100000
2703,564.84,1,0.01,0.25433126161806285,100000
2704,564.8600000000001,1,0.01,0.17759331018896773,100000
2705,566.51,1,0.01,0.21715359005235857,100000
2706,560.5400000000001,1,0.01,0.3409413713666182,100000
2707,560.98,1,0.01,0.29940897292074037,100000
2708,566.51,1,0.01,0.17854240122101,100000
2709,566.51,1,0.01,0.33332977936633174,100000
2710,564.5600000000001,1,0.01,0.21443183108931407,100000
2711,564.9000000000001,1,0.01,0.23565720434999093,100000
2712,566.51,1,0.01,0.25091513270331967,100000
2713,564.6400000000001,1,0.01,0.18826998863369226,100000
2714,566.51,1,0.01,0.4154161100666369,100000
2715,566.51,1,0.01,0.22107343171392718,100000
2716,566.51,1,0.01,0.19767646641740877,100000
2717,566.51,1,0.01,0.29803018884793403,100000
2718,564.54,1,0.01,0.2632615565089509,100000
2719,566.51,1,0.01,0.2017163972580625,100000
2720,566.51,1,0.01,0.29857763131299325,100000
2721,566.51,1,0.01,0.29458902980531415,100000
2722,566.51,1,0.01,0.16798274639633395,100000
2723,566.51,1,0.01,0.21587330150988795,100000
2724,566.51,1,0.01,0.2495094315419274,100000
2725,564.54,1,0.01,0.2567937900312245,100000
2726,564.74,1,0.01,0.258251957828179,100000
2727,566.51,1,0.01,0.24037249350259382,100000
2728,566.51,1,0.01,0.23305426477905242,100000
2729,566.51,1,0.01,0.22649412091460921,100000
2730,566.51,1,0.01,0.2482879873244993,100000
2731,566.51,1,0.01,0.23262781673862087,100000
2732,566.51,1,0.01,0.2697425791092457,100000
2733,566.51,1,0.01,0.25697767950834766,100000
2734,566.51,1,0.01,0.27558972482239047,100000
2735,562.8900000000001,1,0.01,0.22899759741443576,100000
2736,564.6,1,0.01,0.28865860612131655,100000
2737,566.51,1,0.01,0.30019563676849487,100000
2738,566.51,1,0.01,0.2891488512677531,100000
2739,532.19,1,0.01,6.295615063488202,100000
2740,566.51,1,0.01,0.303557017758008,100000
2741,566.51,1,0.01,0.30636061187232694,100000
2742,566.51,1,0.01,0.268746018409729,100000
2743,566.51,1,0.01,0.42142548424101645,100000
2744,566.51,1,0.01,0.17321669508612925,100000
2745,566.51,1,0.01,0.22183861919949133,100000
2746,566.51,1,0.01,0.20181620487522695,100000
2747,564.86,1,0.01,0.1873180489637889,100000
2748,566.51,1,0.01,0.20024089911772358,100000
2749,566.51,1,0.01,0.1559126015392042,100000
2750,566.51,1,0.01,0.23067225377646186,100000
2751,555.7,1,0.01,0.4548783901901472,100000
2752,566.51,1,0.01,0.2305657807737589,100000
2753,560.6400000000001,1,0.01,0.1866840756838284,100000
2754,566.51,1,0.01,0.2024376398973888,100000
2755,566.51,1,0.01,0.22459235066367733,100000
2756,564.56,1,0.01,0.2007927141385153,100000
2757,566.51,1,0.01,0.15698909254804735,100000
2758,566.51,1,0.01,0.2721431319031023,100000
2759,566.51,1,0.01,0.1793346144258976,100000
2760,564.6400000000001,1,0.01,0.1981764102820307,100000
2761,562.9100000000001,1,0.01,0.37603014639832755,100000
2762,564.82,1,0.01,0.2143091899342835,100000
2763,564.6200000000001,1,0.01,0.1569057529559359,100000
2764,566.51,1,0.01,0.19857804699530524,100000
2765,564.8000000000001,1,0.01,0.1521102026454173,100000
2766,564.56,1,0.01,0.13727913523325697,100000
2767,555.6200000000001,1,0.01,0.2179378347382659,100000
2768,566.51,1,0.01,0.18030178715144435,100000
2769,566.51,1,0.01,0.22039813416138773,100000
2770,562.99,1,0.01,0.27598675735520595,100000
2771,564.76,1,0.01,0.16677464067470282,100000
2772,564.8600000000001,1,0.01,0.13766587275313213,100000
2773,566.51,1,0.01,0.3272126008185648,100000
2774,566.51,1,0.01,0.20100873161948496,100000
2775,566.51,1,0.01,0.2492378635271903,100000
2776,566.51,1,0.01,0.2698006322306971,100000
2777,566.51,1,0.01,0.2779414809999927,100000
2778,566.51,1,0.01,0.28821760692423387,100000
2779,566.51,1,0.01,0.2532329049802596,100000
2780,566.51,1,0.01,0.23093885039129564,100000
2781,566.51,1,0.01,0.17340799300901352,100000
2782,566.51,1,0.01,0.25251519007067524,100000
2783,566.51,1,0.01,0.20622992731871143,100000
2784,566.51,1,0.01,0.15185605956902426,100000
2785,566.51,1,0.01,0.2947486255077585,100000
2786,566.51,1,0.01,0.45651374781324017,100000
2787,566.51,1,0.01,0.2135899503745379,100000
2788,566.51,1,0.01,0.17702494904158578,100000
2789,564.5600000000001,1,0.01,0.17927156446967274,100000
2790,564.74,1,0.01,0.24680130957858637,100000
2791,566.51,1,0.01,0.2291464219170232,100000
2792,560.52,1,0.01,0.18961480171197936,100000
2793,564.72,1,0.01,0.21191437495872378,100000
2794,564.5600000000001,1,0.01,0.20073251356370747,100000
2795,566.51,1,0.01,0.12783347052191535,100000
2796,566.51,1,0.01,0.18749800048047496,100000
2797,566.51,1,0.01,0.2160748139985146,100000
2798,566.51,1,0.01,0.16605375238483952,100000
2799,566.51,1,0.01,0.18280960823739728,100000
2800,566.51,1,0.01,0.1284817481834081,100000
2801,566.51,1,0.01,0.19389825146044454,100000
2802,564.6600000000001,1,0.01,0.16831024858402088,100000
2803,560.5300000000001,1,0.01,0.2525417373057396,100000
2804,566.51,1,0.01,0.1858601018546089,100000
2805,566.51,1,0.01,0.17595499159107286,100000
2806,557.1400000000001,1,0.01,0.1512031066995948,100000
2807,564.54,1,0.01,0.2053455279674381,100000
2808,566.51,1,0.01,0.20904553741697343,100000
2809,560.5500000000001,1,0.01,0.1678473406604358,100000
2810,566.51,1,0.01,0.17582227313710797,100000
2811,566.51,1,0.01,0.19834893983939,100000
2812,566.51,1,0.01,0.26580016032582326,100000
2813,566.51,1,0.01,0.17516410446936084,100000
2814,564.6200000000001,1,0.01,0.23581747978460044,100000
2815,558.82,1,0.01,0.18100079538730474,100000
2816,560.59,1,0.01,0.17248392353455225,100000
2817,566.51,1,0.01,0.12348787768954231,100000
2818,566.51,1,0.01,0.14196701443964435,100000
2819,566.51,1,0.01,0.14027279777632606,100000
2820,566.51,1,0.01,0.12718966801560694,100000
2821,566.51,1,0.01,0.37481565316838605,100000
2822,564.6800000000001,1,0.01,0.16867071800515987,100000
2823,566.51,1,0.01,0.24174886112732272,100000
2824,566.51,1,0.01,0.2303996971177478,100000
2825,560.6700000000001,1,0.01,0.33694925667747616,100000
2826,564.58,1,0.01,0.2131098557729274,100000
2827,566.51,1,0.01,0.18463638605129334,100000
2828,564.72,1,0.01,0.16602312249597162,100000
2829,566.51,1,0.01,0.2463508733818608,100000
2830,566.51,1,0.01,0.18469447390206398,100000
2831,566.51,1,0.01,0.20260838190874747,100000
2832,566.51,1,0.01,0.21069692165380524,100000
2833,566.51,1,0.01,0.17576924555243983,100000
2834,566.51,1,0.01,0.13230394740258494,100000
2835,566.51,1,0.01,0.3049543362952048,100000
2836,566.51,1,0.01,0.2909957010659479,100000
2837,564.8000000000001,1,0.01,0.21843271586112678,100000
2838,555.69,1,0.01,0.18866930275209368,100000
2839,564.72,1,0.01,0.3363889311440289,100000
2840,566.51,1,0.01,0.294744566743893,100000
2841,566.51,1,0.01,0.17078631557524204,100000
2842,566.51,1,0.01,0.27855072723281,100000
2843,566.51,1,0.01,0.1566227755599445,100000
2844,564.84,1,0.01,0.19036842754576355,100000
2845,562.81,1,0.01,0.2131386102374756,100000
2846,566.51,1,0.01,0.1954665990966943,100000
2847,564.6,1,0.01,0.4076167830498889,100000
2848,566.51,1,0.01,0.1947087301842628,100000
2849,564.6400000000001,1,0.01,0.18353685177862644,100000
2850,566.51,1,0.01,0.21229645075096237,100000
2851,564.8600000000001,1,0.01,0.2226736861630343,100000
2852,566.51,1,0.01,0.18369314705412235,100000
2853,566.51,1,0.01,0.26495542419293233,100000
2854,566.51,1,0.01,0.23518891812812898,100000
2855,566.51,1,0.01,0.45627935435022077,100000
2856,566.51,1,0.01,0.19651863159191224,100000
2857,564.6400000000001,1,0.01,0.17328114493284374,100000
2858,566.51,1,0.01,0.21341239036090912,100000
2859,566.51,1,0.01,0.24228296476987102,100000
2860,564.84,1,0.01,0.16151093028020114,100000
2861,566.51,1,0.01,0.3234998560961216,100000
2862,564.6,1,0.01,0.1991695025935769,100000
2863,566.51,1,0.01,0.25312384662608944,100000
2864,566.51,1,0.01,0.2620368635942859,100000
2865,566.51,1,0.01,0.21649793162941933,100000
2866,566.51,1,0.01,0.18568178795037732,100000
2867,566.51,1,0.01,0.21134756090900592,100000
2868,566.51,1,0.01,0.3206508181268169,100000
2869,566.51,1,0.01,0.14196835920935677,100000
2870,562.9100000000001,1,0.01,0.3249306647163449,100000
2871,566.51,1,0.01,0.29858602823749664,100000
2872,564.74,1,0.01,0.2669615875929594,100000
2873,566.51,1,0.01,0.47494557067271204,100000
2874,566.51,1,0.01,0.31519582290803233,100000
2875,564.6,1,0.01,0.3974895562278107,100000
2876,566.51,1,0.01,0.29036398953007114,100000
2877,566.51,1,0.01,0.27640586923207006,100000
2878,566.51,1,0.01,0.30469642687709103,100000
2879,566.51,1,0.01,0.19775029151670395,100000
2880,566.51,1,0.01,0.2640318829686411,100000
2881,564.56,1,0.01,0.19238049362320453,100000
2882,560.73,1,0.01,0.1958003690436719,100000
2883,566.51,1,0.01,0.11764657719721718,100000
2884,566.51,1,0.01,0.2911772708739004,100000
2885,564.76,1,0.01,0.17426989681553096,100000
2886,566.51,1,0.01,0.21351874721867423,100000
2887,566.51,1,0.01,0.1954110900480901,100000
2888,566.51,1,0.01,0.20040781357355655,100000
2889,563.25,1,0.01,0.2402879266124783,100000
2890,566.51,1,0.01,0.3463133164951878,100000
2891,566.51,1,0.01,0.212912461810535,100000
2892,566.51,1,0.01,0.21118002012372017,100000
2893,566.51,1,0.01,0.25976168172013375,100000
2894,566.51,1,0.01,0.20034571580829158,100000
2895,564.6200000000001,1,0.01,0.21375684923259541,100000
2896,560.6400000000001,1,0.01,0.17540063626236385,100000
2897,563.09,1,0.01,0.15774140326362668,100000
2898,564.82,1,0.01,0.21764307736884803,100000
2899,566.51,1,0.01,0.22476069575115556,100000
2900,564.8800000000001,1,0.01,0.4295750893652439,100000
2901,566.51,1,0.01,0.396782559733237,100000
2902,566.51,1,0.01,0.1684710330540134,100000
2903,566.51,1,0.01,0.21143177019492274,100000
2904,564.5600000000001,1,0.01,0.2398832055623643,100000
2905,566.51,1,0.01,0.30686146886118,100000
2906,566.51,1,0.01,0.29423241118990606,100000
2907,566.51,1,0.01,0.1633340081260089,100000
2908,566.51,1,0.01,0.2051578589504765,100000
2909,566.51,1,0.01,0.1815758605277346,100000
2910,566.51,1,0.01,0.1375274408248163,100000
2911,566.51,1,0.01,0.19614149035224993,100000
2912,566.51,1,0.01,0.1680681333546677,100000
2913,566.51,1,0.01,0.1478394260329585,100000
2914,566.51,1,0.01,0.31139683344912145,100000
2915,564.9200000000001,1,0.01,0.19106367498170584,100000
2916,566.51,1,0.01,0.22534405662407797,100000
2917,566.51,1,0.01,0.16925999576285963,100000
2918,566.51,1,0.01,0.19660663178130502,100000
2919,564.7,1,0.01,0.12830270268023014,100000
2920,564.6200000000001,1,0.01,0.20858566573588178,100000
2921,566.51,1,0.01,0.17467615440968545,100000
2922,564.7,1,0.01,0.23084460949758068,100000
2923,566.51,1,0.01,0.13025368774129498,100000
2924,566.51,1,0.01,0.18189049824591605,100000
2925,566.51,1,0.01,0.16805060364065633,100000
2926,566.51,1,0.01,0.19369472383010772,100000
2927,566.51,1,0.01,0.21497757444458623,100000
2928,566.51,1,0.01,0.3204453857916017,100000
2929,564.72,1,0.01,0.19870182499289513,100000
2930,566.51,1,0.01,0.1435555350035429,100000
2931,564.5400000000001,1,0.01,0.1626618680311367,100000
2932,564.72,1,0.01,0.13538228470133618,100000
2933,566.51,1,0.01,0.18382541853333673,100000
2934,555.6200000000001,1,0.01,0.21372009796046076,100000
2935,566.51,1,0.01,0.2999887936297924,100000
2936,566.51,1,0.01,0.22662289320461212,100000
2937,566.51,1,0.01,0.2630801138377959,100000
2938,566.51,1,0.01,0.19134469654771588,100000
2939,564.6400000000001,1,0.01,0.20904270641040057,100000
2940,566.51,1,0.01,0.2129634811032203,100000
2941,566.51,1,0.01,0.24520058220913332,100000
2942,566.51,1,0.01,0.27134952465853385,100000
2943,559.1200000000001,1,0.01,0.2454156973041021,100000
2944,566.51,1,0.01,0.33406655310142425,100000
2945,566.51,1,0.01,0.3086674263881099,100000
2946,563.1700000000001,1,0.01,0.21961017641605754,100000
2947,554.07,1,0.01,0.22147879806848672,100000
2948,566.51,1,0.01,0.17965170332501013,100000
2949,566.51,1,0.01,0.39088323904621985,100000
2950,566.51,1,0.01,0.43236247053550136,100000
2951,566.51,1,0.01,0.22638313976987715,100000
2952,564.6800000000001,1,0.01,0.2573450463823974,100000
2953,563.09,1,0.01,0.37898756913614995,100000
2954,566.51,1,0.01,0.213227829144847,100000
2955,566.51,1,0.01,0.26635166449892905,100000
2956,566.51,1,0.01,0.25663399516094115,100000
2957,566.51,1,0.01,0.40669148150951634,100000
2958,566.51,1,0.01,0.22254265147832133,100000
2959,564.76,1,0.01,0.3071296914713457,100000
2960,566.51,1,0.01,0.2639447434414779,100000
2961,566.51,1,0.01,0.18959011804432638,100000
2962,566.51,1,0.01,0.20995374192153254,100000
2963,566.51,1,0.01,0.21538176423599642,100000
2964,563.03,1,0.01,0.17493107756882004,100000
2965,566.51,1,0.01,0.23398439970708662,100000
2966,566.51,1,0.01,0.36499154964281666,100000
2967,566.51,1,0.01,0.3742483729316342,100000
2968,566.51,1,0.01,0.27384770793780205,100000
2969,566.51,1,0.01,0.2892305895445808,100000
2970,566.51,1,0.01,0.3065956272184849,100000
2971,564.74,1,0.01,0.30628082784824073,100000
2972,564.86,1,0.01,0.3510091829812154,100000
2973,564.74,1,0.01,0.29288505658041686,100000
2974,564.82,1,0.01,0.7443152735941112,100000
2975,566.51,1,0.01,0.6066841908520267,100000
2976,560.6,1,0.01,0.4871385745585911,100000
2977,564.8600000000001,1,0.01,0.4955492462031543,100000
2978,566.51,1,0.01,0.44937679940654385,100000
2979,566.51,1,0.01,0.7111287549618752,100000
2980,566.51,1,0.01,0.41854441478367777,100000
2981,564.7,1,0.01,0.45432544918730855,100000
2982,566.51,1,0.01,0.22027056423887129,100000
2983,564.72,1,0.01,0.23069111444056034,100000
2984,566.51,1,0.01,0.23699959271377133,100000
2985,566.51,1,0.01,0.1588243006938888,100000
2986,566.51,1,0.01,0.1933529665393214,100000
2987,566.51,1,0.01,0.3177146701322448,100000
2988,566.51,1,0.01,0.30496904698591076,100000
2989,566.51,1,0.01,0.18071614025581267,100000
2990,566.51,1,0.01,0.3019447485285421,100000
2991,564.8800000000001,1,0.01,0.18541197036392987,100000
2992,566.51,1,0.01,0.2866074462090769,100000
2993,566.51,1,0.01,0.18764702074470058,100000
2994,562.69,1,0.01,0.159808009806456,100000
2995,562.71,1,0.01,0.3253276726287423,100000
2996,566.51,1,0.01,0.2604083769143589,100000
2997,566.51,1,0.01,0.21108353300200355,100000
2998,566.51,1,0.01,0.336249208378215,100000
2999,566.51,1,0.01,0.3212019736247678,100000
3000,566.51,1,0.01,0.40819779122548716,100000
