episode,reward,success,noise_sigma,ep_avg_critic_loss,ep_avg_actor_loss,buffer_size
1,-608.4410182661877,0,0.39940000000000003,5.478958908630454,0.21333217118745265,311
2,-538.4646153911561,0,0.39880090000000007,6.284295708149463,-0.28513772499102813,597
3,-637.2259445489349,0,0.3982026986500001,8.098911218091745,-0.9674397597507555,891
4,-280.5416455955673,0,0.3976053946020251,10.926184010411065,-2.7965715328852334,1142
5,-168.00261514835623,0,0.39700898651012206,9.883147997371221,-3.5748767105199524,1379
6,-169.0850783634196,0,0.3964134730303569,12.21136255040128,-4.380391442877615,1612
7,-192.09990970844092,0,0.39581885282081136,13.783310036743636,-5.312791035238621,1839
8,-235.82078218762555,0,0.39522512454158015,13.645554577982104,-6.183287259694692,2061
9,-352.2834091300613,0,0.3946322868547678,15.169333683527434,-7.42601951452402,2320
10,-331.2981572428117,0,0.39404033842448566,13.851197263821453,-8.740924653552828,2615
11,-203.08486504697322,0,0.39344927791684897,15.973705914168232,-10.22738019555016,2841
12,-205.490183709559,0,0.3928591039999737,12.530563977257959,-11.468466068136282,3072
13,-179.00895299398024,0,0.39226981534397376,14.764438273730102,-12.56285219722324,3289
14,-54.60812783628581,0,0.39168141062095785,14.571545785871045,-13.336442404779895,3520
15,-18.970069737339234,0,0.3910938885050264,13.92753742391413,-14.365096794475209,3740
16,-575.0982609152146,0,0.3905072476722689,16.238837317416543,-15.487355870411808,4006
17,-255.58056980549634,0,0.38992148680076055,17.354805546291804,-16.42391398801642,4242
18,-137.11518133808664,0,0.3893366045705594,19.373006105422974,-17.13958386960237,4473
19,573.7148952146665,1,0.38875259966370357,19.411038455210235,-18.15189118134348,4625
20,-115.59000533154176,0,0.38816947076420805,66.31125286836473,-19.340246896895152,4876
21,-117.09159843971334,0,0.3875872165580618,48.67432693512209,-20.865559331832394,5124
22,-218.90607845111188,0,0.3870058357332247,68.24096830101574,-22.454433244817398,5397
23,-155.17633067324866,0,0.3864253269796249,56.98595288395882,-24.095383071899413,5637
24,-192.61154993467062,0,0.3858456889891555,70.76828058250248,-25.643510326743126,5893
25,69.62935796521585,0,0.3852669204556718,20.264624764986127,-27.280339356894807,6106
26,-37.97886451968361,0,0.3846890200749883,34.99952293664981,-28.55187717665974,6340
27,-88.30937620942304,0,0.3841119865448758,53.971219568252565,-29.976951431274415,6591
28,-131.7335726754814,0,0.38353581856505853,37.10092269213854,-31.30829373925133,6816
29,77.98997588663724,0,0.38296051483721094,61.834835786243964,-32.79021488387009,7049
30,-519.9357542723118,0,0.3823860740649552,34.197262013280714,-34.36426588006922,7344
31,-149.91822151581584,0,0.3818124949538578,47.24105773055763,-35.622972220705265,7573
32,-157.4827381707575,0,0.381239776211427,52.919605008891374,-37.37431501169674,7817
33,52.449482396856624,0,0.3806679165471099,47.662172328441514,-38.36052714356589,8035
34,-75.63570754420925,0,0.3800969146722893,46.94659354790397,-39.68118959509808,8264
35,123.00192146208906,1,0.3795267693002809,40.7633479309082,-41.08618865966797,8514
36,-78.69515365382252,0,0.3789574791463305,67.9089406230233,-42.24873858365146,8735
37,-20.501752229918072,0,0.378389042927611,53.59387403726578,-43.39097452163696,8974
38,-388.48754960914556,0,0.3778214593632196,95.80343426671521,-44.949105703419654,9264
39,480.7256471788103,1,0.3772547271741748,44.635605434795,-46.16196571601616,9447
40,-631.9562620394296,0,0.37668884508341355,125.98094232082367,-47.599379501342774,9746
41,-205.57724521487359,0,0.37612381181578847,107.6316300790141,-49.24584765697089,10001
42,80.68331870842306,0,0.3755596260980648,59.86193005243937,-50.036704778671265,10193
43,101.55633811074611,0,0.3749962866589177,103.65031236972449,-51.21160543189858,10405
44,-261.3594451008247,0,0.37443379222892936,67.6513958146253,-52.33264538622278,10658
45,-165.17101681551344,0,0.373872141540586,67.11466442849026,-53.71782889247926,10901
46,361.89619307078266,1,0.37331133332827515,68.43621022014294,-54.14550800646766,11018
47,-36.043211430657266,1,0.37275136632828276,99.91176733016968,-55.578550771077474,11319
48,-28.055561374726036,0,0.37219223927879036,111.45140255083803,-56.88927985019371,11562
49,-34.6415055175719,0,0.37163395091987217,60.57192933162053,-58.60321839650472,11802
50,52.990695665313034,0,0.3710764999934924,97.33941145866147,-60.03794823923418,12050
51,-126.72195759041229,0,0.3705198852435022,76.01217168761838,-61.85404737534061,12299
52,-583.9996788520539,0,0.36996410541563696,88.97166263747525,-63.259580091996625,12607
53,31.85882736715579,0,0.3694091592575135,33.05222713221674,-64.58040549236796,12837
54,-88.7415732624593,0,0.36885504551862724,59.22181943746713,-65.99428564870459,13070
55,-357.2573320325515,0,0.36830176295034933,81.30514304778156,-67.90338331110337,13342
56,-135.83878036124116,0,0.36774931030592384,106.96070414582888,-68.94330895741781,13583
57,324.76953342449406,1,0.36719768634046496,92.60661458969116,-70.18655819363065,13817
58,-163.06580949345746,0,0.3666468898109543,123.77833147121198,-71.26238614862615,14080
59,-42.67148899359766,0,0.36609691947623785,65.84512015153433,-72.95602108322026,14343
60,-40.507070454757724,0,0.3655477740970235,116.53624405463536,-73.9430991490682,14583
61,430.21738993473934,1,0.364999452435878,79.04420019686222,-74.84570821126302,14774
62,-44.06391768846675,0,0.3644519532572242,86.13310941538417,-76.00492899041427,15041
63,13.599619717661682,0,0.36390527532733835,110.57914244195689,-77.15981432043988,15270
64,186.84101596138822,1,0.36335941741434735,92.93132834547148,-77.86535980945497,15525
65,440.3204100527505,1,0.3628143782882258,99.67967872619629,-79.0234561695772,15695
66,501.0408892158997,1,0.3622701567207935,143.41503491083782,-79.79594390869141,15844
67,-340.0773458995741,0,0.3617267514857123,129.25656018849293,-81.2377244537952,16150
68,392.04014976238864,1,0.36118416135848375,85.83912925610598,-82.17896472448591,16324
69,-213.4587320867124,0,0.36064238511644603,124.27793629840016,-82.43614214658737,16581
70,-272.7120601127223,0,0.3601014215387714,84.70980028887742,-83.77877918272527,16843
71,4.712090524653767,0,0.35956126940646327,115.93692194001149,-84.54513284715556,17079
72,337.51158162311737,1,0.35902192750235357,108.16611659124996,-85.48949526668935,17256
73,509.86493116032204,1,0.35848339461110007,126.68155376116435,-86.43994380809643,17365
74,504.9731470864265,1,0.35794566951918344,117.12515154251686,-87.09832049638797,17520
75,420.81149528126934,1,0.35740875101490466,123.6857761552889,-87.51765985358251,17666
76,-91.05437410165193,0,0.3568726378883823,103.64427734166384,-88.39289784431458,17922
77,-250.11399770798488,0,0.35633732893154973,138.47254508142254,-90.26505209653432,18184
78,577.4872055364261,1,0.3558028229381524,75.237535629517,-91.43312229254308,18341
79,296.6805076371068,1,0.3552691187037452,102.35451427231665,-91.83040079863176,18525
80,456.32166069103636,1,0.35473621502568964,133.9752505665094,-92.48203180877256,18667
81,606.0329930919829,1,0.3542041107031511,161.30572374131944,-93.3725084092882,18757
82,-322.40263026198426,0,0.3536728045370964,99.85859435759251,-94.53977006636326,19074
83,530.7174848520857,1,0.35314229533029073,42.07923678428896,-95.75724952451644,19198
84,539.3241413155883,1,0.35261258188729533,156.64153268814087,-96.13350646972657,19298
85,598.1796959151052,1,0.3520836630144644,113.17489522436391,-96.61219290028448,19437
86,471.7214828976605,1,0.35155553751994273,188.1374963948756,-97.88434129879798,19599
87,521.703466983292,1,0.3510282042136628,151.41040554046631,-99.18805511474609,19749
88,518.4739427068615,1,0.35050166190734233,127.75680944654677,-99.26113175757138,19910
89,145.49639128106344,1,0.3499759094144813,131.21040311298873,-101.31704601488616,20215
90,506.3024319740953,1,0.3494509455503596,113.76867981960899,-102.05441230640076,20329
91,527.322205531227,1,0.3489267691320341,186.1386013433967,-103.72755163488253,20470
92,566.9857223038758,1,0.34840337897833606,176.34050255351596,-103.19306331210666,20542
93,490.49501890186303,1,0.3478807739098686,110.46488883647513,-104.53935144302693,20636
94,37.23075852202592,0,0.3473589527490038,176.70095831747273,-105.53140835361626,20899
95,239.12082660003512,1,0.3468379143198803,147.07484931037538,-106.88446713402158,21109
96,485.7477945465522,1,0.34631765744840054,183.03207300064412,-107.92103463030875,21203
97,16.822712904840394,0,0.345798180962228,144.93080707724766,-109.29923487073593,21465
98,527.1854149614231,1,0.34527948369078465,146.11931992204566,-109.8425165477552,21617
99,531.1477508556188,1,0.34476156446524847,183.5512647780161,-111.15616123260014,21743
100,546.7268340463187,1,0.3442444221185506,88.6732405253819,-112.34719630650112,21883
101,-94.62901284090881,0,0.3437280554853728,159.31127163901257,-114.39227181050315,22150
102,462.41901770284943,1,0.34321246340214473,167.1959662437439,-114.98371939823545,22266
103,551.4408940850892,1,0.3426976447070415,126.64277417975735,-116.35271656082337,22433
104,395.81452798509105,1,0.34218359823998096,128.67427456378937,-117.20434877607558,22577
105,506.85022043991665,1,0.341670322842621,152.91433531045914,-118.33537244796753,22705
106,-33.79750940978448,0,0.3411578173583571,142.80723205566406,-119.7887465209961,22955
107,544.4976536169987,1,0.3406460806323196,100.55750491701323,-121.29166083500303,23070
108,578.2574134775316,1,0.34013511151137116,185.64888355467053,-122.0255167219374,23143
109,344.4114520136299,1,0.3396249088441041,151.21672347284132,-123.21906059019027,23267
110,590.8944675758275,1,0.339115471480838,196.71960408346993,-123.65954521724156,23379
111,474.1707598623849,1,0.3386067982736167,155.90196230640151,-124.97226234331522,23525
112,561.0868524229683,1,0.3380988880762063,155.47519976834218,-125.7294239825513,23690
113,-8.762008259964134,0,0.337591739744092,190.20748599976983,-128.04664244906593,23953
114,488.0747309962733,1,0.3370853521344759,148.78893884023032,-129.61322481670078,24078
115,600.5957715800773,1,0.3365797241062742,92.9050383818777,-130.19778843929893,24155
116,487.12225560475235,1,0.33607485452011476,153.52251934282708,-131.01377706816703,24287
117,532.0254329025177,1,0.3355707422383346,98.40231340984965,-131.85308234636173,24372
118,-94.66729503186986,0,0.3350673861249771,125.68551073354833,-133.67059797399185,24644
119,-54.79694466974355,0,0.3345647850457897,95.71315243488222,-135.72012737604578,24899
120,171.10146848777543,1,0.334062937868221,151.9976751383613,-137.78311546176087,25102
121,545.1913113112246,1,0.3335618434614187,150.0404808819294,-139.91275691986084,25231
122,527.8154602194625,1,0.3330615006962266,141.2262741344076,-140.47311594788457,25372
123,579.4976416857498,1,0.33256190844518224,134.60033473968505,-141.9143859863281,25482
124,447.1998824082645,1,0.33206306558251447,143.06783092383182,-143.10613474219736,25680
125,-36.6083252986202,0,0.33156497098414073,133.79753589630127,-144.95647232175813,25935
126,35.04196085937224,1,0.33106762352766456,130.63998913944215,-147.41179100552895,26201
127,564.4251604678448,1,0.3305710220923731,169.75514955389988,-149.09231170236248,26346
128,-24.224483628244634,0,0.33007516555923455,122.71066280743024,-151.26408496203723,26568
129,489.5919090550124,1,0.3295800528108957,127.27862482359915,-152.1304175636985,26701
130,-99.92395851707778,0,0.3290856827316794,119.4889745638352,-154.46531062163123,26958
131,558.0629096221616,1,0.32859205420758186,118.74131457989033,-156.19236497145434,27088
132,67.96278518377017,1,0.3280991661262705,108.94188765873984,-157.54347059461804,27340
133,596.3828864122358,1,0.3276070173770811,131.2593508809805,-159.52362704277039,27469
134,554.2692710270369,1,0.3271156068510155,97.3404076397419,-160.20395231246948,27596
135,422.8591954316189,1,0.32662493344073895,114.05869045257569,-161.77497574655632,27786
136,521.5027677834818,1,0.3261349960405779,131.064871540776,-163.20252029984087,27895
137,489.49614107135494,1,0.325645793546517,114.14299830198289,-164.6118492126465,28055
138,588.8513752238379,1,0.32515732485619725,109.81544979758884,-165.15491153882897,28146
139,571.5954177644785,1,0.32466958886891295,119.84367691524444,-166.74757724338107,28272
140,573.4306425838249,1,0.3241825844856096,127.88314143946913,-167.95618601314357,28395
141,399.11301202850365,1,0.3236963106088812,109.4621140126432,-169.45719601063246,28573
142,570.7967029752695,1,0.3232107661429679,106.77387387411935,-169.95612444196428,28685
143,569.3678921349256,1,0.3227259499937535,127.63758778572083,-171.80840121998506,28820
144,487.0523545118811,1,0.32224186106876285,105.82140922546387,-173.56543914365096,28962
145,539.0012879280199,1,0.32175849827715974,103.02510714126845,-173.88615753691076,29081
146,543.2956113614875,1,0.321275860529744,136.40253060204643,-175.76640101841517,29221
147,530.9692920185107,1,0.3207939467389494,106.628389780862,-176.81497911725725,29361
148,413.49682958471385,1,0.320312755818841,121.08239212036133,-178.05120215782753,29490
149,572.3394774617709,1,0.31983228668511277,80.32654779385298,-179.3445555858123,29569
150,584.4851145428624,1,0.31935253825508514,140.66697923660277,-179.9450524902344,29669
151,611.2168684097896,1,0.31887350944770254,135.349471244812,-181.29965301513673,29768
152,606.6426176758293,1,0.318395199183531,117.16052273341587,-182.31935076032366,29838
153,452.079596703158,1,0.3179176063847557,93.16004209518432,-182.64492431640625,29939
154,575.324195050016,1,0.3174407299751786,107.21326772490544,-184.04679938928405,30073
155,542.599670812155,1,0.31696456888021585,119.00185978001562,-185.49850911107558,30188
156,568.5830921981899,1,0.31648912202689555,102.94901591406928,-186.2490427652995,30279
157,354.5200285177651,1,0.3160143883438552,125.63730841810985,-187.58082318049605,30465
158,623.4486699998968,1,0.31554036676133945,114.96323447757297,-188.64133665296765,30537
159,570.2738743218946,1,0.31506705621119746,116.58059091227395,-189.30126762390137,30648
160,602.8218455033702,1,0.31459445562688065,117.32972944047717,-190.44919806586373,30739
161,602.2432970973333,1,0.31412256394344035,110.07708267938523,-191.337769644601,30823
162,491.6396722278304,1,0.3136513800975252,96.4875094982294,-191.72692137498123,30927
163,551.3669408712551,1,0.31318090302737894,100.5400486686013,-193.5161110617898,31036
164,492.5100930235405,1,0.31271113167283787,120.06301301623148,-194.29415627131385,31162
165,473.8063161850824,1,0.31224206497532864,118.70416156947613,-194.44859075546265,31290
166,398.3798737997526,1,0.3117737018778657,96.37455307245254,-195.74446811676026,31450
167,571.221883063485,1,0.3113060413250489,93.78763810793559,-197.81226399739583,31571
168,534.8576675642423,1,0.31083908226306134,114.26993371890141,-198.42631442730243,31674
169,609.125361321232,1,0.3103728236396668,124.33225666392933,-199.8478992808949,31785
170,492.8318630238554,1,0.3099072644042073,109.5975587715223,-200.7035763934978,31991
171,489.9807680072813,1,0.309442403507601,136.36398516030147,-202.89587507576778,32107
172,492.84339973752003,1,0.30897823990233964,96.48945797643354,-203.90402246290637,32231
173,551.7920812384704,1,0.30851477254248616,95.06876113337856,-205.78592238887663,32355
174,505.2581888635392,1,0.3080520003836724,110.5316122862009,-205.68385314941406,32511
175,439.0634168280001,1,0.3075899223830969,107.56966773831114,-206.45355567153618,32609
176,516.70293018044,1,0.3071285374995223,118.65718975845648,-208.275980112504,32706
177,618.7934408098017,1,0.306667844693273,92.28832944956693,-209.71781886707652,32795
178,391.99689009229934,1,0.3062078429262331,103.25164004734584,-209.9344378880092,32907
179,485.90756054109244,1,0.30574853116184375,123.983746472527,-211.51276143391928,33008
180,530.9212928597216,1,0.305289908365101,113.55680202883343,-212.25475240308185,33181
181,420.4689370811208,1,0.30483197350255337,116.11774274577265,-214.1973242275957,33319
182,576.6031884061204,1,0.30437472554229955,91.23867667989528,-215.70407916129903,33412
183,594.4596075543232,1,0.30391816345398615,89.1954152522943,-218.01178369766626,33490
184,469.4424411345802,1,0.30346228620880517,105.16854462972502,-217.77108355266293,33573
185,595.5938220747028,1,0.30300709277949195,101.77295593882717,-218.283759893373,33658
186,539.3572545578824,1,0.3025525821403227,88.87125598816644,-219.20907084147134,33743
187,552.0571736196716,1,0.3020987532671122,108.40325672772465,-219.16904589594628,33840
188,455.85337473548884,1,0.30164560513721156,108.96040830158051,-221.30187503875248,33967
189,573.3258925920369,1,0.30119313672950576,101.63081000067972,-222.65456702492455,34054
190,547.8454581185563,1,0.3007413470244115,90.73270654678345,-223.19846954345704,34155
191,582.6185879670811,1,0.3002902350038749,91.94506325721741,-224.13613929748536,34315
192,570.7957828661592,1,0.29983979965136914,102.42047800336566,-225.17001168387276,34385
193,591.8082091377797,1,0.2993900399518921,115.12454844494255,-226.82845571089763,34482
194,503.3078372273621,1,0.2989409548919643,94.19325975495941,-228.23960347078284,34679
195,532.5348606926882,1,0.2984925434596264,91.10939082921108,-229.15647745578087,34893
196,-151.14016250697813,0,0.29804480464443694,103.59015717225917,-232.53704407635857,35164
197,-6.50279106947734,0,0.2975977374374703,95.49238523095846,-234.3940875530243,35421
198,-93.86653386076613,0,0.2971513408313141,90.76780434417725,-236.17523754882814,35670
199,-15.033915146590758,0,0.29670561382006716,73.40691924486003,-239.69232277792008,35914
200,-191.5626860132505,0,0.2962605553993371,86.36126416330119,-240.8210629761674,36176
201,-19.247967990187576,0,0.2958161645662381,93.99780283516985,-243.96313550995617,36423
202,-90.7663569422588,0,0.29537244031938875,79.93623535386448,-245.8634102920006,36654
203,586.3641154298758,1,0.2949293816589097,96.54453083320901,-248.72027813946758,36816
204,615.8810783489155,1,0.29448698758642133,77.0749419041169,-248.4842474521735,36895
205,523.2521813870827,1,0.2940452571050417,61.300827011917576,-249.0461874297171,37027
206,622.2594859082717,1,0.29360418921938414,86.62653195416486,-250.08727123119212,37081
207,543.6511185494803,1,0.29316378293555506,67.38206497828166,-250.31494437323676,37152
208,514.0953445231438,1,0.29272403726115176,72.76554307397807,-251.47975129901238,37258
209,594.2379259010518,1,0.29228495120526005,72.01536900346929,-252.47668734463778,37347
210,-7.506927682630717,0,0.29184652377845216,70.99741273767808,-254.16053053911995,37584
211,581.7090725854969,1,0.2914087539927845,62.48146975912699,-256.17378309296396,37667
212,557.6171500779833,1,0.29097164086179533,56.867481549580894,-256.6026004889072,37744
213,612.3246514263753,1,0.29053518340050266,65.46173309557366,-258.9043260054155,37810
214,547.4165220758289,1,0.2900993806254019,71.43412966605945,-257.92755635579425,37889
215,608.172520740755,1,0.2896642315544638,74.39761894627621,-258.1362051712839,37964
216,517.103578839909,1,0.28922973520713213,78.9007824873313,-259.46510354066504,38042
217,469.3864243387509,1,0.2887958906043214,71.13863397527624,-260.2197582103588,38150
218,542.2789666920975,1,0.28836269676841497,63.41367402076721,-261.0320676167806,38271
219,603.9846467801888,1,0.2879301527232624,85.30903951745285,-261.4642269736842,38347
220,620.5563063696313,1,0.2874982574941775,81.04105949401855,-263.3116728953826,38425
221,440.89696924788007,1,0.2870670101079363,64.82140647387895,-263.679624213547,38546
222,568.6643208446472,1,0.28663640959277437,73.03196032842,-263.7518590291341,38618
223,591.4691764260613,1,0.2862064549783852,57.69631187121073,-265.3784999847412,38715
224,622.078686394365,1,0.28577714529591763,72.63777373177665,-266.12142159598216,38785
225,551.0413651168233,1,0.28534847957797377,72.17354168891907,-266.3716468811035,38864
226,584.6962341898409,1,0.28492045685860684,57.4472699719806,-268.10029069767444,38950
227,552.5759342162696,1,0.2844930761733189,55.81477252960205,-268.38189086914065,39050
228,608.8932947454208,1,0.28406633655905894,59.041524171829224,-269.66509524258703,39138
229,574.3249036370348,1,0.28364023705422037,63.081787545340404,-269.7494402204241,39209
230,580.4026882864088,1,0.28321477669863904,59.542118912651425,-270.3157421293713,39292
231,596.7916407240218,1,0.28278995453359107,59.66598191628089,-270.63238701453577,39397
232,582.9976260538616,1,0.2823657696017907,47.98863122901138,-271.8516627720424,39495
233,337.14325284678137,1,0.281942220947388,62.56616814495766,-273.8347326827376,39641
234,466.3252816900463,1,0.28151930761596694,58.63702213764191,-272.99480056762695,39736
235,563.2689592489451,1,0.281097028654543,58.5752365805886,-275.31058224764735,39824
236,628.7911392362216,1,0.2806753831115612,65.59535833994548,-274.20306803385415,39884
237,595.2967126435149,1,0.28025437003689385,60.51027726067437,-276.29210205078124,39974
238,496.76143427492013,1,0.27983398848183855,56.32396659204515,-277.5382199044955,40092
239,562.9223333098155,1,0.2794142374991158,52.93954247368707,-279.7058553059896,40182
240,482.79366761207797,1,0.27899511614286715,56.20883196371573,-280.01309091073495,40290
241,605.3398431461152,1,0.27857662346865286,53.15936088562012,-279.95075371924867,40385
242,487.06826529510266,1,0.2781587585334499,54.178458819022545,-282.36127413236176,40488
243,570.4830107645292,1,0.27774152039564975,53.37165945768356,-283.14271354675293,40617
244,529.5397502307128,1,0.2773249081150563,54.18406549453735,-281.02964660644534,40716
245,396.6597087056845,1,0.2769089207528837,53.54317139606086,-283.6702133490115,40815
246,565.9347292206857,1,0.2764935573717544,52.507847899097506,-283.56869248212394,40932
247,574.0339656388059,1,0.2760788170356968,59.53117593904821,-284.81401471393866,41014
248,583.5438636379978,1,0.27566469881014327,59.124236520131426,-285.77952473958334,41135
249,516.626279073993,1,0.2752512017619281,76.00037623560706,-286.7410689952762,41220
250,524.8325021645348,1,0.2748383249592852,51.76840223917147,-290.02403519793256,41303
251,606.7521479307628,1,0.2744260674718463,61.24823413175695,-289.6333492503447,41404
252,607.9020584680825,1,0.27401442837063855,59.745693339857944,-289.1668701171875,41490
253,611.3403817611634,1,0.2736034067280826,56.30632103814019,-289.95159233940973,41563
254,532.293600001041,1,0.2731930016179905,70.84390270466707,-290.4192479970504,41661
255,614.1016341067755,1,0.2727832121155635,61.0498669293462,-291.0772960429289,41759
256,607.6617348689001,1,0.2723740372973902,54.978903381912794,-291.38846955475987,41867
257,603.4661971106123,1,0.2719654762414441,59.58794447716246,-293.77706714386636,41961
258,449.21587492716515,1,0.271557528027082,60.882113699185645,-294.3092449640824,42078
259,379.57242677253345,1,0.2711501917350414,60.27568749683659,-295.0108553258384,42160
260,603.6251278269849,1,0.27074346644743885,52.65339394049211,-296.5607993386009,42249
261,599.7097307635368,1,0.2703373512477677,68.46451599653378,-297.130537875863,42335
262,596.0711075783752,1,0.2699318452208961,61.2375493645668,-297.2264709472656,42431
263,618.06171106457,1,0.26952694745306477,56.38817620277405,-301.18346481323243,42510
264,476.0063734911327,1,0.2691226570318852,60.69793769291469,-299.4189213344029,42622
265,548.3302091957738,1,0.2687189730463374,56.34817746480306,-299.85950724283856,42713
266,596.3135291986625,1,0.2683158945867679,60.647210461752756,-301.56888180687315,42797
267,594.2778896120949,1,0.2679134207448878,56.14382800188932,-302.3368391557173,42884
268,597.5125366617384,1,0.26751155061377047,62.683815423832385,-301.9921647892442,42970
269,591.1943128014507,1,0.2671102832878498,61.471930391648236,-303.32355544146367,43038
270,608.2165589187496,1,0.266709617862918,58.164703420690586,-305.2830043483425,43112
271,466.5377394788375,1,0.26630955343612367,59.46907413539602,-305.5613489862698,43247
272,598.5943618194885,1,0.26591008910596947,60.95933971983014,-305.1281090938684,43312
273,617.8111193933851,1,0.26551122397231053,52.851083394643425,-304.9877311087943,43387
274,613.1484647854775,1,0.2651129571363521,52.453289195469445,-307.6586190359933,43456
275,568.9328797153107,1,0.26471528770064756,57.38320209940926,-308.6107808097464,43578
276,625.1995081695691,1,0.2643182147690966,49.78248542063945,-308.94001976219386,43652
277,535.0071708159139,1,0.26392173744694297,48.107170011939075,-309.67254043206935,43734
278,605.6733517021246,1,0.26352585484077257,48.200248893938564,-311.0236856560958,43810
279,605.7746849188063,1,0.26313056605851143,52.41404252582126,-310.6507381863064,43883
280,599.9494331922173,1,0.2627358702094237,48.32019503523664,-312.1126195395865,43965
281,485.5754883355129,1,0.26234176640410956,46.86724328994751,-312.85863393147787,44084
282,608.4373221715929,1,0.2619482537545034,47.29796247771292,-314.0390301328717,44150
283,623.7275785820324,1,0.26155533137387166,54.91208129458957,-314.42752159966363,44223
284,552.1215449268595,1,0.26116299837681084,49.50966379859231,-315.36203211004084,44310
285,625.0637101480477,1,0.26077125387924566,47.13543801837497,-314.7336883544922,44383
286,588.5392325311658,1,0.2603800969984268,50.95602822303772,-315.1364965438843,44447
287,538.3655597880918,1,0.25998952685292914,42.04326639948665,-316.8886232118349,44520
288,630.7769105618485,1,0.2595995425626498,51.58561476954707,-317.19730179398147,44575
289,604.8378508734397,1,0.2592101432488058,53.358191066318085,-316.41594950358075,44646
290,571.0759537026938,1,0.2588213280339326,51.06084383646647,-319.1005802408854,44797
291,566.4306317674316,1,0.2584330960418817,38.9966113169988,-318.98878902859155,44940
292,562.3323754580332,1,0.2580454463978189,40.628738313351036,-321.37291386442365,45046
293,617.851528984223,1,0.2576583782282222,46.02408720652262,-323.0153544108073,45107
294,494.508623663321,1,0.25727189066087985,49.59213447570801,-322.6907095401845,45200
295,427.05024168118314,1,0.25688598282488856,43.503873348236084,-322.5870660635141,45305
296,618.5909859720481,1,0.25650065385065124,43.02472972869873,-323.65532322933797,45380
297,623.3442205755132,1,0.2561159028698753,45.057069053649904,-324.8798046875,45430
298,593.1362451969628,1,0.2557317290155705,52.340608790769416,-325.444240764036,45548
299,485.6201087740621,1,0.25534813142204715,43.70924969108737,-327.17692846181444,45646
300,536.6641465324617,1,0.2549651092249141,41.94092094898224,-327.7105033874512,45726
301,541.9675370942482,1,0.25458266156107673,43.094311337721976,-326.7292938232422,45802
302,622.2854996190631,1,0.25420078756873515,44.452190934157954,-328.3897079839939,45885
303,620.0058651348672,1,0.25381948638738205,38.655610602242604,-328.6827671595982,45955
304,610.3735152988016,1,0.253438757157801,38.55706650870187,-328.7434438069661,46039
305,628.8542078113924,1,0.25305859902206435,43.226150339299984,-330.71649169921875,46105
306,621.2530979671703,1,0.25267901112353125,37.79297887651544,-329.11590977718953,46181
307,599.425437577791,1,0.252299992606846,47.27515381858463,-331.3775642031715,46265
308,550.4676418721979,1,0.25192154261793576,39.23261625501845,-331.5623867458767,46355
309,542.8328768660647,1,0.2515436603040089,42.0727192401886,-332.127628326416,46434
310,536.7486805875488,1,0.2511663448135529,50.166863679885864,-332.9613899230957,46514
311,603.1874677591692,1,0.25078959529633255,37.293860578536986,-333.67197341918944,46594
312,592.2881300461121,1,0.25041341090338803,40.73376489940443,-334.0941017552426,46671
313,614.5905369562795,1,0.250037790787033,38.28725398105124,-334.85757645316744,46763
314,629.9216768378624,1,0.24966273410085243,37.016420199953274,-336.4176940917969,46820
315,630.0469255878636,1,0.24928823999970118,40.974651632637816,-334.74823418978986,46878
316,526.2376546339692,1,0.24891430763970163,35.810948102902145,-335.54164632161456,46956
317,608.4652651884657,1,0.24854093617824208,37.185687042946036,-337.8460593999818,47043
318,602.2002404198882,1,0.24816812477397474,37.768882171780454,-337.89674347522214,47145
319,596.1814861699277,1,0.2477958725868138,34.458909564548065,-338.48867967393664,47216
320,598.0332200920184,1,0.24742417877793357,38.29452971049717,-337.7918178013393,47329
321,597.9565806380951,1,0.24705304250976667,38.87260253805863,-340.6152110852693,47404
322,622.8190755364244,1,0.24668246294600205,46.823627826779386,-340.03990989507633,47491
323,605.9286257585513,1,0.24631243925158305,35.157277981440224,-340.90284093221027,47587
324,629.1155404865701,1,0.2459429705927057,46.35639667510986,-340.4188832929057,47649
325,617.3008374607102,1,0.24557405613681665,40.55877461544303,-342.2885735090389,47734
326,609.0917984608442,1,0.24520569505261144,45.32405398442195,-343.2653074998122,47839
327,500.7523018507752,1,0.24483788651003255,38.66156076917461,-342.298178878485,47941
328,565.8371906436826,1,0.2444706296802675,34.677572541317694,-343.07163510080113,48059
329,613.4413110430517,1,0.2441039237357471,30.731566121501306,-345.9484262774068,48120
330,626.6019888715778,1,0.2437377678501435,35.03835943973426,-345.8525945490057,48186
331,617.9960569028121,1,0.2433721611983683,37.215806325276695,-345.8061245388455,48277
332,606.53380773191,1,0.24300710295657077,43.629388926322,-346.39360822711075,48391
333,601.7885281769843,1,0.24264259230213592,35.02684655189514,-347.5740509033203,48491
334,579.9035609410016,1,0.24227862841368272,37.31547426622967,-347.5924860044967,48576
335,584.1739695706513,1,0.2419152104710622,31.807846668788365,-347.1465872628348,48646
336,587.7366598916465,1,0.24155233765535564,41.69410511755174,-347.9480768019153,48709
337,553.9426608222518,1,0.24119000914887262,52.67948214213053,-347.9312853131975,48792
338,623.9980575176628,1,0.24082822413514932,34.68294209904141,-349.9453591240777,48864
339,603.8981924040959,1,0.2404669817989466,39.82395280491222,-349.39835010875356,48953
340,493.2156570664099,1,0.2401062813262482,51.14629693464799,-350.9417093450373,49041
341,599.9518286078794,1,0.23974612190425884,27.458627907005518,-351.18605907543287,49114
342,602.9208680608912,1,0.23938650272140247,32.113137471048454,-351.4045177258943,49191
343,555.3289630082322,1,0.23902742296732038,30.36361621509899,-350.29248157848014,49300
344,627.147928502791,1,0.2386688818328694,31.196955680847168,-352.41096782684326,49364
345,588.920079096542,1,0.23831087851012012,28.076308912701077,-353.3565216064453,49437
346,624.3921256504366,1,0.23795341219235494,30.609404059017407,-353.57048752728633,49505
347,534.2961594440264,1,0.23759648207406642,36.21024257380788,-353.45301335032394,49587
348,620.4332870389526,1,0.23724008735095534,53.00121940885271,-354.5431692940848,49643
349,626.1075097706936,1,0.2368842272199289,29.047090027067398,-355.2252917819553,49715
350,612.6785529603223,1,0.23652890087909903,34.874047006879536,-354.063241141183,49798
351,613.7508858326408,1,0.2361741075277804,51.48564841197087,-355.5126524705153,49903
352,629.0465235711574,1,0.23581984636648873,28.200967609882355,-356.1766691207886,49967
353,630.1883677519312,1,0.235466116596939,31.502278634480067,-355.96139090401783,50023
354,614.5052000934601,1,0.2351129174220436,38.17555323243141,-356.024133682251,50086
355,594.7828065770016,1,0.23476024804591056,31.038920720418293,-357.5113271077474,50158
356,555.6396205022323,1,0.2344081076738417,50.6043382372175,-356.2890389578683,50228
357,597.3688988444662,1,0.23405649551233096,34.88113048749092,-357.80018811348157,50306
358,615.5725864707907,1,0.23370541076906248,27.197582680838448,-357.75909946986604,50377
359,631.7322876516708,1,0.2333548526529089,28.866943430017542,-357.0389212149161,50430
360,591.450537565999,1,0.23300482037392956,30.611686140298843,-359.3746681213379,50495
361,566.9867289501086,1,0.23265531314336868,41.699071843573385,-359.65301708464926,50588
362,609.3938542661011,1,0.23230633017365365,25.895119888837947,-360.1921826739644,50675
363,599.5768906652875,1,0.23195787067839319,33.37716579437256,-360.42574898856026,50744
364,613.271317412248,1,0.2316099338723756,35.94662794470787,-360.77576637268066,50808
365,618.0410063917161,1,0.23126251897156705,32.8358979686614,-360.09812287361393,50870
366,494.98828630685824,1,0.2309156251931097,36.77936816215515,-362.0551935831706,50943
367,602.5878707325431,1,0.23056925175532006,25.769127893447877,-361.75768280029297,51022
368,280.87659692071605,1,0.23022339787768709,42.56075997622508,-361.39734404941777,51128
369,566.7374579110085,1,0.22987806278087056,36.06237760083429,-362.854518495757,51186
370,624.9306327289589,1,0.22953324568669925,30.254505126707016,-363.25467509608114,51249
371,599.2298777927778,1,0.2291889458181692,28.191893941705878,-363.124717018821,51359
372,626.4993190987809,1,0.22884516239944197,29.783734489889707,-362.37320664349727,51427
373,476.53028004156147,1,0.2285018946558428,29.32205073038737,-363.25565447126115,51511
374,630.2102725180839,1,0.22815914181385905,31.32845446041652,-365.2937894548689,51567
375,609.1126982701272,1,0.22781690310113828,29.291718537466867,-364.41761474609376,51637
376,623.0068746018491,1,0.2274751777464866,50.724524416242325,-365.0292332240513,51706
377,605.7328750414639,1,0.22713396497986688,29.056057371744295,-365.20606808546114,51788
378,539.536527799647,1,0.22679326403239708,29.442878168682718,-364.84341501635174,51874
379,485.3841527591872,1,0.2264530741363485,40.649506099888534,-365.6051680768122,51997
380,626.4173709438878,1,0.22611339452514398,40.5446821381064,-366.15026586196,52065
381,541.0063850946588,1,0.22577422443335626,28.31119225241921,-367.5357076471502,52153
382,580.596722380968,1,0.22543556309670623,32.38064032015593,-366.71211906101394,52244
383,623.8528866559399,1,0.2250974097520612,29.370008378415495,-366.5417175292969,52319
384,591.5406520174371,1,0.2247597636374331,31.184148062830385,-366.69376870860225,52410
385,560.7484008559197,1,0.22442262399197696,32.552847510889954,-366.5941298635382,52486
386,481.8647461492768,1,0.224085990055989,27.478855959574382,-367.601126437717,52576
387,580.5917261956405,1,0.22374986107090503,29.95761028925578,-367.44716988357845,52678
388,610.3488478360431,1,0.22341423627929868,25.337976296742756,-369.697422281901,52738
389,617.6377487501392,1,0.22307911492487975,30.85930835839474,-368.49835205078125,52805
390,622.0297663071633,1,0.22274449625249243,26.695738077163696,-368.67127881731307,52860
391,623.2320027942851,1,0.2224103795081137,25.523832044293805,-368.7817117014239,52922
392,615.9907150129033,1,0.22207676393885156,30.37260725918938,-368.61968724867876,52991
393,625.7623599963254,1,0.2217436487929433,30.86470808806243,-369.7013527199074,53044
394,585.1372599974466,1,0.2214110333197539,34.62434228261312,-369.9987575954861,53135
395,596.1148812414892,1,0.2210789167697743,46.95619992952089,-369.7084507297825,53208
396,629.1947766959036,1,0.22074729839461962,26.536529983792985,-370.8649150303432,53265
397,625.744780995381,1,0.2204161774470277,47.090022386823385,-370.76577235630583,53334
398,628.4489897215587,1,0.22008555318085718,31.77520439542573,-370.7285356192753,53393
399,622.3453392914265,1,0.2197554248510859,25.075774563683403,-370.96441565619574,53465
400,528.0944516979184,1,0.21942579171380927,23.12241150612055,-370.88294308684596,53551
401,627.5317759459663,1,0.21909665302623857,31.892957472032116,-372.02517798639116,53612
402,629.3779172731516,1,0.2187680080466992,24.008326053619385,-370.49384155273435,53672
403,622.4554576871982,1,0.21843985603462918,25.655238103866576,-372.5065971374512,53753
404,589.4954098399696,1,0.21811219625057723,28.066986284757917,-372.2059382388466,53829
405,619.7164154016521,1,0.2177850279562014,27.876239991957142,-372.05974948021674,53891
406,625.1750014654397,1,0.2174583504142671,17.784004359409728,-372.85108789904365,53949
407,614.3674292104998,1,0.2171321628886457,32.66286749717517,-374.08497424003406,54027
408,610.7159304308375,1,0.21680646464431275,22.495916061931187,-371.6635470920139,54099
409,570.5280311080966,1,0.2164812549473463,32.30070209503174,-373.67350287186474,54175
410,621.9654562262527,1,0.2161565330649253,37.047014562095086,-373.9721471274771,54256
411,601.2401027681842,1,0.21583229826532793,32.29529210795527,-374.16893204398775,54349
412,616.9561648741367,1,0.21550854981792994,20.977385481198628,-374.62690904405383,54421
413,621.105060545224,1,0.21518528699320305,28.810835944281685,-375.81148952907984,54493
414,616.5112837070096,1,0.21486250906271326,25.451860242419773,-375.1413616604275,54565
415,630.131238040269,1,0.2145402152991192,45.16323987899288,-375.20531537455895,54627
416,580.2675889167801,1,0.21421840497617053,25.17930241120167,-375.5472341684195,54705
417,588.4498573294497,1,0.21389707736870628,24.484298080205917,-375.1125297546387,54769
418,621.6027968047665,1,0.21357623175265322,29.070503366404566,-377.26376974171603,54827
419,607.3151016378275,1,0.21325586740502425,27.510647246712132,-375.1841323584841,54941
420,618.0100830062802,1,0.21293598360391672,25.418642188563492,-375.1144122499408,55006
421,630.3333976715551,1,0.21261657962851085,26.463702406202042,-376.0207999093192,55062
422,631.6547506355529,1,0.2122976547590681,53.86672313125045,-375.4694745099103,55117
423,630.4554058642008,1,0.2119792082769295,23.29510724103009,-376.97344179506655,55171
424,622.8698506757722,1,0.21166123946451412,31.59614267104711,-375.7278583233173,55249
425,617.2432136773674,1,0.21134374760531735,37.342442110180855,-375.7047700881958,55313
426,599.2180181983555,1,0.2110267319839094,23.00224883556366,-377.5401840209961,55393
427,632.6184093267291,1,0.21071019188593354,24.811043996077316,-376.7918243408203,55444
428,629.8381823720295,1,0.21039412659810466,20.52963638305664,-377.64056505475725,55501
429,616.4282134604014,1,0.2100785354082075,25.830149400801886,-377.5871276855469,55585
430,613.7939622423448,1,0.2097634176050952,23.64613894053868,-377.9388645717076,55668
431,614.698257929181,1,0.20944877247868757,24.090606857748593,-377.98349986356845,55736
432,591.4068416144746,1,0.20913459931996956,24.661465786873027,-377.8273445291722,55831
433,577.6857801048684,1,0.2088208974209896,30.391020387411118,-377.20722579956055,55895
434,630.1910588208233,1,0.20850766607485813,32.64356018602848,-377.2945375442505,55958
435,626.5222878617651,1,0.20819490457574585,22.094405606389046,-378.2546691894531,56023
436,624.7127878646854,1,0.20788261221888224,28.4217279029615,-378.914794921875,56088
437,563.3684037706489,1,0.20757078830055392,21.66170604054521,-379.98180482445696,56170
438,625.5346393897573,1,0.2072594321181031,25.957680239821926,-379.9005404385653,56237
439,582.5440004151958,1,0.20694854296992596,48.02160532881574,-379.1477847215606,56318
440,629.1758036264384,1,0.2066381201554711,35.04772676740374,-380.0774230957031,56375
441,560.7684348622827,1,0.2063281629752379,21.061601400375366,-378.93608811322383,56442
442,622.0163018117156,1,0.20601867073077507,48.242807841300966,-380.0257827758789,56523
443,627.7887574031505,1,0.20570964272467893,19.28951341455633,-378.9859535910866,56588
444,582.9367142037325,1,0.20540107826059192,41.542794704437256,-380.2001446663065,56683
445,575.331427329181,1,0.20509297664320106,20.17768241961797,-380.495262781779,56779
446,619.5677176665558,1,0.20478533717823627,21.454760365369843,-380.45896278939597,56860
447,569.5027036537641,1,0.20447815917246892,21.548806520608757,-380.0655854053986,56938
448,627.5312736013534,1,0.20417144193371023,24.501591220978767,-381.20740927419354,57000
449,628.3671443086714,1,0.20386518477080967,27.11389701506671,-380.32092554429,57068
450,629.7688060454972,1,0.20355938699365347,43.74286391053881,-381.55540466308594,57124
451,576.4811947622236,1,0.203254047913163,25.314240699118756,-382.14919524497174,57219
452,615.6544682319773,1,0.20294916684129327,21.35841484423037,-381.0336179380064,57273
453,630.8704198725954,1,0.20264474309103134,20.517371526131264,-382.19867178109973,57325
454,601.4566666001518,1,0.2023407759763948,20.341040584776138,-381.5404035780165,57396
455,622.0397127955443,1,0.20203726481243023,56.99237823486328,-381.9186706542969,57466
456,621.0004537571084,1,0.2017342089152116,29.91412571498326,-381.5564869471959,57522
457,631.4735931098433,1,0.20143160760183879,20.62406037403987,-381.9596980168269,57574
458,619.9059504674456,1,0.20112946019043604,17.70371620995658,-381.87075587681363,57630
459,616.5809651544716,1,0.2008277660001504,18.30294314297763,-382.4988782478101,57696
460,454.38569540426727,1,0.20052652435115018,22.069717618135307,-383.39522317739636,57800
461,606.4657362780677,1,0.20022573456462348,20.171016420636857,-383.34614519391744,57870
462,612.916750012994,1,0.19992539596277656,23.971432606379192,-383.19363572862414,57943
463,621.4047552225928,1,0.1996255078688324,20.587720289826393,-383.62335205078125,58007
464,522.8018927669034,1,0.19932606960702917,18.292859657138003,-383.1600389667586,58109
465,621.230063872759,1,0.19902708050261864,20.11756499154227,-382.9710771833147,58178
466,604.8742330316842,1,0.19872853988186473,27.002479728899505,-383.5649622866982,58255
467,629.7431316629644,1,0.19843044707204194,17.05243395169576,-383.46705322265626,58314
468,629.763871080901,1,0.19813280140143388,22.752852582931517,-383.83448486328126,58374
469,597.1307635047767,1,0.19783560219933174,25.484814167022705,-384.7873326351768,58450
470,631.5682350951113,1,0.19753884879603276,17.018352325146015,-384.0556769737831,58502
471,630.9790099485998,1,0.1972425405228387,25.167976096824365,-384.36574865270546,58557
472,628.3569282899131,1,0.19694667671205446,18.659676170349123,-384.6149668375651,58616
473,631.1779593487103,1,0.19665125669698638,19.270581351386177,-384.53862847222223,58670
474,627.2618226163247,1,0.19635627981194093,20.243318988430886,-385.2449163621472,58732
475,629.4695048065093,1,0.196061745392223,56.40866565704346,-385.51714978899275,58788
476,615.6080842535437,1,0.1957676527741347,26.28004925591605,-385.08231462751115,58845
477,629.7758625140574,1,0.1954740012949735,24.207709035565777,-384.39754067697834,58906
478,577.2244734973281,1,0.19518079029303104,21.65023305339198,-385.09852058656753,58968
479,629.1459515483566,1,0.1948880191075915,20.451826895986283,-385.2322692871094,59025
480,617.6246792005493,1,0.1945956870789301,24.80621485710144,-385.15119247436525,59105
481,626.3764742782597,1,0.1943037935483117,88.43847186224801,-386.82470703125,59161
482,629.4256346670855,1,0.19401233785798924,29.126988072549143,-384.9307802261845,59222
483,628.4221768390537,1,0.19372131935120226,18.732034713991226,-385.71704987556706,59285
484,630.0859199348276,1,0.19343073737217548,16.093393291745866,-386.4633058820452,59341
485,628.7508873875148,1,0.1931405912661172,23.670197933912277,-385.1686887741089,59404
486,626.3647590151425,1,0.19285088037921805,20.032246440649033,-386.42340183258057,59468
487,622.6492286983325,1,0.19256160405864922,22.561788712778398,-386.50391510994206,59531
488,628.1506921425487,1,0.19227276165256127,18.82345648109913,-386.5665855407715,59594
489,625.153437782262,1,0.19198435251008245,20.535832034216988,-387.6057815551758,59666
490,555.0066342115637,1,0.19169637598131734,22.94868557627608,-386.5786780380621,59748
491,586.89789333107,1,0.19140883141734538,27.975134636226453,-386.9359010395251,59825
492,592.5345231697886,1,0.19112171817021936,19.41968401466928,-386.49414509098705,59906
493,476.52515112089696,1,0.19083503559296405,27.408962842580433,-385.4931525153083,59981
494,629.5700643271674,1,0.19054878303957462,14.97608912785848,-388.22869262695315,60041
495,619.643202683621,1,0.19026295986501526,17.992384018436557,-386.8266109343498,60103
496,623.8454060588057,1,0.18997756542521774,22.30738708135244,-387.78095472181167,60176
497,611.341440124369,1,0.18969259907707992,15.49994813071357,-387.07694837782117,60231
498,620.3066587743339,1,0.18940806017846432,14.290409719944,-387.457527923584,60311
499,630.4298044609326,1,0.18912394808819663,33.91890532629831,-389.1255656651088,60367
500,91.68002692408254,1,0.18884026216606434,21.269639575690555,-388.0696459318462,60481
501,599.8856081647427,1,0.18855700177281526,21.0859317779541,-387.0491387503488,60537
502,616.8369621724644,1,0.18827416627015606,18.538255277432892,-387.04832137258427,60613
503,591.8551966323623,1,0.18799175502075083,54.00280542084665,-388.2372186834162,60678
504,622.6399426422212,1,0.1877097673882197,21.57679082185794,-389.2579596103766,60757
505,558.7639272759068,1,0.1874282027371374,17.21276108423869,-388.28094795422675,60834
506,617.0245895789939,1,0.1871470604330317,14.332977018048686,-388.7538127283896,60897
507,628.0681568344527,1,0.18686633984238216,55.06039971690024,-391.0169018160912,60958
508,606.2028191234762,1,0.18658604033261858,21.277942087915207,-388.57356431749133,61031
509,624.6592119292584,1,0.18630616127211966,54.552136930926096,-389.5822448730469,61088
510,629.0505690874822,1,0.1860267020302115,12.523418322205544,-389.9240436553955,61152
511,630.2835956245974,1,0.1857476619771662,20.381306842521386,-389.2533049406829,61207
512,557.4994610248104,1,0.18546904048420046,24.014326944947243,-390.16222286224365,61271
513,620.6434624421778,1,0.18519083692347416,23.15962839126587,-390.8465206748561,61346
514,625.6752866387206,1,0.18491305066808894,38.56383577515097,-389.86611758961396,61414
515,617.5291019411932,1,0.1846356810920868,14.907648707881119,-390.2793995250355,61480
516,614.3036386682289,1,0.1843587275704487,14.213817732674736,-390.738034929548,61537
517,606.4535369419717,1,0.18408218947909302,21.28394636086055,-391.0250691005162,61593
518,608.6524645430206,1,0.18380606619487438,12.873910969701306,-389.1708131987473,61651
519,609.7401842074437,1,0.18353035709558208,15.32830022062574,-391.39944349016463,61707
520,625.2750080027627,1,0.1832550615599387,16.312500051549964,-390.11913650100297,61781
521,622.9735425243197,1,0.1829801789675988,22.788846077457553,-390.1880050166961,61843
522,628.2849068446686,1,0.1827057086991474,15.838186110219647,-389.50718049080143,61904
523,589.9481822501507,1,0.1824316501360987,23.115466918264115,-391.1382838657924,61960
524,618.8279890763561,1,0.18215800266089455,17.548771058359453,-390.8185562626008,62022
525,629.0884438837682,1,0.1818847656569032,21.074375438690186,-392.0847696940104,62083
526,614.5295190547824,1,0.18161193850841786,20.68937921524048,-391.81883138020834,62143
527,621.6512733120061,1,0.18133952060065525,17.775304280794582,-390.26353571965143,62194
528,628.0219419466865,1,0.18106751131975427,14.279980391263962,-391.1693363189697,62259
529,468.53744051472285,1,0.18079591005277465,16.117984294891357,-391.6928680419922,62339
530,625.2273303737753,1,0.1805247161876955,18.199404852730886,-392.05663016183036,62408
531,622.7737288565976,1,0.18025392911341398,15.896637344360352,-393.255146484375,62459
532,559.1805020931083,1,0.17998354821974386,17.922884963452816,-391.5997085571289,62523
533,628.523134523275,1,0.17971357289741424,19.357366412878036,-392.21243953704834,62587
534,631.1901055851681,1,0.17944400253806814,23.832458325794764,-392.438120160784,62642
535,629.2241538770191,1,0.17917483653426106,21.86659158070882,-392.2986735026042,62703
536,524.7304697207575,1,0.17890607427945968,22.484770640730858,-393.3826026916504,62766
537,629.5305609457419,1,0.1786377151680405,20.135020601338354,-389.5661568477236,62825
538,615.6965363117828,1,0.17836975859528845,16.824456540549672,-391.31471959556023,62906
539,625.206205492722,1,0.1781022039573955,18.065330982208252,-392.67521251331675,62973
540,290.8724989898185,1,0.17783505065145944,43.33118585023013,-391.2760412042791,63061
541,627.7176976136855,1,0.17756829807548224,50.34439934453657,-392.630377000378,63123
542,630.9399318622155,1,0.17730194562836904,14.856261006108037,-393.531975640191,63177
543,622.6485818650348,1,0.1770359927099265,21.569943741389682,-392.65225655691967,63247
544,631.524072344256,1,0.17677043872086162,30.82690217759874,-393.06058078342016,63301
545,589.804225967163,1,0.17650528306278035,30.852965109688895,-393.4626613071987,63371
546,631.0449568975781,1,0.1762405251381862,34.89115161895752,-392.2771331787109,63430
547,631.2583053541972,1,0.17597616435047891,17.75863953737112,-393.4503737229567,63483
548,619.9267443770548,1,0.1757122001039532,19.71724518140157,-394.48094249906995,63567
549,632.113641391602,1,0.17544863180379727,16.41400615985577,-393.20738689716046,63619
550,629.8464843923219,1,0.17518545885609157,18.32534022166811,-394.02013949690195,63677
551,631.4818764157887,1,0.17492268066780745,11.409749617943397,-395.3661217322716,63729
552,632.0400852192176,1,0.17466029664680574,16.611063938874466,-395.59710575984076,63780
553,615.0887199974217,1,0.17439830620183555,18.394663629860712,-394.5110284213362,63838
554,624.691632295318,1,0.17413670874253281,23.700133469369675,-393.51424407958984,63910
555,610.1468584192928,1,0.17387550367941904,52.03518899749307,-393.83296293370864,63978
556,555.3573289201264,1,0.1736146904238999,15.321008598804474,-394.92099914550784,64059
557,620.296149698182,1,0.17335426838826407,15.295363766806465,-393.68149021693637,64115
558,629.4311192296749,1,0.1730942369856817,64.26097585415017,-394.36069883149247,64173
559,628.5200982974948,1,0.17283459563020317,19.161590945336126,-394.8928842852193,64234
560,626.8775538860552,1,0.17257534373675787,31.04731858161188,-394.32654300812754,64297
561,626.7207487125044,1,0.17231648072115274,23.84129100579482,-394.5865877591647,64349
562,522.2349401157273,1,0.172058006000071,16.436366627856,-395.67938009122526,64431
563,617.0994759960182,1,0.17179991899107092,41.589099261495804,-394.2867643568251,64502
564,625.3380018403589,1,0.17154221911258433,24.017591683069863,-394.79311218261716,64562
565,597.6031383867156,1,0.17128490578391545,15.406062364578247,-395.0078401565552,64627
566,586.8785129945414,1,0.1710279784252396,24.099259769215305,-394.32261388442095,64694
567,626.9927046743188,1,0.17077143645760173,30.047329545021057,-394.08825397491455,64758
568,623.5759447031317,1,0.17051527930291535,47.50015242894491,-395.42116394042966,64819
569,631.2923647136083,1,0.17025950638396098,11.821360429128012,-396.50782606336804,64872
570,609.4156325341231,1,0.17000411712438504,18.621918217341104,-396.7448801676432,64933
571,581.3694257920295,1,0.16974911094869846,20.379063279288157,-396.00024850027904,65002
572,629.219761948429,1,0.16949448728227542,13.13692880445911,-396.02247668850805,65064
573,616.9954581097784,1,0.16924024555135203,49.69814383282381,-394.9320400462431,65132
574,621.9495827705324,1,0.168986385183025,12.354103993146847,-395.3061280861879,65211
575,628.4507463279201,1,0.16873290560525048,12.116485718757875,-397.63870829920614,65273
576,625.7263613843145,1,0.1684798062468426,40.21050359180995,-397.06716395786833,65343
577,626.655335494951,1,0.16822708653747237,20.655171659257675,-395.78586267541954,65397
578,627.3372788589543,1,0.16797474590766617,29.316733461437803,-395.9561443906842,65463
579,629.9150762668627,1,0.16772278378880467,14.131354061762492,-396.0327392578125,65522
580,631.0522669463497,1,0.16747119961312149,21.141784208792227,-396.95749918619794,65577
581,591.8953501047922,1,0.1672199928137018,17.888129517436028,-397.0357828140259,65641
582,550.4513582834959,1,0.16696916282448127,19.905849531292915,-395.61817359924316,65705
583,630.5844402626632,1,0.16671870908024455,13.999420310769763,-397.06717572893416,65761
584,626.058374514767,1,0.1664686310166242,14.657801454717463,-396.32054739287406,65826
585,631.7568102846083,1,0.16621892807009928,26.02230823957003,-397.4706209622897,65879
586,631.1578170212374,1,0.16596959967799413,14.83250512747929,-394.8301612590921,65936
587,626.6669330990297,1,0.16572064527847716,21.10264845247622,-398.6822826244213,65990
588,602.1519461645825,1,0.16547206431055944,16.213117569684982,-397.38433837890625,66054
589,619.2958735913421,1,0.1652238562140936,12.450314160051017,-398.44408969221445,66113
590,630.1574683389767,1,0.16497602042977247,20.57262933254242,-395.5856617518834,66168
591,619.5088865730582,1,0.1647285563991278,15.984600620885049,-397.73999712544105,66230
592,628.8324317505326,1,0.16448146356452914,20.01938375933417,-397.1096317685884,66289
593,615.0087441773034,1,0.16423474136918237,12.828113015492757,-396.06334431966144,66348
594,592.2202708516866,1,0.1639883892571286,21.424166530370712,-397.5388078689575,66412
595,632.1416159334046,1,0.1637424066732429,48.56654029233115,-397.0972987583705,66469
596,614.4646955021149,1,0.16349679306323306,34.48236061467065,-396.74737124972876,66541
597,630.2015882161415,1,0.16325154787363821,10.223306035995483,-397.55592244466146,66600
598,629.5516885691878,1,0.16300667055182777,25.818251021703084,-398.4337951660156,66660
599,585.5367458040536,1,0.16276216054600004,20.44546530323644,-398.92905549080143,66722
600,632.4803049320345,1,0.16251801730518106,13.317245559692383,-397.2091748046875,66772
601,630.7312096732327,1,0.1622742402792233,25.35311218544289,-398.81479899088544,66827
602,606.8183303488654,1,0.16203082891880446,12.043933593865598,-398.85393824721825,66893
603,631.7778520592814,1,0.16178778267542626,27.007631744657242,-398.2266736711775,66948
604,631.4105788037714,1,0.16154510100141314,18.25190293347394,-399.1395568847656,67002
605,625.2029911347354,1,0.16130278334991102,17.312336987462537,-399.7247209220097,67061
606,630.6613136156916,1,0.16106082917488618,11.344548023664034,-399.30265455979566,67113
607,631.9802250643419,1,0.16081923793112385,16.271446228027344,-398.60650517390326,67165
608,629.2792170716739,1,0.16057800907422717,13.710463482758094,-399.64280332367997,67223
609,619.3789981572603,1,0.16033714206061583,22.996324523802727,-398.944339875252,67285
610,580.896375431641,1,0.1600966363475249,44.604899992261615,-397.96832972935266,67354
611,396.6003519327858,1,0.15985649139300365,22.353431640527187,-398.47819166917066,67432
612,559.3496635068652,1,0.15961670665591415,16.793654195723995,-397.67811436806954,67495
613,624.2902986434253,1,0.1593772815959303,10.299709431330363,-399.48699442545575,67554
614,629.908600602381,1,0.1591382156735364,20.03494901041831,-398.8682802261845,67616
615,622.0799951371831,1,0.1588995083500261,18.39858353579486,-398.00640756112557,67671
616,632.0415744249653,1,0.15866115908750106,9.825112086076002,-398.3912823016827,67723
617,628.1765695407719,1,0.15842316734886983,11.81181243158156,-399.37057396673384,67784
618,630.4965217595131,1,0.15818553259784654,20.14253658718533,-399.11030635127315,67839
619,631.5978379656415,1,0.1579482542989498,19.47696625744855,-399.2284025969329,67892
620,615.0309314727211,1,0.15771133191750136,19.945397788080676,-400.42528455010773,67951
621,630.957496846265,1,0.15747476491962512,13.04066041420246,-399.3883372339709,68008
622,631.2665345362974,1,0.1572385527722457,14.658383479485146,-398.50200711763824,68061
623,632.7000882968678,1,0.15700269494308733,13.493557472229003,-400.3832067871094,68110
624,631.1492238505452,1,0.1567671909006727,23.87486241544996,-399.6313683646066,68166
625,628.975361921919,1,0.1565320401143217,55.537373034159344,-398.1617502848307,68227
626,629.2596986783494,1,0.15629724205415021,22.68364638666953,-398.65197261687246,68288
627,631.5848042126047,1,0.156062796191069,21.945336624428077,-399.7983161078559,68342
628,629.0078903863648,1,0.1558287019967824,14.746469640731812,-399.1311777750651,68403
629,598.9815426860473,1,0.15559495894378722,12.790392764409383,-398.52508544921875,68462
630,608.6184854502609,1,0.15536156650537156,21.93179063796997,-400.5370178222656,68522
631,627.9659278526317,1,0.1551285241556135,51.12552762800647,-400.2086486816406,68585
632,630.1603033799814,1,0.1548958313693801,42.45314961892587,-398.948070384838,68639
633,604.7793226236183,1,0.15466348762232604,17.222722448151686,-399.24828259698273,68697
634,632.9834979532861,1,0.15443149239089257,21.746343841552733,-399.5620446777344,68747
635,632.0467828583639,1,0.15419984515230625,15.663494880382832,-401.27893888033356,68798
636,633.3794788591878,1,0.1539685453845778,9.796318332354227,-400.57998275756836,68847
637,620.5347716548677,1,0.15373759256650094,11.519418800578398,-400.0258465935202,68915
638,626.2019807452828,1,0.15350698617765118,14.656967586941189,-399.777830335829,68987
639,632.3012505821393,1,0.1532767256983847,22.873187927099373,-400.6444279597356,69039
640,588.1044663938844,1,0.15304681060983716,16.3153792694211,-400.6102018356323,69103
641,604.5278274456338,1,0.15281724039392242,19.26034451975967,-399.20540272105825,69168
642,633.2884823803852,1,0.15258801453333154,17.74772268295288,-401.6256115722656,69218
643,627.258584691546,1,0.15235913251153155,15.8293037712574,-400.67516708374023,69283
644,608.855962145019,1,0.15213059381276425,10.269223558491674,-399.530866951778,69340
645,624.5322548932177,1,0.1519023979220451,17.359962224960327,-401.33341326032365,69410
646,627.7084608688533,1,0.15167454432516203,15.825834929943085,-401.0468997955322,69474
647,628.1520477971753,1,0.1514470325086743,15.574207458496094,-401.74860229492185,69524
648,622.4692545527985,1,0.1512198619599113,12.119595672145035,-402.21324943773675,69590
649,554.7460298503374,1,0.15099303216697144,18.485261122385662,-400.97926056690704,69668
650,630.2309771756242,1,0.150766542618721,10.437726442630474,-401.1507380558894,69721
651,631.5883565751451,1,0.15054039280479292,17.160819658866295,-400.46095980130707,69772
652,627.9473592021814,1,0.15031458221558575,19.125738620758057,-400.3386869430542,69836
653,630.2027767200941,1,0.15008911034226238,17.73680225213369,-401.88245849609376,69897
654,621.4565083767989,1,0.149863976676749,11.794805132109543,-401.49178340517244,69955
655,626.3492850149527,1,0.14963918071173388,21.530723644025397,-400.5408907803622,70020
656,629.9483326006418,1,0.1494147219406663,26.530222267940125,-400.19596073545256,70079
657,622.0071342707799,1,0.1491905998577553,13.76236696243286,-400.68375122070313,70129
658,632.2013703588188,1,0.14896681395796865,15.64380439122518,-401.7802971733941,70182
659,627.7150192593292,1,0.1487433637370317,20.25077318422722,-400.35281002160275,70249
660,631.2135018464562,1,0.14852024869142616,12.632991350614107,-401.15430626502405,70301
661,600.3891821154359,1,0.14829746831838903,44.71943304117988,-399.91213719985063,70369
662,631.4223016040312,1,0.14807502211591145,23.61225242967959,-400.1590824833623,70423
663,630.5537622244686,1,0.14785290958273758,17.789846301078796,-401.0066364833287,70478
664,620.6192064724917,1,0.1476311302183635,17.319533841950552,-400.94999040876115,70534
665,630.9282056631671,1,0.14740968352303596,14.061598103621911,-402.7405890103044,70592
666,630.6198357040986,1,0.14718856899775143,26.655843166204598,-401.26112365722656,70644
667,627.2687593876639,1,0.14696778614425482,13.726860877006285,-401.30628425844253,70707
668,633.0744513979471,1,0.14674733446503843,13.562646236419678,-402.64193359375,70756
669,597.0038639848804,1,0.14652721346334088,27.010394051671028,-400.9838285446167,70820
670,630.2795410029098,1,0.1463074226431459,9.943668447691818,-402.3085106159079,70878
671,615.1234825006434,1,0.14608796150918119,27.125865590983423,-399.87920721646014,70937
672,593.9608655969105,1,0.14586882956691744,24.15305946719262,-402.1083324801537,70998
673,632.8848611347051,1,0.14565002632256707,18.91130159298579,-400.7415148417155,71046
674,628.4462589758643,1,0.14543155128308322,14.565131584803263,-401.2092997233073,71107
675,628.0057347972468,1,0.1452134039561586,9.378250322034281,-401.0361160770539,71169
676,633.5715273761898,1,0.14499558385022435,25.545163955688476,-401.37322021484374,71219
677,628.2102230921703,1,0.144778090474449,18.358820945985855,-402.1675562704763,71281
678,581.9274911067969,1,0.14456092333873735,10.76155396430723,-400.6347429829259,71343
679,633.0338865099471,1,0.14434408195372925,30.98559232552846,-402.64015706380206,71391
680,606.3777574329844,1,0.14412756583079867,77.38289134642658,-402.8970776726218,71458
681,632.5446849979985,1,0.14391137448205246,12.049034118652344,-401.21250732421873,71508
682,629.939540287457,1,0.14369550742032938,15.39414448208279,-402.4425806116175,71563
683,615.622017070334,1,0.1434799641591989,17.056510414396012,-402.072256905692,71619
684,631.3999313534937,1,0.1432647442129601,28.86918290456136,-401.3885972764757,71673
685,616.52357207297,1,0.14304984709664065,20.32481154080095,-402.0582748939251,71730
686,609.3884463222194,1,0.1428352723259957,24.252754112769818,-401.0804906384698,71789
687,630.854078365502,1,0.1426210194175067,10.155013906544653,-402.2891361631196,71846
688,631.3898333926325,1,0.14240708788838047,11.256360897651085,-401.72122896634613,71899
689,623.8885489538923,1,0.1421934772565479,9.204976127993676,-402.73101412865424,71960
690,630.4076440693528,1,0.1419801870406631,20.293418645858765,-402.24066365559895,72020
691,631.9804569161347,1,0.1417672167601021,12.746636390686035,-402.2053698730469,72071
692,628.8177741101931,1,0.14155456593496193,14.671515234055057,-402.7024683798513,72132
693,631.4166426313059,1,0.1413422340860595,9.643283403836763,-401.24718299278845,72184
694,632.826140272391,1,0.14113022073493042,53.798987885316215,-400.7194404602051,72232
695,593.0687276859235,1,0.14091852540382804,18.191197458902995,-403.00490010579426,72293
696,632.3103870839698,1,0.1407071476157223,15.925956916809081,-400.61410034179687,72342
697,619.6318352547271,1,0.14049608689429874,19.6018026192983,-401.282432047526,72402
698,630.0859486332763,1,0.1402853427639573,16.6897042542696,-400.75253105163574,72466
699,630.4101754716207,1,0.14007491474981137,15.990494642938886,-402.85347965785434,72522
700,627.2957703085924,1,0.13986480237768667,33.96781404201801,-403.43036123422473,72575
701,629.0478958072349,1,0.13965500517412016,15.011958360671997,-401.2453603744507,72638
702,572.4177315580105,1,0.13944552266635898,14.561475184655958,-403.6141111312374,72700
703,631.1648379796114,1,0.13923635438235946,10.868216973763925,-401.8754645453559,72755
704,628.629470704925,1,0.1390274998507859,13.165603265166283,-402.94435596466064,72818
705,621.5344377850448,1,0.13881895860100973,11.230516359210014,-402.48254585266113,72882
706,630.6071352964761,1,0.13861073016310824,22.846491266179967,-404.1675155074508,72936
707,623.2343081441286,1,0.1384028140678636,16.138569231956236,-401.64364131804433,72999
708,629.0506299943914,1,0.1381952098467618,10.39945123935568,-404.11933530610185,73057
709,632.3887422002127,1,0.13798791703199167,10.998612079620361,-401.5494494628906,73106
710,630.0934919213494,1,0.13778093515644368,9.93096775668008,-401.1446282523019,73163
711,627.9106710200322,1,0.13757426375370901,11.06515974998474,-401.0378405761719,73212
712,538.2611760329089,1,0.13736790235807847,61.333332422452095,-402.52089045597955,73291
713,607.5941577503105,1,0.13716185050454135,19.28867078549934,-401.9585321599787,73357
714,632.4521130897529,1,0.13695610772878455,34.77219608306885,-402.13006591796875,73407
715,630.3349825654966,1,0.1367506735671914,20.505285245400888,-402.04623074001734,73461
716,632.4489299508666,1,0.13654554755684062,27.110979146957398,-403.1277734375,73511
717,628.423704992711,1,0.13634072923550536,13.551230372804584,-402.05009044300425,73577
718,627.9910175392431,1,0.1361362181416521,44.84433530807495,-401.3402783203125,73627
719,619.3196270286847,1,0.13593201381443965,19.159297958016396,-402.9139051437378,73690
720,619.0521885283514,1,0.135728115793718,14.019876928890453,-402.25415757123164,73759
721,548.2719788882277,1,0.13552452362002743,11.372650855296367,-402.50268802127323,73832
722,629.2229960191542,1,0.1353212368345974,14.283360174724034,-402.2782211303711,73889
723,615.5197283539212,1,0.13511825497934551,12.182936931478567,-404.8998876111261,73947
724,614.0310265318451,1,0.1349155775968765,33.30715769734876,-401.8208113045528,74005
725,630.467012730158,1,0.1347132042304812,13.91413949217115,-402.010621207101,74060
726,631.685111556083,1,0.13451113442413548,14.985131731400124,-403.04743135892426,74113
727,631.7886480789547,1,0.1343093677224993,11.718552369337816,-402.7334547776442,74165
728,612.5255073329347,1,0.13410790367091555,22.245414897799492,-403.80355167388916,74229
729,631.1618398878672,1,0.13390674181540918,20.344940547285407,-403.7912492423222,74286
730,630.1043948520739,1,0.13370588170268607,22.232332903763343,-404.19296896046603,74344
731,632.1862343122359,1,0.13350532288013206,10.834763374328613,-402.890439453125,74395
732,629.2507987814872,1,0.13330506489581187,12.57850876162129,-404.07547489289317,74457
733,630.473611481838,1,0.13310510729846817,15.500892603838885,-402.3799461082176,74511
734,632.1971695884421,1,0.13290544963752046,17.372091575905127,-400.9603101942274,74564
735,630.8899385397087,1,0.1327060914630642,11.705093330807156,-403.05987661856193,74619
736,631.0792029723851,1,0.1325070323258696,9.466261281967164,-404.1696081542969,74669
737,626.6641242973045,1,0.1323082717773808,19.73263756434123,-402.75710833514177,74723
738,630.6522212474391,1,0.13210980936971475,13.221059441566467,-401.9265616280692,74779
739,631.3117218367446,1,0.1319116446556602,14.313074482811821,-402.4812023021557,74833
740,631.6410521152923,1,0.13171377718867672,13.798206523612693,-401.9659491644965,74886
741,632.0511278915656,1,0.1315162065228937,8.00940446058909,-405.653569539388,74935
742,629.5753643916078,1,0.13131893221310936,20.635779329708644,-402.1878335135324,74991
743,623.0806002890776,1,0.1311219538147897,26.488260930584325,-402.09826561712447,75052
744,626.7455734371522,1,0.13092527088406752,9.43631798774004,-402.8236951828003,75116
745,608.9470888806143,1,0.13072888297774143,8.49249164811496,-404.06371228448273,75174
746,631.999813952696,1,0.13053278965327483,19.054286296551044,-401.25586876502405,75227
747,614.9625164722114,1,0.13033699046879493,13.520549408594768,-400.5221282958984,75286
748,611.2844451224224,1,0.13014148498309175,7.97055043997588,-403.8267471878617,75340
749,631.3061387006552,1,0.12994627275561713,16.360410354755544,-403.9305114746094,75394
750,629.8766241902354,1,0.12975135334648372,11.974402817090352,-403.3408986409505,75455
751,629.7256668702835,1,0.129556726316464,16.966373706686085,-402.9170206004176,75512
752,632.2105633399467,1,0.1293623912269893,17.952512502670288,-402.15108276367187,75563
753,631.2987662081338,1,0.12916834764014884,55.71487357066228,-402.80665236253003,75615
754,629.324793505318,1,0.1289745951186886,9.351980217571917,-402.44822850720635,75673
755,629.0560321067551,1,0.1287811332260106,36.6876194636027,-403.400107828776,75733
756,631.3878991721649,1,0.12858796152617158,20.851940072815992,-401.3654237944504,75790
757,603.9878644354624,1,0.12839507958388233,9.967827558517456,-403.6802716936384,75846
758,624.9249397579208,1,0.1282024869645065,10.046433383020862,-403.22513764480067,75904
759,630.3465503731284,1,0.12801018323405974,14.175719331811976,-403.53358176902486,75959
760,605.2759708998151,1,0.12781816795920867,16.132799493855444,-403.1345004377694,76016
761,629.447810434697,1,0.12762644070726986,11.88206717797688,-402.47572544642856,76073
762,631.0280980216392,1,0.12743500104620897,10.727589624268669,-404.3448965890067,76129
763,630.9619892553401,1,0.12724384854463966,10.320014971273917,-401.8725857204861,76182
764,630.2529022214591,1,0.1270529827718227,10.388214468955994,-401.4192417689732,76238
765,631.7608430068632,1,0.12686240329766496,10.20898542037377,-402.7417966402494,76290
766,627.3478555250088,1,0.12667210969271847,21.534427867216223,-403.0429032269646,76358
767,631.3754893270168,1,0.1264821015281794,11.287441066333226,-403.6458315168108,76414
768,632.7542419655827,1,0.12629237837588714,27.035807987054188,-403.1000671386719,76463
769,623.5035718081174,1,0.12610293980832332,12.313664749264717,-404.5804491043091,76526
770,632.9408084071034,1,0.12591378539861084,7.969020773967107,-401.4241689046224,76574
771,631.0952916578648,1,0.12572491472051292,16.56702197039569,-403.0857329191985,76628
772,628.8848138795315,1,0.12553632734843215,23.706263788284794,-404.2293464906754,76690
773,630.7051878037273,1,0.1253480228574095,35.210302077806915,-402.6919837364784,76743
774,632.0066163423102,1,0.1251600008231234,16.570393228530882,-402.5148864746094,76793
775,631.1349979779244,1,0.12497226082188871,14.511608362197876,-404.5566934438852,76844
776,630.5669762656664,1,0.12478480243065589,14.068395084804958,-403.99021289966726,76899
777,630.4080680973177,1,0.12459762522700991,14.92828584600378,-404.5502262821904,76953
778,625.1177406861152,1,0.12441072878916941,16.636994641402673,-403.1929458091999,77010
779,629.22129759069,1,0.12422411269598566,57.82674193382263,-402.2633819580078,77079
780,614.5100635871448,1,0.12403777652694169,12.65442443716115,-403.08520718278555,77137
781,634.0688304741861,1,0.12385171986215128,10.082630306482315,-404.32313283284503,77185
782,629.096585245379,1,0.12366594228235805,12.87115817234434,-402.23890107253504,77243
783,633.0164291745823,1,0.12348044336893453,15.03799386024475,-402.7927233886719,77293
784,627.3680914419843,1,0.12329522270388113,16.02586556971073,-402.9299020767212,77357
785,629.6191104337956,1,0.12311027986982531,16.615154504776,-404.0085194905599,77417
786,629.5572567965935,1,0.12292561445002058,11.124715089797974,-402.7533365885417,77476
787,633.4219376581954,1,0.12274122602834556,12.571172932783762,-402.7065798441569,77524
788,632.9182024997735,1,0.12255711418930304,9.896382212638855,-403.23743947347003,77573
789,614.5432886386432,1,0.12237327851801909,24.381810983022053,-403.3423329671224,77632
790,631.1940672680541,1,0.12218971860024207,12.436528774408194,-405.05367689866284,77684
791,632.4841707223053,1,0.12200643402234171,9.68876535158891,-404.20958064152643,77736
792,632.2241846236037,1,0.1218234243713082,23.394596805572508,-404.646259765625,77786
793,631.6938596719565,1,0.12164068923475126,17.335757732391357,-402.0589869572566,77839
794,632.788143867025,1,0.12145822820089913,19.121037216186522,-402.71307495117185,77888
795,631.4350040060451,1,0.12127604085859779,23.59062821131486,-401.5684028038612,77940
796,630.6529129058156,1,0.1210941267973099,12.46234851413303,-401.82552422417535,77994
797,624.2395745907953,1,0.12091248560711394,15.304835866998744,-402.2122316713686,78049
798,627.2232136562893,1,0.12073111687870328,12.622340669631958,-404.4251904296875,78098
799,627.8278058740614,1,0.12055002020338523,34.925856865369354,-403.476317185622,78150
800,618.8453885934601,1,0.12036919517308016,11.1541823879365,-403.0758548859627,78213
801,632.0904074093655,1,0.12018864138032055,10.750114631652831,-402.5773767089844,78262
802,631.4248016658471,1,0.12000835841825008,11.84937467941871,-403.7794130765475,78314
803,630.7680240306781,1,0.11982834588062272,11.000845597340511,-402.9889819805439,78367
804,617.6408804191982,1,0.11964860336180179,14.11959816563514,-404.18304640246976,78428
805,630.7551237989916,1,0.1194691304567591,12.123636630865244,-403.7088681734525,78481
806,629.7058339766619,1,0.11928992676107396,15.193572129522051,-403.81677791050504,78537
807,630.7130929579141,1,0.11911099187093235,10.585224813885159,-403.35103013780383,78591
808,630.2231664261778,1,0.11893232538312597,55.419361165591646,-402.892325265067,78646
809,632.4997929428175,1,0.11875392689505128,12.247209603969868,-403.5946948711689,78698
810,617.0924865057984,1,0.1185757960047087,18.468560732327976,-405.13053424541766,78751
811,626.1019191563521,1,0.11839793231070164,14.564470070379752,-402.48101015444155,78805
812,632.0067443284634,1,0.1182203354122356,8.299411739621844,-403.9561342511858,78860
813,629.9790648354339,1,0.11804300490911726,56.415562697819304,-402.4248035975865,78916
814,619.5860894273432,1,0.11786594040175359,14.623259936060224,-402.47308349609375,78973
815,631.7209702360606,1,0.11768914149115096,12.568769284657069,-403.82870047433033,79028
816,630.4045139622481,1,0.11751260777891424,14.977086702982584,-402.6597595214844,79082
817,632.2036218049437,1,0.11733633886724588,8.35498369216919,-402.87172241210936,79132
818,627.5187715812125,1,0.11716033435894502,37.35909238815307,-400.6287683105469,79182
819,629.9686497182923,1,0.1169845938574066,13.635582529265305,-403.88783106310615,79241
820,629.7112582780104,1,0.1168091169666205,18.151315393119024,-403.4514433762123,79299
821,629.7313392240588,1,0.11663390329117057,18.02086740732193,-403.5406581333705,79355
822,631.9225495535889,1,0.11645895243623382,11.023739484640268,-402.94470566969653,79406
823,630.7724491551961,1,0.11628426400757948,10.920731365680695,-403.85493905203685,79462
824,632.8714831656221,1,0.11610983761156811,7.312102603912353,-402.770078125,79513
825,630.1873307092126,1,0.11593567285515076,10.892098903656006,-403.7626721612338,79570
826,631.6478976557484,1,0.11576176934586804,15.743623189926147,-404.242646484375,79621
827,630.7388759274621,1,0.11558812669184924,15.558979246351454,-402.22802508318864,79674
828,632.4961690806119,1,0.11541474450181148,12.930957307418188,-404.1639773050944,79723
829,628.5771095671975,1,0.11524162238505876,15.57235762278239,-403.28199055989586,79783
830,627.2070766458394,1,0.11506875995148118,13.664270648249873,-403.6733567979601,79836
831,631.3539542203412,1,0.11489615681155396,33.32173222761888,-403.4793701171875,79888
832,629.8351608423309,1,0.11472381257633664,13.879681757518224,-402.70786939348494,79944
833,633.1096540515982,1,0.11455172685747214,14.925337086553158,-402.98620340098506,79991
834,632.8801664213345,1,0.11437989926718593,14.246837253570556,-402.072001953125,80040
835,631.6941272682731,1,0.11420832941828515,9.253129482269287,-402.9594918710214,80095
836,630.3113594343292,1,0.11403701692415773,20.446738566671097,-403.97608947753906,80151
837,604.1896850229389,1,0.1138659613987715,8.516438484191895,-401.6464115265877,80212
838,633.5828052721336,1,0.11369516245667335,19.769938468933105,-403.052138671875,80262
839,630.9577494352836,1,0.11352461971298836,10.606151156955296,-401.4635021068432,80317
840,632.7014658831367,1,0.11335433278341887,51.440655937194826,-403.91900634765625,80367
841,612.4184256830132,1,0.11318430128424375,18.222906799316405,-402.8967138671875,80417
842,631.7205035337954,1,0.1130145248323174,9.289307603129634,-403.00522302698204,80470
843,628.3167060342374,1,0.11284500304506893,19.584727935492992,-403.6497974395752,80535
844,631.6559148922075,1,0.11267573554050134,10.880241302343515,-402.89357229379505,80586
845,633.0652015590724,1,0.11250672193719059,7.84683025876681,-402.7242902119954,80634
846,632.1654415704013,1,0.11233796185428481,10.193919698397318,-402.4018859863281,80683
847,628.7608173307469,1,0.11216945491150339,13.782478833198548,-401.2276224772135,80742
848,628.2239610426868,1,0.11200120072913614,9.50855450630188,-400.51384887695315,80803
849,577.4543799693117,1,0.11183319892804244,12.51533379405737,-403.45234775543213,80866
850,632.3681132319559,1,0.11166544912965039,13.675209350585938,-403.84564697265625,80917
851,632.8929102955384,1,0.11149795095595592,62.352593631744384,-401.6894787597656,80967
852,626.4426218063335,1,0.111330704029522,12.176820666701705,-403.00983457212095,81021
853,624.648401325702,1,0.11116370797347772,15.113333191190447,-404.5696803501674,81077
854,629.6205999677552,1,0.1109969624115175,11.014255873362224,-403.33014526367185,81137
855,631.8879152102883,1,0.11083046696790023,12.888844995498657,-402.72421875,81187
856,551.8605640596786,1,0.11066422126744839,10.86231256212507,-401.30231323242185,81257
857,632.3163647661428,1,0.11049822493554723,10.410410706813519,-403.0081787109375,81308
858,633.022084270979,1,0.11033247759814391,9.738774506942086,-403.82817011294156,81355
859,624.5999063165564,1,0.1101669788817467,12.696342534032361,-403.77424674198545,81412
860,627.8854167190768,1,0.1100017284134241,25.37779607772827,-402.79117797851563,81462
861,632.1283016282862,1,0.10983672582080396,14.672259660867544,-401.43627108060394,81514
862,631.0608648207038,1,0.10967197073207276,12.122676681589198,-402.1582359031395,81568
863,620.5687157793278,1,0.10950746277597466,7.16978120803833,-401.925863760489,81622
864,631.1652225343832,1,0.1093432015818107,9.974090576171875,-403.1955091688368,81676
865,630.4561846231461,1,0.10917918677943798,8.494832864174477,-403.4294187105619,81729
866,631.8091294202193,1,0.10901541799926884,10.318527560967665,-405.87467017540564,81781
867,629.0031387550653,1,0.10885189487226994,17.87589491903782,-403.23134899139404,81844
868,633.2710767187709,1,0.10868861702996155,68.69811893546063,-404.1931789232337,81891
869,629.3950365971727,1,0.10852558410441661,11.777459703642746,-402.95676501043914,81949
870,614.2582072191756,1,0.10836279572825999,15.68549976348877,-402.10967915852865,82008
871,630.5456778510345,1,0.10820025153466761,13.752235606864646,-403.2913829662182,82063
872,633.3702286285558,1,0.10803795115736561,26.30438861846924,-403.37486572265624,82113
873,630.2488042804134,1,0.10787589423062957,7.139963388442993,-402.15474482945035,82169
874,615.4418885232767,1,0.10771408038928364,7.7450646332332065,-403.9470945085798,82225
875,633.1115625092363,1,0.10755250926869972,11.921205431222916,-404.29565048217773,82273
876,632.2382047737498,1,0.10739118050479668,9.904374599456787,-402.78003281813403,82325
877,631.2425643208508,1,0.1072300937340395,13.666544198989868,-402.8545907827524,82377
878,632.6943069464307,1,0.10706924859343844,13.598081369400024,-401.79182983398437,82427
879,632.2472945125417,1,0.10690864472054828,20.618213213407078,-402.85125615046576,82478
880,548.1775524639784,1,0.10674828175346747,13.077136012486049,-402.50491594587055,82548
881,631.7845195139582,1,0.10658815933083728,15.331184698985172,-401.2539461576022,82600
882,632.0695758917855,1,0.10642827709184102,8.871415468362661,-402.49937321589545,82652
883,629.2495324220969,1,0.10626863467620326,12.73240384885243,-405.0132141113281,82709
884,632.0584059806636,1,0.10610923172418896,11.866822566986084,-402.16674560546875,82759
885,632.2017832874394,1,0.10595006787660267,7.026591863632202,-404.68386108398437,82809
886,632.0310898521586,1,0.10579114277478778,9.109799164992113,-403.2575883131761,82861
887,630.7730571243225,1,0.1056324560606256,11.504054938043867,-403.04369463239397,82917
888,629.5292647202914,1,0.10547400737653467,13.336560939920359,-402.6718897326239,82975
889,632.8000299187477,1,0.10531579636546988,13.707025032043457,-403.2860632324219,83025
890,632.4668541524326,1,0.10515782267092168,15.912649002075195,-401.6729846191406,83074
891,628.7412758284889,1,0.1050000859369153,14.29480810960134,-402.9979665120443,83134
892,630.8240076223088,1,0.10484258580800994,21.117578506469727,-402.40328640407984,83188
893,632.4162046571932,1,0.10468532192929793,15.441586313247681,-402.8165087890625,83238
894,627.1452895230494,1,0.10452829394640399,10.533224153518677,-403.3381872558594,83289
895,630.2208666181166,1,0.1043715015054844,21.95512107566551,-401.23509611906826,83343
896,561.6561914192389,1,0.10421494425322618,21.56325844795473,-403.9442847467238,83405
897,629.1179499414093,1,0.10405862183684635,26.206691026687622,-403.61376953125,83461
898,632.6144060555475,1,0.10390253390409109,6.8773465347290035,-404.64274658203124,83510
899,631.3841829240091,1,0.10374668010323496,10.80170726776123,-403.6200459798177,83564
900,632.4395941100929,1,0.10359106008308011,18.033694477081298,-402.42285888671876,83615
901,631.5234111866658,1,0.1034356734929555,8.990404217331498,-404.0427076551649,83669
902,626.7083140001168,1,0.10328051998271608,14.495880409523293,-402.57371690538196,83722
903,631.6030221117963,1,0.103125599202742,8.527743348368892,-403.0216968677662,83777
904,633.0155038819421,1,0.1029709108039379,14.211878031492233,-403.82677968343097,83825
905,632.8687898157996,1,0.102816454437732,9.092737293243408,-402.47917602539064,83875
906,631.2752918952035,1,0.10266222975607542,10.983407148608455,-403.89646402994794,83929
907,630.4380945346588,1,0.10250823641144131,15.979832507945874,-402.81569417317706,83983
908,631.3463553416498,1,0.10235447405682416,15.366399713924952,-403.60347638811385,84038
909,614.8193454414757,1,0.10220094234573893,11.919748536471662,-401.9438950111126,84097
910,632.5518791641563,1,0.10204764093222032,20.09432855606079,-402.459423828125,84147
911,633.0303137567562,1,0.101894569470822,10.088422030210495,-401.8066240946452,84195
912,632.9775928983343,1,0.10174172761661576,13.260360670089721,-404.29034912109375,84245
913,632.9248488903197,1,0.10158911502519084,12.936670436859131,-402.7092822265625,84295
914,630.7749219341882,1,0.10143673135265306,10.776612332889012,-402.3826021466936,84351
915,631.6420040109291,1,0.10128457625562409,12.212538168980526,-403.0908332237831,84403
916,632.480233944794,1,0.10113264939124066,6.812988367080688,-405.71237915039063,84452
917,632.520589752856,1,0.1009809504171538,16.47481858253479,-403.4323046875,84503
918,631.2959227236327,1,0.10082947899152807,22.777393588652977,-402.5837918795072,84555
919,632.0048137631645,1,0.10067823477304078,7.274359055927822,-403.9154848371233,84610
920,632.932414005438,1,0.10052721742088122,18.203689297040302,-403.2667922973633,84659
921,631.5951790744571,1,0.1003764265947499,6.914910756624662,-402.06709759051984,84710
922,631.2929278847324,1,0.10022586195485779,14.226200929054848,-401.4902648925781,84762
923,632.8613495942263,1,0.10007552316192551,11.375329613685608,-404.7480888366699,84810
924,632.1047058577175,1,0.09992540987718262,18.7573400919254,-403.85405907264123,84862
925,631.8575394867553,1,0.09977552176236686,11.060751676559448,-404.0857720008263,84915
926,518.0983346779082,1,0.09962585847972331,8.69667112827301,-403.4753189086914,84987
927,630.8992491916083,1,0.09947641969200373,27.584258641515458,-404.47359575544084,85042
928,631.7484130207639,1,0.09932720506246573,10.556848440170288,-402.75566528320314,85092
929,630.1388308309251,1,0.09917821425487204,14.302394781793867,-403.4748077392578,85148
930,632.3229369009925,1,0.09902944693348974,21.865856783730642,-404.85196794782365,85204
931,630.0850158962273,1,0.0988809027630895,14.059588017287078,-404.23402009186924,85259
932,630.7061030552836,1,0.09873258140894488,16.20226401942117,-404.75565011160717,85314
933,632.3088179091686,1,0.09858448253683147,17.35058609644572,-403.80739720662433,85363
934,625.5318189542829,1,0.09843660581302623,21.270598791263723,-403.31423724139177,85417
935,632.1639264929175,1,0.0982889509043067,14.60631849215581,-404.02742356520434,85468
936,627.5359470713519,1,0.09814151747795025,10.590480304533436,-401.8241173528856,85530
937,633.2838965653306,1,0.09799430520173333,12.58289987564087,-402.68898315429686,85581
938,632.5833977512864,1,0.09784731374393073,19.97765460014343,-405.2268005371094,85630
939,630.1818870745517,1,0.09770054277331483,15.567894688359013,-402.69591154875576,85685
940,633.2120408477479,1,0.09755399195915486,10.126527100801468,-402.87575912475586,85733
941,589.5452868693932,1,0.09740766097121613,18.551203711827597,-402.9239532470703,85792
942,629.7359372392374,1,0.0972615494797593,7.2277741602488925,-405.03687831333707,85849
943,631.4620337283993,1,0.09711565715553967,7.481940544568575,-404.292486337515,85900
944,632.9827218012837,1,0.09696998366980637,25.105975189208984,-401.8904553222656,85950
945,630.8697516498781,1,0.09682452869430166,11.017112090037418,-404.20917334923377,86003
946,621.145569022733,1,0.09667929190126022,7.204278099125829,-404.9554590685614,86060
947,633.1845569122937,1,0.09653427296340833,12.303517036437988,-405.7140087890625,86110
948,628.3218883981708,1,0.09638947155396323,14.626616017571811,-400.1898077603044,86169
949,632.0122507348858,1,0.0962448873466323,15.705495300292968,-403.7644384765625,86219
950,633.1158280711012,1,0.09610052001561235,8.742773056030273,-403.6061901855469,86268
951,633.5224195548643,1,0.09595636923558894,7.371375858783722,-402.08087793986004,86317
952,462.6027385949709,1,0.09581243468173556,17.192275661230088,-401.75791625976564,86397
953,631.7417363120496,1,0.09566871602971296,9.447085288854746,-403.5533376840445,86448
954,631.8848369777131,1,0.09552521295566839,10.61887380710015,-402.38120797964245,86501
955,631.880670987746,1,0.09538192513623489,64.54108700581959,-401.78275190080916,86557
956,632.0423258178328,1,0.09523885224853054,15.889774120770968,-402.2116382305439,86608
957,626.4763842839727,1,0.09509599397015775,56.68534177780151,-404.1793737792969,86659
958,633.6927146132732,1,0.09495334997920252,65.29074042042096,-404.9104537963867,86707
959,631.7793154393084,1,0.09481091995423371,14.486377544403076,-402.3202783203125,86757
960,631.1959208458873,1,0.09466870357430236,13.362021207809448,-401.3520191737584,86813
961,631.045520700056,1,0.09452670051894091,7.17509847217136,-403.93279125072337,86867
962,631.2872313042637,1,0.0943849104681625,23.731684896681045,-402.6647451895255,86921
963,631.5802411643613,1,0.09424333310246026,13.956183039225065,-404.9778348482572,86973
964,632.9281670757114,1,0.09410196810280658,8.47170356909434,-403.5760014851888,87021
965,633.0499376273315,1,0.09396081515065237,15.163664321899414,-404.4159521484375,87070
966,630.5977297831623,1,0.0938198739279264,13.061614531737108,-405.0079909104567,87123
967,632.6343833119978,1,0.09367914411703451,11.500046253204346,-403.7139880371094,87173
968,630.832772936665,1,0.09353862540085897,9.617124151300501,-403.1795416937934,87226
969,631.3249035495477,1,0.09339831746275769,7.359754897930004,-403.77129222728587,87280
970,633.322776430969,1,0.09325821998656356,8.260775168736776,-401.48682403564453,87328
971,632.6948571419928,1,0.09311833265658372,6.693230251471202,-405.2382214864095,87376
972,631.8958975162861,1,0.09297865515759884,14.771038904190064,-403.41654907226564,87426
973,616.616933820633,1,0.09283918717486245,27.769280772942764,-403.76146521935095,87478
974,632.0717610048746,1,0.09269992839410016,44.456632843724,-405.24177946867763,87532
975,633.0665051704103,1,0.09256087850150901,16.13633857170741,-402.78725560506183,87580
976,632.4703876483366,1,0.09242203718375676,7.060331420898438,-404.54621337890626,87631
977,632.9688754160381,1,0.09228340412798113,11.404913544654846,-405.93972905476886,87679
978,632.0149355204572,1,0.09214497902178916,51.203276404967674,-404.8331604003906,87731
979,630.1867585176938,1,0.09200676155325647,15.411563890951651,-404.95084974500867,87785
980,630.0962491564748,1,0.0918687514109266,11.781918119501185,-405.97243358470774,87839
981,632.4796995350678,1,0.09173094828381022,8.941150522232055,-403.4211730957031,87888
982,631.6809774958722,1,0.09159335186138451,59.423886146545414,-403.7935681152344,87939
983,632.9332777025018,1,0.09145596183359243,14.55203452706337,-403.28531138102215,87987
984,632.9343936679813,1,0.09131877789084206,25.101129869620006,-402.5151901245117,88034
985,630.5747819743855,1,0.0911817997240058,8.839121474160088,-401.5335614239728,88088
986,630.7946058168769,1,0.09104502702441979,7.683802260292901,-404.28485785590277,88142
987,632.8571041456803,1,0.09090845948388317,70.64823745687802,-404.0519027709961,88191
988,630.9442902982601,1,0.09077209679465735,12.855457135609218,-405.43039049421037,88246
989,632.4173932335667,1,0.09063593864946537,14.210955162843069,-403.53688939412433,88295
990,630.847338804392,1,0.09049998474149118,17.915423325129918,-403.55345044817244,88350
991,632.83957674002,1,0.09036423476437895,5.619541988372803,-404.6602392578125,88400
992,632.1709691850385,1,0.09022868841223239,10.924563121795654,-403.8035009765625,88451
993,626.8287759999928,1,0.09009334537961404,8.648994799583189,-406.2627573320943,88512
994,633.059149042876,1,0.08995820536154463,12.815127591292063,-405.9453659057617,88561
995,632.3041771800638,1,0.08982326805350231,13.960683054394192,-402.92837298357927,88614
996,631.795713743658,1,0.08968853315142206,20.20151791749177,-403.6036467375579,88668
997,630.3674622816219,1,0.08955400035169493,15.367780557700566,-405.9796927315848,88724
998,632.406444342659,1,0.0894196693511674,10.670804710388184,-401.3732019042969,88774
999,631.7120465704913,1,0.08928553984714065,13.505835954959576,-404.77339993990387,88826
1000,632.7592006836642,1,0.08915161153736995,13.165531303571617,-401.6030379585598,88873
1001,630.3600979788208,1,0.0890178841200639,11.819459404264178,-404.0260892595564,88928
1002,631.8907100491675,1,0.0888843572938838,23.850945399357723,-403.5962301400992,88981
1003,628.0413930910381,1,0.08875103075794298,8.086187823613484,-405.3353708902995,89041
1004,632.784566428971,1,0.08861790421180607,17.949813165664672,-403.62361328125,89091
1005,600.0768246561433,1,0.08848497735548837,8.436784556933812,-402.89332580566406,89147
1006,633.6444772549247,1,0.08835224988945514,8.043520727157592,-406.36564086914063,89196
1007,529.7348429484638,1,0.08821972151462096,8.148910067298196,-404.1229266542377,89262
1008,630.5984711662525,1,0.08808739193234903,8.1711644243311,-403.377922905816,89316
1009,632.4078827101591,1,0.08795526084445052,7.851019353866577,-405.7970922851562,89366
1010,631.787500428687,1,0.08782332795318384,10.44609827041626,-404.4645935058594,89417
1011,631.4103268808838,1,0.08769159296125408,27.243319153785706,-403.5759066068209,89468
1012,634.0208897094096,1,0.08756005557181219,7.666519932124926,-404.10577392578125,89515
1013,632.4333262112864,1,0.08742871548845448,17.55506000518799,-404.54902221679686,89564
1014,632.5506979908231,1,0.0872975724152218,6.0693182448546095,-404.6261914571126,89613
1015,631.979219978267,1,0.08716662605659897,5.971987028121948,-404.30405395507813,89663
1016,632.7823706579479,1,0.08703587611751408,11.842781702677408,-403.373831431071,89711
1017,631.6748914245331,1,0.08690532230333782,22.411898639467026,-403.95568395543984,89764
1018,633.571465517475,1,0.08677496431988282,17.940493500750996,-403.5804761803669,89811
1019,632.3933222003319,1,0.08664480187340301,7.448304681777954,-403.3565515136719,89860
1020,611.4608160296123,1,0.08651483467059291,18.23944989534525,-403.65486497145434,89913
1021,631.3969720478784,1,0.08638506241858702,25.273468769513645,-402.84626535268933,89965
1022,627.8618015232221,1,0.08625548482495915,20.615244274139403,-405.7557629394531,90015
1023,632.7956475903137,1,0.08612610159772172,8.30963737487793,-403.58875244140626,90064
1024,632.0915614633057,1,0.08599691244532513,11.761742141511705,-405.41167308666087,90118
1025,628.0982267861336,1,0.08586791707665715,13.100962057113648,-403.91036499023437,90168
1026,622.1185154488126,1,0.08573911520104217,8.164737765605633,-402.0617887056791,90221
1027,633.0654237499118,1,0.08561050652824062,14.160306622584661,-403.66969045003253,90269
1028,631.8605363389272,1,0.08548209076844826,11.200583267211915,-404.6269970703125,90319
1029,630.7962140802301,1,0.08535386763229559,8.314030249913534,-403.41597832573785,90373
1030,603.6537527582586,1,0.08522583683084715,21.680519547955743,-404.8137375404095,90430
1031,631.4951525196473,1,0.0850979980756009,23.069526433944702,-403.59234130859375,90480
1032,633.0087260386601,1,0.0849703510784875,14.465632429122925,-404.1076513671875,90531
1033,629.4190960556089,1,0.08484289555186977,8.505922095528964,-404.9267420275458,90589
1034,631.9208408372731,1,0.08471563120854197,8.548658004173866,-404.4373133732722,90640
1035,631.3944819411239,1,0.08458855776172916,17.671367468657316,-405.1355296947338,90694
1036,632.7355304236114,1,0.08446167492508658,9.9080038356781,-404.8686267089844,90745
1037,633.1955727943761,1,0.08433498241269895,8.208362846374511,-403.25471069335936,90794
1038,632.8580165142035,1,0.0842084799390799,6.453367819388707,-402.0240592956543,90842
1039,632.6310749873902,1,0.08408216721917129,5.9775166511535645,-405.33421997070315,90893
1040,627.4873080777767,1,0.08395604396834254,17.6094683775535,-403.94461646446814,90944
1041,631.5703104585557,1,0.08383010990239002,11.508158252789425,-404.89759357158954,90997
1042,631.384366829475,1,0.08370436473753644,27.66429109756763,-403.65711388221155,91048
1043,632.1013159435104,1,0.08357880819043013,7.095095281600952,-403.2095104980469,91098
1044,632.0000547755324,1,0.0834534399781445,26.839313644629257,-403.37532512958234,91150
1045,632.8412687780608,1,0.08332825981817729,22.346539659500124,-406.1433996582031,91200
1046,632.1865757944506,1,0.08320326742845004,8.813301026821136,-405.93910217285156,91249
1047,633.4401901958777,1,0.08307846252730737,6.781465113162994,-400.6989606221517,91297
1048,631.4869982082487,1,0.08295384483351641,5.829640467961629,-405.5258235224971,91350
1049,631.1027909999692,1,0.08282941406626614,9.125837113176074,-403.9324264526367,91406
1050,633.0349174327112,1,0.08270516994516675,7.895293553670247,-406.56788380940753,91454
1051,632.4736953393256,1,0.082581112190249,23.708677673339842,-403.1959545898437,91504
1052,633.4486303825795,1,0.08245724052196363,12.777925391991934,-404.49852752685547,91553
1053,631.4302432696218,1,0.08233355466118068,23.951226870218914,-403.41183923791954,91606
1054,631.5131239473344,1,0.08221005432918892,18.6762553361746,-403.70521545410156,91658
1055,632.5213425906186,1,0.08208673924769513,24.059788818359376,-402.9670263671875,91708
1056,631.55416317097,1,0.0819636091388236,25.881297302246093,-406.0930163574219,91759
1057,632.5785812965396,1,0.08184066372511536,8.60533202611483,-405.93526869553784,91810
1058,631.6915052423631,1,0.0817179027295277,6.653416633605957,-404.78691650390624,91861
1059,630.1040373414789,1,0.08159532587543342,15.419456720352173,-403.9137050083705,91916
1060,633.2747287633318,1,0.08147293288662028,8.703385303417841,-405.41768010457355,91965
1061,621.7412337148303,1,0.08135072348729035,10.189845178808485,-404.20728302001953,92020
1062,632.6132930051157,1,0.08122869740205942,8.877525625228882,-405.9530676269531,92071
1063,571.0756688355248,1,0.08110685435595633,24.32587856234926,-404.36173595081675,92137
1064,632.5103606436805,1,0.0809851940744224,58.6282332611084,-403.78798583984377,92187
1065,632.7628001322556,1,0.08086371628331077,7.898833453655243,-402.9212506612142,92234
1066,631.7045620196257,1,0.0807424207088858,7.28238387291248,-404.275885948768,92286
1067,632.9644631446463,1,0.08062130707782249,9.42438006401062,-405.4528465270996,92334
1068,631.9974596228597,1,0.08050037511720576,19.08036251251514,-401.10899118276745,92386
1069,631.495830753666,1,0.08037962455452996,6.150714092254638,-403.958212890625,92436
1070,632.3452389239807,1,0.08025905511769817,13.027804869871874,-406.6070239727314,92488
1071,634.362120176217,1,0.08013866653502162,5.8262113902879795,-404.27701601774794,92535
1072,631.4567679499314,1,0.08001845853521909,6.304832458496094,-403.9089813232422,92586
1073,630.8198555294513,1,0.07989843084741627,20.881169759310207,-402.475581242488,92638
1074,631.3381003362204,1,0.07977858320114514,5.7510035404792195,-404.650144136869,92690
1075,630.9391518151867,1,0.07965891532634344,21.30851168815906,-404.30255244328424,92743
1076,556.6153899143944,1,0.07953942695335392,13.884672962129116,-403.49182415008545,92806
1077,633.6493194095061,1,0.0794201178129239,11.305156002873959,-402.32887865149456,92853
1078,593.2446347778969,1,0.07930098763620451,13.48430597782135,-403.1564636230469,92912
1079,632.9595276088114,1,0.07918203615475021,14.515121936798096,-403.1536407470703,92960
1080,631.4064699667824,1,0.07906326310051809,10.371650457382202,-406.580771484375,93011
1081,631.4867837290412,1,0.07894466820586732,28.980605449676514,-403.48884033203126,93061
1082,632.0938147562355,1,0.07882625120355852,14.332698488235474,-403.7649658203125,93111
1083,631.7146331805516,1,0.07870801182675319,10.9028591467784,-405.37718670184796,93162
1084,633.0130132132764,1,0.07858994980901306,12.631090293327967,-405.1457862854004,93210
1085,631.552479953137,1,0.07847206488429954,7.9320149421691895,-404.2327493520883,93262
1086,632.372028174093,1,0.0783543567869731,18.733063688278197,-405.2187658691406,93313
1087,631.7526819465907,1,0.07823682525179264,10.872471103668213,-404.16042236328127,93363
1088,633.0222385004212,1,0.07811947001391495,13.166061669588089,-405.9482078552246,93410
1089,631.3894084389298,1,0.07800229080889408,5.903312177658081,-405.8980822753906,93461
1090,631.6223245807693,1,0.07788528737268074,6.927183637252221,-402.3765434852013,93512
1091,633.4850585823453,1,0.07776845944162172,26.34096932411194,-402.863269308339,93559
1092,632.1867088440555,1,0.0776518067524593,10.03914442062378,-405.5733959960937,93608
1093,632.8915718423607,1,0.07753532904233061,56.871858524239585,-404.87886909816575,93655
1094,626.1996508829775,1,0.07741902604876712,10.994133163381505,-401.35828880027486,93708
1095,633.436063284754,1,0.07730289750969398,21.424154708782833,-404.83845138549805,93757
1096,611.0468646530436,1,0.07718694316342944,8.66637999435951,-405.6124688510237,93814
1097,633.4317008021388,1,0.07707116274868431,29.65627137819926,-405.50041071573895,93863
1098,632.3972419114514,1,0.07695555600456129,7.353099021911621,-405.21662475585936,93912
1099,630.4959282027964,1,0.07684012267055446,82.73643725258964,-401.7413798740932,93968
1100,631.0390363389915,1,0.07672486248654863,5.232269681417025,-405.5301642784706,94021
1101,631.6754693738297,1,0.07660977519281881,10.828686356544495,-404.48802889310394,94072
1102,605.7065788306255,1,0.07649486053002959,5.278624121959393,-406.22947692871094,94124
1103,631.3224938438241,1,0.07638011823923455,21.38430499147486,-405.05068065502024,94179
1104,632.499903076073,1,0.0762655480618757,22.082952325160687,-403.9064612755409,94230
1105,632.2239921011251,1,0.07615114973978289,22.62433200616103,-404.61915236253003,94282
1106,631.8638004338378,1,0.07603692301517322,22.592556829452516,-404.0294079589844,94333
1107,632.8097642643274,1,0.07592286763065047,7.621312687794368,-403.48391087849933,94380
1108,616.735687932081,1,0.0758089833292045,9.903711986541747,-402.99134033203126,94431
1109,540.2636913611202,1,0.07569526985421068,10.567256965944845,-404.0603283297631,94492
1110,633.0230305901287,1,0.07558172694942937,9.32190308968226,-404.9447135925293,94541
1111,631.2465670760927,1,0.07546835435900523,26.247068405151367,-404.234133206881,94593
1112,633.421577265759,1,0.07535515182746673,14.167169710000357,-406.1570739746094,94640
1113,632.9868448408225,1,0.07524211909972553,6.052435750961304,-405.3017272949219,94691
1114,631.4112659448567,1,0.07512925592107594,11.109134582372812,-405.00372431828424,94743
1115,632.5784500107216,1,0.07501656203719434,7.280580262343089,-404.7844416300456,94791
1116,630.8844588448236,1,0.07490403719413856,13.631284305027553,-405.57637895856584,94846
1117,622.4158112045853,1,0.07479168113834736,13.622488727172216,-405.7472152709961,94895
1118,631.5283540554502,1,0.07467949361663985,13.426533769678187,-405.0334009241175,94949
1119,631.8605612626739,1,0.07456747437621489,6.73308539390564,-405.3040078970102,95000
1120,632.2125639631117,1,0.07445562316465057,18.77309169769287,-405.803984375,95050
1121,631.8724554814387,1,0.0743439397299036,64.3223154258728,-405.45789306640626,95101
1122,630.2322303926128,1,0.07423242382030874,13.851070624810678,-404.46237634729454,95154
1123,632.7447622311034,1,0.07412107518457828,12.287626650022423,-404.35003264054006,95201
1124,631.3235879751167,1,0.07400989357180142,12.839540431132683,-405.8267810528095,95252
1125,630.5992613393918,1,0.07389887873144373,11.472760182839853,-404.05513170030383,95306
1126,631.5164855185242,1,0.07378803041334657,13.950990915298462,-404.4224060058594,95357
1127,632.5348284263534,1,0.07367734836772655,6.451421290636063,-406.82898203531903,95405
1128,632.9206915499799,1,0.07356683234517496,9.318541526794434,-403.0071911621094,95454
1129,633.0519324074888,1,0.0734564820966572,22.25006666779518,-405.38306427001953,95503
1130,631.6267384221358,1,0.07334629737351221,7.698969785983746,-405.2117532583383,95554
1131,631.4693560839598,1,0.07323627792745195,6.176339197158813,-404.75024169921875,95605
1132,633.5575523108243,1,0.07312642351056077,13.35942904651165,-405.1360969543457,95653
1133,632.5849972272299,1,0.07301673387529493,13.855660486221314,-405.2880383300781,95702
1134,630.8602852560317,1,0.072907208774482,21.228714264356174,-402.771240234375,95755
1135,630.9268975669929,1,0.07279784796132027,15.985075150217328,-405.3008793422154,95810
1136,633.6394488620655,1,0.0726886511893783,17.128531393797502,-405.2917666227921,95857
1137,632.6863427357196,1,0.07257961821259423,18.514090097867527,-404.1559495192308,95908
1138,632.0178840152772,1,0.07247074878527535,18.000415630340576,-404.8400183105469,95959
1139,631.691030486824,1,0.07236204266209743,8.193279220507694,-405.14588223970856,96010
1140,632.264762280014,1,0.07225349959810429,24.363224811553955,-405.53851440429685,96061
1141,632.8234380916094,1,0.07214511934870714,7.404177904129028,-404.44967163085937,96110
1142,631.8977518671472,1,0.07203690166968409,14.668736925125122,-404.66493896484377,96160
1143,632.839614114886,1,0.07192884631717957,6.661982208490372,-404.7232551574707,96209
1144,631.5420631915754,1,0.0718209530477038,17.140742549896242,-404.82933227539064,96259
1145,632.6075941375362,1,0.07171322161813225,18.33046459197998,-405.48157104492185,96309
1146,632.3864409958704,1,0.07160565178570505,55.288202212407036,-405.1028864933894,96360
1147,633.18593793011,1,0.0714982433080265,11.520143184661865,-404.40537719726564,96410
1148,633.0021461838502,1,0.07139099594306446,10.323500454425812,-405.95466232299805,96458
1149,632.5601406988394,1,0.07128390944914986,10.984114229679108,-403.5059750874837,96507
1150,589.9996495466344,1,0.07117698358497614,11.995332541004304,-405.4799568422379,96568
1151,631.6104445254542,1,0.07107021810959868,11.771340043456465,-406.397784197772,96622
1152,632.6554882363741,1,0.0709636127824343,5.780886352062225,-404.3993428548177,96671
1153,633.0708432702334,1,0.07085716736326064,10.345964312553406,-405.00463994344074,96719
1154,631.5790384264451,1,0.07075088161221575,10.287434825530418,-404.13770470252405,96770
1155,632.7413264296838,1,0.07064475528979743,8.386363878250123,-404.534580078125,96820
1156,632.422527782697,1,0.07053878815686274,8.484905109405517,-405.251484375,96870
1157,631.617904791063,1,0.07043297997462744,9.394499878883362,-404.236748046875,96921
1158,632.6884718203451,1,0.0703273305046655,57.60904189944267,-404.42179107666016,96969
1159,611.0725845540506,1,0.0702218395089085,11.615008788449424,-403.90921456473217,97025
1160,633.1787323211161,1,0.07011650674964515,9.387879351774851,-402.5008799235026,97073
1161,631.5279621250563,1,0.07001133198952068,13.552830824485191,-404.5187600942758,97125
1162,632.6859289724861,1,0.0699063149915364,23.319327001571654,-406.46182739257813,97175
1163,632.3798859741828,1,0.06980145551904911,19.314584374427795,-405.7521315354567,97226
1164,633.2074747717826,1,0.06969675333577054,5.4527628521124525,-403.4883893330892,97274
1165,632.8346180129805,1,0.06959220820576688,4.77916032075882,-406.99774678548175,97322
1166,631.240712956608,1,0.06948781989345823,18.946677134587215,-405.07479271521936,97375
1167,633.1876736194129,1,0.06938358816361805,6.510949783325195,-403.790029296875,97424
1168,633.9496905136443,1,0.06927951278137262,8.863669117291769,-404.41648356119794,97472
1169,632.2219639840864,1,0.06917559351220057,10.090646409988404,-403.2342590332031,97522
1170,634.2077662762734,1,0.06907183012193227,12.368543935858686,-403.9262177840523,97568
1171,632.8639767609529,1,0.06896822237674938,8.126656979322433,-405.7688980102539,97617
1172,564.39580968623,1,0.06886477004318425,9.065235540270805,-405.74798583984375,97681
1173,632.0921900980977,1,0.06876147288811948,7.889968532782334,-405.18672532301684,97733
1174,631.3607222211499,1,0.06865833067878731,15.358715891838074,-404.2164365328275,97785
1175,631.971491804079,1,0.06855534318276912,10.032223569022285,-405.0993821885851,97838
1176,631.0715355260714,1,0.06845251016799497,19.71992303774907,-405.791009756235,97890
1177,632.7299039801388,1,0.06834983140274298,5.614741273548292,-405.67710279381794,97937
1178,633.3996128448418,1,0.06824730665563887,7.327249864737193,-406.62299092610675,97985
1179,632.3271784515372,1,0.06814493569565541,16.511482724776634,-403.39991760253906,98036
1180,632.9708112063964,1,0.06804271829211193,6.6316336790720625,-406.5117047627767,98084
1181,632.2407988773889,1,0.06794065421467377,5.922271957397461,-406.4236169433594,98135
1182,633.1747921919211,1,0.06783874323335176,17.690677007039387,-403.5293388366699,98182
1183,631.235765423029,1,0.06773698511850174,4.720439177293044,-404.3369398850661,98234
1184,631.8863316306458,1,0.06763537964082399,8.035905590057373,-404.2511779785156,98285
1185,632.7460007234638,1,0.06753392657136276,21.201182622909545,-405.61088134765623,98335
1186,632.4289172871659,1,0.06743262568150572,5.609192132949829,-406.2290478515625,98385
1187,632.804216976444,1,0.06733147674298347,16.94247760772705,-402.95803100585937,98434
1188,633.1343823004884,1,0.067230479527869,12.98652395606041,-404.6859931945801,98483
1189,632.6556196242364,1,0.0671296338085772,6.904255790710449,-403.995234375,98532
1190,631.278442649701,1,0.06702893935786433,9.462002449035644,-404.61841186523435,98583
1191,631.5388306390973,1,0.06692839594882753,10.285403755994944,-402.72900390625,98635
1192,622.2219309828597,1,0.0668280033549043,6.165968317251939,-404.6339874267578,98686
1193,633.5093713655367,1,0.06672776134987195,8.863246482351553,-406.2275974439538,98733
1194,632.3008850575519,1,0.06662766970784714,4.869684143066406,-403.25050170898436,98782
1195,632.3002257091864,1,0.06652772820328537,7.638035496075948,-405.3633677164714,98831
1196,631.4122794191442,1,0.06642793661098044,5.671866540555601,-404.7689954969618,98884
1197,632.7942082558229,1,0.06632829470606397,8.235471288363138,-403.71727244059247,98933
1198,633.1493250755761,1,0.06622880226400488,4.568532158931096,-405.8279101053874,98981
1199,632.7928626955489,1,0.06612945906060887,16.718225364685058,-405.4850964355469,99030
1200,633.019294561966,1,0.06603026487201796,8.564955115318298,-403.71393798828126,99080
1201,627.9547693645497,1,0.06593121947470994,10.127423783143362,-404.6815541585286,99128
1202,633.08159662537,1,0.06583232264549788,5.358261624972026,-407.79588826497394,99176
1203,633.1170400339728,1,0.06573357416152963,14.484678616126379,-405.47157923380536,99224
1204,632.985792983787,1,0.06563497380028734,11.728117793798447,-406.06199645996094,99272
1205,632.6910099541408,1,0.06553652133958691,4.654870788256328,-407.05810674031574,99321
1206,633.602742253442,1,0.06543821655757753,9.311676273743311,-405.6762212117513,99369
1207,632.4460685893705,1,0.06534005923274117,8.654725904464721,-405.84367431640624,99419
1208,633.2698671351214,1,0.06524204914389206,9.232695122559866,-405.53012975056964,99467
1209,633.1236071270041,1,0.06514418607017623,5.809742748737335,-405.57654062906903,99515
1210,633.3099657986484,1,0.06504646979107097,5.721821973721187,-405.102731068929,99562
1211,632.8220701213676,1,0.06494890008638436,7.923874527215958,-405.2011133829753,99611
1212,632.0356353745648,1,0.06485147673625478,14.42644072495974,-403.83758662297174,99662
1213,633.5116941799666,1,0.0647541995211504,5.438113252321879,-405.8882827758789,99711
1214,632.5133667868276,1,0.06465706822186867,12.121298829714457,-403.15295282999676,99759
1215,632.0296793136381,1,0.06456008261953587,10.230644620381868,-403.27306189903845,99811
1216,631.5565178845095,1,0.06446324249560657,5.726145551754878,-406.70410977877106,99862
1217,634.2847905964117,1,0.06436654763186317,11.701723782912545,-404.54895152216375,99908
1218,633.4785103051612,1,0.06426999781041538,5.039679596821467,-406.0810826619466,99956
1219,631.4757986335991,1,0.06417359281369976,5.318784007659326,-405.94007286658655,100008
1220,632.6261022443042,1,0.06407733242447922,54.54222906154135,-403.7262135381284,100055
1221,631.5373844406722,1,0.06398121642584251,26.86683278817397,-403.8023411677434,100107
1222,633.2745134694608,1,0.06388524460120375,11.055702060461044,-404.9121208190918,100154
1223,631.7233564552653,1,0.06378941673430194,53.60609509394719,-404.1408503605769,100207
1224,633.3437605995687,1,0.06369373260920048,14.077255467573801,-405.56653086344403,100255
1225,632.7559154182726,1,0.06359819201028669,11.822361181179682,-404.89194107055664,100302
1226,633.1743351710086,1,0.06350279472227126,5.300966553066088,-404.01240605893344,100349
1227,631.9132803892834,1,0.06340754053018785,11.03838921546936,-406.3389318847656,100399
1228,633.4799628050605,1,0.06331242921939258,12.18745149175326,-404.4645652770996,100446
1229,632.3925934186244,1,0.06321746057556349,78.51085402568181,-404.07238642374676,100495
1230,632.4799319868952,1,0.06312263438470014,8.84024663925171,-406.70183349609374,100545
1231,631.6079439266381,1,0.06302795043312309,12.213669617970785,-406.62941261574076,100599
1232,632.5964275565209,1,0.0629334085074734,9.552813358306885,-405.68400634765624,100649
1233,631.9945480685265,1,0.0628390083947122,4.931407279968262,-404.2888464355469,100699
1234,632.0382621353622,1,0.06274474988212013,11.979663719733557,-404.6300277709961,100747
1235,633.9695676152093,1,0.06265063275729696,5.638354331254959,-405.7671979268392,100794
1236,632.4719619371186,1,0.06255665680816101,5.526162405014038,-403.61234008789063,100844
1237,632.365726886232,1,0.06246282182294877,11.179462234179178,-404.1385904947917,100893
1238,591.291855910571,1,0.06236912759021435,19.809104834284103,-404.3336072649275,100948
1239,631.7865454873338,1,0.06227557389882903,19.31866048812866,-404.7608959960937,100999
1240,633.7719010436746,1,0.06218216053798079,5.30207313100497,-405.7690366109212,101047
1241,632.4767989501197,1,0.06208888729717382,5.253003482818603,-403.32072387695314,101096
1242,633.1722145335103,1,0.061995753966228064,7.360779814098192,-405.5381642217221,101143
1243,612.3088908239483,1,0.06190276033527872,7.370790463227492,-405.73509920560394,101194
1244,632.9385965908407,1,0.061809906194775804,8.824429449827775,-404.78983207370925,101241
1245,632.337341359915,1,0.061717191335483645,11.76263498266538,-403.29436620076496,101289
1246,633.3117327380454,1,0.06162461554848042,16.61144385735194,-407.59233474731445,101336
1247,632.9235088248215,1,0.0615321786251577,5.457863420248032,-405.0171267191569,101384
1248,633.86111660915,1,0.06143988035721997,10.284057129984317,-406.16292538850206,101431
1249,632.4158494715228,1,0.06134772053668414,4.283017148971558,-403.6141943359375,101480
1250,633.8172166839366,1,0.06125569895587912,9.59369190533956,-405.2678591410319,101528
1251,632.6886188303142,1,0.06116381540744531,5.7248626169951065,-405.35738472316575,101575
1252,632.8640791067888,1,0.061072069684334145,69.06812224785487,-404.5511182149251,101623
1253,632.900095306416,1,0.060980461579807646,7.465604851643245,-404.3315175374349,101671
1254,634.257105406698,1,0.06088899088743794,12.661524824474169,-402.19692595108694,101717
1255,632.8246222755405,1,0.060797657401106785,6.8059358978271485,-405.4371435546875,101767
1256,632.6965529574759,1,0.06070646091500513,18.28802387913068,-404.8136571248372,101815
1257,632.689262591655,1,0.060615401223632626,10.915250271558762,-406.36910756429035,101862
1258,632.0621243743238,1,0.06052447812179718,22.24895625114441,-403.54510009765625,101912
1259,633.1594739511626,1,0.06043369140461449,15.988439033428827,-405.27307256062824,101961
1260,632.3323088620035,1,0.06034304086750757,11.854269653558731,-403.4399159749349,102009
1261,632.4785162491889,1,0.06025252630620632,5.541986198425293,-406.2834814453125,102059
1262,540.6816366719463,1,0.06016214751674701,6.543001748621464,-405.98573207855225,102123
1263,632.9831041918653,1,0.06007190429547189,7.506116342544556,-405.2987377929687,102172
1264,632.6325324494065,1,0.059981796439028685,74.89449213941892,-406.52038192749023,102220
1265,634.0660257871002,1,0.059891823744370146,20.52718500469042,-405.57220060929006,102267
1266,633.3664979557375,1,0.059801986008753596,11.708505143289981,-405.32586802607,102313
1267,633.6422807136585,1,0.05971228302974047,10.396678785483042,-404.90985743204754,102360
1268,632.7413455198578,1,0.059622714605195866,23.660860748291014,-404.14459350585935,102410
1269,632.4940634256357,1,0.059533280533288074,14.338822059631347,-405.9766687011719,102461
1270,632.1894159906838,1,0.059443980612488144,4.601085014343262,-405.6587927246094,102510
1271,634.1350862593849,1,0.059354814641569414,12.138153418250706,-404.16109168011207,102556
1272,633.4624119905021,1,0.05926578241960706,4.818807881811391,-402.8880907141644,102602
1273,633.1511318732305,1,0.059176883745977654,19.142926434675854,-404.9012145996094,102650
1274,633.4513183265514,1,0.059088118420358694,53.21936552723249,-404.68105061848956,102699
1275,627.4375131114537,1,0.05899948624272816,48.41865248680115,-404.33552001953126,102748
1276,632.7702082091286,1,0.05891098701336407,14.251021186510721,-404.2995262145996,102796
1277,632.4158168055128,1,0.05882262053284403,12.448467537760735,-402.7996075948079,102845
1278,633.6985167859413,1,0.05873438660204477,6.5506826639175415,-404.13258997599286,102892
1279,633.7393704811464,1,0.058646285022141705,10.182946483294169,-405.66864649454754,102940
1280,632.7470972704791,1,0.058558315594608494,18.071732531423155,-406.3051718006963,102987
1281,631.3338596478598,1,0.058470478121216585,5.953087522433354,-404.8113755446214,103039
1282,633.2528956197727,1,0.05838277240403476,12.266085882981619,-406.5245895385742,103086
1283,632.2768433202236,1,0.05829519824542871,15.746299552917481,-405.2655139160156,103137
1284,632.9167032276563,1,0.058207755448060575,59.1017202436924,-404.9262860616048,103184
1285,632.8750321893841,1,0.058120443814888484,15.851816366116205,-403.40148671468097,103233
1286,632.4324980108127,1,0.05803326314916615,8.917223920822144,-404.5142492675781,103282
1287,633.1718000658949,1,0.05794621325444241,14.94315563077512,-405.28450476604957,103329
1288,632.4184683716712,1,0.05785929393456075,14.341278589688814,-404.80922640286957,103380
1289,632.3449517963959,1,0.05777250499365891,9.124969273805618,-405.8818957010905,103428
1290,633.4022522876787,1,0.057685846236168424,10.337775389353434,-407.70866139729816,103476
1291,632.4628441244012,1,0.057599317466814175,12.787405490875244,-406.16721216837567,103524
1292,632.8984143113337,1,0.057512918490613955,6.616574411392212,-404.1785827636719,103574
1293,632.4291246710336,1,0.057426649112878037,5.429570267597835,-405.8456433614095,103623
1294,633.4669086278165,1,0.057340509139208726,4.581107676029205,-403.6436589558919,103670
1295,632.8558062356077,1,0.05725449837549992,8.368495007356008,-406.4015528361003,103718
1296,632.9050443309575,1,0.05716861662793667,5.520744323730469,-406.9810536702474,103767
1297,633.0560248168529,1,0.05708286370299477,47.733674585819244,-405.18931579589844,103815
1298,632.3002561715854,1,0.05699723940744028,6.75243730545044,-404.0189733886719,103864
1299,632.0544003217943,1,0.056911743548329126,10.710911107063293,-406.36446166992187,103915
1300,632.613735730908,1,0.056826375933006636,5.3763719749450685,-405.76130737304686,103964
1301,633.1586584255117,1,0.05674113636910713,13.543388595183691,-406.25025431315106,104012
1302,632.6786688444637,1,0.056656024664553474,8.67456367611885,-404.74711354573566,104060
1303,632.9934352783467,1,0.05657104062755665,7.929051677385966,-405.8888905843099,104108
1304,632.2139634962259,1,0.05648618406661532,19.582052059173584,-407.34044555664065,104159
1305,632.74901013623,1,0.0564014547905154,19.593851737976074,-405.01226318359375,104208
1306,632.1798771964419,1,0.05631685260832963,6.291834712028503,-405.917726956881,104260
1307,632.7132228313767,1,0.05623237732941714,5.5142749945322675,-404.9355303446452,104309
1308,633.830817706603,1,0.056148028763423015,5.636986116568248,-405.8368275960286,104357
1309,632.4378120666524,1,0.05606380672027789,10.366253414154052,-404.239208984375,104407
1310,630.9448027829279,1,0.055979711010197476,3.879780141206888,-406.41576326810394,104459
1311,632.6201635582081,1,0.05589574144368218,18.97052952647209,-406.69823328653973,104506
1312,632.1206585938377,1,0.05581189783151666,15.106594627102217,-405.04522196451825,104555
1313,632.2413000502142,1,0.05572817998476939,17.111029424667358,-403.79439453125,104604
1314,633.1212652868905,1,0.055644587714792235,7.256128589312236,-404.86556243896484,104653
1315,632.5342618007862,1,0.05556112083322005,12.146563305854798,-405.22287841796873,104703
1316,632.2818358066372,1,0.05547777915197022,6.098667449951172,-405.0448364257812,104753
1317,632.7738145028576,1,0.05539456248324227,57.06206421375275,-405.17363891601565,104802
1318,632.6734067967283,1,0.055311470639517406,7.242518196503322,-405.2655398050944,104850
1319,633.430090703085,1,0.05522850343355813,5.232507944107056,-405.4166074006454,104897
1320,633.5811392866575,1,0.0551456606784078,12.03751970330874,-407.1858495076497,104944
1321,632.6252437466969,1,0.05506294218739019,16.872390228769053,-406.9775563115659,104991
1322,633.3701060510905,1,0.05498034777410911,19.525382603208225,-403.30219141642254,105038
1323,632.980547700045,1,0.05489787725244795,8.003596683343252,-405.1196988423665,105086
1324,632.8590762988438,1,0.05481553043656928,13.914181292057037,-404.9615084330241,105134
1325,633.0842892654952,1,0.05473330714091443,6.386614402135213,-405.6998634338379,105182
1326,633.389025088125,1,0.05465120718020306,9.877908110618591,-404.5688832600911,105230
1327,633.4519058722929,1,0.05456923036943276,10.083497325579325,-403.47082138061523,105278
1328,633.6587791649409,1,0.05448737652387861,6.279730402905008,-405.4088532820992,105325
1329,633.5354200542429,1,0.054405645459092794,10.60841563473577,-404.52398283585256,105371
1330,633.5329869796042,1,0.054324036990904156,18.721568241119385,-406.4261181640625,105420
1331,632.9823670196834,1,0.054242550935417806,13.710179408391317,-402.11965560913086,105468
1332,633.3168609890043,1,0.054161187109014686,19.658482831457388,-404.63480277683425,105514
1333,633.6080317646054,1,0.05407994532835117,18.747114847103756,-407.1598014831543,105562
1334,630.9631882140202,1,0.05399882541035864,14.489726360027607,-405.2095970740685,105615
1335,622.5557476238693,1,0.05391782717224311,6.51352598116948,-406.2345440204327,105666
1336,633.9902946434013,1,0.053836950431484745,5.798230829446212,-404.6399854577106,105713
1337,633.68269184988,1,0.05375619500583752,8.315245856409488,-406.7023700216542,105759
1338,632.1481869394187,1,0.05367556071332876,18.014299449920653,-408.9527490234375,105808
1339,631.3742265279587,1,0.05359504737225877,4.645917873382569,-404.5764221191406,105859
1340,627.0417274208568,1,0.053514654801200386,4.819982872009278,-406.4301171875,105908
1341,632.6874507940477,1,0.05343438281899859,31.926162441571552,-405.50157419840497,105956
1342,632.6925545832358,1,0.053354231244770095,13.758940557638804,-404.19325256347656,106004
1343,632.0251321631895,1,0.05327419989790294,12.099874079227448,-403.8902765909831,106053
1344,633.733503391038,1,0.05319428859805609,5.677414069573085,-406.6471227010091,106101
1345,632.7124325697661,1,0.05311449716515901,11.947276224692663,-404.7538019816081,106149
1346,633.1401648520316,1,0.05303482541941127,8.332619667053223,-404.31969848632815,106199
1347,633.21258818062,1,0.05295527318128215,7.902254392703374,-405.1683807373047,106247
1348,633.4009948554777,1,0.05287584027151023,30.490951385498047,-407.36420776367186,106297
1349,633.009028897899,1,0.05279652651110297,4.516820361216863,-405.55479685465497,106344
1350,632.8274783690705,1,0.052717331721336316,4.341609983444214,-406.34160766601565,106395
1351,633.012553318332,1,0.052638255723754315,12.269565612077713,-407.1332206726074,106442
1352,632.5896780803893,1,0.05255929834016869,10.156948208808899,-405.99748102823895,106491
1353,632.7427767419344,1,0.05248045939265844,4.9263939162095385,-404.7901446024577,106539
1354,633.1054905044125,1,0.052401738703569456,5.203680366277695,-406.0916226704915,106587
1355,633.5153740080073,1,0.0523231360955141,6.251785697937012,-405.44957641601565,106636
1356,633.0126766658701,1,0.052244651391370835,6.582915037870407,-405.0088717142741,106684
1357,634.0556797483019,1,0.05216628441428378,4.876572484555452,-406.58416748046875,106731
1358,632.4405098247622,1,0.05208803498766236,23.551441550254822,-403.12488555908203,106779
1359,631.8524939366179,1,0.05200990293518087,8.562187433242798,-402.79317749023437,106828
1360,632.7932662902406,1,0.0519318880807781,58.01225946426391,-407.05195068359376,106878
1361,632.8596932542864,1,0.05185399024865694,13.407003035147985,-405.30163955688477,106926
1362,632.5670583835902,1,0.051776209263283954,5.895274857680003,-406.48901494344074,106974
1363,631.8260560203205,1,0.05169854494938903,8.272079090277353,-407.70223871866864,107023
1364,633.0502531596428,1,0.05162099713196495,5.012749602397283,-407.00576146443683,107070
1365,632.0335923878024,1,0.051543565636267004,6.812391032775243,-406.92926534016925,107119
1366,633.0067267033198,1,0.051466250287812605,6.060561809539795,-406.2491125488281,107168
1367,632.383027776119,1,0.05138905091238089,16.542986303567886,-406.36222585042316,107216
1368,632.4328993119722,1,0.05131196733601232,8.230657358169555,-406.4845361328125,107266
1369,632.7325036242682,1,0.051234999385008306,7.70602201461792,-404.89543212890624,107316
1370,631.6395042811339,1,0.051158146885930796,5.432224340438843,-404.7780810546875,107367
1371,632.800593634259,1,0.0510814096656019,10.359735012054443,-407.11095703125,107416
1372,632.7911420403855,1,0.0510047875511035,5.055315564076106,-407.3247807820638,107464
1373,634.0208607459051,1,0.05092828036977685,5.481985216555388,-407.6450115701427,107510
1374,632.3804512192831,1,0.050851887949222185,3.9598130130767824,-405.12762939453125,107560
1375,633.0165971882462,1,0.05077561011729836,55.595510721206665,-403.9109395345052,107608
1376,632.9192702946602,1,0.05069944670212241,9.683310260375341,-405.2867965698242,107656
1377,634.0578319213549,1,0.05062339753206923,54.0247728202654,-404.93188343877375,107703
1378,633.1126463622759,1,0.05054746243577113,12.873328322949616,-404.6173533564029,107749
1379,632.8445371811674,1,0.050471641242117476,4.610477298498154,-405.5876922607422,107797
1380,632.706499009397,1,0.0503959337802543,5.598854308327039,-403.45128122965497,107845
1381,632.7220552911701,1,0.050320339879583925,4.964432825644811,-407.8548774719238,107893
1382,633.9656832200986,1,0.050244859369764555,16.233789143354997,-406.3433678668478,107939
1383,633.4120797687372,1,0.050169492080709914,4.750216512680054,-402.9293359375,107988
1384,633.5003280016876,1,0.05009423784258885,15.532550210538117,-404.6676224418308,108035
1385,632.7939300153637,1,0.05001909648582497,6.008476227521896,-407.01838938395184,108082
1386,633.3205263625789,1,0.049944067841096236,9.911675542593002,-403.053160349528,108130
1387,633.5170228470508,1,0.049869151739334594,5.865704748941504,-404.67851190981656,108177
1388,632.5083261593879,1,0.049794348011725595,6.284213038591238,-403.72029935396637,108228
1389,631.6146446061553,1,0.04971965648970801,7.920891704559327,-404.93202392578127,108279
1390,633.2841134382654,1,0.049645077004973455,4.9493813415368395,-402.19679005940753,108327
1391,633.6922569457149,1,0.049570609389465996,9.001492043336233,-406.4483947753906,108374
1392,632.3298525589255,1,0.0494962534753818,10.297030668258667,-407.0074169921875,108424
1393,633.1634598228319,1,0.04942200909516873,6.557132866071618,-403.37347810164744,108470
1394,632.811275307759,1,0.04934787608152598,5.184658589570419,-404.0791214652683,108517
1395,633.1500285284558,1,0.049273854267403695,10.512945455053579,-406.13385805876356,108563
1396,633.3555015188621,1,0.049199943486002595,8.372492581605911,-405.2697156270345,108610
1397,632.7519442061755,1,0.04912614357077359,10.156197557846705,-406.26341756184894,108658
1398,633.4708541026054,1,0.049052454355417434,10.905450314283371,-407.69728088378906,108707
1399,633.7278986789981,1,0.04897887567388431,8.949219912290573,-405.7309315999349,108755
1400,632.3700025015628,1,0.048905407360373486,9.03464617729187,-407.27949951171877,108805
1401,633.9470124798845,1,0.04883204924933293,4.923447235770848,-404.51496555494225,108851
1402,631.7831479235883,1,0.048758801175458936,7.309257626533508,-403.7217806302584,108902
1403,631.8802352776095,1,0.048685662973695754,3.973796362876892,-404.8824462890625,108953
1404,600.2446411678254,1,0.048612634479235216,10.55981766736066,-405.28285725911456,109007
1405,634.1405591247076,1,0.04853971552751637,4.659640212853749,-407.0005276997884,109054
1406,632.7137576480942,1,0.0484669059542251,12.0226911008358,-406.6647644042969,109103
1407,633.1337745595113,1,0.04839420559529376,15.521928211053213,-406.5464375813802,109150
1408,632.9914391721534,1,0.04832161428690082,6.375244418780009,-405.87062708536786,109199
1409,632.780420035251,1,0.048249131865470474,4.617944876352946,-406.3766441345215,109247
1410,632.8319019169785,1,0.04817675816767227,9.881235947211584,-404.0921490987142,109295
1411,633.0975404143697,1,0.04810449303042077,9.082084264755249,-406.79804077148435,109344
1412,631.8206090817743,1,0.04803233629087514,9.863203086853026,-406.7934094238281,109394
1413,633.4090232355172,1,0.04796028778643883,4.782748170520948,-406.9388494076936,109441
1414,633.2951710893639,1,0.04788834735475917,14.505637220714403,-407.0187324855639,109487
1415,632.8451881778105,1,0.047816514833727036,6.067381868759791,-405.940242767334,109535
1416,633.810485062997,1,0.04774479006147645,6.85044863820076,-404.5901273091634,109582
1417,634.086357842611,1,0.047673172876384236,4.687046403470247,-409.1451124108356,109629
1418,633.3701141395663,1,0.04760166311706966,5.867710322141647,-406.9696985880534,109677
1419,632.0965965211547,1,0.04753026062239406,6.190008955001831,-405.4649377441406,109727
1420,633.3361195009552,1,0.04745896523146047,7.644448896249135,-405.61619822184247,109775
1421,633.7078601189858,1,0.04738777678361328,8.808512111504873,-404.25794982910156,109823
1422,633.0032293336226,1,0.04731669511843786,4.334376244544983,-406.0795837402344,109872
1423,633.2815573948322,1,0.04724572007576021,52.71696620402129,-405.6466940174932,109918
1424,632.2985155176185,1,0.04717485149564657,23.934372911850613,-407.14474868774414,109967
1425,632.9457921871672,1,0.0471040892184031,4.506622542937596,-407.8662745157878,110015
1426,632.8034866781443,1,0.0470334330845755,18.316834092140198,-406.41565195719403,110062
1427,632.9396033463456,1,0.04696288293494864,54.59079574502033,-406.6279575513757,110109
1428,632.3937295447927,1,0.04689243861054622,10.484918813705445,-403.49296875,110159
1429,633.0468901021395,1,0.046822099952630404,4.684766471385956,-406.67131932576496,110207
1430,633.2798433686559,1,0.046751866802701464,9.005646079778671,-404.7658055623372,110255
1431,632.353293141106,1,0.04668173900249741,11.327524089813233,-404.23857666015624,110304
1432,632.2564992149124,1,0.04661171639399367,5.145070016384125,-407.1458384195964,110352
1433,634.129406547338,1,0.04654179881940268,66.25210237503052,-405.2715520444124,110399
1434,632.4876247298002,1,0.04647198612117358,8.783640327453613,-406.2231457519531,110449
1435,633.1821955277292,1,0.04640227814199182,8.344019651412964,-404.88742701212567,110496
1436,632.967570491555,1,0.04633267472477883,6.683038463195165,-407.5863431294759,110544
1437,633.1564564768897,1,0.046263175712691666,5.149599860111873,-406.3360544840495,110592
1438,632.2831881443576,1,0.04619378094912263,5.28556161125501,-405.8320999145508,110640
1439,632.8047223946317,1,0.04612449027769895,6.4779819548130035,-405.6642074584961,110688
1440,631.7597313109775,1,0.046055303542282405,10.316004772186279,-406.1632763671875,110738
1441,632.9540099352389,1,0.04598622058696898,9.989914251410443,-407.15017965565556,110785
1442,632.753534499514,1,0.04591724125608853,67.25048664093018,-406.48873413085937,110834
1443,632.7606898564582,1,0.0458483653942044,9.310802164077758,-405.3618225097656,110884
1444,633.5468968753925,1,0.0457795928461131,51.949347190234974,-407.2321432362432,110931
1445,633.0821046641698,1,0.04571092345684393,4.756850805282593,-405.2369714355469,110980
1446,633.2889798413697,1,0.04564235707165867,3.4934543470541635,-408.60918680826825,111028
1447,633.7756102786748,1,0.04557389353605118,4.892110337381777,-403.97794375212294,111075
1448,626.875060919471,1,0.04550553269574711,13.837145175933838,-406.31251831054686,111125
1449,633.9675126455097,1,0.04543727439670349,51.162648578484855,-407.3990058898926,111172
1450,633.0090275801017,1,0.04536911848510844,4.433661162853241,-403.26580301920575,111221
1451,631.989316496859,1,0.04530106480738078,5.397007648761456,-407.30389169546277,111272
1452,633.1747246042946,1,0.04523311321016971,10.557972078738006,-405.5558047087296,111319
1453,632.7353722038398,1,0.04516526354035446,5.209100355704625,-407.75209681193036,111366
1454,632.7488246096559,1,0.04509751564504393,5.599276089668274,-403.95521850585936,111416
1455,632.7304554920834,1,0.04502986937157637,7.40257512529691,-404.41749064127606,111465
1456,633.0783441416838,1,0.044962324567519,20.031634225845337,-406.44441772460937,111515
1457,632.7512623457691,1,0.04489488108066773,9.048380812009176,-405.49313227335614,111562
1458,633.5112383879467,1,0.04482753875904673,6.224351333535236,-405.29312399159306,111609
1459,633.0425622335808,1,0.04476029745090816,4.1333876848220825,-407.58093134562176,111656
1460,631.8796711686598,1,0.0446931570047318,11.59319561958313,-405.4029174804688,111707
1461,633.5005471911181,1,0.044626117269224705,20.853396972020466,-407.7634468078613,111754
1462,632.4180302765749,1,0.04455917809332087,6.298788830637932,-406.11420822143555,111803
1463,633.6663069932184,1,0.044492339326180894,12.307820677757263,-406.34571075439453,111850
1464,632.3830372648586,1,0.04442560081719162,6.476477079391479,-406.3014245605469,111900
1465,632.2337753702932,1,0.04435896241596584,5.558365402221679,-407.0860961914062,111951
1466,632.1127215822955,1,0.04429242397234189,6.930290184020996,-406.84822509765627,112001
1467,622.1453615419043,1,0.04422598533638338,4.145985074043274,-407.9309362792969,112050
1468,633.531320019301,1,0.04415964635837881,18.581308266390923,-406.4237246306046,112097
1469,633.2035168995303,1,0.044093406888841245,5.141727825005849,-406.42951583862305,112144
1470,631.8500244440469,1,0.04402726677850798,7.558464279541602,-406.42858065091644,112196
1471,632.4762516589132,1,0.04396122587834023,6.351845939954122,-403.12954966227215,112244
1472,632.8410138115152,1,0.04389528403952272,9.358576039473215,-405.9248352050781,112293
1473,633.035639798507,1,0.04382944111346344,7.843420520424843,-406.96871185302734,112340
1474,633.6707226380568,1,0.043763696951793246,5.188422550757726,-407.5315589904785,112388
1475,632.5899077430056,1,0.04369805140636556,7.625815048217773,-406.51544067382815,112438
1476,632.7867350515043,1,0.043632504329256014,7.272033000985782,-407.07166417439777,112486
1477,633.3890447816174,1,0.04356705557276213,4.990223589150802,-405.43781313688856,112533
1478,633.1422183019577,1,0.04350170498940299,6.434664741158485,-405.14971923828125,112581
1479,633.4833872074023,1,0.04343645243191889,6.837139711380005,-404.859970703125,112630
1480,632.8237399980845,1,0.04337129775327101,8.794307361046473,-404.3905398050944,112679
1481,632.888631953724,1,0.043306240806641104,8.002166738510132,-407.18931396484373,112729
1482,632.2239678295243,1,0.04324128144543114,4.352773623466492,-406.41498291015625,112778
1483,632.7807300141945,1,0.043176419523262996,4.322822491327922,-405.6601740519206,112827
1484,632.2381149795843,1,0.043111654893978106,4.743737411499024,-406.3220849609375,112876
1485,633.7353364399446,1,0.04304698741163714,4.247971226771672,-405.949515024821,112925
1486,633.1164291544735,1,0.04298241693051969,17.529072751601536,-407.33053970336914,112972
1487,631.8361091729098,1,0.04291794330512391,4.873328199386597,-404.8841357421875,113022
1488,633.1303030023241,1,0.04285356639016623,3.9172497938076654,-405.8360061645508,113070
1489,632.1510972785907,1,0.04278928604058098,17.252903184890748,-404.65001708984374,113120
1490,632.8544940505268,1,0.04272510211152011,9.988443841104923,-406.9400807256284,113167
1491,633.1184985980548,1,0.04266101445835283,5.090123365322749,-407.9150797526042,113214
1492,632.3747297376989,1,0.042597022936665306,5.139072601611797,-406.2157968374399,113266
1493,632.4974068881663,1,0.04253312740226031,4.985902214050293,-405.61011474609376,113316
1494,633.0394977724627,1,0.042469327711156926,17.67771414051885,-405.36899201766306,113363
1495,633.0115399443514,1,0.042405623719590196,7.0802320289611815,-405.37632934570314,113412
1496,632.2610431485914,1,0.04234201528401081,11.252920796473822,-406.294615427653,113460
1497,633.4584183277155,1,0.042278502261084795,9.637313552524732,-406.52293993079144,113507
1498,633.5329830430106,1,0.04221508450769317,6.125464300314586,-406.6243133544922,113554
1499,632.5975227167746,1,0.042151761880931636,9.772040009498596,-406.32598876953125,113602
1500,633.4609112902731,1,0.042088534238110244,8.564903280009394,-403.2624405570652,113648
1501,632.9408541532998,1,0.04202540143675308,15.50357799232006,-406.37818654378253,113696
1502,633.2792330984513,1,0.041962363334597956,6.440439752910448,-406.5946270486583,113742
1503,628.097121698098,1,0.04189941978959606,10.43561859925588,-402.7127978006999,113791
1504,633.1192705848055,1,0.04183657065991167,10.458726753791174,-404.98225529988605,113838
1505,632.8244136435486,1,0.0417738158039218,4.394263098637263,-405.45428975423175,113886
1506,633.4348625896221,1,0.041711155080215924,4.0645042806863785,-406.58755620320636,113934
1507,632.6557997957699,1,0.041648588347595605,6.267697966617087,-404.21251114555025,113981
1508,633.4562465357965,1,0.041586115465074215,4.8983194927374525,-405.09206771850586,114028
1509,616.3070719393588,1,0.041523736291876605,10.229912576675416,-405.8557373046875,114079
1510,632.9241925168004,1,0.04146145068743879,9.573383728663126,-407.07726287841797,114126
1511,633.6776949088149,1,0.04139925851140763,6.6986308097839355,-405.6343536376953,114175
1512,632.5897530902295,1,0.041337159623640526,17.426301574707033,-405.85780517578127,114225
1513,633.0605894591532,1,0.041275153884205065,6.377689262231191,-405.10624567667645,114273
1514,632.5151390040929,1,0.04121324115337876,6.645722560882568,-404.46500122070313,114322
1515,632.1722093723553,1,0.04115142129164869,8.717299868663153,-406.7367286682129,114371
1516,632.3128640663914,1,0.04108969415971122,6.85792254447937,-406.3427526855469,114420
1517,633.5994434709869,1,0.041028059618471655,5.832834077918011,-407.62041838272756,114466
1518,632.571175222457,1,0.04096651752904395,3.957178316116333,-407.5850402832031,114516
1519,632.4925471567965,1,0.040905067752750386,6.722730875015259,-407.28365600585937,114566
1520,632.3960330542302,1,0.04084371015112126,17.620105619430543,-406.5755603027344,114616
1521,633.3576813829916,1,0.04078244458589458,11.234419782956442,-404.88957595825195,114664
1522,632.5537558455688,1,0.040721270919015735,8.319473543167113,-405.73210205078124,114715
1523,632.9507244542403,1,0.04066018901263722,10.378302658597628,-403.5138562520345,114763
1524,633.4637183880022,1,0.04059919872911826,12.01366819938024,-406.4731725056966,114810
1525,633.919664501769,1,0.040538299931024584,4.439582337503848,-405.1722053859545,114857
1526,632.4783568940067,1,0.04047749248112805,6.738836030165355,-405.6526934305827,114905
1527,632.6327471220087,1,0.04041677624240636,8.772952626148859,-404.7993965148926,114953
1528,632.1965772870225,1,0.04035615107804275,15.629982805252075,-405.8671728515625,115003
1529,633.3152615716481,1,0.04029561685142569,4.003506277998288,-404.6845703125,115050
1530,633.342430109281,1,0.04023517342614856,6.999996463457744,-404.8709373474121,115099
1531,633.9611053170083,1,0.04017482066600934,13.025815784931183,-404.1407000223796,115146
1532,632.6601444235798,1,0.04011455843501033,6.75847893456618,-406.3321418762207,115194
1533,632.9066670147295,1,0.04005438659735781,4.3770633676777715,-405.87059087338656,115240
1534,633.7557657896848,1,0.039994305017461776,6.176639391028362,-408.19881140667457,115287
1535,632.8056042061236,1,0.03993431355993558,10.35540266831716,-407.48502985636395,115335
1536,580.7342762757947,1,0.03987441208959568,8.32612738609314,-406.7195729573568,115394
1537,633.3281104797982,1,0.03981460047146129,6.848125913868779,-404.6392344599185,115441
1538,632.3732108363881,1,0.039754878570754104,7.215044403076172,-407.81078369140624,115490
1539,633.3373634909664,1,0.03969524625289798,4.613287230332692,-404.57065836588544,115539
1540,633.8978126336103,1,0.039635703383518635,9.29318943619728,-408.01851145426434,115587
1541,631.396966777394,1,0.039576249828443356,45.11804148784051,-404.065913273738,115638
1542,633.2406321628066,1,0.0395168854537007,7.233123675636623,-407.2279570206352,115685
1543,633.5082647007046,1,0.03945761012552015,7.315986583630244,-406.7885144551595,115732
1544,634.0460457615121,1,0.03939842371033187,12.579783450002255,-406.3753967285156,115779
1545,633.3878372656816,1,0.039339326074766374,15.8027845621109,-406.2909718389096,115825
1546,633.1867710073298,1,0.03928031708565423,7.6850138282775875,-403.26917358398435,115874
1547,633.2325851765045,1,0.03922139661002575,8.234597677769868,-406.2706365170686,115920
1548,632.6088268335504,1,0.039162564515110715,4.613142897685369,-407.61391321818036,115969
1549,633.1389505530043,1,0.03910382066833805,8.193713193138441,-404.8637046813965,116017
1550,633.1549657527437,1,0.03904516493733554,7.222617834806442,-406.1264533996582,116064
1551,633.8195935779643,1,0.03898659718992954,12.15306494028672,-408.0621881899626,116111
1552,633.1478639294378,1,0.03892811729414465,12.415854692459106,-405.9039713541667,116158
1553,633.9566140684499,1,0.038869725118203434,5.329144685164742,-405.0562584918478,116205
1554,633.1217705341639,1,0.03881142053052613,5.320458481709163,-404.3074137369792,116252
1555,632.9790720898765,1,0.03875320339973034,7.2697984874248505,-408.63613255818683,116300
1556,632.3490685782506,1,0.038695073594630744,3.942993546525637,-406.9591115315755,116349
1557,633.1950755486866,1,0.0386370309842388,6.723135272661845,-404.6243832906087,116396
1558,632.8627811686393,1,0.03857907543776244,5.842825373013814,-406.9905204772949,116445
1559,633.444965960991,1,0.0385212068246058,7.543951822363812,-407.03076304560125,116491
1560,632.5816190103168,1,0.0384634250143689,15.763513763745626,-407.24085362752277,116539
1561,633.0757268321365,1,0.038405729876847344,4.64090621471405,-405.60620498657227,116586
1562,633.2936711775283,1,0.03834812128203208,4.082229018211365,-404.50738525390625,116634
1563,633.9288813596663,1,0.038290599100109034,8.942198597866556,-405.56699537194294,116681
1564,592.0505670509922,1,0.03823316320145887,4.872834754841668,-406.8126787458147,116737
1565,632.8506000818636,1,0.03817581345665669,4.204462478558223,-403.92240651448566,116785
1566,633.436510967729,1,0.038118549736471705,5.968793253103892,-404.1115315755208,116832
1567,633.4083356418339,1,0.038061371911867,4.672421149585558,-405.71909498131794,116879
1568,633.2032169411702,1,0.03800427985399921,56.09760288397471,-404.8131281534831,116926
1569,632.717612933669,1,0.03794727343421821,13.381727839509646,-404.88474400838214,116974
1570,634.1620714879482,1,0.03789035252406688,7.087128027625706,-407.52242378566575,117021
1571,632.6151374317525,1,0.037833516995280786,5.96158300836881,-406.3670183817546,117069
1572,632.1633875928645,1,0.037776766719787865,5.833622167507808,-405.8487205505371,117117
1573,632.9576501809937,1,0.03772010156970818,5.107317626476288,-404.01283009847003,117165
1574,632.0953922684337,1,0.03766352141735362,4.775572166442871,-405.66065185546876,117214
1575,633.0044467453722,1,0.037607026135227595,7.3562593045442,-408.89588729194975,117261
1576,633.8137205273596,1,0.03755061559602475,62.842457501784615,-406.6149504288383,117307
1577,633.7174472335805,1,0.037494289672630715,48.85408197840055,-405.68922932942706,117355
1578,633.3977341922262,1,0.037438048238121774,7.980260223150253,-406.0071436564128,117402
1579,633.6548319432633,1,0.03738189116576459,3.8238799571990967,-406.8426699431046,117448
1580,632.8338735510479,1,0.03732581832901594,15.840651755747588,-405.6017270295516,117495
1581,632.893990706443,1,0.03726982960152242,3.568963497877121,-404.93253962198895,117542
1582,633.7772277624465,1,0.03721392485712014,4.073683344799539,-407.1468147609545,117588
1583,633.4632336938438,1,0.03715810396983446,9.676524633946626,-405.63926099694294,117635
1584,632.4223080845807,1,0.03710236681387971,9.580526192982992,-404.4659729003906,117683
1585,633.2302027327636,1,0.037046713263658895,4.283755789200465,-405.6913007100423,117731
1586,633.1671563840712,1,0.03699114319376341,4.888626823822658,-406.07958602905273,117779
1587,632.3181386015224,1,0.03693565647897277,7.714648442268372,-406.921005859375,117829
1588,632.8808448597239,1,0.03688025299425431,10.281694074471792,-407.03968048095703,117876
1589,632.9525104702468,1,0.03682493261476293,8.828297858436903,-405.90666580200195,117924
1590,633.3840003907325,1,0.03676969521584079,5.34581395983696,-407.76341883341473,117972
1591,632.567980436915,1,0.03671454067301703,3.4537140180667243,-406.9297472635905,118020
1592,633.62427997722,1,0.03665946886200751,54.517207124958865,-405.0682253630265,118067
1593,633.7504092823716,1,0.036604479658714495,7.267605264981587,-406.23834864298504,118114
1594,633.1026126435961,1,0.03654957293922643,15.565005074376645,-405.6397864300272,118161
1595,633.1629595619602,1,0.03649474857981759,3.7300854424635568,-406.25412368774414,118208
1596,633.224114842885,1,0.036440006456947865,8.903709143400192,-406.1499188741048,118256
1597,633.4068164538255,1,0.03638534644726245,6.2692476113637285,-405.1425094604492,118304
1598,633.9636500434515,1,0.03633076842759156,5.087240695953369,-408.3809734842052,118351
1599,632.5624836135071,1,0.03627627227495017,10.35557734966278,-404.76132837931317,118399
1600,633.1996149265977,1,0.03622185786653775,9.867729860803355,-405.9462970236073,118445
1601,633.7718044799171,1,0.036167525079737944,6.827697043617566,-405.76914469401044,118492
1602,633.3349631869853,1,0.03611327379211834,11.71147733926773,-404.7641894022624,118540
1603,633.266432740839,1,0.03605910388143016,8.779479265213013,-408.5544738769531,118587
1604,632.6078266047475,1,0.03600501522560802,3.757548436522484,-405.75377655029297,118635
1605,633.8017226241022,1,0.035951007702769606,13.347819338242212,-407.3061981201172,118683
1606,633.2975036765226,1,0.03589708119121546,7.481092065572739,-406.71972401936847,118730
1607,632.8906377618348,1,0.03584323556942864,7.253336180811343,-408.91629691745925,118777
1608,633.6776065472421,1,0.035789470716074495,12.927953035935111,-406.7716966711956,118823
1609,633.1721817040343,1,0.03573578651000039,3.4203716119130454,-406.0522918701172,118870
1610,633.0023302835173,1,0.03568218283023539,7.919792244831721,-405.23653411865234,118918
1611,633.4767018786147,1,0.03562865955599004,5.2977495193481445,-407.42965571085614,118966
1612,632.8843674445949,1,0.035575216566656055,11.937966167926788,-405.79686737060547,119014
1613,633.6091805891688,1,0.035521853741806074,4.188405327174975,-406.50339673913044,119061
1614,633.286568458791,1,0.035468570961193366,12.387072851260504,-404.84447860717773,119109
1615,633.4431802897413,1,0.03541536810475158,15.350334425767263,-404.9221051534017,119156
1616,634.0886506730715,1,0.03536224505259445,9.979288899380228,-405.8631047787874,119203
1617,632.285612376547,1,0.035309201685015563,4.934045162200928,-405.1470886230469,119253
1618,633.8742517002082,1,0.035256237882488044,9.550976882810177,-407.3702392578125,119299
1619,634.0334897373984,1,0.03520335352566431,6.935553669929504,-406.9228935241699,119346
1620,633.1600563685876,1,0.035150548495375813,8.387391040722529,-407.87725830078125,119394
1621,633.5075990200164,1,0.03509782267263275,4.273502611595651,-406.9108462126359,119441
1622,633.257852918128,1,0.0350451759386238,8.124657054742178,-406.0729331970215,119489
1623,633.418330175763,1,0.03499260817471587,8.951180426970772,-406.32694542926293,119535
1624,633.7818689395613,1,0.03494011926245379,9.131574799617132,-406.2395757039388,119582
1625,632.6632340478138,1,0.03488770908356011,3.581007262934809,-405.0942488960598,119629
1626,633.4009289743716,1,0.034835377519934776,4.997337579727173,-407.16940042246944,119675
1627,633.2590164899998,1,0.034783124453654876,8.237394481897354,-407.7998212178548,119723
1628,633.6869622104781,1,0.0347309497669744,15.37410269677639,-407.0403086344401,119770
1629,632.5732487585551,1,0.034678853342323936,10.367726845741272,-404.88108520507814,119820
1630,633.4763910594509,1,0.03462683506231045,9.43778619558915,-404.2000891644022,119867
1631,634.0925233549602,1,0.03457489480971699,5.630668009320895,-408.52871958414715,119914
1632,633.4275358723758,1,0.034523032467502414,6.266428024872489,-408.18608823029894,119960
1633,633.9201374692154,1,0.034471247918801164,10.142218931861546,-405.1388974397079,120006
1634,633.0477087539947,1,0.03441954104692296,6.940302936927132,-404.7491096828295,120052
1635,632.5556492315286,1,0.03436791173535258,8.606322267781133,-405.0806725543478,120099
1636,633.8933403890323,1,0.03431635986774955,10.35695085922877,-406.5557568868001,120146
1637,633.0662765003145,1,0.03426488532794793,10.305634954701299,-407.48142010232675,120193
1638,633.9588903068072,1,0.03421348799995601,10.844778686761856,-407.6700960795085,120240
1639,632.9669578984652,1,0.034162167767956074,7.338531821966171,-407.5589968363444,120288
1640,633.5010527291938,1,0.03411092451630414,7.055113226175308,-406.41758092244464,120336
1641,633.3401845257522,1,0.03405975812952969,55.99133220962856,-407.24792347783625,120383
1642,633.37952890735,1,0.034008668492335394,4.482972435951233,-404.58067626953124,120432
1643,633.722958593077,1,0.033957655489596894,15.21723697496497,-406.96683800738793,120478
1644,632.9998411051249,1,0.0339067190063625,7.163424442211787,-408.16196060180664,120526
1645,633.1986587817825,1,0.033855858927852964,17.525848554528277,-408.08357703167457,120573
1646,633.2535015054441,1,0.03380507513946119,11.295491288105646,-406.85169982910156,120621
1647,632.7633588308474,1,0.033754367526752,8.6369868516922,-405.6554578145345,120669
1648,633.2343531270791,1,0.03370373597546187,4.912948171297709,-403.4371859232585,120717
1649,633.2462556342705,1,0.03365318037149868,3.441296085715294,-406.63343302408856,120764
1650,634.0204301581726,1,0.03360270060094143,8.00336095561152,-407.00529413637906,120811
1651,633.4909574620987,1,0.033552296550040016,16.807450449985005,-408.76678599482,120857
1652,632.7904212229514,1,0.033501968105214955,49.39531780719757,-407.51415161132815,120906
1653,633.736648582036,1,0.033451715153057136,5.895726172820382,-406.42065164317256,120953
1654,633.622733306132,1,0.03340153758032755,11.262118776639303,-406.3267339070638,121000
1655,633.5100081253618,1,0.033351435273957064,6.131803686420123,-407.1754290262858,121048
1656,633.6731589231224,1,0.03330140812104613,3.2216388453607974,-405.30846239172894,121095
1657,632.9755115018312,1,0.03325145600886456,11.271840214729309,-407.1862513224284,121143
1658,633.5910864266924,1,0.033201578824851266,47.24418136974176,-407.2437451680501,121190
1659,633.3440528332764,1,0.03315177645661399,55.38380508124828,-407.0713806152344,121238
1660,632.2022305831792,1,0.03310204879192907,3.7931093176205954,-407.858341217041,121286
1661,632.9438456894788,1,0.03305239571874118,7.371652540953263,-406.2491269318954,121333
1662,632.5980802628901,1,0.03300281712516307,6.865614647666614,-407.7954266866048,121381
1663,633.2167312382577,1,0.032953312899475326,16.55850888291995,-407.7809804280599,121428
1664,632.8825448386914,1,0.03290388293012612,47.50128653775091,-406.5800582222317,121475
1665,633.6363090229428,1,0.03285452710573093,4.266592467824618,-406.79006576538086,121522
1666,633.4577759490569,1,0.03280524531507234,7.612263995668163,-403.8623484735904,121569
1667,633.1419979651466,1,0.032756037447099734,8.999187429745993,-405.52444712320965,121616
1668,632.9748738844331,1,0.03270690339092908,23.88283036649227,-407.14699935913086,121664
1669,582.12213118861,1,0.03265784303584269,8.149675382508171,-407.5077729401765,121718
1670,633.2999089531045,1,0.03260885627128893,8.496592730283737,-406.4493103027344,121766
1671,633.7370233690051,1,0.032559942986881994,11.76876750199691,-405.1735667353091,121812
1672,633.5601310125345,1,0.032511103072401674,10.036663988362188,-405.77423891813856,121859
1673,633.1405534564477,1,0.03246233641779307,3.3608790834744773,-407.2138900756836,121907
1674,633.1551717246239,1,0.03241364291316638,4.420939023296039,-408.2295328776042,121955
1675,633.1751666885672,1,0.03236502244879663,4.538763518134753,-406.0584437052409,122002
1676,633.8926337365165,1,0.03231647491512344,61.11318433803061,-407.2910050101902,122049
1677,632.5984748715848,1,0.03226800020275076,3.877323417663574,-409.01868408203126,122098
1678,632.980560460879,1,0.03221959820244663,11.00908237695694,-406.8812828063965,122146
1679,633.7370613167233,1,0.03217126880514296,8.88179702344148,-407.2378725798234,122193
1680,632.912405623372,1,0.03212301190193525,11.679122189680735,-405.9067853291829,122240
1681,634.2073782202244,1,0.03207482738408235,9.809152820835942,-406.7940156356148,122286
1682,633.3836889122806,1,0.03202671514300623,7.220461358626683,-407.53860092163086,122335
1683,633.7474688086684,1,0.03197867507029172,3.831113879879316,-407.4949582417806,122382
1684,632.5652382284748,1,0.03193070705768629,9.15085946995279,-404.99200041397756,122429
1685,633.6392642124727,1,0.03188281099709976,5.973232082698656,-407.69037263289744,122475
1686,633.2154617082336,1,0.03183498678060411,7.5766907049262,-406.13849673063856,122521
1687,633.036777113,1,0.03178723430043321,12.541839937369028,-405.2558237711589,122568
1688,633.4585638489023,1,0.03173955344898256,6.919031785882038,-407.337658426036,122615
1689,633.0019628750017,1,0.031691944118809094,8.15714712937673,-406.5534299214681,122662
1690,633.5455811857859,1,0.031644406202630884,9.426233467848405,-405.9379657247792,122709
1691,633.2656393694386,1,0.03159693959332694,3.444142997264862,-406.71992746988934,122756
1692,632.7030683298476,1,0.031549544183936955,8.260770122210184,-407.0208396911621,122804
1693,633.1200165743711,1,0.03150221986766105,7.936653282331384,-406.26098898182744,122851
1694,633.2667579159499,1,0.03145496653785956,9.581282958388329,-406.0496457417806,122899
1695,632.9787869412164,1,0.031407784088052774,13.873566428820292,-406.34030787150067,122946
1696,633.8346136073443,1,0.0313606724119207,4.1543402412663335,-408.54456495202106,122993
1697,632.96270653854,1,0.031313631403302816,4.361090982953708,-407.8202985127767,123041
1698,633.1010438017986,1,0.031266660956197866,5.724136074384053,-407.2173652648926,123088
1699,633.826156403084,1,0.03121976096476357,6.377692911935889,-406.0637963336447,123134
1700,633.9551613882443,1,0.031172931323316427,4.922628485638162,-408.17629474142325,123181
1701,633.6348826123083,1,0.031126171926331454,9.362041721741358,-406.89989980061847,123228
1702,633.5798491479355,1,0.031079482668441957,5.630101120990256,-405.4364239236583,123274
1703,632.538691671639,1,0.031032863444439295,9.665223802129427,-403.3374277750651,123322
1704,633.2263777018595,1,0.030986314149272637,4.203523786171623,-406.88080895465356,123369
1705,633.2119534472116,1,0.03093983467804873,4.4927149911721544,-406.6676546732585,123417
1706,633.5006168043415,1,0.03089342492603166,8.329853866411293,-406.7735171110734,123463
1707,632.8975564199629,1,0.030847084788642613,6.686845779418945,-408.49867248535156,123510
1708,633.6437263460066,1,0.03080081416145965,4.748338263967763,-407.4410214631454,123556
1709,633.6929659755716,1,0.030754612940217464,3.4259042221566904,-407.54902715268344,123603
1710,633.5432188654634,1,0.03070848102080714,3.9439965784549713,-407.3518435160319,123650
1711,632.8374484848313,1,0.03066241829927593,7.518247117598851,-406.3075243631999,123698
1712,633.1516759383393,1,0.030616424671827017,7.9978461265563965,-406.86544136379075,123745
1713,633.3947494367051,1,0.03057050003481928,4.406145761410396,-407.0180409749349,123793
1714,633.0950576671698,1,0.030524644284767054,8.037883420785269,-405.97092564900714,123840
1715,632.5048013594941,1,0.030478857318339905,3.2867956111828485,-407.14320373535156,123888
1716,633.4920607941755,1,0.030433139032362395,14.652449583013853,-405.87922795613605,123936
1717,632.898797868613,1,0.030387489323813854,9.058036280714948,-406.44145667034644,123983
1718,633.6509056776601,1,0.030341908089828135,8.774332512979923,-407.0155825407609,124029
1719,632.8840474650335,1,0.030296395227693396,3.3331384509801865,-407.80638758341473,124076
1720,632.7903350394083,1,0.030250950634851857,11.656317824902741,-406.93119347613793,124123
1721,633.0471208496074,1,0.03020557420889958,3.9035964061816535,-405.48897043863934,124170
1722,633.4370385045727,1,0.030160265847586232,7.1207349144894145,-404.78463479746944,124217
1723,633.448457628119,1,0.030115025448814853,7.922423680623372,-406.4360758463542,124264
1724,633.4684110034556,1,0.030069852910641633,9.343770110088846,-405.61340597401494,124311
1725,633.6168789789344,1,0.03002474813127567,10.694614479939142,-405.53490447998047,124358
1726,633.317669347673,1,0.029979711009078758,4.5007811318273125,-406.793445089589,124404
1727,633.501181250267,1,0.02993474144256514,9.363597320473712,-407.7533741826596,124451
1728,632.7816632874893,1,0.029889839330401295,11.57650122543176,-406.56101481119794,124498
1729,633.0034238025173,1,0.029845004571405695,5.767671305200328,-406.7019202190897,124545
1730,633.3892623041722,1,0.02980023706454859,5.447494477033615,-406.71350987752277,124592
1731,633.6019089305797,1,0.029755536708951768,6.300529210463814,-405.8136862049932,124638
1732,632.4718192543602,1,0.029710903403888343,4.261372953653336,-408.24964141845703,124686
1733,632.9901460926964,1,0.029666337048782514,9.839050740003586,-407.0155881245931,124734
1734,633.2137601152169,1,0.02962183754320934,11.747821553893711,-408.2122046429178,124781
1735,633.5098004708755,1,0.029577404786894527,5.794267038504283,-409.6397450764974,124829
1736,633.6742397844093,1,0.029533038679714185,11.628571976786075,-405.4739671790081,124875
1737,633.3171948427787,1,0.029488739121694616,3.391262603842694,-407.8118617845618,124921
1738,633.4275975188307,1,0.029444506013012076,17.20844580816186,-408.90815270465356,124967
1739,633.4421369497896,1,0.02940033925399256,3.6547333796819053,-407.2130266825358,125014
1740,632.6275625163249,1,0.029356238745111573,10.256759305795034,-406.6161460876465,125062
1741,633.5728991913835,1,0.029312204386993907,9.190724165543266,-405.30433057702106,125108
1742,632.8062600311628,1,0.02926823608041342,3.8202808250983558,-404.1929295857747,125156
1743,632.901292325241,1,0.0292243337262928,5.082550447920094,-406.54640131411344,125203
1744,633.0201502226432,1,0.029180497225703362,3.4995810556411744,-404.8323828125,125252
1745,633.5990407245943,1,0.02913672647986481,15.216043503388114,-406.1637135381284,125299
1746,633.3651709179753,1,0.029093021390145014,7.735192606846492,-409.1754671732585,125346
1747,632.9695639484707,1,0.0290493818580598,3.8460500140984855,-405.6439387003581,125394
1748,633.0544845069558,1,0.029005807785272713,49.77266557017962,-405.63980356852215,125442
1749,633.2781768695471,1,0.028962299073594804,10.481238275766373,-405.0903612772624,125490
1750,633.0862113121055,1,0.028918855624984415,9.087715789675713,-404.2231623331706,125538
1751,633.0587363738758,1,0.02887547734154694,5.680688940960428,-405.5791771930197,125584
1752,633.1103038221937,1,0.02883216412553462,6.592921381195386,-406.3566385904948,125632
1753,633.4586965365406,1,0.02878891587934632,8.729486092277195,-406.5361367930537,125678
1754,633.7581487395119,1,0.0287457325055273,50.56282236783401,-407.29487676205844,125725
1755,633.8832579279286,1,0.028702613906769012,45.502523789803185,-406.91383107503253,125772
1756,632.6134602750292,1,0.02865955998590886,4.211619685093562,-407.4475682576497,125820
1757,633.1074399086099,1,0.028616570645929998,4.99258075589719,-404.76901643172556,125867
1758,633.1577262246433,1,0.028573645789961105,8.111851677298546,-406.9453595479329,125914
1759,633.1959192443278,1,0.028530785321276165,3.516729800597481,-407.3340998110564,125960
1760,633.5120191383721,1,0.028487989143294253,5.666212092275205,-408.09334265667457,126006
1761,633.8716549109164,1,0.028445257159579313,14.769493921943333,-408.00039274796194,126053
1762,633.4605103866153,1,0.028402589273839946,13.772498814956002,-407.7275098717731,126099
1763,633.530582025684,1,0.028359985389929187,4.112736344337463,-408.05519612630206,126146
1764,633.5474368909718,1,0.028317445411844295,11.284239126288373,-407.3606023373811,126193
1765,632.827359268819,1,0.02827496924372653,7.541604449351628,-405.82102076212567,126241
1766,633.1441038888679,1,0.02823255678986094,51.47453287243843,-407.9674542744954,126289
1767,633.4141186445128,1,0.02819020795467615,16.157976816097896,-407.07053629557294,126337
1768,633.1155968959392,1,0.028147922642744138,4.047612231710683,-408.565638003142,126383
1769,632.8713332176507,1,0.028105700758780022,13.321774020791054,-408.5814463297526,126430
1770,633.2643821596434,1,0.028063542207641855,4.524773763573688,-407.7405899711277,126477
1771,633.0968847918001,1,0.028021446894330393,3.7921667844057083,-407.75599670410156,126525
1772,597.8421341904473,1,0.027979414723988898,4.424495198108532,-405.7029520670573,126579
1773,632.4769542226661,1,0.027937445601902915,9.014550973971685,-408.3010063171387,126627
1774,633.6076279521508,1,0.027895539433500063,9.313022701636605,-406.0137395444124,126673
1775,632.9966093922918,1,0.027853696124349812,52.16711844007174,-406.19483311971027,126721
1776,633.5089169875218,1,0.02781191558016329,4.63783537823221,-407.6995796535326,126767
1777,633.1109126497977,1,0.027770197706793044,8.329454158743223,-405.4801088968913,126815
1778,633.7104765353182,1,0.027728542410232856,4.397588481505712,-406.2729657491048,126862
1779,633.5856156912881,1,0.027686949596617508,51.90501288745714,-405.54920362389606,126909
1780,633.2674347159165,1,0.027645419172222584,8.276801441026771,-406.0402248216712,126955
1781,633.8053517947454,1,0.02760395104346425,13.514818280935287,-408.2635091145833,127002
1782,632.7357257534804,1,0.027562545116899057,3.781736135482788,-405.7488187154134,127050
1783,632.9477968437575,1,0.02752120129922371,7.819829612970352,-407.499319712321,127098
1784,634.0350234481161,1,0.027479919497274876,3.371076957039211,-407.09718919836956,127144
1785,632.8159322918802,1,0.027438699618028965,3.104511240254278,-407.6837463378906,127191
1786,633.2486574743577,1,0.027397541568601923,9.933159152666727,-407.37435150146484,127238
1787,633.8587406843278,1,0.027356445256249022,13.726259314495584,-407.08673095703125,127284
1788,633.566953282965,1,0.02731541058836465,4.041303391257922,-406.05095926920575,127332
1789,631.484575213127,1,0.027274437472482104,4.110783243179322,-404.5310485839844,127382
1790,633.7976745783819,1,0.027233525816273384,19.378210708498955,-406.3130683898926,127430
1791,632.7164685680278,1,0.027192675527548976,12.461670046267303,-407.8081718113111,127477
1792,634.1217182839389,1,0.027151886514257654,14.55115920305252,-405.42055384318036,127524
1793,633.7286706096013,1,0.02711115868448627,4.163060908732207,-406.8708894149117,127571
1794,633.1380868411344,1,0.02707049194645954,10.281912262241045,-406.7975476582845,127619
1795,632.6740107727878,1,0.027029886208539855,7.649008279045423,-405.85998789469403,127666
1796,633.5271015706462,1,0.026989341379227046,10.000562066617219,-407.117884096892,127713
1797,634.0284663760663,1,0.026948857367158206,12.196549146071725,-406.99797787873644,127759
1798,633.3890476192937,1,0.02690843408110747,9.849509970001552,-407.70244299847144,127805
1799,633.1962803916298,1,0.02686807142998581,12.550442392627398,-405.87259165445965,127852
1800,633.1727031580149,1,0.026827769322840835,5.277593540108723,-409.0601342242697,127898
1801,633.3005275101639,1,0.026787527668856576,6.116713109223739,-406.9173517641814,127945
1802,633.1891511598596,1,0.026747346377353293,5.809330806136131,-406.7363917032878,127992
1803,633.1041656723808,1,0.026707225357787263,12.60082557797432,-408.16756439208984,128041
1804,633.659554461106,1,0.026667164519750583,4.071755220492681,-406.72342681884766,128088
1805,632.5150796401105,1,0.026627163772970957,8.866568321983019,-405.1261266072591,128136
1806,633.3295009472472,1,0.0265872230273115,3.1335717284161113,-406.81630540930706,128183
1807,633.5578080166887,1,0.026547342192770534,5.990731835365295,-406.0542071798573,128229
1808,633.1904131088647,1,0.02650752117948138,13.220603555440903,-406.62639872233075,128277
1809,633.0173131547926,1,0.02646775989771216,22.16054066022237,-408.07119878133136,128325
1810,633.6822908151682,1,0.02642805825786559,5.090712616840999,-408.17876052856445,128372
1811,633.4024929791382,1,0.026388416170478792,5.111842279848845,-405.5145661727242,128418
1812,633.4321796969213,1,0.026348833546223076,20.050587389780127,-404.8503484311311,128465
1813,633.4946851352005,1,0.02630931029590374,6.160732424777487,-403.19562961744225,128511
1814,634.3442917997799,1,0.026269846330459888,5.82150063307389,-405.8503192404042,128557
1815,633.0252730669356,1,0.0262304415609642,5.408316125472386,-404.64388910929364,128604
1816,633.515271802167,1,0.026191095898622754,9.89766816470934,-404.7484024711277,128651
1817,633.7249433820701,1,0.02615180925477482,10.848179060479868,-406.65736190132475,128697
1818,634.0145817665298,1,0.02611258154089266,4.558121750752131,-406.6758842468262,128744
1819,633.3574704705984,1,0.026073412668581323,4.133878578310427,-405.43946639351225,128791
1820,633.6293498448804,1,0.02603430254957845,21.077684438746907,-404.82698788850206,128837
1821,633.0290223573835,1,0.025995251095754086,4.222776941631151,-407.37959753948707,128883
1822,633.1032004533095,1,0.025956258219110455,20.411713466644287,-406.2254943847656,128932
1823,633.5468268643551,1,0.025917323831781792,4.239074033239613,-407.5641572371773,128979
1824,632.9976311663343,1,0.02587844784603412,3.584509700536728,-405.71899032592773,129027
1825,633.0328228939148,1,0.02583963017426507,10.082494854927063,-405.1271807352702,129074
1826,633.269093770864,1,0.025800870729003673,4.439212643581888,-407.0814394743546,129121
1827,633.6389379488558,1,0.02576216942291017,3.651366720596949,-404.7638651529948,129169
1828,633.9981015108067,1,0.025723526168775806,5.461625253160794,-407.30084864298504,129216
1829,633.3256867161192,1,0.025684940879522642,61.31587896139725,-403.3564506199049,129263
1830,633.0852224552442,1,0.025646413468203358,4.841588725214419,-407.51958167034644,129309
1831,634.1838401199029,1,0.025607943848001056,4.247116622717484,-404.6532181449558,129355
1832,633.3494625775334,1,0.025569531932229057,51.46129832578742,-405.13423223080844,129401
1833,633.3139440510556,1,0.025531177634330715,14.422592580318451,-402.20684305826825,129448
1834,633.4958291810265,1,0.02549288086787922,5.115070539972057,-407.40906027088994,129494
1835,633.7251431757886,1,0.0254546415465774,10.825833947762199,-404.5859547490659,129541
1836,633.3588585195771,1,0.025416459584257537,4.095715060830116,-406.62199274698895,129588
1837,633.0572459806061,1,0.02537833489488115,52.70769441127777,-406.8075495180876,129634
1838,633.4492928404413,1,0.02534026739253883,3.375831909801649,-406.2153943932575,129680
1839,633.5250171869724,1,0.025302256991450025,26.023306753324427,-402.92420893130094,129727
1840,633.3266015451994,1,0.02526430360596285,9.397658244423244,-405.78849062712294,129773
1841,633.7806003159014,1,0.02522640715055391,3.3045525352160134,-402.548282623291,129820
1842,633.411602640135,1,0.02518856753982808,3.244793466899706,-406.2018644913383,129867
1843,633.5788335849865,1,0.02515078468851834,15.61729230483373,-404.36823654174805,129914
1844,633.5888995779384,1,0.025113058511485563,4.194544512292613,-406.60710077700406,129961
1845,633.2093621332295,1,0.025075388923718335,5.686362996697426,-405.68381754557294,130008
1846,633.6530628615918,1,0.02503777584033276,4.181186551633089,-406.92211648692256,130055
1847,633.77043875844,1,0.02500021917657226,14.422250787417093,-407.1720911661784,130102
1848,633.6685785079178,1,0.025,7.556033445441204,-404.4441621199898,130148
1849,633.9041299546524,1,0.025,15.51643711587657,-404.19881140667457,130195
1850,633.4354606317947,1,0.025,3.452177256345749,-405.15045166015625,130242
1851,633.404055719953,1,0.025,3.6189316977625308,-403.76887578549594,130288
1852,633.1153161377736,1,0.025,3.2627464170041294,-406.47186411982,130335
1853,633.2688041301875,1,0.025,3.4515278935432434,-406.71464284261066,130382
1854,632.5259524392079,1,0.025,3.7351553539435067,-405.0825309753418,130430
1855,633.915863427449,1,0.025,4.7412286582200425,-406.48927240786344,130476
1856,632.9967636255899,1,0.025,8.053184778793998,-407.78547336744225,130522
1857,633.1360198806296,1,0.025,11.573375541230906,-407.506395422894,130569
1858,633.225213134012,1,0.025,5.776312117775281,-406.4925791422526,130616
1859,633.4769727662002,1,0.025,5.405230335567309,-405.78456712805706,130663
1860,633.2035442852825,1,0.025,3.781677598538606,-406.89819203252375,130709
1861,633.510076407477,1,0.025,5.239096452792485,-406.8191769917806,130756
1862,633.529140869094,1,0.025,10.31458446253901,-406.70137090268344,130803
1863,633.4277163987872,1,0.025,9.25250925620397,-406.1244061787923,130850
1864,632.905674549746,1,0.025,12.474576789399851,-406.6553357995075,130897
1865,632.8024925634684,1,0.025,10.741518706083298,-406.75150299072266,130944
1866,633.8036597803072,1,0.025,4.6627887902052505,-405.7112877887228,130990
1867,633.2390545158058,1,0.025,57.01275629582612,-406.9494681980299,131037
1868,633.5178137998873,1,0.025,23.525284103725266,-408.32911483101225,131083
1869,633.1508337268255,1,0.025,5.075444584307463,-407.7357575789742,131129
1870,634.1159007848767,1,0.025,11.459247402522875,-403.28696607506794,131175
1871,633.252445568352,1,0.025,9.06784122188886,-409.6533266703288,131222
1872,633.0519599772664,1,0.025,13.177918579267418,-406.02107305112094,131269
1873,633.9252227740703,1,0.025,4.644011631608009,-406.1198921203613,131316
1874,633.8061966434417,1,0.025,9.271790364514226,-407.6754827084749,131363
1875,632.8147101921033,1,0.025,15.285660271843275,-406.56360117594403,131410
1876,633.2358240351366,1,0.025,15.920551497003306,-406.8408601180367,131457
1877,633.8275243843366,1,0.025,9.640734703644462,-406.80974147630775,131503
1878,633.2822472363523,1,0.025,67.76108287728351,-404.54714567764944,131549
1879,632.4678664457795,1,0.025,5.37303526699543,-404.1850217183431,131597
1880,633.6194061615521,1,0.025,4.104052792424741,-403.3279989491338,131643
1881,633.4450488104729,1,0.025,21.03102586062058,-403.97499681555706,131689
1882,632.8147337082264,1,0.025,3.797063112258911,-406.22123591105145,131736
1883,633.5089138705339,1,0.025,3.3637466322291982,-403.7768735018644,131781
1884,633.5418654618312,1,0.025,13.288757655931557,-405.9130912449049,131827
1885,632.7140171761441,1,0.025,9.51667833328247,-407.08583862304687,131876
1886,633.4203960792585,1,0.025,12.961835964866307,-404.8730269722317,131922
1887,633.4658799266091,1,0.025,19.219795398090195,-408.07489411727244,131969
1888,633.5806392553533,1,0.025,3.349837583044301,-408.2340446140455,132015
1889,632.6458171660083,1,0.025,3.38140340646108,-404.8890266418457,132063
1890,633.4774298494124,1,0.025,4.7734199315309525,-405.6971600850423,132110
1891,633.5217714639131,1,0.025,7.1897167433863105,-405.2011785092561,132157
1892,632.9302212586965,1,0.025,3.6246286978324256,-402.68979517618817,132205
1893,633.656552728092,1,0.025,4.075521628061931,-406.34806060791016,132252
1894,633.0893280345077,1,0.025,15.623700038246486,-404.90972900390625,132299
1895,633.4671492560497,1,0.025,4.832436308264732,-407.1785748799642,132346
1896,633.4669178354646,1,0.025,3.080827754476796,-405.5710409413213,132392
1897,632.9943149325286,1,0.025,4.898799258729686,-404.82279105808425,132439
1898,633.8128466701259,1,0.025,4.724586139122645,-406.06114196777344,132486
1899,634.2050752262267,1,0.025,23.74828827899435,-403.7779647163723,132532
1900,633.26930743892,1,0.025,6.871009737253189,-406.842721303304,132580
1901,633.0317054749736,1,0.025,22.512017270793084,-407.315906027089,132627
1902,633.4770158637032,1,0.025,9.634762739141783,-405.9769973754883,132674
1903,633.1283080175905,1,0.025,8.865958576617034,-405.2598585045856,132721
1904,633.86419058124,1,0.025,13.233924362970436,-406.221215289572,132767
1905,632.7795448984767,1,0.025,26.424852937459946,-406.6288642883301,132814
1906,632.5938632928836,1,0.025,10.400135340897933,-407.2375023883322,132861
1907,633.3369115880273,1,0.025,4.579398254553477,-405.057918548584,132908
1908,632.8046349508462,1,0.025,3.755553017059962,-405.0618158976237,132956
1909,632.6973743476706,1,0.025,18.879141973412555,-406.3272864300272,133003
1910,633.32405233746,1,0.025,8.953258007764816,-404.8272768656413,133050
1911,618.122467889353,1,0.025,4.204932999610901,-405.895400390625,133100
1912,633.4701094038033,1,0.025,4.099015308463055,-406.1985725734545,133147
1913,633.059127251875,1,0.025,8.1351311703523,-404.4301109313965,133194
1914,633.3329726597946,1,0.025,15.33152697397315,-405.97220644743544,133241
1915,633.3808327372906,1,0.025,15.951323946317038,-406.7066014607747,133289
1916,633.247890807181,1,0.025,3.501106177767118,-406.1991895039876,133336
1917,633.5578751337468,1,0.025,10.668394840281943,-406.5075338612432,133382
1918,633.0953481974345,1,0.025,6.1491149508434795,-406.61085311226225,133428
1919,633.3469833234279,1,0.025,4.624158029970915,-406.12237946883494,133475
1920,633.8955026712553,1,0.025,4.374746229337609,-404.3211510699728,133521
1921,632.8819509038556,1,0.025,19.250840559601784,-408.04904810587567,133568
1922,633.2330438558436,1,0.025,40.10791558286418,-403.2855821692425,133615
1923,633.7422271935691,1,0.025,3.533957813097083,-408.40418807319975,133661
1924,633.7251583646712,1,0.025,8.762849895850472,-405.20598303753394,133707
1925,633.2079938650687,1,0.025,10.22682585923568,-406.1790532651155,133753
1926,633.1521433968915,1,0.025,24.273503080010414,-405.4280751546224,133801
1927,633.3575670822174,1,0.025,3.6297397665355517,-406.04260121221125,133847
1928,633.7679455271666,1,0.025,3.844261506329412,-404.2130087147588,133893
1929,633.9175683565041,1,0.025,14.86350303110869,-406.6947459345279,133939
1930,633.3003317445566,1,0.025,13.041959669279015,-403.4285132366678,133985
1931,634.2356793889633,1,0.025,69.89608355708744,-406.8341727878736,134031
1932,634.127491031702,1,0.025,6.080350538958674,-402.36289380944294,134077
1933,633.8818455998969,1,0.025,3.728322848677635,-405.4682757059733,134124
1934,632.4965628859408,1,0.025,7.087032914161682,-401.57080841064453,134172
1935,633.7655292522634,1,0.025,3.984496132187221,-407.02152550738793,134219
1936,633.2876726644196,1,0.025,11.54977824376977,-404.14607968537706,134265
1937,633.2129730133852,1,0.025,14.446894347667694,-405.64672088623047,134312
1938,633.7362203123744,1,0.025,16.5363522923511,-403.69267604662025,134359
1939,633.4778054975004,1,0.025,58.93817275762558,-405.7998415629069,134406
1940,633.5462809220721,1,0.025,3.1280080442843228,-404.7767997409986,134453
1941,634.2580105166016,1,0.025,13.348838090896606,-405.7473780314128,134500
1942,633.1472878123287,1,0.025,12.19456150220788,-406.9514213230299,134547
1943,633.8543493644831,1,0.025,3.4937676450480586,-404.03016596255094,134593
1944,633.471508047256,1,0.025,3.4971190950144893,-403.60715252420175,134639
1945,633.2224897375858,1,0.025,57.617812852064766,-405.5253651936849,134686
1946,633.6646613315187,1,0.025,10.818175725314928,-405.4388348123302,134732
1947,633.4369128180354,1,0.025,9.840531483940456,-407.7215257727581,134779
1948,632.957215589659,1,0.025,4.111241315801938,-404.12594985961914,134826
1949,632.4951828173314,1,0.025,12.993990828593573,-405.07993570963544,134874
1950,633.1072172296053,1,0.025,11.809792560079824,-404.62100485096806,134920
1951,633.1496337365487,1,0.025,3.873963449312293,-407.62276160198707,134967
1952,633.5024874217754,1,0.025,9.65413168569406,-404.15687052408856,135014
1953,633.7501827104726,1,0.025,4.816074848175049,-404.5317701256794,135060
1954,633.1550257987307,1,0.025,11.505121265848478,-407.87881088256836,135108
1955,633.3511607675989,1,0.025,15.83124822119008,-405.85719896399456,135155
1956,633.7360637488753,1,0.025,3.211316668468973,-406.5930839206861,135201
1957,633.449863738725,1,0.025,3.4043671041727066,-404.6058718363444,135248
1958,633.8310633267404,1,0.025,3.606057327726613,-405.63912300441575,135295
1959,633.549897715742,1,0.025,11.55347198744615,-405.7197672526042,135342
1960,633.3696684603601,1,0.025,3.646397134532099,-406.19235760232675,135389
1961,633.7760149169221,1,0.025,11.478425979614258,-407.02816645304364,135436
1962,581.2549215682027,1,0.025,19.946548383811425,-404.93958466628504,135494
1963,633.2702172498444,1,0.025,9.762086469194163,-406.78751671832543,135540
1964,633.3085937429429,1,0.025,12.965273717175359,-406.1368753184443,135586
1965,634.0586472879774,1,0.025,4.140994385532711,-406.8239188816236,135632
1966,633.600502984118,1,0.025,8.103209920551466,-404.4487981381624,135678
1967,634.0932426655299,1,0.025,4.022103765736455,-407.86419677734375,135724
1968,634.4111514731744,1,0.025,9.374830095664315,-405.67047915251356,135770
1969,633.9150586014082,1,0.025,3.9060540821241294,-407.3328857421875,135817
1970,633.575649274921,1,0.025,3.8839509785175323,-405.28524653116864,135865
1971,633.2412953794321,1,0.025,6.480496446291606,-405.3711191813151,135912
1972,633.0967511073341,1,0.025,7.3170586046965225,-405.3273620605469,135959
1973,633.6924771279104,1,0.025,14.59726737893146,-406.32503476350206,136005
1974,633.9684595648848,1,0.025,14.914068662601968,-405.61804464588994,136051
1975,633.4877989087973,1,0.025,3.4155860592921576,-405.70294825236004,136098
1976,633.5546499409625,1,0.025,5.175485693890115,-406.01700890582543,136144
1977,633.8522750265481,1,0.025,14.74510003172833,-405.6520651112432,136191
1978,633.2918236104882,1,0.025,3.4752502648726753,-407.8549061650815,136237
1979,633.292509607153,1,0.025,6.901698837677638,-406.2996253967285,136284
1980,632.7092483522885,1,0.025,17.536225860317547,-405.97826385498047,136332
1981,634.2393090504454,1,0.025,63.83995290942814,-405.4417910368546,136378
1982,633.2347197196889,1,0.025,11.645405924838522,-407.2101944633152,136424
1983,633.8983153678586,1,0.025,10.030177525852038,-408.14011150857675,136470
1984,633.0880796116394,1,0.025,3.720716673394908,-407.76740696119225,136517
1985,633.5651114152282,1,0.025,23.445573369661968,-405.88701756795246,136564
1986,632.935997117534,1,0.025,4.02279225639675,-405.54474673063856,136610
1987,633.1956681886486,1,0.025,17.313889151034147,-406.0284490170686,136657
1988,633.3522032318397,1,0.025,29.03506518446881,-405.53749018130094,136703
1989,633.7022434466322,1,0.025,4.780036604922751,-406.5153622834579,136749
1990,632.9747463941537,1,0.025,16.6086881061395,-403.9891751607259,136796
1991,632.8665475857456,1,0.025,14.856950754704682,-404.87987352454144,136843
1992,633.4462718650959,1,0.025,17.41098818571671,-403.1975376295007,136889
1993,633.1103671388447,1,0.025,12.636844852696294,-405.22530464504075,136935
1994,633.8124087843045,1,0.025,9.629010770631874,-402.0007602857507,136981
1995,632.9399273345191,1,0.025,7.236674795548121,-406.2377649943034,137028
1996,633.4216589469456,1,0.025,4.722351416297581,-403.6169035538383,137074
1997,633.6889939441174,1,0.025,28.96516237569892,-406.83703480596125,137121
1998,633.3806872043295,1,0.025,4.393186504642169,-406.7329686482747,137169
1999,633.6329339300582,1,0.025,3.597849690395853,-406.87404997452444,137215
2000,634.0928799316212,1,0.025,5.136093761609948,-405.1673517641814,137261
2001,632.9689962632248,1,0.025,21.799972062309582,-403.1600596110026,137308
2002,633.5734539924254,1,0.025,4.4169725542483125,-404.8885338824728,137355
2003,633.1896259142736,1,0.025,3.524343023697535,-406.9001808166504,137403
2004,633.7621594533261,1,0.025,27.052111248175304,-405.5422960917155,137450
2005,633.7320203492282,1,0.025,27.02434243844903,-407.1113360861073,137496
2006,633.5174793731901,1,0.025,14.794163667637369,-404.603575333305,137543
2007,633.4001643011451,1,0.025,28.441218868545864,-406.09419980256456,137589
2008,632.7160346456664,1,0.025,19.0418717811505,-407.0047416687012,137636
2009,633.6839480286876,1,0.025,13.08388588739478,-404.0306449558424,137682
2010,633.1622939358681,1,0.025,3.749982750934103,-405.6934270444124,137729
2011,633.6117434645124,1,0.025,3.920443077882131,-404.8766034444173,137776
2012,633.9363087691557,1,0.025,5.0981573799382085,-406.1569890561311,137823
2013,634.0990208982174,1,0.025,3.6420102223106054,-405.50417560079825,137869
2014,633.071832015401,1,0.025,54.68543394903342,-403.45121510823566,137916
2015,632.65656635957,1,0.025,4.385308414697647,-404.5705986022949,137964
2016,633.4757686428778,1,0.025,66.82097462467526,-404.4584297511889,138010
2017,633.1762084239094,1,0.025,15.675166829772618,-406.6730784540591,138057
2018,633.2969085567973,1,0.025,5.13548827668031,-405.08777745564777,138104
2019,634.0283920766815,1,0.025,15.532656280890755,-406.15128226902175,138150
2020,633.5558652814617,1,0.025,3.8269876656324966,-406.7579504925272,138197
2021,633.1280411025492,1,0.025,4.003348381622978,-404.1267992102581,138243
2022,633.484296478508,1,0.025,12.586043318112692,-403.3814417521159,138290
2023,632.769670133746,1,0.025,3.4996235221624374,-405.44328053792316,138338
2024,633.2741964438414,1,0.025,25.692010187584422,-406.0797994862432,138384
2025,633.9142727748717,1,0.025,8.612559733183488,-407.06817494268,138431
2026,633.0010336991929,1,0.025,14.296591699123383,-403.2779032389323,138478
2027,633.838318946976,1,0.025,2.897806976152503,-407.19860707158625,138525
2028,633.5042557463889,1,0.025,18.826176295677822,-404.2569770812988,138572
2029,634.4351111107909,1,0.025,15.095307179119276,-402.8754657247792,138618
2030,633.5544891583046,1,0.025,2.690720454506252,-407.3339896824049,138664
2031,634.1118558817354,1,0.025,124.74204857971357,-404.685106360394,138710
2032,633.7909657665209,1,0.025,4.303629559019337,-404.2235279912534,138757
2033,633.5006298802114,1,0.025,57.45868672927221,-404.3605041503906,138804
2034,633.3924954605923,1,0.025,14.160454073677892,-405.8744944696841,138851
2035,633.1120386608279,1,0.025,10.349504098296165,-405.52350489298504,138898
2036,633.3981395814691,1,0.025,2.768913605938787,-405.0609130859375,138944
2037,633.5457881628427,1,0.025,4.600190033515294,-403.2664311726888,138992
2038,632.9102017609332,1,0.025,3.132541402526524,-405.47276372494906,139038
2039,632.8049122690893,1,0.025,13.528173079093298,-403.2677192687988,139086
2040,633.433649589127,1,0.025,13.534773204637611,-403.42481928286344,139133
2041,633.4637731748708,1,0.025,13.687229011369789,-403.54765651537025,139179
2042,633.4836866400659,1,0.025,17.264794396317523,-404.39705757472825,139225
2043,634.0567616800213,1,0.025,5.1268757840861445,-405.84152619735056,139271
2044,633.4960492512305,1,0.025,5.960940547611402,-403.20708830460256,139316
2045,634.076471104911,1,0.025,8.175332354462665,-407.79538361922556,139362
2046,633.1949461691205,1,0.025,16.761566960293315,-404.4483828337296,139408
2047,632.819970685326,1,0.025,6.777008319894473,-406.5862223307292,139456
2048,632.9599939748489,1,0.025,10.304633840918541,-405.7999979654948,139504
2049,633.4713607244918,1,0.025,27.834547955056895,-406.39677760912025,139551
2050,633.3174959152144,1,0.025,12.740080962578455,-403.0397885640462,139598
2051,633.6890462976589,1,0.025,12.381078046301138,-406.7149976647419,139644
2052,633.9068607111259,1,0.025,34.19284653663635,-404.5704531462296,139690
2053,633.3349565440762,1,0.025,17.151252995366637,-405.40555074940556,139737
2054,633.5013594482363,1,0.025,4.061196933190028,-403.4084955851237,139784
2055,633.9299134834716,1,0.025,5.285894409469936,-404.9318409795346,139831
2056,632.8473309141746,1,0.025,14.069575448830923,-404.1978594462077,139879
2057,633.7378140027289,1,0.025,3.7851533691088357,-407.49035771687824,139926
2058,633.1172884361639,1,0.025,10.343661349752676,-405.5591244904891,139973
2059,633.3397643487452,1,0.025,12.815656999746958,-406.22139739990234,140020
2060,633.2135108679902,1,0.025,3.621667934500653,-402.588587221892,140067
2061,633.1728218694859,1,0.025,3.7030623995739482,-405.30754023012906,140113
2062,633.925815734339,1,0.025,4.471528442009635,-405.8961818529212,140159
2063,634.1331975047542,1,0.025,18.56272998581762,-407.3683047087296,140205
2064,633.60295614652,1,0.025,9.969300468762716,-404.0334726969401,140252
2065,634.5087545552778,1,0.025,27.85817605516185,-403.3600901728091,140298
2066,633.6630181710276,1,0.025,5.523259416870449,-405.32143634298575,140345
2067,633.8276757949409,1,0.025,6.830805407918018,-405.2018605107846,140391
2068,633.2174896809339,1,0.025,8.348342845837275,-407.18812306722003,140438
2069,633.3599547501153,1,0.025,22.46384356332862,-407.7179990022079,140485
2070,633.6955257139848,1,0.025,6.329017490148544,-405.0656229654948,140532
2071,633.3434780729377,1,0.025,6.500381822171419,-405.6072918435802,140578
2072,633.4213691087052,1,0.025,15.070785600206126,-404.4476159137228,140625
2073,633.2575415569893,1,0.025,23.673138295610745,-404.0277786254883,140672
2074,632.8959954668647,1,0.025,61.35155733253645,-407.65385901409644,140719
2075,633.2157578542417,1,0.025,16.58895801504453,-403.49766540527344,140766
2076,633.1534055548759,1,0.025,16.300557354222175,-405.9181332795516,140812
2077,633.5462750261787,1,0.025,3.365689863329348,-401.8526027513587,140858
2078,633.7400291209519,1,0.025,4.830014695723851,-406.07334264119464,140906
2079,633.4423488329262,1,0.025,37.293196750723794,-405.88298499065894,140952
2080,633.3703483535037,1,0.025,2.953713816145192,-404.5125453783118,140998
2081,633.3251327897369,1,0.025,23.007518887519836,-403.0341911315918,141046
2082,597.1107281101702,1,0.025,13.243435210651821,-404.3319442183883,141100
2083,633.66424991898,1,0.025,3.406679682109667,-404.73041169539744,141146
2084,633.3346006855596,1,0.025,3.8159060270889946,-404.8353337826936,141192
2085,632.638974267983,1,0.025,26.864791229367256,-405.10888671875,141240
2086,633.4520847311887,1,0.025,8.882220092027083,-407.75092348845106,141287
2087,633.8986108490011,1,0.025,5.512294701907946,-406.92506342348844,141333
2088,633.5132981709484,1,0.025,14.499892794567605,-404.3024199112602,141378
2089,633.2549354149696,1,0.025,9.120656080867933,-403.0119788128397,141425
2090,633.1349901727048,1,0.025,3.406295087026513,-402.94432266898775,141471
2091,633.6333447223399,1,0.025,3.311418801546097,-406.3807741800944,141518
2092,633.242679247254,1,0.025,4.151357013246288,-405.1266771399456,141564
2093,633.9572822862092,1,0.025,42.951343240945235,-405.6135572350544,141611
2094,633.3001944748823,1,0.025,36.60651762589164,-404.6949383279552,141657
2095,633.5061011859391,1,0.025,27.800549807755843,-405.70173313306725,141702
2096,633.525669856873,1,0.025,9.397143768227618,-404.3180634871773,141748
2097,633.5284600282242,1,0.025,3.5880241964174355,-403.7955375339674,141795
2098,633.3367327323311,1,0.025,5.522918125857478,-407.76658829398775,141841
2099,633.5414322937893,1,0.025,11.037599424521128,-404.2421404520671,141888
2100,633.4581525930638,1,0.025,2.778869970985081,-405.7731641686481,141934
2101,633.6498030846789,1,0.025,9.639236473518869,-405.8047166907269,141980
2102,633.2148543894393,1,0.025,7.206525066624517,-405.329345703125,142026
2103,632.7235901520858,1,0.025,3.9169318079948425,-405.0312665303548,142074
2104,633.1827130914068,1,0.025,3.7461859350619107,-404.6956734035326,142121
2105,633.4430698046588,1,0.025,5.277013053064761,-404.3526266346807,142167
2106,632.8517475622809,1,0.025,3.477823283361352,-408.1201118800951,142213
2107,633.913402441283,1,0.025,3.8594676048859307,-403.5732607634171,142259
2108,633.4631224895322,1,0.025,19.029535226199936,-406.83009935461956,142305
2109,633.3811762549996,1,0.025,3.3117567698160806,-406.3003222147624,142353
2110,633.3845759766779,1,0.025,3.865324298540751,-404.8077163696289,142400
2111,633.5602840151131,1,0.025,14.540182865184287,-406.76200136931044,142446
2112,633.7633843233868,1,0.025,5.369397111560987,-405.97363546620244,142492
2113,633.1398170761559,1,0.025,6.650391298791637,-404.75260460895043,142538
2114,633.7433381238,1,0.025,7.417581864025282,-404.1893549380095,142584
2115,634.0862768041993,1,0.025,21.000672760217086,-403.8008449388587,142630
2116,633.28422471134,1,0.025,15.85492567912392,-406.9470679241678,142676
2117,633.7588930108581,1,0.025,16.37213361263275,-405.9331956946331,142723
2118,633.4392143280237,1,0.025,13.469627100488413,-405.5812683105469,142769
2119,633.3800242853096,1,0.025,32.49256039162477,-405.64008712768555,142816
2120,633.7596594746944,1,0.025,4.229748041733451,-406.1925831670346,142862
2121,633.3398826777575,1,0.025,16.748783777157467,-401.8124491373698,142910
2122,633.770703062742,1,0.025,16.068771097971045,-406.32906043011207,142956
2123,633.4031420231917,1,0.025,17.462064743041992,-403.13416456139606,143002
2124,633.1638774116234,1,0.025,6.660225007845008,-406.50830078125,143049
2125,633.1544530288148,1,0.025,3.550741712252299,-403.15200932820636,143096
2126,633.8824997373251,1,0.025,4.388674487238345,-405.2205385954484,143143
2127,633.4471181248464,1,0.025,3.227984475052875,-404.5932922363281,143189
2128,633.5435097768096,1,0.025,3.141361271341642,-403.7405840555827,143236
2129,634.0745005618307,1,0.025,16.692366854004238,-406.9416185461956,143282
2130,632.9944821577021,1,0.025,2.7242948710918427,-406.32734807332355,143330
2131,633.4253448858335,1,0.025,15.268682246622832,-404.7573879076087,143376
2132,634.1778125094695,1,0.025,6.622586835985598,-406.1951983907948,143423
2133,633.3818107961464,1,0.025,9.52975188649219,-405.147228738536,143469
2134,633.3887177427392,1,0.025,24.23800999422868,-405.53163782755536,143516
2135,632.3743787394797,1,0.025,4.138050665458043,-405.33739344278973,143564
2136,633.2046378841676,1,0.025,16.36288513826287,-401.6095846424932,143611
2137,632.746309995305,1,0.025,20.98265685637792,-404.3290761311849,143659
2138,634.0119434543199,1,0.025,17.42582613488902,-403.98381374193275,143705
2139,633.2064021226364,1,0.025,36.89794859160548,-403.8656921386719,143751
2140,633.6533908453727,1,0.025,4.02397070242011,-403.0729675292969,143797
2141,633.6013779564413,1,0.025,8.357356066289155,-403.1054024074389,143843
2142,633.1347261696017,1,0.025,4.4078970948855085,-405.0638478597005,143890
2143,633.153409626354,1,0.025,12.74264719693557,-404.2785830290421,143937
2144,633.4840177549958,1,0.025,3.9814636409282684,-407.4470926920573,143984
2145,634.2511891334517,1,0.025,3.374694860499838,-403.4232018512228,144031
2146,632.7554985219955,1,0.025,28.17982961734136,-405.7362912495931,144078
2147,633.8019315760546,1,0.025,19.0550748317138,-405.3738589079484,144125
2148,633.8835793904659,1,0.025,11.396948526302973,-405.39662806193036,144172
2149,632.6802169084241,1,0.025,3.28605069803155,-406.6356838060462,144219
2150,633.6644315610741,1,0.025,4.314737547998843,-407.124267578125,144265
2151,632.967858300624,1,0.025,3.364285260438919,-405.32900110880536,144313
2152,634.0677187344345,1,0.025,5.865756889184316,-403.8083432515462,144360
2153,633.5392679840961,1,0.025,38.141226229460344,-403.8923180621603,144406
2154,634.1340159801755,1,0.025,3.4393353047578232,-407.77299831224525,144452
2155,633.1583177443587,1,0.025,19.201700521552045,-405.9991693911345,144499
2156,634.0324522166873,1,0.025,2.628138049789097,-406.5269775390625,144545
2157,633.1369908651773,1,0.025,4.5813306123018265,-405.0715738932292,144592
2158,633.2476473526993,1,0.025,3.3278665853583296,-403.6185342539912,144639
2159,632.9938566084427,1,0.025,22.653259779016178,-405.7440478006999,144686
2160,633.9589219647894,1,0.025,5.853742091552071,-403.85686061693275,144732
2161,634.3277912587556,1,0.025,21.612762534100078,-406.4203424868376,144778
2162,633.6581233085234,1,0.025,3.446774845537932,-405.9427092179008,144825
2163,632.5286192484629,1,0.025,21.727448766430218,-406.1767349243164,144873
2164,633.4204547075499,1,0.025,3.343237489461899,-404.88999048868817,144920
2165,633.6626856626808,1,0.025,7.025046384852866,-403.3073146654212,144967
2166,633.6673739513781,1,0.025,17.163255940312926,-407.2546943996264,145013
2167,633.9345722078563,1,0.025,12.539984837822292,-406.6191950259001,145059
2168,634.0168641991007,1,0.025,3.9393975216409434,-406.5644252611243,145105
2169,634.0666065862097,1,0.025,9.154204726219177,-406.6532446819803,145151
2170,633.2878641249245,1,0.025,14.163254618644714,-406.2901026407878,145198
2171,633.9771319863827,1,0.025,15.648655564888664,-406.4377096424932,145244
2172,633.7183574513133,1,0.025,15.388737004736196,-406.3707328464674,145291
2173,634.1988731549361,1,0.025,14.299284727677055,-403.8225018045177,145337
2174,633.5992822684343,1,0.025,44.40649715065956,-404.0717582702637,145384
2175,632.98134957296,1,0.025,16.12396420603213,-406.2698629628057,145431
2176,633.7307164590404,1,0.025,6.523153367249862,-407.9644350798234,145477
2177,633.8259584733887,1,0.025,44.24054382676663,-404.0049385402514,145523
2178,633.4365424521501,1,0.025,5.460646291573842,-407.33048884073895,145571
2179,633.6012410587044,1,0.025,18.590370158354443,-406.10719807942706,145618
2180,633.718674001067,1,0.025,17.509040635565054,-406.4930313773777,145664
2181,633.5567921767166,1,0.025,8.790907310402911,-403.44266012440556,145710
2182,634.0139089061597,1,0.025,9.53305695367896,-407.19186932107675,145757
2183,632.8771538233877,1,0.025,38.06166576345762,-401.4553400675456,145805
2184,633.4422566567607,1,0.025,38.23319839394611,-406.9700808317765,145851
2185,634.4198306931299,1,0.025,17.079300833785016,-405.7203594705333,145897
2186,633.7096567369106,1,0.025,22.643175850743834,-406.86987570057744,145943
2187,633.3449782928358,1,0.025,5.209644888838132,-405.193058013916,145990
2188,634.0610457321285,1,0.025,3.7144944149514902,-405.91522216796875,146037
2189,633.4940187321109,1,0.025,19.882377054380335,-406.7554002844769,146083
2190,632.7645459215323,1,0.025,4.49689108133316,-401.8448079427083,146131
2191,634.1654358141809,1,0.025,12.085821203563524,-405.25341531504756,146177
2192,633.4546381290592,1,0.025,5.886583810051282,-405.8037503560384,146224
2193,633.7476116794198,1,0.025,4.697903342868971,-406.30861896017325,146271
2194,633.4316655049194,1,0.025,17.143245956172112,-407.3995958411175,146317
2195,633.5771006811325,1,0.025,3.1351433681405108,-407.2694489852242,146363
2196,633.4359009687271,1,0.025,11.58037572602431,-406.131529490153,146410
2197,633.3229927691734,1,0.025,4.8448789534361465,-403.0647291100544,146457
2198,633.856987432783,1,0.025,19.5617785602808,-406.84539286295575,146504
2199,633.2766774986042,1,0.025,7.371143216672151,-406.44522758152175,146550
2200,633.6808459671337,1,0.025,5.681990058525749,-403.52554586659306,146596
2201,634.1152489731896,1,0.025,15.478842605715213,-403.92275072180706,146642
2202,633.6242627891083,1,0.025,14.929601814435875,-405.2948581861413,146688
2203,634.111461379495,1,0.025,6.49995085467463,-406.00417560079825,146734
2204,633.0956561073676,1,0.025,5.905656094352405,-405.14544677734375,146782
2205,633.7680392621243,1,0.025,5.210049478904061,-404.86133077870244,146828
2206,633.7037286110073,1,0.025,3.9151361455088076,-408.7496656334919,146875
2207,633.485900150698,1,0.025,17.97858943628228,-405.1141118588655,146921
2208,632.9271206735957,1,0.025,7.412510057290395,-403.2763214111328,146968
2209,633.5164550415726,1,0.025,4.587416897649351,-404.23749973462975,147014
2210,634.1587820828087,1,0.025,3.4825480606244956,-403.6888029679008,147061
2211,632.7554482597392,1,0.025,6.51465121905009,-406.7492039998372,147108
2212,634.2317908169885,1,0.025,5.797166088353032,-403.58168626868206,147155
2213,633.7098928346159,1,0.025,12.940348128477732,-405.41665267944336,147202
2214,633.4253172444862,1,0.025,3.8447700635246607,-405.9163420304008,147249
2215,618.3462400677663,1,0.025,21.14063624382019,-408.1610595703125,147298
2216,634.541272493327,1,0.025,4.788366011951281,-404.6957490340523,147344
2217,633.5273872299863,1,0.025,16.39465388007786,-403.54050080672556,147390
2218,633.8381680023176,1,0.025,5.0194117608277695,-402.76811682659644,147437
2219,632.4914435406045,1,0.025,2.9245895743370056,-407.31606038411456,147485
2220,633.5012960217101,1,0.025,4.006852358579636,-407.30700937906903,147532
2221,633.9522478974363,1,0.025,13.334053220956221,-403.9903391962466,147578
2222,633.8751923287008,1,0.025,12.553085441174714,-404.49834010912025,147624
2223,633.1072693429098,1,0.025,6.154647163722826,-406.016137164572,147670
2224,633.2825119187972,1,0.025,34.11792427042256,-404.2174112071162,147716
2225,633.741819124568,1,0.025,12.897780418395996,-406.48828125,147762
2226,633.8423026533819,1,0.025,6.370266846988512,-407.01428089971125,147808
2227,633.4842935949085,1,0.025,28.102161630340245,-406.09426349142325,147854
2228,633.5595194457741,1,0.025,19.223688731590908,-402.04843775431317,147902
2229,632.4552577993284,1,0.025,57.64146116375923,-405.4550921122233,147950
2230,633.6502869021888,1,0.025,11.309403590534044,-402.6404485287874,147996
2231,633.5492758110013,1,0.025,3.903888038966967,-403.26159402598506,148043
2232,634.1116123175156,1,0.025,2.9585750376184783,-405.5117657979329,148090
2233,633.6382213842534,1,0.025,20.37051419071529,-405.5140964673913,148136
2234,632.9538061813237,1,0.025,14.665999372800192,-404.30774815877277,148184
2235,633.3499813884586,1,0.025,6.119992764099784,-405.759533426036,148230
2236,634.6492521931282,1,0.025,7.902511026548303,-403.9904559591542,148276
2237,633.7125191984012,1,0.025,4.708328537319018,-404.8826599121094,148322
2238,634.1863391478422,1,0.025,3.4020061130109043,-405.9529976222826,148368
2239,634.0767966882612,1,0.025,28.891504329183828,-405.6426484481148,148415
2240,632.8885441025667,1,0.025,16.697867393493652,-405.570016225179,148463
2241,633.2435735170193,1,0.025,6.301515926917394,-407.79905954996747,148510
2242,632.8867148438284,1,0.025,32.05138806005319,-405.88586298624676,148558
2243,634.3140715374844,1,0.025,4.648810200069262,-405.65885195524794,148604
2244,633.1946472452107,1,0.025,4.087692742762358,-407.2047756029212,148650
2245,634.018734724573,1,0.025,47.85242359534554,-407.7445413340693,148696
2246,633.2588250843877,1,0.025,34.6463135999182,-405.9261050016984,148743
2247,633.5175907885503,1,0.025,5.343009881351305,-405.8024238918139,148789
2248,633.7453178921818,1,0.025,17.52767575305441,-406.3898010253906,148835
2249,633.0418862006317,1,0.025,17.51049467921257,-405.83295822143555,148882
2250,634.0256811939107,1,0.025,3.136359292527904,-406.0367975649626,148929
2251,633.453816935509,1,0.025,11.619877182919046,-403.6036814814029,148975
2252,634.4320281047724,1,0.025,7.93229517729386,-403.624231753142,149021
2253,633.4782127662091,1,0.025,7.336682086189588,-402.52417755126953,149068
2254,634.0668898049047,1,0.025,67.40823144498079,-406.7461401897928,149114
2255,634.2485283762046,1,0.025,10.183014916337054,-405.43104354194975,149160
2256,633.6378936460127,1,0.025,6.967703777810802,-406.0790153171705,149206
2257,633.5968406415066,1,0.025,6.34257533757583,-404.1910705566406,149252
2258,633.6101328267953,1,0.025,6.8738056628600415,-404.6906552522079,149299
2259,633.8891452399162,1,0.025,2.500654311283775,-404.2984552798064,149345
2260,633.6571259574342,1,0.025,59.72774827977022,-403.28118387858075,149392
2261,633.8171156515061,1,0.025,13.470972584641498,-405.5920582646909,149438
2262,633.8074217107767,1,0.025,17.865824253662772,-406.16668833857,149484
2263,633.458059503469,1,0.025,3.0467593462570854,-402.54855877420175,149530
2264,633.7519769223632,1,0.025,6.038453900295755,-405.1950736667799,149577
2265,633.4794078743604,1,0.025,8.209426491156869,-405.1641248620075,149623
2266,633.3881115107242,1,0.025,18.371083171471305,-406.8769252611243,149669
2267,633.2504422576342,1,0.025,3.691573371057925,-405.6304294752038,149715
2268,633.562635973181,1,0.025,15.558648949084075,-404.1364785899287,149761
2269,634.2696364908193,1,0.025,17.729332493699115,-405.0158863896909,149807
2270,633.4862682665994,1,0.025,6.043565238515536,-405.62972259521484,149854
2271,633.6057281672793,1,0.025,12.503824483264577,-403.5083382346413,149899
2272,633.4651086987205,1,0.025,15.518741145730019,-404.06815846761066,149946
2273,633.2986964299828,1,0.025,5.9981366344120195,-405.040735659392,149992
2274,632.8840358711785,1,0.025,3.1928505638371343,-408.3195177161175,150039
2275,633.1613198857954,1,0.025,23.902402445673943,-402.8133710225423,150086
2276,633.9656819762948,1,0.025,16.52800004378609,-405.7722393533458,150133
2277,634.2436815347597,1,0.025,13.126857082049051,-405.7642567952474,150180
2278,632.9371170976749,1,0.025,19.160217487293743,-406.8930385423743,150226
2279,634.0342444159371,1,0.025,35.21243802360866,-404.98453554899794,150273
2280,633.3446962964974,1,0.025,2.7519331127405167,-405.6087303161621,150320
2281,632.6360645127946,1,0.025,2.796227991580963,-402.45481236775714,150369
2282,634.0936934082622,1,0.025,19.25946621791176,-404.2843442170516,150415
2283,634.0197030832236,1,0.025,22.948071339856025,-404.1224484650985,150461
2284,632.8884748882234,1,0.025,12.877105375130972,-406.2027994791667,150508
2285,633.4381379913594,1,0.025,3.242865510608839,-403.59638247282606,150554
2286,632.9299922717797,1,0.025,3.3243723660707474,-406.91030502319336,150602
2287,633.5187878934508,1,0.025,7.135863832805468,-404.17745706309444,150648
2288,634.1900521726784,1,0.025,5.597713346066683,-403.73522020422894,150694
2289,633.5795130854807,1,0.025,63.55300845788873,-403.0289664890455,150741
2290,633.2889207490923,1,0.025,3.047197788953781,-406.5981152852376,150788
2291,633.2199195663878,1,0.025,4.242887626523557,-405.74689516813856,150834
2292,634.1830938855603,1,0.025,3.769415295642355,-402.9999217157779,150881
2293,633.0273404425398,1,0.025,2.4064341317052427,-406.57956463357675,150927
2294,633.8695954240806,1,0.025,17.05181366464366,-407.3730787194294,150973
2295,633.7887423883732,1,0.025,21.463710511724155,-406.05724843343097,151020
2296,633.5328079338346,1,0.025,11.251843918924747,-405.0299709154212,151067
2297,633.5105543628753,1,0.025,23.45569970210393,-404.9987983703613,151114
2298,633.6271116233424,1,0.025,5.142172010048576,-405.0002733313519,151160
2299,633.6974113565667,1,0.025,15.34789752960205,-404.8045760444973,151206
2300,633.5385023699143,1,0.025,11.701861881691476,-406.96370663850206,151253
2301,633.3477929041001,1,0.025,21.09380198561627,-405.97085040548575,151299
2302,633.4207333087242,1,0.025,9.39419555167357,-405.5174039204915,151346
2303,633.3803817889973,1,0.025,9.037815788517827,-406.71257350755775,151393
2304,633.7533676934614,1,0.025,7.668395371540733,-403.9872383449389,151439
2305,633.560917421979,1,0.025,14.710341209950654,-405.1275462274966,151485
2306,633.5933816529218,1,0.025,4.79797741274039,-405.1244710286458,151532
2307,633.2340097037427,1,0.025,3.1620907213376914,-403.98451166567594,151578
2308,633.3153212632326,1,0.025,43.99866695507713,-405.1900568423064,151624
2309,633.6798465040873,1,0.025,6.782435318698054,-404.87052055027175,151670
2310,633.6660312083998,1,0.025,18.919432261715766,-404.4620878800102,151717
2311,633.567438703348,1,0.025,11.53160771727562,-405.4879506429036,151765
2312,634.0164784872738,1,0.025,25.791766211390495,-404.57080459594727,151812
2313,632.4875059895567,1,0.025,31.107847819725674,-400.64648691813153,151861
2314,633.9605223550723,1,0.025,23.007933740814526,-405.62963612874347,151908
2315,633.6815979337871,1,0.025,12.03488654675691,-404.2789479131284,151954
2316,633.4164559789435,1,0.025,8.055479946343794,-405.5335534137228,152000
2317,633.1286134458098,1,0.025,3.770458867152532,-404.80724207560223,152048
2318,633.2758272854777,1,0.025,29.570961537568465,-404.51843527088994,152094
2319,634.1783001892152,1,0.025,17.02171996883724,-406.79507048233694,152141
2320,633.800113689457,1,0.025,16.634430155158043,-404.1479632059733,152189
2321,633.0761019859472,1,0.025,10.841644940168962,-407.1238708496094,152235
2322,633.6635976539687,1,0.025,64.45984878229058,-404.45645406971806,152281
2323,632.977215088686,1,0.025,2.6945725803573928,-404.07687759399414,152329
2324,633.2062919431166,1,0.025,9.296716907750005,-402.77095894191575,152375
2325,633.4927546827005,1,0.025,19.506609035574872,-403.9403261931046,152421
2326,633.3484073070366,1,0.025,30.730535994405333,-406.92743052607,152467
2327,633.3300212990712,1,0.025,26.22747330043627,-405.30627176036006,152513
2328,633.6516098525807,1,0.025,6.324876656134923,-407.1500422159831,152561
2329,633.0379390979042,1,0.025,43.14824554820856,-404.6207224527995,152608
2330,633.3770855671479,1,0.025,17.755466906920724,-404.6497510827106,152654
2331,633.8121062613966,1,0.025,21.571480248285376,-402.9631971276325,152700
2332,633.3253586694262,1,0.025,43.11161277086838,-403.8772967794667,152746
2333,633.7578911646258,1,0.025,15.995646181313887,-404.2901677670686,152792
2334,633.4966720576972,1,0.025,5.55675775071849,-404.5121048637058,152839
2335,633.6554355350469,1,0.025,30.800342979638472,-405.89305711829144,152885
2336,634.046101156549,1,0.025,4.4196401586135226,-405.3668212890625,152932
2337,623.8952579682407,1,0.025,24.773765837152798,-404.3008448282878,152980
2338,632.7619760640523,1,0.025,2.6850482722123465,-403.9522120157878,153028
2339,633.871151311892,1,0.025,4.174553979998049,-403.33584063986075,153074
2340,633.4311767389113,1,0.025,3.5959516366322837,-403.7589276631673,153122
2341,633.2791381994914,1,0.025,5.089032318281091,-404.7653848399287,153169
2342,634.0627014675089,1,0.025,65.04874078605486,-404.7258579420007,153215
2343,633.2278332202953,1,0.025,5.6962283452351885,-406.1856981913249,153263
2344,633.4397500308935,1,0.025,17.25843918841818,-406.20769467561144,153309
2345,633.908835020993,1,0.025,6.298727224270503,-405.49537022908527,153356
2346,632.7658643439213,1,0.025,3.6020370203515757,-402.1223900836447,153403
2347,633.5386451468323,1,0.025,5.327004588168601,-404.9812356700068,153449
2348,633.3608273913974,1,0.025,3.5019080353819807,-406.8995706309443,153495
2349,633.1417100814433,1,0.025,4.04968099296093,-407.13668060302734,153542
2350,633.2763915436542,1,0.025,64.3601823941521,-406.4712949006454,153589
2351,633.7102567825959,1,0.025,3.102662604788075,-406.2825410262398,153634
2352,633.687141883921,1,0.025,31.714043834935065,-406.23138029679006,153680
2353,632.9243684843456,1,0.025,12.238592421015104,-403.3695437113444,153728
2354,633.9642609012724,1,0.025,4.7751326509144,-404.97970979110056,153774
2355,633.2474588159507,1,0.025,9.480452729308087,-406.2579279360564,153820
2356,633.875508159286,1,0.025,17.850895746894505,-406.8650340204654,153866
2357,633.8671830166998,1,0.025,22.190335258193638,-403.8951721191406,153912
2358,633.0448786600273,1,0.025,14.331706026326055,-406.7303267769192,153959
2359,632.5729758143545,1,0.025,46.31655651330948,-404.33434168497723,154006
2360,633.3218343127022,1,0.025,5.849785022113634,-406.2874994692595,154053
2361,633.4573227646972,1,0.025,35.4701523469842,-403.6524897036345,154099
2362,632.782851870964,1,0.025,39.75605624417464,-405.2707939147949,154146
2363,633.7962080337713,1,0.025,22.163831596573193,-406.06044006347656,154194
2364,633.2423481134999,1,0.025,64.03570043004078,-404.07483175526494,154241
2365,634.1290721747393,1,0.025,16.386260390281677,-406.8665691873302,154287
2366,633.3633447966298,1,0.025,18.660334680391394,-407.118211829144,154333
2367,632.8148254368767,1,0.025,2.6411973337332406,-406.19751358032227,154380
2368,633.0691104631559,1,0.025,5.304691529792288,-402.73772131878394,154426
2369,633.0047705256575,1,0.025,6.307717126348744,-405.2999612559443,154473
2370,633.8958156280212,1,0.025,24.563608293947965,-406.62268331776494,154519
2371,633.0657596204007,1,0.025,5.257077445586522,-403.4430402119954,154566
2372,633.9063783537506,1,0.025,24.32085885690606,-405.18207848590356,154612
2373,632.6799616266495,1,0.025,68.07053628563881,-405.69723892211914,154660
2374,633.8770092880943,1,0.025,10.127002985581107,-404.8763706373132,154706
2375,633.7161170448304,1,0.025,8.336665936138319,-403.2868758491848,154752
2376,633.3208888440291,1,0.025,17.759379734163698,-405.1465480638587,154799
2377,633.7469754011437,1,0.025,3.207852498344753,-400.65854810631794,154845
2378,633.5804104090926,1,0.025,4.77017409602801,-405.0763295491536,154892
2379,633.7689954767079,1,0.025,3.225179128024889,-406.76835565981656,154939
2380,633.6234056086753,1,0.025,16.005181722019028,-403.3226092794667,154985
2381,633.410689215334,1,0.025,44.544005217759505,-404.4540338930876,155031
2382,633.251150998697,1,0.025,4.7181353370348615,-402.6026039123535,155079
2383,633.6269302569731,1,0.025,8.601314206918081,-404.9401270548503,155126
2384,633.7333440724981,1,0.025,38.07292616885641,-405.6514335300611,155172
2385,633.0183467963736,1,0.025,47.727626774622046,-404.51702880859375,155219
2386,634.1791541797182,1,0.025,5.016329081162162,-403.8054862644361,155265
2387,633.7853491358135,1,0.025,7.839359635892122,-405.29949155061144,155311
2388,633.3106785172331,1,0.025,17.615846171975136,-408.03833897908527,155358
2389,633.0515134125626,1,0.025,19.512973308563232,-403.4496884553329,155404
2390,633.7727474602308,1,0.025,5.725301203520401,-405.2912703804348,155450
2391,633.8918279674875,1,0.025,16.227841626042906,-404.5075975501019,155496
2392,633.2038495955017,1,0.025,4.312026386675627,-403.80873041567594,155542
2393,633.160710156654,1,0.025,4.36859973617222,-405.0147267217221,155589
2394,634.4366276651939,1,0.025,3.094038864840632,-405.5034644085428,155635
2395,633.1611326581194,1,0.025,7.842709889014562,-405.75431569417316,155682
2396,633.2994191484174,1,0.025,7.626014408857926,-404.23905082370925,155729
2397,633.6666410721028,1,0.025,19.811665991078254,-404.13539057192594,155775
2398,634.1694727625322,1,0.025,5.602729290723801,-406.68164316813153,155822
2399,633.9754177352424,1,0.025,18.14822212509487,-405.8507040272588,155868
2400,634.0239002001108,1,0.025,31.55174278176349,-404.7320118779721,155915
2401,633.1122969991674,1,0.025,3.6188486451688022,-406.02204165251356,155961
2402,633.5033693609988,1,0.025,6.41973561545213,-406.1406644185384,156008
2403,633.6183645690543,1,0.025,38.76048054384149,-404.1533627717391,156054
2404,633.9011268557244,1,0.025,3.162824195364247,-404.44320015285325,156100
2405,633.4606370964099,1,0.025,3.328380180441815,-404.69355840268344,156147
2406,634.2507688768774,1,0.025,5.409214615821838,-407.1573008661685,156193
2407,633.6557470386288,1,0.025,62.86418604850769,-405.40141760784644,156239
2408,633.6349682231503,1,0.025,8.34065676772076,-405.5928610096807,156285
2409,633.9331806134705,1,0.025,32.65109720955724,-402.30564283288044,156331
2410,634.0246109648511,1,0.025,5.236904237581336,-403.85605256453806,156377
2411,633.9803463764778,1,0.025,5.53472904364268,-405.44772084554035,156424
2412,633.7603326399104,1,0.025,7.958177924156189,-405.4850158691406,156471
2413,632.9198463580107,1,0.025,12.636612519621849,-407.12010828653973,156518
2414,634.0959872812053,1,0.025,12.041992757631386,-405.06946066151494,156564
2415,633.4171140416635,1,0.025,36.63979058421177,-405.651599386464,156610
2416,633.2908581421896,1,0.025,6.387958340022875,-405.0114188816236,156656
2417,633.8339199097272,1,0.025,3.8536496577055557,-405.84474779211956,156702
2418,633.4997208247389,1,0.025,9.199117266613504,-404.9038908585258,156749
2419,633.3947699144601,1,0.025,30.567159559415735,-405.43192324431044,156795
2420,633.5072986136113,1,0.025,18.232120782136917,-405.8515370686849,156842
2421,632.6720009947319,1,0.025,7.218737565952798,-405.5421182383662,156889
2422,634.2348354126001,1,0.025,4.48926593946374,-407.0000676694124,156935
2423,632.8281130260589,1,0.025,5.849269943237305,-404.42179931640624,156984
2424,633.4894735113181,1,0.025,4.458114359689795,-405.64390762992525,157031
2425,633.3443590501913,1,0.025,2.9576017390126768,-405.90009341032606,157077
2426,633.4212840563162,1,0.025,21.037698308626812,-404.6281547546387,157124
2427,634.0893450922858,1,0.025,5.935704863589743,-405.6817706564198,157170
2428,633.4146152688804,1,0.025,8.12286650357039,-406.88510529891306,157216
2429,633.8326897337772,1,0.025,31.158791650896486,-403.90086431088656,157262
2430,633.2438455545494,1,0.025,5.392799056094626,-405.5389749278193,157308
2431,633.9903306624242,1,0.025,3.227049117502959,-402.14432558806044,157355
2432,633.47787153062,1,0.025,19.09460320075353,-406.9127540588379,157402
2433,634.0236769110165,1,0.025,3.9714851483054785,-404.7370313561481,157448
2434,633.7041976101078,1,0.025,22.15723721359087,-403.79999840777856,157495
2435,633.321208373508,1,0.025,19.289742423140485,-405.6182038680367,157541
2436,633.7578362664873,1,0.025,16.06973079494808,-406.19191974142325,157587
2437,633.5235435956884,1,0.025,18.045978168646496,-404.1288464864095,157634
2438,633.4710216604327,1,0.025,7.14306392358697,-405.6050468113111,157680
2439,633.473527282667,1,0.025,18.391180893649224,-404.3740857995075,157727
2440,633.8137598650842,1,0.025,4.547938634951909,-406.40418497721356,157774
2441,633.9733674159138,1,0.025,16.544585072475932,-406.7163868779721,157821
2442,634.4085081045321,1,0.025,3.1561821699142456,-405.24575274923575,157867
2443,633.4084984477878,1,0.025,8.82058242460092,-406.5745137532552,157914
2444,633.8294379088459,1,0.025,5.578001753143642,-403.56466409434444,157960
2445,633.5347852333103,1,0.025,3.8464051485061646,-404.736804464589,158007
2446,633.9728779720017,1,0.025,18.276167097298995,-404.36411451256794,158053
2447,633.988359209539,1,0.025,10.848278973413551,-404.6780687415081,158099
2448,633.3977228051988,1,0.025,6.792367711663246,-404.5684509277344,158146
2449,632.766142957723,1,0.025,6.29528268005537,-406.73867399796194,158193
2450,633.1695939874348,1,0.025,9.12187728782495,-406.8092676798503,158241
2451,633.8715507657007,1,0.025,45.231257189875066,-403.9877372409986,158287
2452,633.3212185739812,1,0.025,3.990356301267942,-405.1529820760091,158335
2453,632.5656507107669,1,0.025,4.558660318454106,-403.344721476237,158382
2454,633.6930675878426,1,0.025,15.419979230217312,-405.9345185653023,158429
2455,632.9713522795973,1,0.025,24.60309552649657,-404.43335088094074,158476
2456,633.789438982878,1,0.025,17.57150896217512,-405.3411971382473,158522
2457,633.6358990002105,1,0.025,18.195595342180003,-405.1500443168308,158569
2458,632.9110259329451,1,0.025,16.984790358543396,-406.9329455566406,158618
2459,633.4678107706354,1,0.025,39.42684935486835,-407.14721547002375,158664
2460,633.1280382274067,1,0.025,6.22901321494061,-403.9963577933933,158711
2461,632.6400790956991,1,0.025,13.006828705469767,-405.31550216674805,158758
2462,633.5379796818065,1,0.025,25.418398152226988,-404.311070981233,158804
2463,633.9433651114362,1,0.025,19.197820331739344,-403.9996138862942,158850
2464,634.0046390518245,1,0.025,3.927292077437691,-404.0014728048573,158896
2465,634.4765635189118,1,0.025,4.023643348527991,-405.276111105214,158942
2466,633.7213533799843,1,0.025,5.5477471351623535,-408.3352793817935,158988
2467,633.6005644575539,1,0.025,4.842751093532728,-406.6708679199219,159034
2468,633.8243362544873,1,0.025,9.02949038795803,-406.23188848080844,159081
2469,633.9639337559328,1,0.025,5.601990637571915,-406.7848072881284,159127
2470,634.2255617146952,1,0.025,7.431567015855209,-402.16061932107675,159173
2471,633.6724886323091,1,0.025,41.27610068023205,-403.72136815388996,159220
2472,633.0957387554045,1,0.025,19.111547755158465,-408.08415951936144,159267
2473,632.9371918776823,1,0.025,60.253918240467705,-406.92114512125653,159314
2474,633.5644317490987,1,0.025,21.932639899461165,-403.7830133852751,159361
2475,633.2743790694806,1,0.025,15.128202148105787,-403.5410554305367,159407
2476,633.3654109229102,1,0.025,4.406380474567413,-405.17924245198566,159454
2477,633.7336546180651,1,0.025,18.499294550522514,-405.7567483653193,159501
2478,633.3757694137084,1,0.025,3.2033870790315713,-405.1013727602751,159547
2479,633.9205200247403,1,0.025,21.991257226985432,-406.2736152980639,159593
2480,634.3168072885393,1,0.025,20.777231397836104,-402.9881830630095,159639
2481,633.765382137886,1,0.025,3.5160339574019113,-406.6873194376628,159686
2482,633.7937559980087,1,0.025,17.068558464879576,-405.77794481360394,159733
2483,632.774068352702,1,0.025,5.714150160551071,-404.5106430053711,159780
2484,633.2944219401068,1,0.025,61.61339949568113,-404.4174690246582,159828
2485,633.2821708077367,1,0.025,12.43072688061258,-404.63904073963994,159874
2486,633.8555776190055,1,0.025,80.22722173773724,-405.28595368758494,159920
2487,633.3837528978341,1,0.025,13.577091559119847,-404.48162045686144,159966
2488,633.3278777378307,1,0.025,21.804004420404848,-405.1574123216712,160013
2489,633.5872707656954,1,0.025,2.346354608734449,-407.70360056559247,160060
2490,632.8558619298556,1,0.025,13.045558639194654,-407.1651810355808,160107
2491,633.55375904334,1,0.025,40.0564914216166,-405.1920205821162,160153
2492,633.6971924069717,1,0.025,4.725638558467229,-405.4447784423828,160200
2493,633.7802683597102,1,0.025,16.57347984747453,-405.6953527277166,160245
2494,633.3802488491937,1,0.025,102.57065930962563,-408.9258550008138,160292
2495,632.0419007435875,1,0.025,19.5083184838295,-404.60945383707684,160341
2496,633.6409154151798,1,0.025,3.2920654286508975,-407.7911270805027,160387
2497,633.273827684699,1,0.025,7.940931973250016,-403.41357289189875,160433
2498,633.8989471910338,1,0.025,2.868121914241625,-404.095959207286,160479
2499,633.1297588573223,1,0.025,4.208915616075198,-407.5933659871419,160526
2500,633.6368135012963,1,0.025,20.03864218359408,-406.3044752038044,160573
2501,633.1691761814145,1,0.025,5.0928467719451245,-408.4653386655061,160619
2502,633.604067141275,1,0.025,9.298779005589692,-406.0569723378057,160665
2503,633.6105511021959,1,0.025,4.321677197580752,-405.85848202912706,160711
2504,633.339476091678,1,0.025,14.251669702322587,-406.5592332922894,160757
2505,633.7172193162676,1,0.025,9.107068657875061,-408.35886255900067,160804
2506,633.0853995863272,1,0.025,5.219836836275847,-406.6661177925442,160851
2507,634.3991489358648,1,0.025,10.407572331635848,-405.65151446798575,160897
2508,634.3246266891351,1,0.025,29.78361163450324,-406.8630211871603,160943
2509,633.8035343952523,1,0.025,6.141603138135827,-406.0531430451766,160989
2510,633.5919946549833,1,0.025,19.414868401444476,-404.80304751188856,161035
2511,633.3849146523596,1,0.025,35.004133666555084,-405.00558344523114,161083
2512,633.6159606399954,1,0.025,4.146437714497249,-406.9270273844401,161130
2513,633.9801284234691,1,0.025,13.062460391417794,-407.8055764903193,161177
2514,633.876085662476,1,0.025,4.07078502078851,-405.3121172587077,161224
2515,633.6592929264464,1,0.025,4.09477684808814,-404.79012398097825,161271
2516,633.661286409978,1,0.025,12.465802093346914,-406.6026547749837,161318
2517,634.3439503910647,1,0.025,11.370451958283134,-407.33901048743206,161364
2518,634.0215689124366,1,0.025,20.89665062531181,-403.8885975713315,161410
2519,633.0947271081887,1,0.025,23.2377638194872,-404.7811385444973,161456
2520,634.0229715599298,1,0.025,19.631128710249197,-405.8189153256624,161502
2521,633.3931241709254,1,0.025,4.9967867235342665,-405.9617551167806,161550
2522,633.4590996754685,1,0.025,3.095953236455503,-404.90492182192594,161597
2523,633.1865242914831,1,0.025,4.375880319139232,-405.8903490149456,161643
2524,633.8419913250942,1,0.025,12.063154776891073,-406.6350517272949,161690
2525,633.8364397785892,1,0.025,21.950206471526105,-407.5263778023098,161736
2526,634.0411890339726,1,0.025,40.87057206423386,-405.7219530188519,161782
2527,633.5066559014575,1,0.025,18.341123772704083,-405.3055977199389,161829
2528,633.4230650395434,1,0.025,17.53142383824224,-405.5806367293648,161875
2529,633.5172692499198,1,0.025,5.556000305258709,-402.64494788128394,161921
2530,634.0665327135182,1,0.025,43.73347476254339,-405.6182516346807,161967
2531,632.8613505776456,1,0.025,8.94600755472978,-405.640687306722,162014
2532,633.3697868795259,1,0.025,6.587632028952889,-405.99677707837975,162060
2533,634.7405421542303,1,0.025,68.14547605618186,-404.7019825810971,162106
2534,634.0453950701575,1,0.025,18.79193111087965,-403.10558153235394,162152
2535,633.5087459784977,1,0.025,2.8311797639598018,-404.48073942764944,162198
2536,633.2703278187023,1,0.025,10.295639193576315,-403.4419170877208,162244
2537,633.561022998655,1,0.025,123.51220080645189,-404.28036897078806,162290
2538,633.7009118477334,1,0.025,4.8310480221458105,-405.2253616996433,162337
2539,633.4059130901244,1,0.025,14.74938180135644,-405.82899276069975,162383
2540,632.7494774817333,1,0.025,4.130505286157131,-403.48043568929035,162431
2541,632.7090162484168,1,0.025,4.472801561156909,-403.7652994791667,162479
2542,633.9277217911587,1,0.025,17.635820000068,-406.6143759022588,162525
2543,633.5929814402529,1,0.025,19.111646736661594,-407.5991045633952,162572
2544,633.5583119087735,1,0.025,8.577404136243073,-405.7869090204654,162619
2545,633.218838449934,1,0.025,17.278760977413345,-406.3300436268682,162665
2546,634.0543959097633,1,0.025,5.391581177711487,-404.87654240926105,162712
2547,632.7983303957286,1,0.025,25.168470615925997,-406.64314999787706,162759
2548,633.8052966777797,1,0.025,16.74179720878601,-404.6628842561141,162805
2549,633.3925064751568,1,0.025,3.0037197321653366,-405.53265380859375,162852
2550,633.1011534966761,1,0.025,2.7394385985706164,-407.0352225925611,162899
2551,633.3216327552213,1,0.025,25.073296951211017,-403.9164096998132,162945
2552,633.3902370647814,1,0.025,28.18058206140995,-406.3290608723958,162992
2553,634.2793770368114,1,0.025,25.4307323642399,-405.9901919157609,163038
2554,633.6986005329705,1,0.025,2.8203024864196777,-403.13750159222144,163084
2555,633.4763097309794,1,0.025,11.266237302259965,-406.65315385298294,163129
2556,633.4764035259133,1,0.025,9.45165010638859,-405.67909041694975,163175
2557,633.0332537313934,1,0.025,3.7996652449170747,-403.63820393880206,163222
2558,632.7351074051402,1,0.025,2.8938153463861216,-406.7373113217561,163269
2559,634.3910605324621,1,0.025,5.192002659258635,-403.2652667501698,163315
2560,634.486838415332,1,0.025,25.105905517287876,-402.47221838909644,163361
2561,633.6705270840582,1,0.025,16.983829389015835,-406.2344029744466,163408
2562,633.4979927302941,1,0.025,34.26340915327487,-406.1175722868546,163454
2563,633.7491700654512,1,0.025,13.700314666913902,-402.938184655231,163500
2564,633.9685091582074,1,0.025,19.4756397890008,-407.2986145019531,163547
2565,632.8758875822157,1,0.025,6.053016950686772,-403.94798278808594,163594
2566,633.1862258490912,1,0.025,20.27911662062009,-406.13620885213214,163642
2567,633.6173286269903,1,0.025,14.219441527905671,-405.0994793435802,163688
2568,634.0303049008344,1,0.025,28.689813194067582,-406.4537048339844,163735
2569,633.9907066592839,1,0.025,19.588502699914187,-408.1733862835428,163781
2570,633.8328731005776,1,0.025,4.133490013039631,-407.0388475501019,163827
2571,633.3271201557147,1,0.025,27.237693589666616,-404.67883035411006,163873
2572,632.8622242390695,1,0.025,66.87045699357986,-406.2610855102539,163920
2573,633.8643715675848,1,0.025,22.590203228204146,-405.68639871348506,163966
2574,633.5597132738986,1,0.025,3.3061358825020166,-405.7715746008831,164012
2575,633.2976872750239,1,0.025,19.665468096733093,-408.6548833432405,164058
2576,633.5539598519358,1,0.025,12.757020369819973,-404.84265004033625,164105
2577,634.3808271779161,1,0.025,31.823023516198862,-406.7300733483356,164151
2578,633.1978627163592,1,0.025,23.357817480961483,-405.8569755554199,164198
2579,634.3390437882116,1,0.025,14.473287908927254,-406.3957678753397,164244
2580,634.0194144916101,1,0.025,8.835383622542672,-405.5694102411685,164290
2581,633.3070885517596,1,0.025,3.4890905359516973,-404.2204390816067,164337
2582,633.3291548121549,1,0.025,17.25702754829241,-406.4574279785156,164383
2583,634.2310177278125,1,0.025,3.799167881409327,-404.3923568725586,164430
2584,633.684593635707,1,0.025,3.534657436868419,-405.76192441193956,164477
2585,634.2143122383598,1,0.025,5.291334701621014,-407.62137636931044,164523
2586,633.5076356063854,1,0.025,20.326620729073234,-408.0856827445652,164568
2587,633.7327673699746,1,0.025,92.09251531829004,-405.78079887058425,164615
2588,633.5704146792656,1,0.025,3.960278113683065,-404.23727289835614,164662
2589,633.9457965493152,1,0.025,13.731381618458292,-406.30704796832543,164708
2590,633.8761443951402,1,0.025,21.0285427155702,-405.1292445970618,164755
2591,633.7024761670366,1,0.025,35.58730673271677,-405.54616380774456,164801
2592,634.0067673707368,1,0.025,12.934173911809921,-406.835932413737,164848
2593,633.4723598701145,1,0.025,59.669624761394836,-406.9217754861583,164895
2594,634.1284834742069,1,0.025,21.646914261838663,-406.8548743206522,164941
2595,633.3666788386203,1,0.025,43.074439577434376,-404.1051449983016,164987
2596,633.7544815732292,1,0.025,36.98638682780059,-405.3316809612772,165033
2597,633.7016455295235,1,0.025,16.913452913363773,-404.3503227233887,165080
2598,633.0212345843892,1,0.025,7.247115456539651,-405.71549125339675,165127
2599,633.5811620133984,1,0.025,33.38663354904755,-405.8823945418648,165173
2600,632.7431119289558,1,0.025,17.138513336579006,-407.18829854329425,165220
2601,633.94405306389,1,0.025,29.081171880597655,-406.0861060101053,165267
2602,632.7497050583222,1,0.025,18.59846675892671,-405.2425015767415,165314
2603,634.3635932525533,1,0.025,20.194085701652195,-405.51350469174594,165360
2604,633.4405568403488,1,0.025,17.34488452517468,-404.97897736922556,165406
2605,633.7958227841657,1,0.025,5.982751436855482,-404.4637636931046,165452
2606,634.0038950161079,1,0.025,19.141083183495894,-405.71262127420175,165498
2607,634.4837416446766,1,0.025,4.585384799086529,-404.478295367697,165544
2608,633.5984706300994,1,0.025,3.660108234571374,-406.0405220363451,165591
2609,633.1090664368364,1,0.025,6.851654117306073,-408.2289581298828,165638
2610,633.340351271213,1,0.025,2.751210129779318,-406.17027879797894,165684
2611,633.149788578743,1,0.025,27.6769086614899,-406.67806210725206,165731
2612,633.3150401940326,1,0.025,19.99339208136434,-405.30515455163044,165777
2613,633.9246260898092,1,0.025,7.401288934375929,-405.95552129330844,165823
2614,632.3525806099487,1,0.025,22.401674723625185,-408.035458984375,165872
2615,633.5353057080611,1,0.025,7.155342076135718,-405.31352698284644,165919
2616,633.4070323639858,1,0.025,6.94264854490757,-405.6670290629069,165966
2617,633.6971929406886,1,0.025,11.499656770540321,-403.82410994819975,166013
2618,633.1121386988449,1,0.025,5.546477297941844,-406.09179941813153,166061
2619,633.105802030842,1,0.025,28.27866566699484,-403.8013571034307,166107
2620,633.6218292105134,1,0.025,21.046718647082646,-404.27475611368817,166154
2621,632.9162254906894,1,0.025,26.940927892923355,-404.73155848185223,166202
2622,633.4317329346092,1,0.025,21.00255570722663,-406.940197488536,166249
2623,633.8535601433233,1,0.025,4.9446823856104976,-405.9195503566576,166295
2624,633.3849488556467,1,0.025,25.659836831300154,-404.8564015264096,166341
2625,633.2218588895178,1,0.025,21.97660147625467,-402.4528184973675,166387
2626,633.4562782088877,1,0.025,9.622850557168325,-406.48167673746747,166434
2627,633.4117857906148,1,0.025,13.11800651964934,-408.3697270932405,166480
2628,633.3934144162561,1,0.025,17.948950498000436,-406.0067735754925,166526
2629,633.2891953364096,1,0.025,17.942796209584113,-405.3139223845109,166573
2630,633.9033913010423,1,0.025,56.07395774126053,-406.31639862060547,166620
2631,633.7379690755761,1,0.025,18.58359192246976,-406.6933991805367,166666
2632,634.1060932999374,1,0.025,19.973033423009127,-405.6943399180537,166712
2633,633.802668991764,1,0.025,7.735551937766697,-405.7981713336447,166758
2634,633.7781291930573,1,0.025,12.312025401903236,-403.0430868397588,166804
2635,633.1939098521498,1,0.025,3.449617554744085,-406.8399085998535,166852
2636,633.2478716735728,1,0.025,13.107200368590977,-406.31485250721806,166899
2637,634.1721217679649,1,0.025,21.88931509204533,-405.28895369819975,166945
2638,634.5183989801922,1,0.025,7.9539845352587495,-406.9608260444973,166991
2639,633.460517240368,1,0.025,6.748523738073266,-406.98448380180025,167037
2640,633.9065481234319,1,0.025,7.675116383511087,-405.5415145210598,167083
2641,632.9901834806135,1,0.025,20.532775407036144,-407.0279998779297,167131
2642,633.8239855104692,1,0.025,15.14635998269786,-406.62204908288044,167177
2643,633.5291434684747,1,0.025,20.132656055948008,-406.3159020465353,167223
2644,633.7835072191511,1,0.025,4.612562853357066,-404.86748206097144,167269
2645,632.7742548844169,1,0.025,59.16049219171206,-404.8246905008952,167317
2646,632.295115287046,1,0.025,3.077269991238912,-406.87422434488934,167365
2647,633.5063958775244,1,0.025,26.4504269776137,-404.2741035793139,167411
2648,633.3794894456355,1,0.025,8.455284880555194,-407.17081749957543,167457
2649,633.8535102522137,1,0.025,8.29334301015605,-405.6690607485564,167503
2650,633.4548547511384,1,0.025,3.2969672057939614,-404.7667634383492,167549
2651,633.1144108211139,1,0.025,79.68592393916586,-404.277855914572,167595
2652,633.6864258039694,1,0.025,60.250038991803706,-408.8175287661345,167641
2653,633.7510713856483,1,0.025,3.6492386062939963,-407.9997444152832,167688
2654,634.1436022311634,1,0.025,7.890132857405621,-406.66375865107,167734
2655,633.8559468757686,1,0.025,5.037918707598811,-406.41115934952444,167781
2656,633.8562959427217,1,0.025,15.452782173951467,-405.2090873718262,167828
2657,634.0105827028419,1,0.025,3.4395683122717817,-407.5015404742697,167874
2658,633.6803082872173,1,0.025,6.6817525728889136,-407.40244459069294,167920
2659,633.4124341907071,1,0.025,20.14974155633346,-406.2829523501189,167967
2660,633.674929212947,1,0.025,3.4831572423378625,-407.7439270019531,168014
2661,633.5926200660932,1,0.025,76.95673363317142,-402.9912941672585,168059
2662,633.1472516047982,1,0.025,18.070215314626694,-405.24024327596027,168106
2663,633.2758261387988,1,0.025,21.2803032864695,-409.2796816618546,168153
2664,633.6775647662581,1,0.025,5.497038250168164,-407.1381352742513,168200
2665,632.5409214724035,1,0.025,19.851464788119,-405.36018498738605,168248
2666,632.71873074803,1,0.025,32.94643510424572,-405.97929315981656,168295
2667,633.7841900682422,1,0.025,17.700491029283274,-406.3265088952106,168341
2668,633.3720670279258,1,0.025,18.344846149285633,-408.33260854085285,168388
2669,633.6631425328447,1,0.025,7.550136343292568,-406.41408771017325,168434
2670,633.5809147336707,1,0.025,4.8847109701322475,-406.2273984162704,168480
2671,633.2782588217837,1,0.025,15.26053570146146,-406.56308912194294,168527
2672,633.0119993434821,1,0.025,16.180961430072784,-405.18266677856445,168574
2673,633.5785270110656,1,0.025,15.877907379813816,-406.95361593495244,168620
2674,633.3456352235851,1,0.025,20.019141943558402,-407.32267296832543,168666
2675,634.2643825678368,1,0.025,4.757942013118578,-404.1617657205333,168712
2676,632.884829850674,1,0.025,9.380457302798396,-406.7354855744735,168759
2677,634.0287576205889,1,0.025,32.597262081892595,-405.81009707243544,168805
2678,634.2217760570716,1,0.025,6.918201545874278,-405.122994740804,168852
2679,633.6165884661187,1,0.025,7.354450666386148,-406.777331808339,168898
2680,633.2156526033025,1,0.025,16.781598479851432,-405.420618471892,168944
2681,633.7248550034468,1,0.025,14.278561524722887,-405.2981859290081,168990
2682,633.8373210100872,1,0.025,8.322370891985686,-407.0664102305537,169037
2683,633.7944894215626,1,0.025,17.86083885897761,-409.4357206925102,169083
2684,633.8421445839423,1,0.025,11.726401994625727,-404.4661331176758,169131
2685,633.6684746595668,1,0.025,6.8865127464135485,-408.58388264973956,169178
2686,633.3831002692676,1,0.025,7.156386370244234,-407.0555698560632,169224
2687,633.2892723624702,1,0.025,6.411044556161632,-406.88773644488793,169270
2688,633.9371443010714,1,0.025,2.6044305951698967,-408.7489491338315,169316
2689,633.2408910565238,1,0.025,19.271507719288703,-406.0666450832201,169362
2690,632.8887083171597,1,0.025,4.506448725859324,-406.89927037556964,169410
2691,633.3408034178487,1,0.025,19.623386611109193,-406.5199903405231,169457
2692,633.2699508108019,1,0.025,3.348238378763199,-407.54848861694336,169505
2693,634.3642459788124,1,0.025,4.5949238538742065,-405.4962264351223,169551
2694,634.24414996458,1,0.025,24.260700417601544,-407.70998216711956,169597
2695,633.6834467108711,1,0.025,5.050542370132778,-407.36109725288725,169643
2696,633.936794395708,1,0.025,3.902806924737018,-405.4327193550442,169689
2697,633.6118628368026,1,0.025,7.960315129031306,-404.312779965608,169735
2698,633.679868772898,1,0.025,2.90022662670716,-405.543909487517,169781
2699,633.5077892785214,1,0.025,5.535721359045609,-407.98811008619225,169827
2700,633.6986713432774,1,0.025,7.584958257882492,-408.5142663043478,169873
2701,633.4199265503171,1,0.025,13.315123858659163,-407.1133966860564,169919
2702,633.0055231958871,1,0.025,7.3685573389132815,-406.79961522420246,169967
2703,633.7028096101737,1,0.025,12.357248132427534,-405.87072881062824,170014
2704,633.7169719939495,1,0.025,3.6501507007557414,-407.1894491444463,170061
2705,633.5465277136989,1,0.025,5.30491724739904,-407.3413882048234,170107
2706,633.9872659046484,1,0.025,4.112151985583098,-405.1877149498981,170153
2707,633.7068193804598,1,0.025,3.5050835261742272,-406.11099497477215,170200
2708,633.9632558919066,1,0.025,35.98774289566538,-408.5128094217052,170246
2709,633.6382248068609,1,0.025,3.332750548487124,-404.69443279763925,170293
2710,633.7066113209999,1,0.025,30.52416207889716,-406.6428476969401,170340
2711,633.4744455456847,1,0.025,59.91121847214906,-406.67204616380775,170386
2712,634.0113495666707,1,0.025,13.469381819600644,-409.4567831288213,170432
2713,633.5129748573619,1,0.025,25.038993532242984,-404.9804581351902,170479
2714,633.0666870930258,1,0.025,5.741240620613098,-405.0017916361491,170526
2715,633.3257954349732,1,0.025,5.968584413113802,-406.4600524902344,170572
2716,634.1160087534912,1,0.025,7.439363168633503,-406.89404296875,170618
2717,633.981296545115,1,0.025,4.635207886281221,-405.66573831309444,170664
2718,633.1916121501632,1,0.025,10.613579874453338,-406.9925059442935,170710
2719,633.834047523371,1,0.025,18.334183900252633,-406.7351711107337,170757
2720,633.1391343777667,1,0.025,56.58839582155148,-408.24412027994794,170805
2721,633.5622957227482,1,0.025,3.04108290568642,-408.1951347019361,170851
2722,633.6891139917532,1,0.025,11.558300474415654,-405.94512939453125,170897
2723,633.939329878764,1,0.025,3.211789255556853,-407.0133229131284,170943
2724,633.8107911141908,1,0.025,8.820827056532321,-407.23338384213656,170989
2725,634.1896470230887,1,0.025,20.236219939978227,-407.3120409094769,171035
2726,633.7583414773953,1,0.025,6.246534620722135,-404.84094492594403,171082
2727,633.8721994263552,1,0.025,14.767814102380171,-406.6422941788383,171128
2728,633.7223709378741,1,0.025,3.40956157186757,-404.61826092263925,171175
2729,633.4019199488462,1,0.025,4.767212847868602,-408.29479090372723,171222
2730,634.16315957648,1,0.025,14.097886220268581,-407.2873707646909,171268
2731,632.6832992044954,1,0.025,5.721149584521418,-409.2602857506794,171315
2732,633.5753071584136,1,0.025,3.0862100694490517,-405.7965127696162,171360
2733,633.7394868298834,1,0.025,6.033324480056763,-404.9052734375,171407
2734,632.8949135776677,1,0.025,6.7365092386802035,-405.9171422322591,171454
2735,633.8435750342825,1,0.025,6.561810286148734,-408.07418557871944,171500
2736,633.5972532748451,1,0.025,17.569216292837393,-407.6350522248641,171547
2737,633.6305322955374,1,0.025,5.755468018352985,-408.6897163391113,171594
2738,628.4103048208624,1,0.025,3.1904383120329483,-405.11242410411006,171641
2739,634.0129027946019,1,0.025,4.03439666395602,-407.84403261931044,171687
2740,633.9193242009787,1,0.025,5.552181202432384,-407.09330285113793,171733
2741,633.0651521552477,1,0.025,14.621313681205114,-408.64267603556317,171780
2742,633.9831342182655,1,0.025,7.078240529350612,-407.79731020720106,171827
2743,633.647488382981,1,0.025,29.098953454390816,-408.8946095342221,171873
2744,618.3260848010779,1,0.025,14.943068718910217,-405.11404907226563,171922
2745,633.082490785075,1,0.025,16.62409780336463,-406.4146171238111,171968
2746,633.8452100054226,1,0.025,4.1856072933777515,-406.8861402428669,172014
2747,634.1738490701553,1,0.025,3.16438206900721,-410.8555735712466,172060
2748,633.8064246557915,1,0.025,11.472674483838288,-404.7565373959749,172106
2749,634.0248710497658,1,0.025,21.339948488318402,-407.4060284158458,172152
2750,633.8895409182915,1,0.025,19.49633709244106,-407.4837328040081,172198
2751,616.4477972892887,1,0.025,24.028709716796875,-408.8724426269531,172248
2752,634.4284073756928,1,0.025,24.479300721831944,-405.96234130859375,172294
2753,633.329652400217,1,0.025,5.221712273100148,-407.4639587402344,172340
2754,633.5961490902405,1,0.025,3.571918544561967,-408.67602671747625,172387
2755,633.8362623436444,1,0.025,10.649313509464264,-406.68278249104816,172434
2756,633.5680164499188,1,0.025,8.61310126988784,-408.4456614618716,172481
2757,633.2709430369691,1,0.025,17.820135023282923,-405.6567966627038,172527
2758,633.6051647059951,1,0.025,4.472407372101493,-407.9663125743037,172573
2759,634.1802055803485,1,0.025,24.329733392466668,-407.7143037215523,172619
2760,632.9834673376181,1,0.025,4.765725592772166,-407.6314328511556,172666
2761,633.2638365485957,1,0.025,4.631603922532952,-405.8496053944463,172713
2762,633.9405853899987,1,0.025,13.846299912618553,-405.9189559273098,172759
2763,633.2583593057866,1,0.025,3.784429833292961,-407.1585693359375,172806
2764,633.1974440027514,1,0.025,3.7728687213814776,-405.3585788892663,172852
2765,633.8206972175378,1,0.025,19.216202264246732,-407.3722467837126,172898
2766,633.1377573301512,1,0.025,4.667087539382603,-409.09704722528875,172944
2767,633.6993409700688,1,0.025,3.981754562129145,-409.0639688243037,172991
2768,633.9778646911227,1,0.025,7.1094518433446465,-404.20816703464675,173037
2769,633.9155545731822,1,0.025,3.3479123011879297,-405.3479999044667,173083
2770,633.2983396058847,1,0.025,17.27919362982114,-409.19289779663086,173131
2771,633.5266070758894,1,0.025,6.062602890574413,-407.63100267493206,173177
2772,633.9366844199951,1,0.025,67.0242570845977,-406.64543616253394,173223
2773,634.2766245128644,1,0.025,24.02278379253719,-406.9630246369735,173269
2774,633.9037857012211,1,0.025,5.212783294419448,-406.20137278238934,173316
2775,633.2615398560849,1,0.025,2.8138518488925435,-408.3413391113281,173363
2776,634.2594327400973,1,0.025,4.88677221795787,-407.4138143788213,173409
2777,633.2179191238129,1,0.025,33.42691274483999,-409.2982711791992,173456
2778,634.3180525180858,1,0.025,15.420137576434923,-406.8817417310632,173502
2779,633.8548443562239,1,0.025,3.056161958238353,-405.60027014690894,173548
2780,633.1847575059004,1,0.025,4.994756216804187,-406.08632787068683,173596
2781,633.2827329041838,1,0.025,18.22265134168708,-405.86055059018344,173642
2782,633.0536939713318,1,0.025,21.51098386619402,-406.12744273310125,173688
2783,633.1215656508684,1,0.025,12.736596278522326,-405.049072265625,173735
2784,633.447244550185,1,0.025,19.143111596936766,-408.769823157269,173781
2785,633.5125484154465,1,0.025,7.298259279002314,-406.4058798085088,173827
2786,633.9581313451081,1,0.025,5.890271557414013,-407.51367320185125,173873
2787,633.8362939730907,1,0.025,7.492115269536558,-407.816942297894,173919
2788,633.5795816399537,1,0.025,2.7265876376110576,-409.8046198305876,173964
2789,633.8538030978522,1,0.025,4.997057816256648,-410.03039285411006,174010
2790,632.5104203289143,1,0.025,34.62691640853882,-405.812250773112,174058
2791,633.4499203054381,1,0.025,5.106230108634286,-407.8766094705333,174105
2792,633.9212635454136,1,0.025,14.565475655638654,-407.3218410326087,174151
2793,633.979848238086,1,0.025,17.69666242102782,-406.9828160603841,174198
2794,633.6746439344627,1,0.025,16.105339946954146,-407.24515831988793,174244
2795,633.4157653991414,1,0.025,17.109150357868362,-405.53268830672556,174291
2796,633.6015033453216,1,0.025,2.8986108925031577,-409.83020152216375,174337
2797,633.9488742980234,1,0.025,20.702202496321306,-406.90800940472144,174383
2798,633.5228155076602,1,0.025,3.4992520809173584,-406.1099070673404,174429
2799,632.948310827108,1,0.025,9.976867499558821,-405.4936443826427,174475
2800,633.3791006042599,1,0.025,7.121676507203476,-407.33873582922894,174521
2801,634.0664383111834,1,0.025,7.372725517853446,-409.0633850097656,174567
2802,634.0619450030315,1,0.025,12.511021266812863,-410.24411939538044,174613
2803,633.2508911905172,1,0.025,8.392529783041581,-407.6824168329654,174659
2804,633.5923642440039,1,0.025,3.4670514801274175,-409.7873017684273,174705
2805,633.6973094442641,1,0.025,3.4243402083714805,-409.6414731343587,174752
2806,634.0998098131346,1,0.025,4.62199722683948,-408.53533139436144,174798
2807,634.0659160501117,1,0.025,5.27604761849279,-407.5807110330333,174845
2808,633.6808247959893,1,0.025,3.3556289621021436,-406.8112447987432,174891
2809,633.1889634206057,1,0.025,3.1900047297063083,-408.1394507366678,174937
2810,634.1487756949082,1,0.025,6.580818489841793,-406.0986288319463,174983
2811,633.5159917863589,1,0.025,2.926483159263929,-408.5778503417969,175030
2812,633.6916896319686,1,0.025,58.4134960355966,-407.80958490786344,175076
2813,632.8256838027022,1,0.025,5.0476391574610835,-407.68682463272756,175123
2814,634.259382136216,1,0.025,2.8171795710273413,-409.1806813115659,175169
2815,632.7639437998035,1,0.025,4.431564862529437,-408.10186767578125,175217
2816,633.7710590116932,1,0.025,3.0690184676128887,-407.68537173063856,175263
2817,633.5438709659497,1,0.025,2.64132755001386,-406.78352483113605,175310
2818,633.7893699499948,1,0.025,38.89727373745131,-407.6307014797045,175356
2819,633.3962109698284,1,0.025,4.102548971772194,-407.23610814412433,175404
2820,634.0081732250567,1,0.025,5.3278357101523355,-407.84852401069975,175450
2821,633.6112914420498,1,0.025,3.6389132375302524,-405.4958655315897,175497
2822,633.4416214643506,1,0.025,24.42602141784585,-404.8891296386719,175543
2823,633.1758234846469,1,0.025,3.1342512915531793,-407.57321039835614,175590
2824,633.5800909455055,1,0.025,2.8231218016665913,-409.9072690217391,175636
2825,632.8621477139988,1,0.025,6.665462573369344,-406.7870241800944,175684
2826,633.0505096786105,1,0.025,2.7103427493053935,-411.01940652598506,175731
2827,633.6624041991597,1,0.025,8.163431798418364,-407.24655532836914,175778
2828,633.6766267816224,1,0.025,12.94201085360154,-409.1362132196841,175825
2829,633.695964882507,1,0.025,5.636452302336693,-407.31334177652997,175872
2830,633.965257117523,1,0.025,60.620089831559554,-409.1078809655231,175919
2831,633.6531382534206,1,0.025,4.358711569205575,-412.2413383152174,175965
2832,633.6098810742949,1,0.025,7.619256615638733,-406.1407152258831,176011
2833,634.0216403840953,1,0.025,5.656967976818914,-409.8571100649626,176056
2834,633.5485541059438,1,0.025,21.59003361930018,-407.9059740149456,176103
2835,633.2865188210092,1,0.025,6.608346735437711,-407.47526295979816,176150
2836,633.2658223795692,1,0.025,25.20471246087033,-410.31001746136207,176196
2837,628.4323852460769,1,0.025,7.880944644411405,-410.1382751464844,176244
2838,634.4535611030335,1,0.025,6.5881067384844245,-409.8015481700068,176290
2839,633.8501084552063,1,0.025,21.780965012052786,-407.46748020337975,176336
2840,633.2668324964341,1,0.025,4.540347031925036,-408.3542905061141,176383
2841,632.9585988268595,1,0.025,3.2337795197963715,-409.97411855061847,176431
2842,633.3022870221943,1,0.025,11.271858284870783,-405.9600346883138,176479
2843,633.4995115382827,1,0.025,8.52399608363276,-405.51169221297556,176525
2844,633.6442969882783,1,0.025,3.0469590922196708,-408.6783447265625,176572
2845,633.2596308314583,1,0.025,5.756469343019568,-408.1488156525985,176618
2846,633.5595291663394,1,0.025,7.534535776485097,-410.5787464488636,176663
2847,634.0443945297611,1,0.025,3.884290897327921,-406.24995488705844,176709
2848,632.9825843609108,1,0.025,53.800121242801346,-410.48651631673175,176757
2849,633.7369861869972,1,0.025,22.673102617263794,-410.75023485266644,176803
2850,634.0644489591559,1,0.025,3.666773687238279,-406.7995791227921,176849
2851,633.4673505201132,1,0.025,16.216345980763435,-403.94198481241864,176897
2852,633.7689914449508,1,0.025,2.7653269430865413,-411.19646155315894,176943
2853,633.582782338202,1,0.025,8.364680831631025,-410.352591196696,176991
2854,633.0798389551991,1,0.025,11.093191313743592,-407.6750756835938,177040
2855,633.3438773171068,1,0.025,4.94685563315516,-408.6969339121943,177087
2856,633.4358700858023,1,0.025,4.083077057548191,-409.4397556470788,177133
2857,633.7636050538597,1,0.025,15.630524754524231,-406.2194903829823,177179
2858,632.6962170961921,1,0.025,19.727307692170143,-407.34090423583984,177226
2859,633.7836100563559,1,0.025,67.34750949040703,-407.66639510444975,177272
2860,634.2083531246444,1,0.025,12.707494450652081,-407.2627616550611,177319
2861,633.985091527273,1,0.025,4.876707730085953,-406.7286191193954,177365
2862,634.0097445287838,1,0.025,4.26845599775729,-410.5299616274626,177411
2863,633.5230210454685,1,0.025,22.928406928976376,-408.2867139180501,177458
2864,633.9854565494884,1,0.025,13.2373294312021,-407.3297437584919,177504
2865,633.3076508986586,1,0.025,44.11621910592784,-408.8138945206352,177550
2866,633.8552785557174,1,0.025,12.491954451021941,-408.2481171981148,177597
2867,633.3790988816628,1,0.025,29.493796358937804,-409.2641057553499,177643
2868,479.1905215502337,1,0.025,17.69708555309396,-409.3580860338713,177719
2869,634.5449271696518,1,0.025,5.152044936366703,-409.61373635996944,177765
2870,633.5442174217092,1,0.025,6.247019648551941,-406.7921511332194,177812
2871,633.7674497380419,1,0.025,3.4737620055675507,-409.5311622619629,177861
2872,633.940636727097,1,0.025,11.900508095820745,-408.63354746500653,177908
2873,633.3787657471917,1,0.025,4.655619341394176,-408.92837789784306,177954
2874,633.8683939350212,1,0.025,17.690187117327813,-407.47944176715356,178000
2875,634.3088205203326,1,0.025,19.525981732036758,-410.4605593474015,178046
2876,633.1021779868048,1,0.025,7.057517378226571,-408.60217152471125,178093
2877,633.2940702775398,1,0.025,23.604097577432793,-407.64238357543945,178140
2878,633.8490126051964,1,0.025,2.783970941667971,-407.90263698412025,178187
2879,633.2876754991657,1,0.025,6.367092008176058,-410.74773108440894,178233
2880,633.9205047751819,1,0.025,3.5365811171739,-410.16407709536344,178279
2881,634.0711035818434,1,0.025,5.906118372212285,-408.71251512610394,178325
2882,633.5770596410593,1,0.025,5.4022773037786065,-408.8234903086787,178371
2883,633.9476090084852,1,0.025,17.450711778972458,-408.6170097019361,178417
2884,633.639227788893,1,0.025,3.284328730210014,-410.2389115043308,178463
2885,633.5681785506083,1,0.025,11.899292417194532,-410.1000870414402,178509
2886,634.1280928005356,1,0.025,6.339691276135652,-409.2886777131454,178555
2887,633.1823178595511,1,0.025,24.872939656178158,-411.0963668823242,178602
2888,634.0411061357121,1,0.025,6.253459142602009,-407.9850490404212,178648
2889,633.5955540534518,1,0.025,32.408881063046664,-408.4914656929348,178694
2890,632.7210987243704,1,0.025,21.38263726234436,-408.2042287190755,178742
2891,633.5412743674506,1,0.025,3.1509252890296606,-410.15926460597825,178788
2892,633.100953177142,1,0.025,22.939126377304394,-409.10511525472003,178836
2893,633.4123138559755,1,0.025,2.7138638807379682,-409.9763342815897,178882
2894,633.375496674853,1,0.025,3.4054704671320706,-409.30540532651156,178929
2895,633.7636698389788,1,0.025,11.693714261054993,-410.4281828507133,178975
2896,587.3918369693379,1,0.025,7.154396491391318,-409.8798065185547,179030
2897,633.5398584542042,1,0.025,4.153020552966906,-409.76763517960256,179076
2898,632.9532475617466,1,0.025,6.529640285865121,-409.88773246433425,179122
2899,634.0061891707959,1,0.025,24.394977906475898,-409.0454167905061,179168
2900,633.5316283000345,1,0.025,23.583653367084004,-409.0900653341542,179215
2901,633.1264274429423,1,0.025,54.48489558696747,-409.4511578877767,179263
2902,633.6043893478801,1,0.025,4.426976939042409,-409.33869043986004,179310
2903,633.4759930518603,1,0.025,3.0055305646813433,-410.6179663616678,179357
2904,634.0074801001477,1,0.025,6.964275235931079,-411.6670506795247,179404
2905,633.6928332056968,1,0.025,7.702972127632662,-408.58650623668325,179449
2906,633.4065677270339,1,0.025,2.3246609128039815,-408.2426054581352,179495
2907,633.4174961385315,1,0.025,6.900127828121185,-408.51267496744794,179542
2908,632.2716002930956,1,0.025,20.176914987564086,-408.573037109375,179592
2909,633.7320469295732,1,0.025,4.465518236160278,-409.2047146883878,179637
2910,633.1748221453391,1,0.025,19.34849515557289,-409.0694160461426,179684
2911,634.3702729059568,1,0.025,24.39087170621623,-408.1985168457031,179730
2912,634.866611149346,1,0.025,43.5137970758521,-408.85595968495244,179776
2913,633.5191288869364,1,0.025,5.370894240296406,-409.3430401345958,179823
2914,633.9530455601489,1,0.025,5.769227465857631,-408.936487612517,179868
2915,633.461294254551,1,0.025,3.4310161082640938,-407.96030061141306,179915
2916,633.7806358106403,1,0.025,13.979007845339568,-407.05918950619906,179961
2917,633.4474172757061,1,0.025,14.420450886090597,-408.8207867940267,180008
2918,633.96283547967,1,0.025,5.318026931389518,-411.16729736328125,180055
2919,633.1078711195746,1,0.025,2.944453885157903,-410.915719350179,180102
2920,634.5167358149884,1,0.025,29.088596831197325,-409.492687722911,180148
2921,634.6603112019077,1,0.025,6.956702139066613,-409.05048403532606,180194
2922,628.1470148544039,1,0.025,25.956029853095178,-410.61815477454144,180241
2923,633.5313323888346,1,0.025,3.110761012720025,-411.7662114682405,180287
2924,633.84519483636,1,0.025,12.487392285595769,-409.287621539572,180333
2925,633.9441105402752,1,0.025,4.0123298608738445,-409.95581320057744,180378
2926,633.441790807434,1,0.025,3.8148808168328325,-409.387475055197,180424
2927,633.4277983655494,1,0.025,2.896318733692169,-409.7216451893682,180471
2928,633.6879627146818,1,0.025,17.688454667727154,-409.9598757425944,180518
2929,634.3567465680377,1,0.025,9.738025603087053,-408.3653126592221,180564
2930,633.2298005776529,1,0.025,15.217437668986943,-410.0101265285326,180610
2931,633.8033980312127,1,0.025,4.068207922189132,-408.42734693444294,180656
2932,633.3413515221978,1,0.025,3.578310437824415,-408.5175237240999,180702
2933,633.9245109311738,1,0.025,19.688081121963002,-409.97059034264606,180748
2934,633.9253137666126,1,0.025,27.650339491989303,-407.52163165548575,180795
2935,633.2018152679054,1,0.025,40.84490990638733,-408.6988830566406,180842
2936,633.428443087684,1,0.025,3.961033204327459,-408.143530804178,180888
2937,633.7081701094986,1,0.025,3.9310889347739844,-408.6500708538553,180935
2938,633.8534433460743,1,0.025,5.203018115914387,-409.018126114555,180981
2939,633.6891075130004,1,0.025,56.227833300828934,-408.99652735392254,181028
2940,633.88620859221,1,0.025,3.4790430742761362,-408.4760198178499,181074
2941,633.812683909595,1,0.025,16.993571582047835,-408.10819940981656,181120
2942,633.9435088062364,1,0.025,10.757246903751208,-409.2859443996264,181166
2943,634.1431135944282,1,0.025,15.50203663110733,-408.85810918393344,181212
2944,607.7255843483116,1,0.025,5.170970420837403,-409.10052734375,181263
2945,633.9286902261741,1,0.025,19.790794789791107,-410.78093846638996,181310
2946,633.5384551262457,1,0.025,3.4582874204801475,-409.18261586064875,181356
2947,632.7950226829582,1,0.025,6.196414644519488,-410.29004923502606,181404
2948,634.5645084537733,1,0.025,11.110795321671858,-411.1382233992867,181450
2949,634.1551732986912,1,0.025,4.202091911564702,-410.0728839376698,181496
2950,634.0888708949271,1,0.025,28.554397588190824,-409.89888066830844,181542
2951,633.8092211309842,1,0.025,3.5574978382691094,-408.4301120923913,181589
2952,634.6704653043959,1,0.025,27.286218490289606,-408.0694261633831,181635
2953,633.6008151703026,1,0.025,4.072143365939458,-409.74010848999023,181682
2954,634.5630119997165,1,0.025,25.842983914458234,-411.6473282523777,181728
2955,634.0836388453963,1,0.025,23.757375235142916,-410.7371003524117,181774
2956,633.9835582456975,1,0.025,5.683247529942056,-410.6770337975544,181821
2957,633.6887481018595,1,0.025,23.844934639723405,-407.5016174316406,181867
2958,634.1123691573492,1,0.025,19.033618196197178,-411.63722029976225,181913
2959,633.572889999609,1,0.025,3.8789858714393946,-409.81649514903194,181959
2960,633.52080573107,1,0.025,12.16617194811503,-407.9891001383464,182006
2961,634.2314501910708,1,0.025,2.84905133040055,-408.9689755647079,182052
2962,634.3698110299467,1,0.025,25.434951129166976,-408.4835510253906,182098
2963,634.2219139412334,1,0.025,38.43665898882824,-408.892030135445,182144
2964,633.4739245059304,1,0.025,4.5717977773059495,-409.209135575728,182189
2965,633.3843152534407,1,0.025,18.900476108426634,-409.0007284413213,182235
2966,633.2118546443221,1,0.025,22.15862205495005,-411.6510712996773,182281
2967,634.2462831777502,1,0.025,26.87472795403522,-412.3064070991848,182327
2968,633.6399058152941,1,0.025,2.946175694465637,-412.0836646038553,182373
2969,634.1947773840872,1,0.025,3.0867632316506426,-412.1219907014266,182419
2970,634.0288231015746,1,0.025,7.712431942423184,-409.70142491658527,182466
2971,632.8869092321759,1,0.025,3.7916912047759346,-410.1856530230978,182513
2972,633.7187620667328,1,0.025,24.998571981554445,-409.09371284816575,182559
2973,633.4266705162283,1,0.025,7.913575688997905,-410.38459396362305,182606
2974,618.3703825830977,1,0.025,14.440756254196167,-406.38328857421874,182656
2975,633.978453336964,1,0.025,15.999462557875592,-411.83406531292457,182702
2976,634.2732012826614,1,0.025,4.330737779969755,-410.06414396866506,182748
2977,633.9836185101035,1,0.025,11.27110613429028,-410.90022742229957,182794
2978,633.8806682871743,1,0.025,5.165823060533275,-410.5987827466882,182841
2979,633.8541717743167,1,0.025,33.88033007538837,-408.7846361243206,182887
2980,633.6113455765466,1,0.025,3.6018269113872363,-410.4230877420177,182933
2981,634.1296291986457,1,0.025,35.30982956290245,-409.732660929362,182980
2982,633.3591946654458,1,0.025,3.6793667699979697,-412.23492033585256,183027
2983,633.284773548761,1,0.025,4.277326309162637,-411.34634001358694,183073
2984,633.8507423213332,1,0.025,20.45210274060567,-412.4197120666504,183120
2985,633.3636128041622,1,0.025,21.194499881371208,-410.8886254352072,183167
2986,633.5967559024025,1,0.025,4.854143376151721,-411.37149175008136,183214
2987,633.7164743941441,1,0.025,4.406912871029066,-411.7437916631284,183260
2988,633.585029611379,1,0.025,3.27339798471202,-409.6443415102751,183306
2989,633.4535728288629,1,0.025,16.855120068011075,-410.7448146654212,183353
2990,633.6475273102606,1,0.025,16.601966914923295,-412.57446554432744,183399
2991,634.1424904772489,1,0.025,7.421054746793664,-408.35020645805025,183445
2992,633.5939032225403,1,0.025,4.271866642910501,-411.67981222401494,183490
2993,634.309326085014,1,0.025,15.83220092110012,-411.3691008194633,183536
2994,601.9994684850883,1,0.025,14.810124333088215,-409.99827575683594,183589
2995,633.5098058893155,1,0.025,20.91732282223909,-411.1893602454144,183635
2996,633.2781592097363,1,0.025,2.941011667251587,-408.204345703125,183681
2997,633.6908964555039,1,0.025,22.97330309515414,-412.444556194803,183727
2998,634.1943310685219,1,0.025,3.650932913241179,-413.3976228133492,183773
2999,634.3586335723244,1,0.025,5.455050831255705,-410.37470543902856,183819
3000,633.9015117227545,1,0.025,5.039421439170837,-410.0272376019022,183865
3001,618.3198774956362,1,0.025,4.181889915466309,-409.0359191894531,183914
3002,633.7035161039748,1,0.025,3.0075752061346304,-413.03388512652856,183960
3003,633.2925303514955,1,0.025,26.07580490734266,-412.3447703485904,184006
3004,633.0035435737444,1,0.025,4.851740935574407,-411.9699627420177,184052
3005,633.4504353024428,1,0.025,10.550396198811738,-410.3052540654721,184098
3006,633.7289868322622,1,0.025,19.871166472849637,-410.6631960661515,184144
3007,633.5559970651382,1,0.025,6.046239272407863,-409.2094434655231,184191
3008,633.4811974756471,1,0.025,19.50649138637211,-413.361363949983,184237
3009,633.5464118301063,1,0.025,5.913102751192839,-410.9506889011549,184283
3010,633.5007472690276,1,0.025,26.81045913177988,-409.2551614512568,184328
3011,633.2837629936469,1,0.025,26.716182231903076,-410.5325755243716,184374
3012,633.6534198740202,1,0.025,3.6456789244776187,-410.0368307362432,184420
3013,633.7253265730377,1,0.025,5.437366941700811,-410.8866444463315,184466
3014,633.5984791954389,1,0.025,6.71634033192759,-411.402063784392,184512
3015,634.0792580781692,1,0.025,17.233982801437378,-408.5602602751359,184558
3016,633.37819796414,1,0.025,7.0804815188698145,-410.9855014966882,184604
3017,633.8695638533645,1,0.025,3.9200062699939893,-408.8065968389096,184651
3018,633.6554423575876,1,0.025,5.030674934387207,-409.8098343558933,184697
3019,633.5209402482566,1,0.025,8.48003439605236,-409.6550000508626,184744
3020,633.4444484586547,1,0.025,3.9812425537542864,-411.3876966996626,184789
3021,634.0872948478353,1,0.025,13.277299108712569,-412.0262517514436,184835
3022,633.4953327238215,1,0.025,24.528234685460728,-408.335210164388,184882
3023,633.2166481644973,1,0.025,45.49612857466159,-410.25706680961275,184928
3024,633.7157483448935,1,0.025,5.495019860889601,-408.8375788149626,184974
3025,633.2883259844207,1,0.025,4.32681653810584,-410.20414667544156,185020
3026,633.8040215971231,1,0.025,11.283522942791814,-409.6402667501698,185067
3027,632.8579220143109,1,0.025,31.210095753272373,-409.62845102945965,185114
3028,633.1533410236201,1,0.025,3.9271625772766443,-412.11324807871944,185161
3029,633.7327545921862,1,0.025,21.257184546926748,-411.5094179899796,185207
3030,633.5748072328344,1,0.025,25.234118824419767,-410.83774201766306,185253
3031,632.9010744732176,1,0.025,8.095778832832972,-412.04710896809894,185300
3032,632.9653605349981,1,0.025,5.047942628031191,-410.6278474227242,185346
3033,633.4770237049662,1,0.025,11.784075146136077,-409.8936475670856,185393
3034,633.6605431142135,1,0.025,7.8707406313523,-408.7325081203295,185439
3035,633.8146209867178,1,0.025,2.8976856418277905,-411.5579528808594,185485
3036,634.300223218851,1,0.025,3.942065627678581,-411.32548058551293,185531
3037,598.0201709307831,1,0.025,8.503228315600643,-413.08448508933736,185585
3038,633.8547505976321,1,0.025,17.73785522709722,-409.3465655782948,185631
3039,633.455161515395,1,0.025,3.0449293851852417,-412.0520059336787,185677
3040,633.193694853465,1,0.025,4.741100622260052,-411.85221133024794,185723
3041,634.3775667792283,1,0.025,26.83573125756305,-410.0144507366678,185769
3042,633.5292845294264,1,0.025,17.852532764275868,-412.2910855611165,185816
3043,633.1529128768851,1,0.025,3.586364481760108,-413.520067297894,185863
3044,633.2828498665397,1,0.025,3.0189471195141473,-413.2382278442383,185910
3045,634.0006933189231,1,0.025,7.528328470561815,-412.114037555197,185956
3046,634.0387116588302,1,0.025,9.337984193926273,-414.0061327063519,186003
3047,633.9426502679162,1,0.025,3.4013896688171057,-409.12034009850544,186049
3048,633.5071357886399,1,0.025,5.3246200758477915,-409.0606490425442,186095
3049,633.1653219919785,1,0.025,4.2774944851795835,-410.7467333475749,186142
3050,633.1137585153598,1,0.025,20.386754092962846,-411.5284941300102,186189
3051,633.1548290530483,1,0.025,21.29503507717796,-409.047839620839,186235
3052,633.3780017522045,1,0.025,35.957017958164215,-412.137975278108,186281
3053,633.6206239772873,1,0.025,2.658594325184822,-412.21413548787433,186328
3054,633.4120890346794,1,0.025,26.232063122417618,-409.20841515582543,186375
3055,633.5933944521724,1,0.025,39.58047359404357,-410.3034150496773,186421
3056,633.7288412345001,1,0.025,9.138546083284462,-410.003870425017,186467
3057,612.227355482772,1,0.025,26.315031204223633,-413.9725708007812,186517
3058,633.665161692975,1,0.025,21.21961161882981,-411.87793897545856,186563
3059,633.6296520830763,1,0.025,5.578230371077855,-411.78226470947266,186610
3060,632.7672867094498,1,0.025,3.9967608400013135,-409.4828783118206,186657
3061,633.9423911560025,1,0.025,35.3047818619272,-413.1379938540251,186703
3062,633.6411514389181,1,0.025,5.1507724886355195,-409.41802182404894,186749
3063,633.6004028078577,1,0.025,34.634609507477805,-408.8652622388757,186794
3064,633.5263364889538,1,0.025,19.848668176194895,-410.5024467136549,186840
3065,634.349859901114,1,0.025,2.541828375795613,-411.4516946543818,186886
3066,633.3525911251688,1,0.025,2.7589779703513435,-412.6560735287874,186932
3067,634.5493264962606,1,0.025,7.205553135146266,-413.618384319803,186978
3068,634.1958902003821,1,0.025,2.9388309095216836,-410.3853799571162,187024
3069,634.3334906465144,1,0.025,5.296120451844257,-409.9702891474185,187070
3070,633.6785661918789,1,0.025,3.771257221698761,-411.5638241975204,187116
3071,633.8108388038056,1,0.025,5.985853975469416,-409.5709533691406,187161
3072,634.5100473969327,1,0.025,10.681099585864855,-413.1160835597826,187207
3073,633.3898378320283,1,0.025,38.5505849071171,-413.07177999745244,187253
3074,633.7207150612373,1,0.025,2.30069807668527,-413.0660171508789,187300
3075,633.1040715574915,1,0.025,19.91239851972331,-412.37463113536006,187346
3076,634.1134183632652,1,0.025,3.7533053678015005,-411.9958177649456,187392
3077,581.3843222292959,1,0.025,2.7663727828434537,-411.8635035923549,187449
3078,632.6604048268016,1,0.025,14.626971299449602,-410.5869967142741,187496
3079,633.4788266074605,1,0.025,15.197676536829576,-411.8073810079823,187542
3080,633.1540503260474,1,0.025,3.904425004254217,-413.60647184952444,187588
3081,633.7609651542707,1,0.025,5.099506663239521,-411.9356968091882,187634
3082,633.8031100665075,1,0.025,3.6481406947840815,-411.3263762100883,187680
3083,633.4026450116073,1,0.025,2.8619610382163008,-413.71115643045175,187727
3084,634.0539296496019,1,0.025,3.9886358198912246,-412.15459408967394,187773
3085,633.5003586534735,1,0.025,21.407988320226256,-412.7637634277344,187819
3086,634.1886866751612,1,0.025,20.924119565797888,-413.53617129118544,187865
3087,633.6507729065316,1,0.025,7.2519223019480705,-411.59195200602215,187912
3088,632.9134480955391,1,0.025,36.29553184301957,-410.12259574558425,187959
3089,633.6896327401403,1,0.025,5.7421691780504975,-412.1254484757133,188005
3090,633.7507355947836,1,0.025,3.015122557679812,-410.95518747965497,188052
3091,633.8364521750642,1,0.025,3.8347890532535054,-409.57691756538725,188098
3092,633.662846182512,1,0.025,21.678798048392586,-415.0248439622962,188144
3093,633.5902241335697,1,0.025,3.9543146154154902,-413.1534118652344,188191
3094,633.7881193179484,1,0.025,7.880066612492437,-412.69125764266306,188237
3095,633.710138971748,1,0.025,4.54488442838192,-408.9771588643392,188284
3096,633.7412846077569,1,0.025,5.173749358757682,-411.8088962720788,188330
3097,633.40282536865,1,0.025,5.213807196720786,-412.9994294539742,188377
3098,633.3674183362765,1,0.025,9.402703243753184,-410.2720841117527,188423
3099,633.192402404054,1,0.025,38.61049081881841,-411.2244402567546,188470
3100,633.6106690385274,1,0.025,32.06975458497586,-410.276414954144,188517
3101,634.2059738983778,1,0.025,6.277052417397499,-410.19807561238605,188564
3102,633.6152152591435,1,0.025,8.30997240802516,-411.6937614109205,188610
3103,633.7179492729487,1,0.025,4.028137051540872,-412.01296599014944,188657
3104,633.1609670284373,1,0.025,15.273177452385426,-412.33117548624676,188704
3105,632.5318149137036,1,0.025,5.838675931096077,-411.28311920166016,188752
3106,633.1613474051372,1,0.025,7.840106217757516,-410.63908850628394,188798
3107,633.3998422240592,1,0.025,3.070148369540339,-411.5775252632473,188844
3108,634.2994515561476,1,0.025,4.164209189622299,-411.0613230829654,188890
3109,633.5560255042965,1,0.025,17.404995595415432,-413.01257451375324,188938
3110,633.0046193757262,1,0.025,2.852710941563482,-410.9327551800272,188985
3111,633.1662971800228,1,0.025,5.8919121493463935,-410.5124551524287,189031
3112,632.5501587907523,1,0.025,3.443859656651815,-412.9605890909831,189079
3113,633.4355480785546,1,0.025,3.7831377620282383,-411.64956134298575,189125
3114,633.8021557317832,1,0.025,11.184539700547854,-412.16142018636066,189172
3115,633.5927488446465,1,0.025,14.919443584006766,-413.09760715650475,189219
3116,634.3140237878481,1,0.025,7.086825661037279,-411.9104189665421,189265
3117,633.4870083935538,1,0.025,3.940247198809748,-412.9566730001698,189311
3118,613.4396382953279,1,0.025,3.4267680048942566,-412.66802391639123,189362
3119,634.1688366301341,1,0.025,4.364064431708792,-413.4487410835598,189408
3120,633.2379028733021,1,0.025,8.123715934546098,-411.90751979662025,189455
3121,634.0260844266729,1,0.025,37.66931028210598,-411.806896707286,189501
3122,633.1748593549287,1,0.025,4.03411628305912,-412.27704366048175,189548
3123,634.355963474177,1,0.025,4.4858455139657725,-411.99702519955844,189594
3124,633.6574906616365,1,0.025,6.456016965534376,-413.74494469684106,189640
3125,633.8669065824863,1,0.025,3.825876295566559,-412.91686879033625,189687
3126,633.260911893177,1,0.025,4.49679900209109,-412.1170031229655,189734
3127,633.0892315204491,1,0.025,9.02210879844168,-411.9010951829993,189781
3128,592.5147543011421,1,0.025,5.8741523424784345,-412.36433467158565,189835
3129,633.7036174443293,1,0.025,4.727587853868802,-411.28573989868164,189882
3130,632.8096623668324,1,0.025,4.358443726664004,-411.5943046238111,189929
3131,634.1441047934973,1,0.025,16.094142359236013,-412.04633629840356,189975
3132,633.2533255455673,1,0.025,2.8794392088185186,-411.226526675017,190021
3133,633.8295404591994,1,0.025,10.18926001113394,-413.46017854110056,190067
3134,634.2296169353451,1,0.025,11.509180929349816,-413.7245987601902,190113
3135,634.055528994053,1,0.025,20.77886182328929,-411.63854847783625,190159
3136,634.0090955158668,1,0.025,7.948354441186656,-412.9821883491848,190205
3137,633.8710872805229,1,0.025,22.63612195601066,-411.15671157836914,190252
3138,633.8613593062039,1,0.025,4.4126713716465495,-411.11783500339675,190298
3139,633.2384729779487,1,0.025,3.1398482789164004,-409.91491964588994,190344
3140,633.5082019008296,1,0.025,4.284318203511446,-412.2357230808424,190390
3141,634.4290186588079,1,0.025,3.9961264444434126,-412.17021643597144,190436
3142,634.5373666784737,1,0.025,3.1628903902095296,-410.6971117102581,190482
3143,633.8839725069147,1,0.025,4.7945838082920424,-411.9768149636009,190527
3144,633.7746445462886,1,0.025,3.287060126014378,-411.10749087126356,190573
3145,633.7556063699967,1,0.025,23.903368219085362,-411.74791551672894,190619
3146,632.9252890807606,1,0.025,7.388283431529999,-410.7188415527344,190666
3147,632.8912497606411,1,0.025,36.56667118767897,-409.455748240153,190714
3148,633.338878827337,1,0.025,9.101733277673306,-410.64762148649794,190761
3149,633.8394298399719,1,0.025,2.573731859525045,-412.2923583984375,190808
3150,632.8985314993554,1,0.025,3.9534101745356685,-412.3952450959579,190855
3151,633.9562502026237,1,0.025,14.661248251795769,-412.2503293355306,190902
3152,633.6809779808198,1,0.025,5.156545670136161,-411.34528649371606,190948
3153,633.778904300072,1,0.025,7.729643588480742,-414.432116964589,190994
3154,632.9061747057966,1,0.025,5.881822104255359,-411.8510030110677,191042
3155,633.6494283538813,1,0.025,9.275523118674755,-410.280824025472,191090
3156,633.625592645204,1,0.025,23.961561529532723,-412.7683145274287,191137
3157,633.1938535883985,1,0.025,15.66326035062472,-411.4104194641113,191184
3158,633.122499971589,1,0.025,3.190895246422809,-410.9253354279891,191231
3159,633.4373535659299,1,0.025,3.715739438931147,-412.2176869710286,191278
3160,634.8013260467826,1,0.025,41.01480722427368,-410.38674528702444,191324
3161,633.8604040419925,1,0.025,23.3732858274294,-411.6215355914572,191371
3162,634.3174031355126,1,0.025,31.930861695953038,-410.56445047129756,191417
3163,633.2972470019654,1,0.025,23.017088755965233,-412.7524604797363,191465
3164,633.8934189036183,1,0.025,3.598742179248644,-411.6109977390455,191511
3165,634.077997854765,1,0.025,4.8455434260161026,-409.7257000467052,191557
3166,634.562806945062,1,0.025,35.77291588679604,-411.2889722741169,191603
3167,633.8025260182641,1,0.025,5.1074988519152,-413.9098256429036,191650
3168,634.0544735558801,1,0.025,7.468661137249159,-413.49312691066575,191696
3169,633.4111097434669,1,0.025,6.809086232081704,-412.8942791482677,191742
3170,634.2401006261441,1,0.025,5.699618593506191,-413.2631398076596,191788
3171,634.018913814289,1,0.025,2.771770956723586,-413.21827498726225,191834
3172,633.3744489445087,1,0.025,23.526810459468674,-411.8456128991169,191881
3173,633.4302926492375,1,0.025,3.7401233365138373,-409.82934951782227,191928
3174,633.8316572287238,1,0.025,4.767418192780537,-413.06711744225544,191974
3175,633.6572071673787,1,0.025,4.374063591162364,-411.53682200113934,192022
3176,633.6222935001687,1,0.025,27.582213666128077,-412.0683301842731,192069
3177,633.3773186998611,1,0.025,11.724770123759905,-413.4757588704427,192116
3178,633.9809526502128,1,0.025,4.851092193437659,-410.76578422214675,192162
3179,633.7591979286381,1,0.025,4.678224620611771,-408.8882419752038,192208
3180,633.8077283108308,1,0.025,5.199093269265217,-412.47387960682744,192255
3181,633.6630093461547,1,0.025,7.07667896648248,-411.6758168538411,192302
3182,633.4741139726711,1,0.025,8.889743662398795,-412.1643026600713,192348
3183,633.5976805715273,1,0.025,6.614620858972723,-411.71850031072444,192393
3184,633.0866611249169,1,0.025,4.309006626407306,-411.33279037475586,192440
3185,633.541336760705,1,0.025,3.006188019462254,-412.9203199303669,192486
3186,633.2183247654498,1,0.025,4.8485671281814575,-412.4236596148947,192533
3187,633.101623378293,1,0.025,33.23640616562056,-412.4152407438859,192579
3188,633.7260055275462,1,0.025,4.0757878720760345,-413.7643699645996,192626
3189,634.0528648512372,1,0.025,4.336083901965099,-412.5079027258831,192673
3190,634.2875576124425,1,0.025,6.397076184334963,-411.1901775857677,192719
3191,633.0541827981839,1,0.025,3.093936619659265,-412.8652165730794,192766
3192,634.3073979510127,1,0.025,2.347627077413642,-412.9996510381284,192812
3193,633.6664019929717,1,0.025,5.697897252829178,-412.4072544263757,192859
3194,633.5901337031628,1,0.025,3.320604806360991,-414.7953995414402,192905
3195,634.675620854664,1,0.025,6.791571357975835,-412.96218341329825,192951
3196,633.8731660809634,1,0.025,4.249376991520757,-413.02129330842394,192997
3197,633.4146899659102,1,0.025,34.008688004120536,-411.9557282820992,193043
3198,633.9560261067354,1,0.025,7.6232010877650715,-412.9509463102921,193089
3199,628.0005098458169,1,0.025,4.432860590517521,-413.02540334065753,193137
3200,634.066429457315,1,0.025,6.218647216757138,-412.97310638427734,193184
3201,633.6038497193408,1,0.025,31.24942535939424,-412.7027123492697,193230
3202,633.730194505127,1,0.025,37.302742426810056,-411.4980309527853,193276
3203,633.0722133041743,1,0.025,14.280042244040448,-410.5249806279721,193323
3204,634.044694570439,1,0.025,11.346859185591988,-412.37710173233694,193369
3205,633.3906259776015,1,0.025,2.5793456186850867,-412.54312388102215,193416
3206,633.6183277489023,1,0.025,5.234807833381321,-410.72254346764606,193463
3207,634.4028795346524,1,0.025,7.279351115226746,-411.62365589971125,193509
3208,633.9156281085181,1,0.025,24.07480261636817,-411.71577121900475,193555
3209,633.3807736778415,1,0.025,3.4625507126683774,-412.8909115998641,193601
3210,633.6034761146741,1,0.025,13.05675476530324,-413.1501305621603,193647
3211,633.828815732184,1,0.025,3.2439352621634803,-411.5749855041504,193694
3212,633.2912915087396,1,0.025,4.672658560068711,-413.1441570779552,193740
3213,633.9347329580886,1,0.025,5.039551260678665,-410.7393984587296,193786
3214,617.5830352246367,1,0.025,25.622662658492725,-414.0311813354492,193835
3215,633.4417116290595,1,0.025,3.30873369652292,-411.68627000891644,193881
3216,633.3934011126329,1,0.025,4.904151724732441,-411.66620005732,193927
3217,633.8575071534231,1,0.025,3.0954625243725986,-413.45322053328806,193973
3218,633.4395081797666,1,0.025,43.22861033418904,-413.4727730129076,194019
3219,633.8291067933473,1,0.025,3.651402140657107,-411.2946434020996,194066
3220,633.7095625206287,1,0.025,6.107813677062159,-410.7942332392154,194112
3221,633.2308157108162,1,0.025,4.884205123652583,-412.8299719769022,194158
3222,633.6491719864047,1,0.025,4.072201915409254,-413.31611168902856,194204
3223,633.9695054845981,1,0.025,16.72998445448668,-412.6328178074049,194251
3224,633.4957682218154,1,0.025,26.924096143763997,-411.7246146824049,194297
3225,633.8886280415259,1,0.025,7.142222109048263,-412.7454316512398,194343
3226,633.0364394108451,1,0.025,14.952542901039124,-414.0927556355794,194390
3227,634.3233206713451,1,0.025,25.938914210900016,-411.31194272248644,194437
3228,633.5876487342123,1,0.025,3.8272566298643746,-412.98470942179364,194484
3229,634.5665202510569,1,0.025,2.7048316131467405,-412.3674502165421,194530
3230,633.8350050021518,1,0.025,2.44502299764882,-411.7689514160156,194577
3231,632.5827323513514,1,0.025,3.460899882018566,-412.46747970581055,194624
3232,633.574451108657,1,0.025,27.144036742773924,-413.45000527121806,194669
3233,633.7191168662547,1,0.025,3.984129356301349,-412.2216690726902,194715
3234,633.9016698422197,1,0.025,3.955158565355384,-410.9130195949389,194761
3235,634.5869683389614,1,0.025,3.0186939498652583,-411.5346255095109,194807
3236,633.7531117245485,1,0.025,3.585112909475962,-413.6446482340495,194854
3237,633.947120839278,1,0.025,4.749778138554615,-412.5833806576936,194900
3238,633.7592401198401,1,0.025,7.62175542893617,-412.67290463654894,194946
3239,633.4505244279642,1,0.025,11.235397110814633,-413.688988727072,194992
3240,633.1943533536039,1,0.025,11.251044967900151,-412.53742516559106,195038
3241,632.9056274631798,1,0.025,3.81839034350022,-412.1692531419837,195085
3242,634.1150985479622,1,0.025,6.115576852922854,-411.86248911982,195131
3243,633.476272573049,1,0.025,2.9698848674694696,-413.1002591451009,195179
3244,633.8747082562055,1,0.025,3.0709386234698086,-411.760533871858,195225
3245,633.3419643288241,1,0.025,2.9048689292824785,-411.0925757366678,195271
3246,633.4398202206046,1,0.025,4.407280585040217,-413.92255036727244,195317
3247,633.9484032750184,1,0.025,4.371706128120422,-410.84160580842394,195363
3248,634.1457834166565,1,0.025,4.914725215538688,-412.6777662194294,195409
3249,633.6175931923285,1,0.025,24.237349059270777,-413.61242808466375,195455
3250,634.3002385221807,1,0.025,4.098578655201456,-411.6433410644531,195501
3251,633.8350326793096,1,0.025,4.183744710424672,-412.79061624278194,195547
3252,633.1845010073397,1,0.025,2.690813624340555,-412.0417533542799,195593
3253,633.7432575600301,1,0.025,16.909009257952373,-413.7230046590169,195640
3254,633.4779255772154,1,0.025,22.465809137924857,-412.8262647545856,195686
3255,634.2064775794813,1,0.025,3.7924759310224783,-414.65796827233356,195732
3256,633.7145313457619,1,0.025,2.078015467394953,-415.1158672830333,195778
3257,633.5435913996971,1,0.025,21.532935811125714,-412.5711736264436,195824
3258,633.8349827069475,1,0.025,14.866912966424769,-412.7611874667081,195869
3259,633.58823163244,1,0.025,4.108065568882486,-414.0086033033288,195915
3260,633.1357035567837,1,0.025,3.485610288122426,-411.1242251188859,195961
3261,634.0424837033858,1,0.025,12.367963707965353,-411.5184166949728,196007
3262,634.4779849478298,1,0.025,3.044879778571751,-414.6335289996603,196053
3263,633.2273405684268,1,0.025,15.773214112157406,-413.6988750955333,196099
3264,633.920855329282,1,0.025,13.646022871136665,-413.92896525065106,196146
3265,633.6138651005625,1,0.025,10.44751189843468,-412.4880450704823,196192
3266,634.1630829650619,1,0.025,2.4235745124194934,-411.7649682086447,196238
3267,634.2694583078668,1,0.025,4.606039319349372,-410.79069850755775,196284
3268,634.3010392611856,1,0.025,4.694152114184006,-412.54927527386207,196330
3269,632.3279296839836,1,0.025,3.0817731420199075,-413.1289990743001,196378
3270,633.754744919795,1,0.025,33.016743177952975,-413.96813699473506,196424
3271,633.3717342972914,1,0.025,16.91265717278356,-414.7120547087296,196471
3272,633.5212983344742,1,0.025,3.4513172705968223,-413.2478332519531,196518
3273,633.5456424789522,1,0.025,28.468266036199488,-413.6547227942425,196564
3274,633.4643340839929,1,0.025,5.219301353330198,-413.75014728048575,196610
3275,633.2670270551242,1,0.025,4.212618060733961,-410.6520253057065,196656
3276,633.575171127108,1,0.025,4.123939540075219,-412.35419099227244,196702
3277,633.6006203689261,1,0.025,4.145806605165655,-412.9138877175071,196747
3278,634.4483155507838,1,0.025,17.936307876006417,-414.383241072945,196793
3279,632.9424575056521,1,0.025,7.703806636234124,-411.7914187113444,196840
3280,633.3473400159821,1,0.025,20.409649683081586,-412.46833867612094,196886
3281,633.6520207080097,1,0.025,27.41806617650119,-410.9826063676314,196931
3282,633.4069804231565,1,0.025,63.65938192109267,-411.3465042114258,196978
3283,633.6205350861931,1,0.025,5.783539181170256,-411.81398607336956,197025
3284,633.8015746447973,1,0.025,3.6630560159683228,-414.04554239908856,197072
3285,633.6787340410447,1,0.025,25.115563542946525,-412.6384701936141,197118
3286,634.0455397274375,1,0.025,3.9355342388153076,-411.6171941342561,197164
3287,633.6885064375298,1,0.025,10.476227687752765,-412.5916310185971,197210
3288,634.4369782987984,1,0.025,3.364073792229528,-415.2137265412704,197256
3289,633.475677217536,1,0.025,2.916884396387183,-412.6768506920856,197302
3290,633.6648798111758,1,0.025,16.840229609738227,-414.2823433254076,197348
3291,632.8823864413044,1,0.025,5.346882177435833,-412.13044274371606,197395
3292,633.5768737981364,1,0.025,3.4062128687898316,-413.5343882242839,197442
3293,633.8583427296622,1,0.025,3.333802124728327,-413.26592619522756,197488
3294,618.4860026404704,1,0.025,13.386322371661663,-414.2858581542969,197537
3295,633.8502973990367,1,0.025,7.343221912781398,-414.1017646789551,197584
3296,633.3032416150177,1,0.025,4.521312283433002,-412.9024021314538,197630
3297,633.2070293126471,1,0.025,4.542352093302685,-411.32214488153875,197676
3298,633.3491087573497,1,0.025,5.129179648731066,-414.5711749532948,197722
3299,633.4139092790901,1,0.025,6.05074373535488,-412.78667814835256,197769
3300,633.709362111442,1,0.025,4.137725616494815,-414.21276601155597,197816
3301,633.6013106974327,1,0.025,5.206871061221413,-410.97242139733356,197863
3302,633.4516290076967,1,0.025,3.669837358097235,-413.93591054280597,197910
3303,633.0428908876033,1,0.025,2.8855311423540115,-413.8417498270671,197958
3304,633.1958914058705,1,0.025,36.02422148766725,-411.3463134765625,198004
3305,634.1176695708912,1,0.025,26.97515755114348,-414.6634680706522,198050
3306,633.2688807955038,1,0.025,17.618331714816716,-410.7135248598845,198096
3307,634.2704503679436,1,0.025,4.54086681034254,-412.343958315642,198142
3308,633.2759887850114,1,0.025,8.006873358850894,-410.48584117060125,198188
3309,633.5736845537384,1,0.025,8.456793603689775,-413.6048119586447,198235
3310,634.1443823879176,1,0.025,23.969380823274452,-413.21021525065106,198282
3311,633.3016871165283,1,0.025,27.883669350458227,-413.1722478451936,198329
3312,634.1513606517954,1,0.025,7.625198830728945,-411.0511315387228,198375
3313,633.9923061774896,1,0.025,26.80215066930522,-410.68513555112094,198421
3314,633.9544019768324,1,0.025,3.888894526854805,-415.1259022588315,198467
3315,633.4075559938295,1,0.025,3.3075274527072906,-411.9610112508138,198514
3316,633.2758875292088,1,0.025,4.089539232461349,-412.4143358313519,198561
3317,633.3132879007394,1,0.025,12.820583065350851,-411.84790420532227,198608
3318,634.3057295509318,1,0.025,4.337372689143471,-413.94694054645043,198654
3319,633.6888925696001,1,0.025,9.44863845814358,-412.4223369251598,198699
3320,633.3339990954706,1,0.025,39.69851639996404,-410.8681176227072,198745
3321,632.7287421782581,1,0.025,26.419081442058086,-410.47926330566406,198792
3322,633.7272132253015,1,0.025,3.87468591829141,-414.2007230122884,198840
3323,633.4346572504523,1,0.025,7.843691893245863,-414.21341738493544,198886
3324,632.8337674866245,1,0.025,14.159855624903804,-414.25212561565894,198933
3325,633.9336653973903,1,0.025,16.390096783638,-412.3294757345448,198979
3326,633.2234639667879,1,0.025,3.4584266344706216,-412.5315742492676,199027
3327,633.7378899949243,1,0.025,39.347637819207236,-412.2537722380265,199073
3328,634.4064660157993,1,0.025,11.372797302577807,-412.1085152004076,199119
3329,633.6900783970544,1,0.025,4.97438624004523,-413.4990170796712,199166
3330,634.2099585640756,1,0.025,12.224015386208244,-413.6951798148777,199212
3331,633.937669360801,1,0.025,3.09862582579903,-410.62947944972825,199258
3332,633.5649676529686,1,0.025,3.4076518960621045,-414.38754007090694,199305
3333,633.4723348121831,1,0.025,4.571980650226275,-414.08275604248047,199352
3334,634.6999207502924,1,0.025,37.382186879282415,-414.19677469004756,199398
3335,633.1640394094213,1,0.025,4.5197406955387285,-413.3152014690897,199444
3336,633.6615008098676,1,0.025,3.2502566886984785,-412.08810822860056,199490
3337,633.9189821381847,1,0.025,11.523567811302517,-412.82633905825406,199537
3338,633.6855924180101,1,0.025,3.0448768035225244,-412.9158020019531,199583
3339,633.9386114474532,1,0.025,19.329574020012565,-412.8570676057235,199629
3340,633.8869608684975,1,0.025,20.40991853631061,-410.2386169433594,199675
3341,633.2706103015412,1,0.025,3.026382187138433,-412.97338601817256,199721
3342,623.6137413539991,1,0.025,6.290664658546448,-414.45357299804687,199770
3343,633.534928170051,1,0.025,3.9813816075523696,-414.04786173502606,199818
3344,634.0245830104863,1,0.025,4.1127039971558945,-414.3168719747792,199864
3345,634.1159804635396,1,0.025,8.086214319519375,-412.3594493036685,199910
3346,634.0073229969522,1,0.025,5.266294583030369,-414.2245297639266,199956
3347,634.2398824578034,1,0.025,15.210960123849953,-413.23595262610394,200002
3348,633.2887888664436,1,0.025,13.644217150906721,-412.7301139831543,200050
3349,633.7787615358134,1,0.025,6.683323875717495,-411.9006506878397,200096
3350,633.2869289674809,1,0.025,4.747250152670818,-413.1710045855978,200143
3351,632.8998727322764,1,0.025,7.139137866596381,-413.07076899210614,200190
3352,633.4318004959161,1,0.025,11.658795097599858,-413.3045853324558,200237
3353,633.7173940364578,1,0.025,5.591480244760928,-414.1451535432235,200282
3354,634.3710777444398,1,0.025,2.8854455144509026,-414.00528617527175,200328
3355,633.7046915055378,1,0.025,3.0017046513764756,-413.9500214949898,200374
3356,633.5489772913381,1,0.025,28.112233156743258,-413.15628847868544,200421
3357,633.0773971815232,1,0.025,3.9872148831685386,-414.3619321187337,200468
3358,633.9736373868398,1,0.025,23.93365368635758,-414.3818903384001,200514
3359,633.9080947500466,1,0.025,6.444588057372881,-412.9293279233186,200560
3360,633.9172797923579,1,0.025,4.24400599365649,-413.76622606360394,200606
3361,633.5701774523054,1,0.025,5.480665655239768,-414.1347762398098,200653
3362,633.8474189583442,1,0.025,3.5190686505773794,-412.4095153808594,200699
3363,634.2797897300759,1,0.025,5.510863889818606,-412.6967309039572,200745
3364,634.1854412401362,1,0.025,2.2782986293668333,-414.0021150008492,200791
3365,633.8034317978559,1,0.025,67.11109875142574,-412.5487480163574,200838
3366,633.4813434726027,1,0.025,18.897843894751176,-413.92727263077444,200884
3367,633.9252333998293,1,0.025,4.263535380363464,-412.3980288298234,200930
3368,633.3015456101227,1,0.025,2.6433909664983335,-412.47058238153875,200976
3369,632.7628985916544,1,0.025,4.417033739711927,-413.84276414954144,201023
3370,633.4921059849112,1,0.025,3.7745501502700476,-414.4157874065897,201069
3371,634.2636215599074,1,0.025,3.073060118633768,-413.5611758024796,201115
3372,633.857849007326,1,0.025,8.285439354677996,-414.49706268310547,201162
3373,634.3938060431976,1,0.025,17.6909028188042,-412.7247619628906,201208
3374,634.4067554557964,1,0.025,3.3557262316994043,-412.0377356487772,201254
3375,633.7915589784702,1,0.025,2.6765256342680557,-414.01777715268344,201301
3376,579.0263825509132,1,0.025,2.8538493471486226,-412.6226316179548,201357
3377,633.5406316095135,1,0.025,5.875342200631681,-413.4890070376189,201403
3378,633.1728632477179,1,0.025,3.025335426131884,-412.86955006917316,201450
3379,633.4756901767998,1,0.025,6.074575382730235,-411.9493885869565,201497
3380,634.4172550261029,1,0.025,2.7049945178239243,-414.0402407438859,201543
3381,633.3669063821677,1,0.025,4.610034627219041,-413.6570676167806,201590
3382,633.7856637914214,1,0.025,6.802893887395444,-412.49363774838656,201637
3383,633.0218172741263,1,0.025,13.760540994505087,-413.6710891723633,201684
3384,633.8957420430892,1,0.025,2.708110026691271,-411.8447809634001,201730
3385,633.729115010759,1,0.025,2.879997491836548,-414.89001199473506,201776
3386,633.350616503054,1,0.025,4.897787113984426,-414.63928985595703,201824
3387,633.677419073801,1,0.025,2.211264353731404,-413.34743731954825,201870
3388,633.6872160130308,1,0.025,2.819478698398756,-413.0603690769361,201916
3389,622.4807073465984,1,0.025,8.392719348271688,-414.3776270548503,201965
3390,633.7936993716795,1,0.025,51.63884126621744,-414.77970421832543,202010
3391,633.6591008452115,1,0.025,9.551695617762478,-410.3322199041193,202055
3392,633.0564402410946,1,0.025,4.603726806847946,-412.0530939516814,202101
3393,634.6545625510084,1,0.025,15.233157614003057,-413.262635604195,202147
3394,633.4446718575124,1,0.025,4.373224496841431,-414.3439861795177,202193
3395,633.7586252405608,1,0.025,3.541808765867482,-413.90118275518,202239
3396,633.9252877623899,1,0.025,18.658404293267623,-413.0026457413383,202285
3397,633.8449575083727,1,0.025,5.626912345056948,-414.48997563901156,202331
3398,633.2419496241856,1,0.025,7.064695213152015,-414.88993371051293,202377
3399,633.9805632350846,1,0.025,5.222793849805991,-414.25979741414386,202424
3400,634.3905575983431,1,0.025,3.9474666144536887,-414.39598282523775,202470
3401,633.3945582581764,1,0.025,6.36179052228513,-413.9504288383152,202516
3402,633.5655415293268,1,0.025,8.878280761449233,-412.7064102836277,202563
3403,633.8685490829916,1,0.025,4.330268271591352,-412.7259959345279,202608
3404,634.1179958876937,1,0.025,3.233147893262946,-411.956983483356,202655
3405,633.4949050931314,1,0.025,9.77328162089638,-414.72905299974525,202701
3406,634.2516556016585,1,0.025,46.6717754084131,-414.2603215756624,202747
3407,634.1425929027051,1,0.025,2.516710857550303,-414.3222592671712,202794
3408,633.961701149844,1,0.025,3.616889204667962,-412.490026059358,202840
3409,633.2145254519702,1,0.025,5.052965957185497,-411.5030079717221,202886
3410,633.2038735831159,1,0.025,2.90577729759009,-414.8964896824049,202933
3411,633.8147623852924,1,0.025,8.648915438548379,-412.2093625275985,202978
3412,633.9350616219474,1,0.025,4.472600796948308,-413.76321676503056,203024
3413,633.7846324270093,1,0.025,8.864485092785047,-413.9333535899287,203070
3414,634.6260321846033,1,0.025,14.209993419439897,-412.8870385211447,203116
3415,634.0639138290312,1,0.025,9.841208509776903,-412.8100864576257,203162
3416,634.0924329164503,1,0.025,13.603512263816336,-412.0567454462466,203208
3417,634.3202831040094,1,0.025,4.147955370985943,-414.5701081649117,203254
3418,633.8980673854185,1,0.025,5.089034619656476,-412.14209400523794,203299
3419,633.7051607321448,1,0.025,12.829103936751684,-412.18465423583984,203346
3420,634.4304079955202,1,0.025,3.4619732006736426,-413.1166249150815,203392
3421,633.8512868780917,1,0.025,4.266535054082456,-411.72617505944294,203439
3422,634.1464072119946,1,0.025,4.232762842074685,-413.70906929347825,203485
3423,633.5031894242097,1,0.025,4.548915185034275,-412.84253311157227,203532
3424,633.6162258139902,1,0.025,3.3681510790534643,-413.171374777089,203579
3425,632.9855152831102,1,0.025,6.936793883641561,-417.15787506103516,203626
3426,556.9021283376067,1,0.025,5.1452404818227215,-414.78552147649947,203688
3427,633.2465913467947,1,0.025,20.800945100576982,-412.74157582158625,203734
3428,634.0946570334926,1,0.025,6.2983206951099895,-412.94544385827106,203780
3429,633.2984010878665,1,0.025,31.101768949757453,-410.4628561268682,203827
3430,632.5066429930375,1,0.025,5.486139662563801,-413.3040135701497,203874
3431,633.9814462330211,1,0.025,7.290437765743421,-411.3983353324558,203920
3432,633.6673105386985,1,0.025,22.477681439855825,-413.66938450025475,203967
3433,633.0658580650803,1,0.025,6.475119684053504,-412.25186422596806,204013
3434,633.5713428834642,1,0.025,15.448680444903996,-414.4634903617527,204058
3435,634.37162320478,1,0.025,6.228201959444129,-414.8900571076766,204104
3436,633.4997448096526,1,0.025,5.897918436838233,-412.20926699431044,204150
3437,633.1218676573606,1,0.025,10.908493873865709,-414.6654968261719,204196
3438,634.2205956857766,1,0.025,31.25553085104279,-414.1086465586787,204242
3439,633.4244039321716,1,0.025,6.1476369318754776,-413.3231718643852,204288
3440,634.2057046204386,1,0.025,12.106895073600437,-414.7289813497792,204334
3441,633.8989108274693,1,0.025,11.106220044872977,-415.65860262784093,204379
3442,634.0874097299015,1,0.025,26.866303407627605,-412.70401266346806,204425
3443,633.6477620555047,1,0.025,13.91016483825186,-412.6501040251359,204471
3444,634.270313314317,1,0.025,34.07057509992433,-415.765845257303,204517
3445,632.71368806958,1,0.025,3.8651578600207963,-416.6529795328776,204564
3446,633.7088893087291,1,0.025,4.905055132779208,-416.27512151544744,204609
3447,633.4327769598337,1,0.025,2.3950024992227554,-413.9225082397461,204656
3448,634.5539900000381,1,0.025,5.176390211219373,-415.0399368949558,204702
3449,633.7323737848609,1,0.025,19.048909962177277,-414.6021065090014,204749
3450,633.4031280418731,1,0.025,4.499284630236418,-415.322045367697,204795
3451,633.4860088952901,1,0.025,2.2734771733698635,-413.3925157629925,204841
3452,634.1127104195775,1,0.025,7.737937688827515,-414.5687693720279,204886
3453,633.1244735960054,1,0.025,30.490104250285935,-414.7942810058594,204932
3454,633.9204264341575,1,0.025,9.94924241045247,-413.20090119735056,204979
3455,632.8008265169475,1,0.025,6.146709866821766,-414.67481358846027,205026
3456,633.4285457599659,1,0.025,7.052285527641123,-413.8440052379261,205071
3457,634.3506007125434,1,0.025,2.5636931631876076,-413.3212014903193,205117
3458,634.1063093462005,1,0.025,30.04974685026252,-412.6599519149117,205163
3459,634.5113181175597,1,0.025,25.802685136380404,-414.2161427373471,205209
3460,633.2737946293913,1,0.025,5.442086314161618,-413.33509063720703,205256
3461,633.7667694872542,1,0.025,30.61291210806888,-415.4043154509171,205303
3462,633.7198831893285,1,0.025,4.082069065259851,-414.57189012610394,205349
3463,633.7650892826592,1,0.025,3.8900709877843442,-414.161400836447,205395
3464,634.6060213936524,1,0.025,5.57847047370413,-413.1606378969939,205441
3465,634.5418561973081,1,0.025,3.627097277537636,-412.0623580269192,205487
3466,634.1346366912022,1,0.025,6.241012225980344,-413.8188529636549,205533
3467,634.374968095029,1,0.025,4.113865800525831,-414.4879588251529,205579
3468,633.3225799519571,1,0.025,3.9924310393955396,-415.6339429772419,205625
3469,634.2831756648233,1,0.025,6.663662407709205,-413.84136962890625,205671
3470,633.7210880963914,1,0.025,9.190589845180511,-415.18892669677734,205718
3471,634.0994362937989,1,0.025,7.683745202810868,-409.7872035814368,205765
3472,633.6388740728723,1,0.025,43.85482144355774,-414.2114483377208,205811
3473,633.6351482779114,1,0.025,4.6764449503110805,-414.593249777089,205857
3474,633.5150678875915,1,0.025,27.88605395089025,-412.41783341117525,205903
3475,633.0837932247432,1,0.025,19.79543027152186,-413.5236020295516,205949
3476,633.5311285548466,1,0.025,27.721175706904866,-412.6930037788723,205995
3477,634.2366021875691,1,0.025,33.76080996316412,-413.14660909901494,206041
3478,633.645459640452,1,0.025,16.63136799633503,-413.18213144938153,206088
3479,633.2746812715702,1,0.025,16.890885437528294,-414.54595438639325,206136
3480,634.1957765939659,1,0.025,2.4035763170408164,-414.1561226222826,206182
3481,634.188137542134,1,0.025,9.794744346452797,-414.11285400390625,206228
3482,633.4764663910048,1,0.025,6.230832245038903,-414.4995780613111,206275
3483,633.4320215685655,1,0.025,3.0675709739975305,-415.6434405782948,206321
3484,634.8361036759355,1,0.025,22.576564262742583,-412.4739087975544,206367
3485,633.8660576019396,1,0.025,2.597465623979983,-414.8724365234375,206413
3486,633.4021115383104,1,0.025,7.1188464015722275,-413.78513209025067,206460
3487,536.1795838296512,1,0.025,10.076481319963932,-412.77117443084717,206525
3488,633.4860460644552,1,0.025,11.25790782596754,-415.6810223123302,206570
3489,634.09089154914,1,0.025,8.168808563895848,-413.4525305706522,206616
3490,633.9959367249335,1,0.025,19.62415773972221,-412.7323940111243,206662
3491,633.8547825741587,1,0.025,7.06133048100905,-413.51085038618606,206707
3492,633.5404686827062,1,0.025,6.17079574863116,-413.51770401000977,206754
3493,633.3192782172342,1,0.025,7.745489794275035,-414.41912841796875,206800
3494,633.5622477139743,1,0.025,13.131642945434736,-414.99887615701425,206846
3495,633.3455608089737,1,0.025,3.5547252426976743,-414.24679300059444,206893
3496,633.7203274532869,1,0.025,5.6239627418310745,-413.8037401282269,206939
3497,633.4103173454237,1,0.025,17.085457083971605,-413.5675393809443,206985
3498,633.8147765938949,1,0.025,25.2936154137487,-412.8648164168648,207031
3499,633.9245596682653,1,0.025,3.2104691681654556,-415.0506591796875,207077
3500,634.3037908511654,1,0.025,5.55897344454475,-411.0942542034647,207123
3501,632.9395151190502,1,0.025,4.601908470193545,-413.3718032836914,207170
3502,634.2533919474254,1,0.025,3.971033733824025,-413.28381082286006,207216
3503,633.0921256372399,1,0.025,7.429527479669322,-413.4037382706352,207262
3504,633.2877202371611,1,0.025,3.997418533200803,-412.66567462423575,207308
3505,633.1777413260098,1,0.025,5.774449874525485,-412.814185101053,207354
3506,633.3181961138184,1,0.025,4.611796990036964,-414.90384038289386,207402
3507,633.9858247588305,1,0.025,2.666322083576866,-413.1805074940557,207448
3508,633.5568749583767,1,0.025,4.439242601394653,-412.6191990064538,207494
3509,633.1943314300315,1,0.025,5.495520646157472,-415.05135444972825,207541
3510,633.8303761413389,1,0.025,7.369607388973236,-415.23941294352215,207588
3511,633.2112543947949,1,0.025,1.862257410650668,-414.7317080290421,207634
3512,633.5648026611616,1,0.025,3.506288950857909,-413.96440058169156,207680
3513,633.5210719349834,1,0.025,4.447153785011985,-411.84639115767044,207725
3514,633.5342186881173,1,0.025,4.075807379639667,-412.2793035092561,207771
3515,633.434616213922,1,0.025,2.9567483793134275,-414.9033866550611,207817
3516,635.1333572255057,1,0.025,14.309345260910366,-413.02456266983694,207863
3517,633.3126905267924,1,0.025,22.971655390832733,-414.49507605511207,207909
3518,633.8997572598995,1,0.025,37.49342825620071,-413.3986232591712,207955
3519,633.4930463720681,1,0.025,5.988390951052956,-413.94598521357,208001
3520,633.7881052575755,1,0.025,10.437339891990026,-414.7848421732585,208048
3521,634.0857742889166,1,0.025,5.461624111818231,-415.2260450280231,208094
3522,633.1135360999064,1,0.025,3.3124383014181387,-414.2294722847317,208140
3523,633.2610294827389,1,0.025,4.271690835123477,-412.796839175017,208187
3524,633.0860106692601,1,0.025,11.574633873027304,-416.32948900305706,208233
3525,634.108781547663,1,0.025,4.20998740196228,-415.6312481424083,208279
3526,633.8442616715045,1,0.025,43.48086472179579,-414.40587450110394,208325
3527,634.1375284712046,1,0.025,22.991736533849135,-413.7462105129076,208371
3528,634.1232753456904,1,0.025,15.006168920060862,-413.9496393618376,208417
3529,633.9854434893373,1,0.025,6.908666520015053,-414.4301956840183,208463
3530,633.6244912628707,1,0.025,2.899588167667389,-412.6372833251953,208510
3531,634.2166142847489,1,0.025,41.16362814022147,-413.77069887907606,208556
3532,633.9981195028646,1,0.025,4.468315409577412,-413.69920548148775,208603
3533,634.4413387655385,1,0.025,3.94849535693293,-414.1570461107337,208649
3534,633.1369006693004,1,0.025,3.8684511308868728,-413.57333755493164,208696
3535,634.2538640989401,1,0.025,17.846439571484275,-414.6180486264436,208742
3536,634.5564882493087,1,0.025,5.639992356300354,-411.551817520805,208788
3537,633.5290640837609,1,0.025,3.5965078473091125,-412.0057442405007,208833
3538,634.5835788617038,1,0.025,8.65671323693317,-414.7082585873811,208879
3539,633.2750616538715,1,0.025,3.3096988722682,-412.48253504435223,208926
3540,633.6644519284714,1,0.025,7.355019191037053,-413.2978236986243,208972
3541,633.3437325344944,1,0.025,14.890979238178419,-413.6186178456182,209018
3542,633.775090552894,1,0.025,3.190979610318723,-414.3466571310292,209064
3543,633.4205066416439,1,0.025,8.090567780577619,-413.8328777810802,209111
3544,633.0984771000801,1,0.025,8.498258181240248,-414.3533112899117,209157
3545,633.9724702839625,1,0.025,5.483879091946975,-413.8584860096807,209203
3546,633.9081669605089,1,0.025,19.01036118424457,-412.98041832965356,209249
3547,633.3401654052566,1,0.025,6.824058830738068,-412.3157162873641,209295
3548,633.7146521890356,1,0.025,8.45098463607871,-413.0499546216882,209341
3549,633.6720392742423,1,0.025,8.983340569164442,-412.6717370074728,209387
3550,633.8766440488006,1,0.025,10.834237500377323,-414.8734130859375,209433
3551,633.6997842321598,1,0.025,15.874095906382022,-412.74408357039744,209478
3552,633.7153095759386,1,0.025,10.607345876486406,-413.5029097847317,209524
3553,634.19570797385,1,0.025,24.392305555550948,-412.49766739555025,209570
3554,633.807983037466,1,0.025,17.021548084590744,-415.0438524329144,209616
3555,634.1469075092671,1,0.025,16.61764565239782,-413.9649459175442,209662
3556,633.6847309615468,1,0.025,3.734878597052201,-413.4572674295177,209709
3557,633.9333153721823,1,0.025,4.762240376161492,-414.4793661366338,209754
3558,634.0113408317007,1,0.025,12.33546673214954,-415.4121531610904,209801
3559,633.9523062998439,1,0.025,10.321501359343529,-412.3050537109375,209848
3560,633.6058859440532,1,0.025,23.658515059429668,-413.0938879925272,209895
3561,633.5479024337917,1,0.025,5.975125789642334,-415.6864172894022,209941
3562,633.1507538808316,1,0.025,4.036277104978976,-414.1861970320992,209987
3563,579.4346810950155,1,0.025,21.430046569023812,-413.8186787196568,210043
3564,634.0755041812746,1,0.025,6.587728637716045,-414.603259542714,210089
3565,634.1481238187046,1,0.025,3.9308531647143155,-415.21700784434444,210135
3566,633.9760066968502,1,0.025,4.108603731445644,-415.2697714100713,210181
3567,633.3992101779962,1,0.025,6.045389178006546,-415.8614422342052,210227
3568,633.9807260878957,1,0.025,41.00603467722734,-415.1505126953125,210274
3569,633.2913018573428,1,0.025,6.706628768340401,-413.9376539147419,210320
3570,633.9812191004721,1,0.025,5.581643573615862,-414.26015837296194,210366
3571,633.4826358858056,1,0.025,3.955456360526707,-414.11680802055025,210412
3572,633.4570169615984,1,0.025,3.0773642605001275,-413.3296203613281,210457
3573,633.7638036158061,1,0.025,2.5718112190564475,-414.8238271077474,210504
3574,633.4262157745507,1,0.025,29.124467714973118,-414.90410182787025,210551
3575,634.281738743848,1,0.025,4.320427608986695,-415.4258066813151,210598
3576,633.1389826829683,1,0.025,6.83498167473337,-413.8558522100034,210645
3577,633.4690247284398,1,0.025,3.1343907532484634,-416.06701527471125,210691
3578,634.0112878609517,1,0.025,2.849682727585668,-414.0566512398098,210737
3579,633.9348673022785,1,0.025,7.149558264276256,-414.58415686565894,210783
3580,633.6808413749794,1,0.025,12.96491245083187,-414.1810979428499,210829
3581,633.1736020124623,1,0.025,13.296485831340155,-413.7032190958659,210876
3582,633.1083071177824,1,0.025,4.714618029801742,-414.6289526897928,210922
3583,633.5845487030106,1,0.025,5.160100947255674,-414.4327830439029,210968
3584,633.8833910982214,1,0.025,20.57315109864525,-414.00752324643344,211014
3585,633.7297880884366,1,0.025,5.478390040604965,-414.0490550165591,211060
3586,633.7746167097637,1,0.025,5.618145336275515,-413.7380543584409,211107
3587,634.1657207212207,1,0.025,9.472966782424761,-410.9632329526155,211153
3588,634.0272108698043,1,0.025,20.317238224049408,-413.30200576782227,211200
3589,633.7499428016462,1,0.025,5.323885407136834,-413.6170707370924,211247
3590,633.5725607484155,1,0.025,10.629593973358473,-414.4657503763835,211294
3591,634.2115623200652,1,0.025,12.01969139472298,-413.5524796195652,211340
3592,634.3929974406959,1,0.025,17.906544869360715,-414.74187834366506,211386
3593,633.6030671660744,1,0.025,14.61928315266319,-414.1353454589844,211432
3594,633.2170217681074,1,0.025,5.415010040221007,-414.0473672618037,211479
3595,633.9273462548814,1,0.025,3.414638532946507,-414.55110931396484,211526
3596,634.0138316975185,1,0.025,7.107073135997938,-415.1681107230808,211572
3597,633.3606874204854,1,0.025,8.948546635607878,-415.1722348531087,211620
3598,634.1338578348317,1,0.025,3.7811526889386387,-413.1701195758322,211666
3599,633.36197461057,1,0.025,5.226471578081449,-413.5602200826009,211714
3600,632.8998291074665,1,0.025,2.596954003624294,-415.313184655231,211760
3601,633.9123473610464,1,0.025,27.66758681639381,-414.2690854279891,211806
3602,633.4611975087857,1,0.025,21.87145059005074,-413.33903967815894,211852
3603,633.8383917115303,1,0.025,32.53617878582167,-413.76913186778194,211898
3604,634.6615673346723,1,0.025,6.456058554027392,-412.6361269743546,211944
3605,634.0652735301858,1,0.025,15.980508576268734,-415.1839798637058,211990
3606,633.8397267500394,1,0.025,7.650447835092959,-413.019007143767,212036
3607,633.9077589981475,1,0.025,10.331421271614406,-414.4765916907269,212082
3608,633.6674597122608,1,0.025,3.728564143180847,-413.96597953464675,212128
3609,633.5099148414713,1,0.025,44.20240242325741,-414.1817520805027,212175
3610,633.8668130712267,1,0.025,9.94360727849214,-414.7480176842731,212221
3611,633.3430223156059,1,0.025,10.31828753153483,-414.4803695678711,212269
3612,634.030525153203,1,0.025,12.032052659470102,-415.00157231869906,212315
3613,634.3053453674141,1,0.025,36.15625941235086,-412.94264818274456,212361
3614,633.30364564656,1,0.025,14.84188335356505,-413.1932810907779,212407
3615,633.6597721722467,1,0.025,13.268848522849705,-413.2378155252208,212453
3616,634.069839455524,1,0.025,1.9636248272398245,-414.6835645592731,212499
3617,633.1221663804531,1,0.025,6.915993099627287,-413.5097603175951,212545
3618,632.1890302881299,1,0.025,6.685116042693456,-414.6018880208333,212593
3619,633.8876014065861,1,0.025,11.888898963513581,-413.7275218134341,212639
3620,633.3602988372455,1,0.025,5.13493368677471,-413.4188312032948,212685
3621,633.9046706907968,1,0.025,7.146679952740669,-414.14857991536456,212732
3622,633.8971922611252,1,0.025,67.51227586424869,-412.91255254330844,212778
3623,633.7463754987388,1,0.025,6.471213172311368,-416.146764340608,212824
3624,633.8156462996859,1,0.025,4.912318934565005,-414.9416185461956,212870
3625,633.6483219461567,1,0.025,10.590675348585302,-415.1746063232422,212915
3626,633.5208998822486,1,0.025,3.4607984498143196,-414.22399775187176,212962
3627,633.6359707579223,1,0.025,29.191062668095466,-411.18241152556044,213009
3628,633.6718415907787,1,0.025,4.502484917640686,-412.6054979407269,213055
3629,633.6799192766919,1,0.025,13.460485028183978,-414.5105604088825,213101
3630,633.9378914143555,1,0.025,5.948446263437686,-413.7968431555706,213147
3631,633.3590816747068,1,0.025,5.9643899824308315,-415.61130291482675,213193
3632,633.702744287627,1,0.025,2.6993192278820537,-413.68865170686144,213238
3633,633.5870995224259,1,0.025,7.235020165858061,-413.7811518130095,213284
3634,634.2898547372979,1,0.025,5.407392895740012,-415.54651807702106,213330
3635,634.609959482869,1,0.025,8.285762014596358,-415.401319420856,213376
3636,633.3150625358171,1,0.025,2.9559499958287114,-414.07694277556044,213423
3637,634.1554508698516,1,0.025,7.542104296062304,-416.385277789572,213469
3638,633.1958623913074,1,0.025,9.005719262620676,-413.79244331691575,213515
3639,633.9733261449935,1,0.025,2.6540204510092735,-415.04292551676434,213562
3640,632.9370769005213,1,0.025,38.06812601244968,-414.81106036642325,213609
3641,634.1235542362897,1,0.025,7.633800677631212,-415.3593829611073,213655
3642,633.8338308153324,1,0.025,7.9649471044540405,-415.11314900716144,213702
3643,633.6019398550077,1,0.025,3.1996691552075474,-408.83097423206675,213747
3644,633.2968512256771,1,0.025,13.283715613510298,-413.7353621773098,213793
3645,634.2261178961932,1,0.025,5.739314032637554,-415.7104054326596,213839
3646,634.4662355611987,1,0.025,2.6722045929535576,-414.0341491699219,213885
3647,634.3354382136833,1,0.025,9.348121098850084,-415.5155785602072,213931
3648,634.0101371371977,1,0.025,9.63607264601666,-413.23291944420856,213977
3649,633.9478430632298,1,0.025,14.656257192293802,-414.16936620076496,214024
3650,634.4414185757812,1,0.025,3.9237101764782616,-414.09073539402175,214070
3651,634.6405912595249,1,0.025,3.112863830898119,-414.81399801503056,214116
3652,634.2437896446553,1,0.025,10.342798284862353,-411.6646436608356,214162
3653,632.8188789091346,1,0.025,3.4152892076450847,-415.7632897418478,214209
3654,634.1289802880724,1,0.025,32.45109116512796,-414.62347810164744,214255
3655,632.9897461519313,1,0.025,40.37493232022161,-413.9838323178499,214301
3656,634.2505857116525,1,0.025,17.860184622847516,-414.2974415654721,214347
3657,633.6418036377726,1,0.025,9.444260967814404,-412.0514499830163,214392
3658,634.0774665131315,1,0.025,8.099203280780626,-413.7894406525985,214438
3659,634.1531170826993,1,0.025,4.5641274374464285,-411.8541843580163,214484
3660,633.4816880795813,1,0.025,35.421899269456446,-415.6041087274966,214530
3661,633.2147994902856,1,0.025,3.9887028025544207,-415.3377327297045,214576
3662,633.1525108446812,1,0.025,22.881302045739215,-415.69688614555025,214622
3663,633.2712079573013,1,0.025,4.353551457757535,-416.205602231233,214668
3664,633.3446993930526,1,0.025,10.961968375288922,-414.5162114682405,214715
3665,634.6137932261971,1,0.025,4.459967797217161,-413.5808065663213,214761
3666,634.0037618402758,1,0.025,6.75892851922823,-413.70019265879756,214807
3667,634.230562602496,1,0.025,23.146143851072893,-414.82126252547556,214853
3668,633.8971951931633,1,0.025,3.5524755716323853,-414.8243965480639,214898
3669,632.9790680037665,1,0.025,6.362711186210315,-414.9554494222005,214946
3670,633.8945540524687,1,0.025,3.215927699337835,-412.6878104831861,214993
3671,634.4383513060195,1,0.025,12.18306400205778,-413.83427362856656,215039
3672,633.4237546293646,1,0.025,4.918032497167587,-413.4088605244954,215086
3673,633.7862427125876,1,0.025,19.493395927159682,-415.67846945057744,215132
3674,633.293116631684,1,0.025,11.553498190382253,-414.6535326086956,215179
3675,633.7979755334284,1,0.025,3.737201119462649,-414.1400998433431,215226
3676,633.3727475239161,1,0.025,5.552322838617408,-413.3026547639266,215273
3677,633.3470084848127,1,0.025,8.887248106624769,-414.48748911982,215319
3678,633.0823239131613,1,0.025,10.666735023260117,-412.7279459635417,215367
3679,633.5343307133476,1,0.025,21.397319894769918,-412.2859828783118,215413
3680,633.8719657475314,1,0.025,3.3894662857055664,-413.8171784774117,215459
3681,633.9687084002577,1,0.025,7.279429840004963,-413.4831025496773,215505
3682,633.8983075247371,1,0.025,4.071078150168709,-415.283703347911,215551
3683,633.4383018710964,1,0.025,37.467315850050554,-412.4780445928159,215596
3684,633.5851008137925,1,0.025,15.726610955984697,-412.78569362474525,215642
3685,633.725821357931,1,0.025,9.27233449531638,-412.6496661642323,215689
3686,633.7501654376711,1,0.025,16.48383337518443,-412.75404291567594,215735
3687,633.0525429842106,1,0.025,7.5723263422648115,-415.1785036722819,215782
3688,633.9046668034384,1,0.025,11.839382684749106,-414.111840289572,215828
3689,634.545656020764,1,0.025,34.954327013181604,-414.7695007324219,215874
3690,632.9054224784653,1,0.025,12.0863149917644,-413.49454796832543,215921
3691,633.9024654108327,1,0.025,18.660047353609748,-412.28293244735056,215967
3692,633.5876898528335,1,0.025,26.981254064518474,-415.1378638226053,216012
3693,633.5706726475389,1,0.025,7.306081870327825,-412.5432991359545,216058
3694,633.5593329273156,1,0.025,12.758938372135162,-413.3510224715523,216104
3695,633.4109476143364,1,0.025,16.97360678859379,-414.9652882451596,216150
3696,634.6381759105041,1,0.025,31.604510983695153,-416.41483340056044,216196
3697,633.3049688500683,1,0.025,12.509802429572396,-414.39517875339675,216242
3698,634.071776637202,1,0.025,8.895550515340721,-416.4870645274287,216288
3699,633.9674542848097,1,0.025,5.698084560425385,-415.12524546747625,216334
3700,634.390113682059,1,0.025,3.2347397804260254,-415.3218211298404,216380
3701,633.4286968462808,1,0.025,15.569784185160762,-412.82383794369906,216427
3702,633.6940499074169,1,0.025,2.9399810407472695,-413.51448788850206,216472
3703,634.2238623545079,1,0.025,15.066306689511174,-413.520787778108,216518
3704,634.2658164219549,1,0.025,8.560273813164752,-414.5197554878567,216565
3705,633.8373967657062,1,0.025,8.812673428784246,-416.3199025029721,216611
3706,634.1891133356534,1,0.025,37.723534796548925,-416.0800024944803,216657
3707,634.1244168476735,1,0.025,5.92540986382443,-414.83009935461956,216703
3708,633.2628611105723,1,0.025,18.53147998948892,-414.3888397216797,216751
3709,633.7855067744555,1,0.025,14.40192249417305,-414.09640884399414,216798
3710,633.8852545688264,1,0.025,3.595648387204046,-414.264404296875,216844
3711,634.1794106735036,1,0.025,7.080846677655759,-415.2613366168478,216890
3712,633.9700446444504,1,0.025,23.026656705400217,-414.25215878693956,216937
3713,632.8712090117527,1,0.025,16.93028340737025,-415.43523025512695,216984
3714,634.1624263073172,1,0.025,7.666497487088908,-412.43454377547556,217030
3715,633.4286958822377,1,0.025,9.11654727096143,-414.25033967391306,217076
3716,633.5096670823231,1,0.025,3.247910730216814,-412.631591796875,217123
3717,633.1388094114654,1,0.025,30.193509550198264,-413.9520807680876,217169
3718,633.7161460182058,1,0.025,19.461289623509284,-413.4004768703295,217215
3719,634.2256920053845,1,0.025,2.6428319371264912,-413.9952817170516,217261
3720,634.1728455473695,1,0.025,29.975527675255485,-413.70722629712975,217307
3721,633.6227644459897,1,0.025,39.16032471259435,-413.67273076375324,217354
3722,633.8724713166241,1,0.025,32.69559630362884,-414.9550887398098,217400
3723,634.3289553990088,1,0.025,5.556458480980085,-412.49546216881794,217446
3724,633.5906776016188,1,0.025,5.2775136906167734,-414.3991274626359,217492
3725,633.4167346886652,1,0.025,8.36791235467662,-412.87570721170175,217538
3726,633.6069533278583,1,0.025,41.49641270222871,-414.31021383534306,217584
3727,634.1682910311633,1,0.025,4.00079988396686,-413.5955531908118,217630
3728,633.9276518505229,1,0.025,21.025933789170306,-414.7266328231148,217676
3729,633.6345624751509,1,0.025,5.69766577689544,-414.86629585597825,217723
3730,634.1842868125065,1,0.025,3.0479327492091968,-414.744432532269,217769
3731,633.8244416005691,1,0.025,4.183814761431321,-412.6657038149626,217815
3732,633.9249555976924,1,0.025,4.133386044398598,-413.3041209345279,217861
3733,633.856622203184,1,0.025,5.479454291903454,-412.9729295813519,217906
3734,633.890002274508,1,0.025,3.9804693771445234,-412.55310191278875,217953
3735,633.8231424873234,1,0.025,26.206869827664416,-415.2290914784307,217999
3736,581.7936014876713,1,0.025,5.682247677019665,-414.17484610421315,218055
3737,633.7748653804948,1,0.025,11.221882905649101,-413.9106631071671,218101
3738,633.3758166914256,1,0.025,6.964038302501042,-413.92379506429035,218148
3739,633.5946040101815,1,0.025,13.70486004974531,-411.13590273649794,218194
3740,634.2550450731394,1,0.025,20.78492978863094,-415.5764000934103,218240
3741,633.2744600162032,1,0.025,20.67987789796746,-414.09601626188856,218286
3742,633.8414007241305,1,0.025,18.65388322653978,-413.67477815047556,218332
3743,633.491610050811,1,0.025,12.323374857073246,-415.7060201893682,218378
3744,634.2590287973663,1,0.025,17.21931506758151,-412.3595912767493,218424
3745,634.3505725044622,1,0.025,17.208947850310285,-413.2099211319633,218470
3746,634.1701046205778,1,0.025,8.279701984446982,-414.5164728579314,218516
3747,632.6945400146739,1,0.025,18.998390653859015,-413.94472868546194,218563
3748,633.963307894221,1,0.025,3.8560319620630015,-414.6291941767154,218608
3749,633.6917281029628,1,0.025,9.689239758512247,-413.1793690557065,218654
3750,633.863913722378,1,0.025,3.5554572602976924,-414.7823300568954,218701
3751,634.1357860968409,1,0.025,4.199290469288826,-413.60219955444336,218748
3752,633.7662383174909,1,0.025,8.984600546567336,-413.09071151069975,218794
3753,634.5021167559596,1,0.025,30.819575947263967,-413.566150167714,218840
3754,634.0344057721626,1,0.025,4.256446563679239,-414.9950826893682,218886
3755,633.5556082653308,1,0.025,5.23621236465194,-413.3256211714311,218931
3756,633.0804814264804,1,0.025,15.895981493203536,-411.6563561480978,218977
3757,633.674499149015,1,0.025,2.9650293986002603,-412.41528574625653,219024
3758,633.8851142259665,1,0.025,3.1891515047653862,-412.881311831267,219070
3759,634.3798638496239,1,0.025,5.174867580766263,-414.2342807935632,219116
3760,633.6204867410975,1,0.025,4.715781986713409,-413.56495600161344,219162
3761,633.812849379706,1,0.025,9.972671612449314,-414.26476785411006,219209
3762,634.3410922097543,1,0.025,4.197879811991816,-412.3307680876359,219255
3763,634.4229970203496,1,0.025,29.681582466415737,-412.22879293690556,219301
3764,633.4493604777681,1,0.025,16.634423553943634,-412.4447684909986,219347
3765,633.3665615255094,1,0.025,5.0895814688309375,-413.0115502398947,219393
3766,633.0406538027181,1,0.025,6.383651139835517,-411.09561920166016,219441
3767,633.7146773692054,1,0.025,39.726974285167195,-415.5756544030231,219487
3768,634.1656556953413,1,0.025,14.038497585317362,-411.4751839015795,219533
3769,633.1145228545995,1,0.025,14.740514962569527,-414.0364167586617,219579
3770,634.0376477051575,1,0.025,7.075886643451193,-413.61750063688856,219625
3771,633.7646043773068,1,0.025,43.336540512416676,-411.7294868800951,219670
3772,633.580043248632,1,0.025,4.419508011444755,-413.9846005647079,219716
3773,633.7413519210153,1,0.025,4.667937960313714,-415.91079181173575,219762
3774,633.888515082291,1,0.025,3.8675257200780124,-412.1717171047045,219808
3775,633.6687741564816,1,0.025,46.97474015795666,-414.99509595788044,219854
3776,633.6661521598843,1,0.025,16.890723041866135,-415.0726079526155,219901
3777,634.3765914086229,1,0.025,3.0244729071855545,-413.2688674926758,219948
3778,633.7221606247123,1,0.025,34.949289684710294,-413.0105166227921,219994
3779,633.5642790637797,1,0.025,4.630495633767999,-413.8402643618376,220040
3780,634.2067900679333,1,0.025,18.51044009561124,-412.76398766559106,220086
3781,633.6273786382058,1,0.025,4.57876790088156,-412.79903113323707,220132
3782,634.4955388836174,1,0.025,12.546822905540466,-411.873975670856,220178
3783,632.9723167821894,1,0.025,2.7709851264953613,-414.79543536642325,220224
3784,633.4856086315522,1,0.025,34.67152326780817,-414.22840682319975,220270
3785,633.6934175308918,1,0.025,10.55142384249231,-412.923560101053,220316
3786,634.2369750896045,1,0.025,4.3437704210696015,-411.3436916185462,220362
3787,633.1715154357192,1,0.025,17.85459154066832,-414.7065111243206,220408
3788,633.7159940793234,1,0.025,15.311608996080315,-414.39122606360394,220454
3789,633.1894801807955,1,0.025,19.70056756423867,-414.4326795495075,220500
3790,633.4103953235033,1,0.025,3.5748043682264243,-413.057837444803,220546
3791,633.8688601231545,1,0.025,9.397854377394138,-412.9447101095448,220593
3792,633.3895899517784,1,0.025,60.541477839152016,-411.0818341573079,220640
3793,632.9349919386638,1,0.025,22.35608829881834,-413.77373206097144,220687
3794,633.6554700381535,1,0.025,33.623747347543635,-415.2982978820801,220734
3795,633.3412769924794,1,0.025,14.008115723729134,-412.0310122172038,220782
3796,633.6813460560682,1,0.025,4.710480140603107,-414.7925587529721,220828
3797,633.4591152353219,1,0.025,2.869837359948592,-415.68121615323156,220873
3798,633.8627632147532,1,0.025,3.1567583829164505,-412.6465123494466,220920
3799,633.3074901645065,1,0.025,5.466289776822795,-413.6800882090693,220966
3800,634.1778381872907,1,0.025,3.080846713936847,-414.44173928965694,221013
3801,633.4466451937749,1,0.025,7.19663836904194,-414.47083979067594,221059
3802,634.0464284131616,1,0.025,30.33924432163653,-413.03821066151494,221105
3803,633.1414869184858,1,0.025,21.195601427036785,-414.1041034200917,221151
3804,633.7465290077001,1,0.025,2.541961493699447,-415.52725883152175,221197
3805,633.2624764551883,1,0.025,3.950817144435385,-414.2058397376019,221243
3806,633.5812609180543,1,0.025,9.317051817541538,-414.3493347167969,221289
3807,633.8328935000974,1,0.025,3.4578786492347717,-412.57908033288044,221335
3808,634.2016125311138,1,0.025,5.5163165045821145,-413.81431645932406,221381
3809,633.7131224182513,1,0.025,17.42360404630502,-412.57348378499347,221428
3810,634.272037482174,1,0.025,28.08687202308489,-414.28078692892325,221474
3811,633.1877084768505,1,0.025,4.278693919596464,-413.1894849694294,221520
3812,633.8732620822994,1,0.025,34.59965348502864,-413.2543839164402,221567
3813,634.2227015179931,1,0.025,3.1096108218897944,-413.0298647673234,221613
3814,633.5495016010108,1,0.025,32.878504893054135,-410.9073260763417,221658
3815,633.7701516833921,1,0.025,14.079309393530307,-413.5092587678329,221704
3816,633.2319268668891,1,0.025,4.291502123293669,-413.2027468474015,221750
3817,633.5136655270311,1,0.025,11.560531424439471,-413.2914455247962,221797
3818,632.9321038684425,1,0.025,15.763317088286081,-413.7559064229329,221844
3819,633.735896491437,1,0.025,28.957020694794863,-415.5829096255095,221891
3820,633.5598854346999,1,0.025,36.9029359040053,-413.3285456118376,221936
3821,633.4825546384496,1,0.025,15.049704194068909,-413.0936212954314,221983
3822,633.480609804129,1,0.025,36.35947579663733,-412.4799061650815,222028
3823,634.0523914537824,1,0.025,25.85647076368332,-412.7482286536175,222074
3824,633.3219369214826,1,0.025,4.799217851265617,-414.65633889903194,222120
3825,634.0390539606774,1,0.025,10.670844041782876,-414.9281602942425,222166
3826,633.8990748539497,1,0.025,21.46026994611906,-412.11917777683425,222212
3827,634.2996128225109,1,0.025,2.6908756831417913,-413.7215111773947,222258
3828,633.258500671248,1,0.025,5.564012999119966,-412.8834122367527,222304
3829,633.2027764598974,1,0.025,7.891781803058541,-411.5042207137398,222351
3830,634.0508876286428,1,0.025,2.003826405691064,-413.50049756920856,222397
3831,634.1263517219842,1,0.025,15.264304549797721,-413.43889584748644,222443
3832,633.560999308535,1,0.025,22.30379749899325,-412.3734356424083,222488
3833,633.6509128274987,1,0.025,3.3712981803850695,-414.196533203125,222533
3834,633.5163783468968,1,0.025,7.1469205540159475,-415.37407385784644,222579
3835,633.3683619934994,1,0.025,9.240650653839111,-414.5555937393852,222625
3836,633.3433366873228,1,0.025,28.427399495373603,-413.1542345129925,222671
3837,633.2267550466248,1,0.025,10.769389504971711,-413.8007772694463,222717
3838,633.1251276975657,1,0.025,14.454705422339233,-415.7530517578125,222763
3839,633.5999189807865,1,0.025,3.9797930095506753,-415.0988252059273,222809
3840,633.715518943585,1,0.025,36.06018743307694,-414.6677922787874,222854
3841,633.8785896714413,1,0.025,17.451770129411116,-413.548792300017,222900
3842,633.9747198617322,1,0.025,18.45304310840109,-412.1829727836277,222946
3843,633.2760590450903,1,0.025,82.53543387806934,-412.8602361264436,222993
3844,633.3232539283356,1,0.025,22.49440972507,-413.5764516194661,223040
3845,633.1869966990728,1,0.025,52.10675759419151,-410.95534747579825,223086
3846,633.5967365514774,1,0.025,14.386713652507119,-415.4296875,223132
3847,633.435924793228,1,0.025,16.74438960714774,-412.0495522238991,223177
3848,572.110044062928,1,0.025,5.112003737482532,-415.62133473363417,223235
3849,634.223458449439,1,0.025,5.607811197638512,-413.86376571655273,223282
3850,634.1940658903638,1,0.025,10.196636661239292,-413.9697438115659,223328
3851,634.0553793047292,1,0.025,18.311827480793,-415.1489310886549,223374
3852,634.091105999226,1,0.025,6.1710022117780605,-412.26626852284306,223420
3853,633.8408749380944,1,0.025,15.294900249351155,-413.56272194602275,223465
3854,633.7440511471344,1,0.025,64.93509743114312,-411.92488225301105,223512
3855,633.2567674168401,1,0.025,2.8372286869132,-413.31009574558425,223559
3856,633.359572747104,1,0.025,12.527868737777075,-414.8182856241862,223606
3857,633.7857511439436,1,0.025,5.608890865160071,-410.96208920686144,223653
3858,633.8001780723062,1,0.025,7.138339618841807,-412.2958183288574,223700
3859,632.8733048233337,1,0.025,16.877079932586007,-412.3609566066576,223747
3860,634.2271395099788,1,0.025,19.623041813788205,-413.08211484162706,223793
3861,634.0283901981594,1,0.025,31.423899386240087,-414.4863334324049,223839
3862,633.8946046172249,1,0.025,14.716585672420004,-411.3513369352921,223885
3863,633.4556542199929,1,0.025,15.983738775054613,-413.2616602579753,223932
3864,633.7656635579326,1,0.025,5.22334732439207,-413.84387339716375,223979
3865,633.7098452822988,1,0.025,23.177875995635986,-414.19234168011207,224025
3866,634.3924764494608,1,0.025,5.246092972548111,-414.76858785878056,224071
3867,633.7193763654941,1,0.025,17.50651829916498,-413.721739395805,224117
3868,633.5654015590492,1,0.025,3.890802958737249,-416.56745180876356,224163
3869,633.5689671931125,1,0.025,19.777501826484997,-413.6399230957031,224210
3870,634.5489552791179,1,0.025,15.190462459688602,-413.5879835045856,224256
3871,633.607589402888,1,0.025,12.556250309402293,-412.8556365966797,224301
3872,634.1106187240164,1,0.025,43.38527263506599,-414.2167902407439,224347
3873,633.502814007879,1,0.025,7.83570496737957,-413.9426689147949,224394
3874,633.5883847302788,1,0.025,17.309303633544754,-412.984827456267,224440
3875,634.4746513590242,1,0.025,2.8042980743491133,-414.3210157311481,224486
3876,633.0480080538034,1,0.025,16.601036022538725,-413.8360595703125,224532
3877,633.8610298799568,1,0.025,7.542665642240773,-413.3706492548404,224578
3878,633.3509584186855,1,0.025,7.6257460324660595,-414.36013263204825,224624
3879,632.9363276201968,1,0.025,10.069518198137699,-413.80999755859375,224671
3880,633.7247544189123,1,0.025,2.826398701771446,-414.57829749065894,224716
3881,633.0601716587223,1,0.025,3.8134579554848047,-414.81370610776156,224763
3882,634.090432613786,1,0.025,7.0055361315608025,-414.0997250874837,224810
3883,633.450130965383,1,0.025,12.322851611220319,-412.0199054220448,224856
3884,633.7277924564669,1,0.025,9.481476594101299,-415.10689891468394,224901
3885,633.7824728855444,1,0.025,6.227613661600196,-412.9248670495075,224947
3886,601.4870067435647,1,0.025,17.631337009943447,-413.46160184420074,224999
3887,633.718965786507,1,0.025,15.222206282874811,-413.59062526537025,225045
3888,633.4868439780159,1,0.025,9.212916380685309,-415.0545548148777,225090
3889,633.9763113474121,1,0.025,27.473380855892014,-411.6804159413213,225136
3890,633.9469581054635,1,0.025,7.733544432598611,-413.1296081542969,225182
3891,633.1040711992135,1,0.025,11.7502343421397,-412.5479391346807,225229
3892,634.7621034074492,1,0.025,2.924481373766194,-413.09583846382475,225275
3893,633.5487944494724,1,0.025,19.5413665201353,-414.0374437415081,225321
3894,634.0957732476405,1,0.025,19.515148535370827,-413.4222361246745,225368
3895,634.4109465051222,1,0.025,10.120155598806297,-413.72057840098506,225414
3896,633.7172105075496,1,0.025,5.140811251557392,-413.0298130201257,225460
3897,634.1733487362567,1,0.025,6.1603476871614875,-411.6342813243037,225506
3898,633.7727361281597,1,0.025,12.690944215525752,-414.0395441469939,225552
3899,633.7661395982318,1,0.025,34.22151708331975,-413.77767666903407,225597
3900,633.7416763299555,1,0.025,26.03308363010486,-413.1574338277181,225644
3901,633.9561438511124,1,0.025,6.511956116427546,-412.4669295601223,225690
3902,633.5429441015633,1,0.025,12.934493086554788,-413.27082963423294,225735
3903,633.351473611634,1,0.025,6.281914265259452,-413.661597210428,225781
3904,633.3878458992746,1,0.025,16.280009155688077,-410.49582307235056,225827
3905,633.9056457754396,1,0.025,5.661188970441404,-416.4515261442765,225873
3906,634.3790617297384,1,0.025,11.006650463394497,-412.43364417034644,225919
3907,633.7046239506294,1,0.025,13.37036618979081,-412.26430876358694,225965
3908,633.9470698365766,1,0.025,23.56333363552888,-413.70084889729816,226012
3909,632.835028961681,1,0.025,28.256065537100252,-412.685606583305,226059
3910,633.9667334405037,1,0.025,6.766640346983205,-414.74326092263925,226104
3911,633.9265894722531,1,0.025,2.9656072103458904,-414.3327822477921,226150
3912,633.9303910699019,1,0.025,18.450302603344124,-413.68033091227215,226198
3913,634.3365387558047,1,0.025,3.0488209543020828,-412.7298862623132,226245
3914,634.402567021941,1,0.025,3.3469478151072627,-414.86254617442256,226291
3915,633.600714623073,1,0.025,15.738586433555769,-414.73182611880094,226337
3916,634.6822469566303,1,0.025,5.3550842948581865,-413.9189771569294,226383
3917,633.8007298059758,1,0.025,1.8341004628202189,-414.01166567595106,226429
3918,634.5450531027841,1,0.025,33.083426978277124,-413.52407438858694,226475
3919,633.355249823234,1,0.025,35.76386734713679,-414.51703676970106,226520
3920,634.2730258408806,1,0.025,2.9316463289053543,-415.2973287831182,226567
3921,633.6199042336489,1,0.025,38.1462380108626,-412.3555151897928,226612
3922,634.2297274882679,1,0.025,11.338402152061462,-413.4805948008662,226659
3923,606.7979271047027,1,0.025,10.178019924805714,-412.6552170973558,226710
3924,634.0837016622328,1,0.025,25.81419707381207,-413.5041185461956,226756
3925,633.5911186412721,1,0.025,2.5784750749235568,-412.25660639223844,226802
3926,633.6835286908222,1,0.025,17.450708174187206,-413.00308890964675,226849
3927,634.0991748098809,1,0.025,7.274734460789224,-414.4107772163723,226895
3928,633.3328471101494,1,0.025,2.6904505335766338,-414.96516484799594,226941
3929,633.8257213588046,1,0.025,22.376254856586456,-411.7310498555501,226988
3930,633.979612301411,1,0.025,8.895847748155179,-414.23814591117525,227034
3931,633.9332871961985,1,0.025,21.283971169720527,-415.2430194357167,227081
3932,633.5394472497765,1,0.025,4.996685222439144,-414.2350556746773,227126
3933,633.6442856187045,1,0.025,48.88804304599762,-412.2234881857167,227172
3934,633.3406521054867,1,0.025,32.5962963078333,-413.6098593006963,227218
3935,633.674118401737,1,0.025,46.62229350079661,-412.09643820057744,227265
3936,634.5051293004004,1,0.025,2.597879707813263,-411.65457949431044,227311
3937,633.5203955321696,1,0.025,25.218286610167958,-412.509241518767,227357
3938,634.1612251954134,1,0.025,11.48455772710883,-413.6805101477581,227403
3939,633.4093347362711,1,0.025,18.5812874229058,-414.33189458432406,227449
3940,634.2996374750564,1,0.025,12.981506127378214,-411.80870255180025,227495
3941,633.5962171916656,1,0.025,17.36200238569923,-412.5753173828125,227540
3942,633.4526711524561,1,0.025,18.506600252960038,-411.840087890625,227587
3943,633.787188458806,1,0.025,11.03125370067099,-413.09452090056044,227633
3944,633.9597361881373,1,0.025,6.431155355080314,-412.36533123513925,227679
3945,633.5685714346879,1,0.025,22.015576271907143,-412.1535219938859,227725
3946,633.7352833521809,1,0.025,22.974012578527134,-412.03531138102215,227772
3947,633.2914756433995,1,0.025,17.633476005948108,-412.8658288043478,227818
3948,633.8554957625738,1,0.025,16.05041105909781,-413.8440413041548,227863
3949,633.6929192333732,1,0.025,12.046566820662955,-414.5099182128906,227909
3950,633.2771637189333,1,0.025,7.29152426512345,-414.1090326723845,227955
3951,633.3737037679266,1,0.025,44.182825803756714,-412.9940757751465,228002
3952,633.1636065252142,1,0.025,48.081002230229586,-412.44147126570994,228049
3953,633.1810386058277,1,0.025,2.4086753403147063,-411.92645899454754,228096
3954,634.4539738073398,1,0.025,13.04701243535332,-411.4505933678669,228142
3955,634.3777012425421,1,0.025,13.953753139661705,-414.8220957880435,228188
3956,633.6154492400887,1,0.025,27.678525257855654,-412.5879948933919,228236
3957,633.6108930128848,1,0.025,13.103354757246764,-414.27348261294156,228283
3958,633.0809620842692,1,0.025,4.830511948336726,-413.6519695779552,228329
3959,633.2847086455939,1,0.025,3.26565213954967,-416.1051463251529,228375
3960,633.8174200477631,1,0.025,25.429754813512165,-414.382132212321,228422
3961,634.1102705412436,1,0.025,22.871839150138523,-413.53067812712294,228469
3962,633.9657700220201,1,0.025,3.059275642685268,-414.46181852921194,228515
3963,633.3259854161723,1,0.025,15.136565248171488,-413.9566472371419,228562
3964,634.07811451371,1,0.025,11.222959116749141,-412.3230033542799,228608
3965,634.2755403586125,1,0.025,7.66633681629015,-412.44158935546875,228654
3966,633.7563235782884,1,0.025,30.768910299176756,-416.21569558848506,228700
3967,633.5356774033705,1,0.025,8.913938638956651,-414.09589817212975,228747
3968,633.5120293500547,1,0.025,32.82616262386242,-412.59885533650714,228794
3969,633.844596334484,1,0.025,19.108643267465673,-413.81321782651156,228841
3970,634.1462613854384,1,0.025,4.631507733593816,-412.53017259680706,228886
3971,633.5244643674754,1,0.025,36.499647215656616,-413.55079584536344,228932
3972,633.8998194899367,1,0.025,9.90827505744022,-412.5504110585088,228978
3973,633.6813195657045,1,0.025,8.744392682205547,-412.8976010409269,229023
3974,634.122313512303,1,0.025,23.41476293404897,-413.2038205464681,229070
3975,634.5018889412424,1,0.025,5.615801158158676,-413.5393583878227,229116
3976,633.2309350337429,1,0.025,26.344553112983704,-413.8599893321162,229162
3977,634.1364081093847,1,0.025,5.028559415236764,-415.0743209175442,229208
3978,633.9379947166858,1,0.025,37.28324183692103,-413.5554013459579,229254
3979,634.9796036685728,1,0.025,9.01184314230214,-413.4422554347826,229300
3980,633.791022152104,1,0.025,20.25649731833002,-413.6325404954993,229346
3981,632.962893330933,1,0.025,24.131812036037445,-412.27600987752277,229394
3982,633.6556041170503,1,0.025,11.178335288296575,-413.82496444038725,229440
3983,633.6507114225695,1,0.025,7.240657091140747,-412.50158824091375,229487
3984,634.3193769804923,1,0.025,13.473863606867583,-411.2076469089674,229533
3985,634.0135184792938,1,0.025,58.7009136935939,-413.73940111243206,229579
3986,633.6132469619306,1,0.025,5.8854884679118795,-415.11645126342773,229626
3987,633.3768573318284,1,0.025,53.19116987784704,-414.2496274312337,229674
3988,633.8765644741737,1,0.025,31.758935251019217,-414.13562566583806,229719
3989,635.0598873312438,1,0.025,3.726284677567689,-413.4942746369735,229765
3990,632.9725013053192,1,0.025,12.761955919365088,-413.8363863627116,229812
3991,633.2069663391915,1,0.025,50.81678375990494,-412.8520162831182,229858
3992,633.7748276569839,1,0.025,1.960716169813405,-413.3507318911345,229904
3993,634.3405161967207,1,0.025,30.67949192420296,-413.71918786090356,229951
3994,634.0244670682553,1,0.025,5.735353757505831,-414.2927312436311,229997
3995,634.526297349237,1,0.025,16.762270771938823,-413.0471496582031,230043
3996,634.0582834317656,1,0.025,8.474127419616865,-413.6335276728091,230089
3997,633.656046827556,1,0.025,7.353122944633166,-413.35484949747723,230136
3998,634.5387973384022,1,0.025,16.627111538596775,-412.8375947371773,230182
3999,633.7122565340003,1,0.025,11.106317720629953,-414.22785117409444,230227
4000,633.5555758734852,1,0.025,17.883758912483852,-413.4727071126302,230274
4001,634.3878059547804,1,0.025,2.671695825846299,-411.2517872685971,230320
4002,634.3499184502323,1,0.025,4.9560665928799175,-411.77006066363793,230366
4003,632.630912870646,1,0.025,17.57764268439749,-411.6816963527514,230413
4004,633.8544021949893,1,0.025,5.934920046640479,-415.5624933657439,230459
4005,634.3858655629427,1,0.025,11.36270414746326,-413.3365876570992,230505
4006,633.8975228431473,1,0.025,32.91265818087951,-414.7416448178499,230551
4007,633.2820351011184,1,0.025,7.717978522181511,-414.76387278238934,230598
4008,632.9454752298045,1,0.025,4.007898672767308,-413.3604935355808,230645
4009,633.7780046920312,1,0.025,25.419434065404147,-413.48717996348506,230691
4010,633.054242171145,1,0.025,30.24500902061877,-412.1995955757473,230737
4011,633.8007537480736,1,0.025,8.006710620030113,-413.8486168902853,230783
4012,633.4910670656611,1,0.025,39.78098822158316,-413.5833037003227,230828
4013,633.4594324232872,1,0.025,90.22034030116123,-413.2416010317595,230875
4014,632.768818540407,1,0.025,5.731883006791274,-410.9147020975749,230922
4015,634.2809268784915,1,0.025,7.032367094703343,-412.88581383746606,230968
4016,633.9100680547631,1,0.025,18.079879149146702,-414.8670946204144,231014
4017,633.7202187581888,1,0.025,21.690036594867706,-412.99934851604957,231060
4018,633.256644660877,1,0.025,8.049606499464616,-413.2737479831861,231106
4019,632.9533096362176,1,0.025,11.248637577761775,-412.5670457922894,231152
4020,633.5634006616004,1,0.025,29.467167144471947,-414.2860967462713,231197
4021,634.345337071851,1,0.025,26.99352312606314,-414.3231784986413,231243
4022,633.6635261674851,1,0.025,8.29172770678997,-415.3069839477539,231290
4023,634.5808388375763,1,0.025,12.382022067256596,-412.9908606487772,231336
4024,634.2421264200218,1,0.025,22.187395632267,-414.82848855723506,231382
4025,633.7818893117699,1,0.025,4.255814111751059,-413.6471982209579,231428
4026,633.8953310554984,1,0.025,5.486172691635463,-412.22689155910325,231474
4027,633.9130489861222,1,0.025,38.97111405756163,-412.7675157629925,231520
4028,634.0253518314655,1,0.025,16.679807196492735,-413.1996897821841,231566
4029,633.6012021808367,1,0.025,16.335584830154072,-414.57051225142044,231611
4030,634.1741387661425,1,0.025,34.58879232406616,-414.8089307702106,231657
4031,634.0647701922111,1,0.025,21.628400963285696,-413.3142992102581,231703
4032,633.9241811767845,1,0.025,10.564841907957327,-411.8278583029042,231749
4033,634.4227499052055,1,0.025,11.657891509325609,-415.78934511931044,231795
4034,633.7531999059344,1,0.025,2.518908539543981,-414.73769212805706,231841
4035,633.1040058089166,1,0.025,32.06767559051514,-413.79023996988934,231889
4036,633.3311042486898,1,0.025,37.72068178135416,-413.6747383449389,231935
4037,634.0710786728539,1,0.025,3.016847069064776,-415.83474095662433,231982
4038,633.8947309291436,1,0.025,4.648604812829391,-413.9723179029382,232028
4039,633.9832916968088,1,0.025,5.109884135101153,-414.4403540569803,232074
4040,633.4810945030483,1,0.025,39.704635513865426,-410.9644655974015,232121
4041,634.1761453803906,1,0.025,2.3094176844410272,-413.5087333347486,232167
4042,633.7042824859171,1,0.025,2.7100104430447454,-414.194860043733,232212
4043,634.1473011960005,1,0.025,10.671997054763462,-413.891369363536,232259
4044,634.1511861136197,1,0.025,3.25899220549542,-414.960217019786,232304
4045,633.0274818605935,1,0.025,5.804631090682486,-414.1343237835428,232351
4046,634.2728154065101,1,0.025,23.38218675489011,-412.1402468474015,232397
4047,634.4114766038081,1,0.025,5.0683479412742285,-413.72692605723506,232442
4048,634.4047727890618,1,0.025,5.369743746259938,-414.0255763841712,232488
4049,634.2216302848921,1,0.025,7.610056524691374,-411.1516750169837,232534
4050,632.8328270771873,1,0.025,60.88536652274754,-412.7842221467391,232581
4051,634.375225585981,1,0.025,7.268314566301263,-412.74898230511207,232627
4052,634.4345326650589,1,0.025,12.07732729030692,-414.4071841032609,232673
4053,633.3571463088628,1,0.025,18.39401186009248,-410.20412572224933,232720
4054,633.737681513085,1,0.025,8.437244360861571,-414.63442595108694,232766
4055,634.6215362034884,1,0.025,3.4013794194097104,-413.3819619883662,232812
4056,634.102119526881,1,0.025,4.733236152192821,-411.3402046535326,232859
4057,633.6613808442776,1,0.025,4.848217627276545,-413.3583665930706,232905
4058,633.8344878620006,1,0.025,52.386777914088704,-414.8665413234545,232951
4059,633.975998252526,1,0.025,3.132780347181403,-412.4572820248811,232997
4060,634.5817506092607,1,0.025,4.898926164792932,-412.0560860011889,233043
4061,633.7398204961012,1,0.025,20.43106034009353,-413.14916859502375,233088
4062,633.5326329259951,1,0.025,7.6451922758765845,-412.2295824133831,233135
4063,633.0798422249314,1,0.025,7.9666456217351165,-410.2374095087466,233181
4064,633.2613850515885,1,0.025,45.92056780535242,-412.4518525496773,233227
4065,633.3627861024611,1,0.025,20.749178933600586,-413.639102935791,233274
4066,633.6954044555771,1,0.025,15.114166517149318,-411.4674724232067,233319
4067,633.7297633558683,1,0.025,4.156762112741885,-413.55883921747625,233365
4068,635.0055440250682,1,0.025,27.797648181086,-414.4879707668139,233411
4069,633.2001659511301,1,0.025,5.41160563023194,-413.3751114555027,233457
4070,633.6236160586503,1,0.025,13.751771965752477,-415.08753768257475,233502
4071,634.219321244726,1,0.025,11.652511163898136,-411.3940973696501,233548
4072,633.2953446063632,1,0.025,51.97488630595414,-412.3220639436141,233595
4073,633.9201981907381,1,0.025,9.38524335881938,-414.2455006475034,233640
4074,633.7470894548055,1,0.025,2.5214430715726768,-413.9749397609545,233687
4075,633.5901317062463,1,0.025,19.405315243679546,-413.8516805897588,233733
4076,633.7431703683274,1,0.025,9.034151344195656,-412.3884078316067,233778
4077,634.4896406359985,1,0.025,41.806316323902294,-412.9783816130265,233824
4078,633.5239809866152,1,0.025,14.293833685957868,-413.32120016346806,233870
4079,634.1301883257154,1,0.025,5.376905653787696,-412.4339639414912,233916
4080,633.5176033858015,1,0.025,2.119477515635283,-414.32423201851225,233963
4081,634.2334729338379,1,0.025,11.704814592133397,-412.7251494034477,234009
4082,634.0925652325038,1,0.025,21.78532438368901,-411.8907391092052,234055
4083,633.6283333725733,1,0.025,6.062184624049975,-413.04709260360056,234101
4084,633.7833547722998,1,0.025,36.11972238123417,-414.5640360514323,234148
4085,634.3070546354905,1,0.025,11.833762759747712,-413.9959358547045,234194
4086,633.5340346069357,1,0.025,35.96022606166926,-413.9522497003729,234239
4087,633.9846789459938,1,0.025,11.813749886077384,-415.0135312287704,234285
4088,633.8592381509621,1,0.025,44.100544374922045,-412.41379314920175,234330
4089,633.8368489112427,1,0.025,36.9484169949656,-412.7577899435292,234377
4090,634.0645784615072,1,0.025,17.358977494032487,-413.3387610394022,234423
4091,634.1289411441024,1,0.025,50.27916454491408,-412.829345703125,234469
4092,634.0795909130109,1,0.025,40.94568545144537,-415.2461640731148,234515
4093,584.7328614531815,1,0.025,22.763030284217425,-412.17097909109935,234571
4094,633.206592029622,1,0.025,2.9768047829469046,-413.2203890482585,234618
4095,633.5866983834345,1,0.025,47.53381786916567,-414.71269690472144,234664
4096,634.4789071350931,1,0.025,27.0958549613538,-414.54866890285325,234710
4097,633.7688688868369,1,0.025,3.377348355624987,-413.1940851626189,234756
4098,616.6332755266942,1,0.025,43.83400461435318,-415.11442138671873,234806
4099,633.8945973770902,1,0.025,2.9482058753138003,-411.33610468325406,234852
4100,634.166543027806,1,0.025,26.350366654603377,-414.9669534434443,234898
4101,633.6943272000865,1,0.025,26.08369152654301,-413.9488497647372,234943
4102,633.4064209066913,1,0.025,10.726931933313608,-414.0282834370931,234990
4103,633.4404496478015,1,0.025,3.731619876364003,-414.14603324558425,235036
4104,633.4238698710791,1,0.025,9.417934036773184,-413.1113095490829,235082
4105,633.5446688675219,1,0.025,4.937458579954893,-412.69733462126356,235129
4106,633.5367253337324,1,0.025,16.79826619832412,-413.7211595618206,235175
4107,633.7312855505174,1,0.025,62.07267517628877,-411.56510460895043,235220
4108,633.9801487955217,1,0.025,24.903975372964684,-415.2522915926847,235265
4109,634.1728715398835,1,0.025,20.96837755292654,-414.374574025472,235312
4110,633.9089419789696,1,0.025,14.414984759959308,-413.7843808260831,235357
4111,633.4263441441765,1,0.025,13.332495342130246,-410.6872041121773,235403
4112,633.408930128969,1,0.025,9.025203792945199,-413.17499840777856,235449
4113,633.3849101376875,1,0.025,40.59713786840439,-412.3753153483073,235496
4114,633.4849610129423,1,0.025,14.281293026779009,-413.63897705078125,235542
4115,633.3541686257539,1,0.025,6.269048120664514,-413.13088060461956,235588
4116,633.5761481585753,1,0.025,14.794960918633834,-411.3772038998811,235635
4117,633.8430486887864,1,0.025,3.8986454208691916,-412.5930366516113,235682
4118,633.7128810303135,1,0.025,7.035074003364729,-413.4700768512228,235729
4119,633.643707897922,1,0.025,24.74231277341428,-412.10688051970106,235774
4120,634.6433062656633,1,0.025,5.891458073387975,-414.3992681088655,235820
4121,633.7974378150509,1,0.025,20.69308528692826,-413.4745164954144,235866
4122,633.8855157622663,1,0.025,3.6435118032538374,-413.9805231509001,235912
4123,632.8413030614515,1,0.025,26.783157176027697,-412.86210505167645,235960
4124,634.2633348622614,1,0.025,5.274438420067662,-413.7666121773098,236006
4125,633.2360131793786,1,0.025,13.807387596887091,-413.2490539550781,236052
4126,633.8715445889259,1,0.025,8.735022696581753,-412.4940393621271,236097
4127,633.1712042537914,1,0.025,17.530166421085596,-413.1365674336751,236145
4128,634.8856970159328,1,0.025,3.054409840832586,-411.516333538553,236191
4129,634.0969354845985,1,0.025,4.508033565852953,-411.095482867697,236237
4130,633.9044619820405,1,0.025,4.90830102066199,-410.77807490030926,236284
4131,633.3220138307793,1,0.025,18.35535088829372,-413.9394451638927,236330
4132,633.8208551909178,1,0.025,16.09122467853806,-414.9381297718395,236375
4133,633.5876004622803,1,0.025,36.63779622575511,-412.1815503991169,236420
4134,633.5617764892231,1,0.025,57.35388367013498,-413.58860778808594,236465
4135,633.9632161730683,1,0.025,6.039820598519367,-413.1345798658288,236511
4136,634.3955633431226,1,0.025,7.578285344268965,-413.5890834642493,236557
4137,634.4031929445075,1,0.025,9.733484548071157,-413.6924703846807,236603
4138,634.0329169336956,1,0.025,12.109151713226153,-411.8876953125,236649
4139,634.0567225787026,1,0.025,9.639713809542034,-412.04389621900475,236695
4140,633.664296796291,1,0.025,15.986357326092927,-412.13786647630775,236741
4141,634.2753135199621,1,0.025,6.6437037509420644,-413.03844949473506,236787
4142,634.1102041686191,1,0.025,2.8875953451446863,-413.2354139245075,236833
4143,634.4073751261548,1,0.025,4.288407032904417,-411.415503460428,236879
4144,633.6420830511624,1,0.025,9.595040342082148,-413.0465326723845,236925
4145,633.1298149882298,1,0.025,2.412280542155107,-414.0586522420247,236973
4146,634.239893260831,1,0.025,9.443264033483421,-414.2718041461447,237019
4147,634.712852303498,1,0.025,9.320976254732713,-414.64941538935125,237065
4148,634.0761660779732,1,0.025,3.8844071678493335,-414.9331797724185,237111
4149,634.1732590072626,1,0.025,7.045445408510125,-412.55590687627375,237157
4150,633.4144572332187,1,0.025,11.228288401728092,-412.8862596594769,237203
4151,634.1081222764833,1,0.025,7.730393826961517,-413.4804767111073,237249
4152,634.3381309276757,1,0.025,3.217243658459705,-414.1481535538383,237295
4153,633.56160131974,1,0.025,5.602591169377168,-413.3764991760254,237343
4154,633.6041277211276,1,0.025,12.022096063779747,-412.88342417841375,237389
4155,634.0201680804087,1,0.025,7.389345169067383,-413.2834273628567,237434
4156,633.6960293330848,1,0.025,6.736046230015547,-413.87199733568275,237481
4157,633.4585886790694,1,0.025,21.118329592373062,-411.69197812287706,237526
4158,633.1656673725415,1,0.025,47.12698172486347,-413.4405238939368,237572
4159,633.8029009577061,1,0.025,17.86445643072543,-412.41737299380094,237619
4160,633.9290408077264,1,0.025,4.861747317016125,-410.9861323038737,237666
4161,633.83765671522,1,0.025,33.74933172827182,-412.73761782438856,237713
4162,633.4350853788565,1,0.025,7.959118710911793,-412.80070960003394,237759
4163,633.7898582093426,1,0.025,6.933541463769001,-412.9176940917969,237805
4164,632.9843552971791,1,0.025,6.546606633974158,-411.8244562563689,237851
4165,633.6152650199331,1,0.025,43.66043186965196,-413.1575994076936,237897
4166,633.8122928437886,1,0.025,20.49730516516644,-413.2654750658118,237943
4167,633.060084037339,1,0.025,10.195073169210684,-413.1021834663723,237989
4168,633.3161296368478,1,0.025,7.627140211022419,-414.1362941576087,238035
4169,633.7303798313241,1,0.025,4.946106954761174,-412.3665771484375,238080
4170,634.3352992803443,1,0.025,24.886159134947736,-413.00207254161006,238126
4171,633.5925861017581,1,0.025,4.028080707011015,-412.2594339121943,238172
4172,633.8129417366936,1,0.025,12.872324606646663,-413.3176495095958,238218
4173,633.4582737879144,1,0.025,4.800708219408989,-413.4901746114095,238266
4174,633.9911002409557,1,0.025,3.5729439569556196,-414.34639706818956,238312
4175,634.327415824337,1,0.025,4.700144894745039,-414.3643997855808,238358
4176,633.3109715064465,1,0.025,14.609166497769563,-414.07369729746944,238405
4177,633.371511062341,1,0.025,23.387140683505844,-413.4294712232507,238451
4178,633.8029493422043,1,0.025,2.9306719147640727,-414.6311433211617,238497
4179,634.2252042157193,1,0.025,7.103965562322865,-411.1484030018682,238543
4180,633.5282444413481,1,0.025,3.1498787610427192,-414.16663526452106,238589
4181,634.1969897251925,1,0.025,7.275889053940773,-414.5157101949056,238636
4182,633.5824647432441,1,0.025,57.906240159815006,-413.3450955477628,238681
4183,633.3971552393652,1,0.025,3.38657755177954,-412.3228680154552,238727
4184,633.3560682626329,1,0.025,3.48339460466219,-413.7499203889266,238773
4185,633.6932688925548,1,0.025,3.1859735457793525,-414.2677293860394,238819
4186,633.9411155381306,1,0.025,6.044141309416813,-412.034167745839,238865
4187,633.3960065943052,1,0.025,9.406670272350311,-413.1031454335088,238911
4188,633.1356525176949,1,0.025,2.820242031760838,-414.33960226307744,238957
4189,634.1818377435159,1,0.025,2.7769661934479424,-413.07831872027856,239003
4190,633.3958536624167,1,0.025,6.042969257935233,-413.40601912788725,239049
4191,633.4732119426876,1,0.025,8.729448854923248,-413.7563654581706,239096
4192,634.11798657145,1,0.025,14.025843026845351,-414.12178105893344,239142
4193,634.0811325835659,1,0.025,19.443070972743243,-413.47296142578125,239188
4194,634.3204024656139,1,0.025,21.612092272095058,-414.27632870881456,239234
4195,633.625434827168,1,0.025,7.470397339625792,-413.87828341397375,239279
4196,633.0491620660111,1,0.025,6.22292070803435,-411.49124808933425,239325
4197,634.141340211981,1,0.025,5.250517736310544,-414.40731148097825,239371
4198,633.2189269949833,1,0.025,12.730162146298781,-411.35318789274794,239417
4199,634.5611368443713,1,0.025,9.228651443253392,-412.3331404976223,239463
4200,633.4764219022372,1,0.025,27.682460069656372,-411.8721990170686,239509
4201,633.5225653459947,1,0.025,2.162880898817726,-413.944383704144,239555
4202,634.3168384015903,1,0.025,16.711613972549852,-412.0872046429178,239601
4203,633.5506441037543,1,0.025,22.97248239102571,-414.8149971340014,239647
4204,634.0883246002759,1,0.025,52.960490402968034,-412.3673029360564,239692
4205,633.6222413214091,1,0.025,24.05675205717916,-413.5287502122962,239738
4206,634.3584995711171,1,0.025,2.717339347238126,-414.05720188306725,239784
4207,633.9241808208214,1,0.025,3.1056879704648797,-413.6619873046875,239829
4208,635.0190546199017,1,0.025,2.5920412644096045,-414.0019066852072,239875
4209,632.9929238163519,1,0.025,13.42717823256617,-414.93709531037706,239921
4210,633.3816134143447,1,0.025,23.922490189904753,-412.59759521484375,239967
4211,633.3299910849057,1,0.025,2.786286935210228,-412.40530649820965,240014
4212,634.0318366700728,1,0.025,2.1239855082138726,-414.45438285495925,240060
4213,633.4906665195302,1,0.025,20.454412833504055,-410.5724168860394,240106
4214,633.8512484282725,1,0.025,3.6042697196421414,-414.1155183211617,240152
4215,634.2797631033012,1,0.025,11.361473943876183,-413.79682457965356,240198
4216,633.3241554157345,1,0.025,15.385331042434858,-413.2049613620924,240244
4217,633.4674924985588,1,0.025,10.654186989950096,-413.38586691151494,240290
4218,633.8607599400896,1,0.025,7.901467916758164,-413.7506329080333,240336
4219,633.6203919237541,1,0.025,4.480159531940114,-412.9003614945845,240381
4220,633.2793770180185,1,0.025,31.9806824663411,-413.6953708814538,240427
4221,633.4065087048922,1,0.025,16.812716213365395,-413.26999537150067,240474
4222,633.5068826402388,1,0.025,9.01562859441923,-413.11978414784306,240520
4223,633.9524973692987,1,0.025,4.768303899661355,-413.7886843474015,240566
4224,633.86081337016,1,0.025,26.692258948865145,-413.22500212296194,240612
4225,633.0780313073067,1,0.025,68.37297561516364,-412.28270212809247,240660
4226,633.9751832386573,1,0.025,8.424084497534711,-412.9670954165251,240706
4227,634.3572068402002,1,0.025,5.81972963395326,-412.3695068359375,240752
4228,633.802851797837,1,0.025,11.745210056719573,-414.3036180579144,240798
4229,633.7020073483093,1,0.025,49.22783273458481,-412.1333576549183,240843
4230,633.7769268516449,1,0.025,7.010508705740389,-412.90923010784644,240889
4231,634.6867822429112,1,0.025,3.4988036440766375,-412.6822987432065,240935
4232,633.9104380690248,1,0.025,7.815407154352768,-412.7068308954654,240981
4233,633.5717738985502,1,0.025,5.4835003769916035,-412.1993713378906,241027
4234,633.5153281020421,1,0.025,7.600906473139058,-414.55266272503394,241072
4235,634.2966902431174,1,0.025,4.3072509221408675,-411.863989788553,241118
4236,634.5132601738889,1,0.025,25.215368765851725,-413.64131230893344,241164
4237,634.4105620047599,1,0.025,12.348221384960672,-411.6477594790251,241210
4238,602.5185655068798,1,0.025,3.7297592277710256,-415.6898909348708,241262
4239,633.584662088583,1,0.025,5.425709522288779,-413.3331723420516,241308
4240,633.9706774598158,1,0.025,9.802170883054318,-411.1599320121433,241355
4241,633.6967859555212,1,0.025,30.483082276323568,-412.688536270805,241400
4242,633.8600527942132,1,0.025,7.502874382164167,-415.0241632876189,241447
4243,633.8332570797193,1,0.025,41.047106675479725,-411.19604757557744,241492
4244,633.405890085271,1,0.025,7.201262419874018,-415.1681365966797,241537
4245,634.4700232702602,1,0.025,30.302501165348552,-413.50362893809444,241583
4246,634.1089661390511,1,0.025,7.7741494230602095,-411.17990510360056,241629
4247,634.5982017901616,1,0.025,2.635365068912506,-411.75707079016644,241675
4248,633.2362272784549,1,0.025,12.252460440863734,-413.56318332837975,241721
4249,633.6750072132404,1,0.025,20.88739333982053,-413.82194054645043,241767
4250,633.4119968140801,1,0.025,9.125218119310295,-415.1687940514606,241813
4251,633.1545290016978,1,0.025,25.09051984289418,-414.68769106657606,241859
4252,634.1489448963537,1,0.025,2.8921107999656512,-413.04480909264606,241905
4253,628.5109230353813,1,0.025,13.676812047759691,-412.4666163126628,241952
4254,633.8433693270788,1,0.025,12.659460409827854,-413.5951166567595,241999
4255,633.9089405923594,1,0.025,1.9901639378589133,-412.6920444654382,242045
4256,633.1302886712787,1,0.025,6.50919569056967,-409.9441342561141,242091
4257,634.4981522975233,1,0.025,3.2719718425170234,-414.8814697265625,242137
4258,633.7640462440361,1,0.025,21.430478178936504,-414.1677325704823,242183
4259,633.4418108334185,1,0.025,31.11341491341591,-413.2743657430013,242230
4260,633.8291786176694,1,0.025,45.25309419113657,-411.41682500424594,242276
4261,633.7165071655592,1,0.025,8.180179077646006,-414.1700638480808,242322
4262,633.6260810971819,1,0.025,34.53169515081074,-413.8782255753227,242369
4263,633.92225517407,1,0.025,5.851053743258767,-416.3120409094769,242415
4264,633.9537499100853,1,0.025,41.55650251844655,-411.95602947732675,242461
4265,632.9699223124877,1,0.025,3.226588699966669,-413.8671595255534,242508
4266,634.0117893896681,1,0.025,4.046194281267083,-413.8264863387398,242554
4267,633.4193481658347,1,0.025,37.72208182189775,-412.81269504712975,242600
4268,633.1656103141888,1,0.025,4.123534731242968,-412.5670219089674,242647
4269,633.8190837010982,1,0.025,6.811595022678375,-412.83111174210256,242693
4270,634.2231390763337,1,0.025,2.995672767576964,-413.8739080014436,242739
4271,634.1837961370355,1,0.025,3.705080439215121,-411.13822870669156,242785
4272,633.9058849850437,1,0.025,22.404491061749667,-414.7846387780231,242831
4273,633.9943765021767,1,0.025,3.049028957883517,-414.24216588338214,242878
4274,633.2650215138212,1,0.025,20.847547685106594,-412.66866938273114,242926
4275,633.9165211033064,1,0.025,7.906979117704474,-415.3580600904382,242972
4276,633.8201331532129,1,0.025,11.727096446182417,-413.4097024668818,243018
4277,633.7310635460425,1,0.025,8.202166759449502,-410.5438338569973,243064
4278,633.9975871492761,1,0.025,30.476059410883032,-411.82021563986075,243110
4279,633.3837637055526,1,0.025,3.462043505647908,-413.22405209748644,243156
4280,633.2380782441622,1,0.025,14.714553024457848,-412.7655268130095,243202
4281,633.9892083880723,1,0.025,45.178969010062836,-414.7168645444124,243248
4282,634.4481621927227,1,0.025,3.5701353368551834,-415.8299122685971,243294
4283,633.6923110543465,1,0.025,53.72467287986175,-412.54823104194975,243340
4284,634.7069555094563,1,0.025,7.568932504757591,-413.00429899796194,243386
4285,633.7888181347913,1,0.025,7.547197725461877,-413.9069903829823,243432
4286,633.8035146599892,1,0.025,9.798281534858372,-412.1929997983186,243479
4287,634.3828543453599,1,0.025,1.8307577967643738,-415.1702987007473,243525
4288,633.4518750925123,1,0.025,17.796665553165518,-413.5006302543308,243571
4289,633.8938210346869,1,0.025,2.796777737637361,-414.2325846354167,243618
4290,633.4334144333528,1,0.025,26.402366112107817,-412.851098102072,243664
4291,634.1241106086902,1,0.025,5.136672258377075,-413.06454865828806,243710
4292,633.8475039263045,1,0.025,18.73001894743546,-412.12413091244906,243757
4293,633.8979332003162,1,0.025,18.561115080895632,-412.58179639733356,243803
4294,634.3159725421535,1,0.025,3.0106234213580256,-413.4740295410156,243849
4295,633.7676019860421,1,0.025,4.23381316413482,-413.59055201212567,243896
4296,633.6380690530993,1,0.025,1.8171519176526503,-414.3960252241655,243941
4297,635.0289438534221,1,0.025,3.6314634654832925,-414.75786955460256,243987
4298,633.3692253982879,1,0.025,2.2125206434208415,-411.32465793775475,244033
4299,562.7334795696173,1,0.025,8.002465188503265,-411.4077870686849,244092
4300,633.5524423327427,1,0.025,6.255014362660321,-414.8360873135653,244137
4301,633.7538669366991,1,0.025,28.550663650035858,-413.8421577785326,244183
4302,633.6137722757908,1,0.025,14.915703687978828,-413.8553174889606,244229
4303,633.9623258074956,1,0.025,18.026938495428666,-412.5380156143852,244275
4304,634.0329048156731,1,0.025,5.560990102913069,-414.62521893045175,244321
4305,633.6864273107119,1,0.025,5.280974875325742,-412.31080561098844,244367
4306,633.6506385698663,1,0.025,3.320049633150515,-414.6805526069973,244413
4307,633.2015832165617,1,0.025,4.86697330682174,-412.54702360733694,244459
4308,634.0134376201496,1,0.025,4.204804259797801,-413.1427904211956,244505
4309,633.6411206328287,1,0.025,40.947260277966656,-413.34562428792316,244552
4310,632.6637496815845,1,0.025,2.2452783636424853,-413.1956561544667,244599
4311,634.4394160858243,1,0.025,5.240863460561504,-413.6191101074219,244645
4312,633.8446790456821,1,0.025,6.715333658715953,-414.8359149435292,244691
4313,633.9543381589822,1,0.025,4.115132774995721,-413.2008574112602,244737
4314,634.5180015636325,1,0.025,19.53373128434886,-414.14313805621606,244783
4315,633.7385041015444,1,0.025,6.732506337373153,-413.41318147078806,244829
4316,633.1533453449713,1,0.025,18.28783155265062,-412.07204802139944,244875
4317,633.8674248160819,1,0.025,3.338873373425525,-414.1079738451087,244920
4318,633.6635268018592,1,0.025,11.4164129874923,-415.53989202325994,244965
4319,633.5589305773326,1,0.025,16.264511173186094,-413.9458684506624,245011
4320,633.7570022569175,1,0.025,43.76592461440874,-411.882068136464,245057
4321,633.7661987522813,1,0.025,3.9080279391744863,-412.579161270805,245103
4322,633.9811735284126,1,0.025,19.846713331838448,-415.86986541748047,245150
4323,633.1110287865106,1,0.025,2.539706164080164,-412.5232716435971,245197
4324,634.2279205833165,1,0.025,18.353678200555883,-413.81903208857,245243
4325,633.8274965873518,1,0.025,30.478582698365916,-416.0070694633152,245289
4326,634.3204768650154,1,0.025,10.63626415833183,-410.0948910920516,245335
4327,633.6522008917823,1,0.025,23.593015214671258,-410.8955993652344,245380
4328,634.3359896607303,1,0.025,2.074619210284689,-414.44970968495244,245426
4329,633.2976709264175,1,0.025,15.478828010351762,-413.42524254840356,245472
4330,634.20868238636,1,0.025,5.151596292205479,-414.7728311289912,245518
4331,634.0437135689031,1,0.025,3.9663931105447854,-412.8692706564198,245564
4332,634.3134556479307,1,0.025,20.40392944605454,-412.5446618121603,245610
4333,634.3712961327856,1,0.025,39.611210260702215,-414.4369812011719,245656
4334,633.297116701267,1,0.025,3.033714558767236,-412.41709966244906,245702
4335,633.7623798206887,1,0.025,2.527014591477134,-415.43349387428975,245747
4336,633.8039980288426,1,0.025,2.770396025284477,-412.7922416355299,245793
4337,633.7334861328699,1,0.025,5.5878681229508445,-414.41810408882475,245839
4338,633.4574213116127,1,0.025,1.7671277574870898,-412.8809137759001,245885
4339,634.0299684977449,1,0.025,3.9820554839528124,-412.4533651600713,245930
4340,633.7715768593162,1,0.025,8.542131618313167,-413.03398464037025,245977
4341,633.6765809255708,1,0.025,12.506230232508287,-413.2054735266644,246023
4342,633.6619378665639,1,0.025,3.4937055655147717,-413.800233260445,246069
4343,633.6182150444937,1,0.025,2.5442482207132424,-414.8209984820822,246114
4344,633.498519466539,1,0.025,20.15498243207517,-413.84265004033625,246160
4345,634.6334013261758,1,0.025,11.82335587169813,-412.6005156143852,246206
4346,633.8889438172444,1,0.025,8.52395956624638,-414.1679590398615,246251
4347,633.5233127024942,1,0.025,3.1763506713120835,-413.6573008661685,246297
4348,632.794047930278,1,0.025,14.112323806337688,-414.6624092433764,246343
4349,633.2554717128731,1,0.025,9.914085812866688,-416.3722089131673,246390
4350,633.8037683919088,1,0.025,14.65718015121377,-412.4643329122792,246436
4351,633.0748520567855,1,0.025,7.76344830316046,-413.1021662173064,246482
4352,633.7829964952845,1,0.025,25.676875446153723,-413.06687993588656,246528
4353,633.8048530333423,1,0.025,51.50265188320823,-411.9899119501529,246575
4354,633.9735532069514,1,0.025,4.8126931242320845,-412.9170001486073,246620
4355,634.1830059026314,1,0.025,20.684816744016565,-412.95997553286344,246666
4356,634.0591626689402,1,0.025,11.960214252057282,-413.9921410602072,246713
4357,633.7847697606873,1,0.025,5.300339467823505,-413.66420618693036,246760
4358,634.0715004073954,1,0.025,22.52282043384469,-413.0774270762568,246806
4359,634.0231760638139,1,0.025,4.067002604837003,-410.3351533309273,246853
4360,633.750804888383,1,0.025,15.979423613651939,-413.40321283755094,246899
4361,634.0932047610147,1,0.025,39.52221710526425,-413.02050515879756,246945
4362,633.1939629322327,1,0.025,7.446150528887908,-412.4793535868327,246992
4363,633.5261578531184,1,0.025,11.528552656823939,-412.9561684348366,247037
4364,633.1097787663326,1,0.025,26.938724751057833,-412.5246980086617,247083
4365,634.3496631968284,1,0.025,3.145107064558112,-411.7757448942765,247129
4366,633.8549060571833,1,0.025,2.119990927477678,-414.3628629048665,247176
4367,634.555344392174,1,0.025,6.853834535764611,-412.1119822626529,247222
4368,633.5681896012867,1,0.025,10.610601219263943,-412.50416426225144,247267
4369,633.714698764537,1,0.025,3.3864934392597363,-415.0100256878397,247313
4370,634.593412893631,1,0.025,8.297730885446072,-410.50148010253906,247360
4371,634.0635062978837,1,0.025,2.428945797940959,-413.14945917544156,247407
4372,633.2538098950904,1,0.025,6.038184097279673,-413.9655682107677,247453
4373,634.2996397651475,1,0.025,5.94098631972852,-413.20893528150475,247499
4374,634.2320549288398,1,0.025,3.9375498139339946,-412.90366131326425,247545
4375,633.5544888507966,1,0.025,3.027093213537465,-413.0170102326766,247591
4376,633.4608454052691,1,0.025,17.06675340300021,-413.24676911727244,247637
4377,634.0648493475708,1,0.025,4.211740084316419,-415.18254023012906,247682
4378,634.450133046289,1,0.025,26.780406140762828,-414.044945758322,247728
4379,634.861771708087,1,0.025,31.97115838268529,-413.9939641537874,247774
4380,633.8184240279293,1,0.025,9.695558993712716,-411.72580354110056,247820
4381,633.7483421247036,1,0.025,71.13911856775698,-415.2594697371773,247866
4382,633.6469678321381,1,0.025,7.0767392930777175,-412.97291365913725,247912
4383,633.8786630769121,1,0.025,9.675967037677765,-414.518950028853,247957
4384,632.873488919415,1,0.025,34.640817732914634,-413.0458228069803,248003
4385,634.5068414042095,1,0.025,7.990628493868786,-413.23916891346806,248049
4386,633.9925051538321,1,0.025,9.743616145590078,-412.5581479279891,248095
4387,633.4622661882834,1,0.025,5.7748191874960195,-411.76349938434106,248140
4388,633.7781531803478,1,0.025,17.93622673076132,-412.65217258619225,248186
4389,633.9689673738936,1,0.025,3.926002198999578,-413.6295831853693,248231
4390,634.330648519325,1,0.025,5.936320146788722,-414.367639956267,248277
4391,634.2029084064517,1,0.025,2.471959062244581,-412.0316626507303,248323
4392,633.7512522088917,1,0.025,24.118048924466837,-414.4527468474015,248369
4393,633.918586301433,1,0.025,42.34807434807653,-414.888612166695,248415
4394,634.623622448527,1,0.025,4.746351112490115,-412.61807914402175,248461
4395,633.2654582686255,1,0.025,13.331741804877916,-413.3022092183431,248508
4396,634.0969786308794,1,0.025,38.74004810789357,-413.93357915463656,248554
4397,633.1969327151762,1,0.025,3.8966321893360303,-413.44262429942256,248601
4398,634.5019513082788,1,0.025,10.881041849436967,-414.6348585045856,248647
4399,633.5678606471353,1,0.025,9.311509588490361,-413.13023442807406,248692
4400,633.4987308101154,1,0.025,2.255933289942534,-414.3214774753736,248739
4401,634.3257964913325,1,0.025,16.771764363931574,-413.16417528235394,248785
4402,633.5999267076697,1,0.025,23.59623905627624,-414.18369061013925,248831
4403,634.5533115297352,1,0.025,16.43542992291243,-413.2845857039742,248877
4404,633.555203469536,1,0.025,3.491041528142017,-413.3941424825917,248922
4405,633.2401865844153,1,0.025,3.9861103037129277,-412.9718919836956,248969
4406,634.3483592441775,1,0.025,7.78023576218149,-411.4314482315727,249015
4407,633.2290366246966,1,0.025,9.848369727532068,-414.3468068440755,249063
4408,633.907488722464,1,0.025,20.28276226701944,-412.4956001613451,249109
4409,634.2510149123154,1,0.025,4.526426105395608,-414.2949616805367,249155
4410,633.2904037478877,1,0.025,2.1400762336949506,-414.63672765096027,249202
4411,633.8258842184464,1,0.025,4.527497015569521,-415.5633120329484,249248
4412,633.2938607018114,1,0.025,6.08828458060389,-414.94825545601225,249294
4413,633.4648343259656,1,0.025,17.16034508528917,-413.65809432319975,249340
4414,633.5181317470103,1,0.025,16.01798660804828,-414.1436258951823,249388
4415,634.3196832456578,1,0.025,26.91514530648356,-414.6590058699898,249434
4416,633.2788056954233,1,0.025,8.128825363905534,-412.0292623768682,249480
4417,633.2973699067127,1,0.025,2.7676559997641523,-412.9614443571671,249526
4418,634.3765233686078,1,0.025,12.520364647326263,-412.6767856763757,249572
4419,633.8793323549177,1,0.025,8.913097355676735,-414.36416891346806,249618
4420,633.5820241276892,1,0.025,2.6223886816397957,-412.88441268257475,249665
4421,634.3735237003887,1,0.025,9.842815549477287,-414.5549356211787,249711
4422,634.1503500843089,1,0.025,18.92019428377566,-413.2251998237942,249757
4423,633.1585583413029,1,0.025,6.750044931536135,-410.9323027237602,249803
4424,633.4345497260032,1,0.025,2.0463501314322152,-412.57227834065753,249850
4425,633.6565888933976,1,0.025,6.899008542299271,-412.9756580699574,249895
4426,634.7150975922436,1,0.025,7.916527465633724,-416.7445360266644,249941
4427,633.774780668917,1,0.025,24.145959112955175,-413.19517716117525,249987
4428,634.3206193313233,1,0.025,22.537620083145473,-414.37196151069975,250033
4429,633.5636951991874,1,0.025,30.448109370210897,-412.8819062606148,250079
4430,633.6861503327182,1,0.025,8.808304307253465,-414.9646911621094,250124
4431,632.8245045522553,1,0.025,3.125329069469286,-412.0042910368546,250171
4432,633.8957643050381,1,0.025,17.6557857212813,-413.1874893851902,250217
4433,633.1107493094355,1,0.025,20.845086781874947,-414.48397031037706,250263
4434,633.7176723318121,1,0.025,12.758346764937691,-415.28236322817594,250308
4435,633.5369067036884,1,0.025,7.471860294756682,-412.08167963442594,250354
4436,634.0743149932217,1,0.025,4.619372181270434,-411.3383603303329,250400
4437,632.9832002676666,1,0.025,21.80347998764204,-414.3705709706182,250446
4438,633.2078964476693,1,0.025,6.193646068158357,-413.79280156674594,250493
4439,633.548700264047,1,0.025,8.264712940091671,-415.55191703464675,250539
4440,633.3057813339802,1,0.025,3.7724888402482737,-414.2832814092221,250585
4441,633.773719521937,1,0.025,2.213505971690883,-413.41767418902856,250631
4442,633.9755606530133,1,0.025,9.571059408395186,-414.99853250254756,250677
4443,633.5599545334885,1,0.025,2.22147689435793,-413.4292151409647,250723
4444,634.8235244543321,1,0.025,72.50100915328316,-413.77367898692256,250769
4445,634.0546661366272,1,0.025,7.6680704251579614,-412.46405161982,250815
4446,633.279264856096,1,0.025,10.770747403303782,-412.55648676554364,250862
4447,633.9448968802889,1,0.025,15.100499515948089,-414.93855351987094,250908
4448,633.2761190520039,1,0.025,3.7900522817736086,-412.3692082944124,250955
4449,633.6289550560355,1,0.025,19.747124446474988,-413.4893745754076,251001
4450,634.0719643832983,1,0.025,8.470432416252468,-413.9041814389436,251047
4451,634.163633540963,1,0.025,16.20072479351707,-412.9159253991169,251093
4452,634.2131548407818,1,0.025,3.731188178062439,-416.2198486328125,251139
4453,633.7375838269121,1,0.025,2.023841805756092,-413.0970967610677,251186
4454,633.6490770551128,1,0.025,35.28854529153217,-413.9702606201172,251231
4455,633.8252248555009,1,0.025,6.847147138222404,-411.8379848314368,251277
4456,634.2153930128414,1,0.025,3.075386220994203,-414.33409715735394,251323
4457,634.4079303656038,1,0.025,1.7439764388229535,-413.54377812924594,251369
4458,634.2378053157665,1,0.025,4.466097398944523,-413.1287019149117,251415
4459,633.7070790258306,1,0.025,9.991678451714309,-413.9530692722486,251461
4460,634.1519091790892,1,0.025,20.647843277972676,-412.975597879161,251507
4461,633.6288050267128,1,0.025,2.7050518095493317,-412.1802113850911,251554
4462,633.6471227549085,1,0.025,2.662140568961268,-412.5619055706522,251600
4463,633.8586459215212,1,0.025,3.1581344441934065,-413.33407176624644,251645
4464,633.2771135843498,1,0.025,3.2440233152845632,-414.6202711022419,251691
4465,633.5890187224043,1,0.025,12.937518707166115,-413.09010950724286,251738
4466,633.353988921977,1,0.025,5.894714517437893,-412.8885060185971,251785
4467,633.5073237512458,1,0.025,32.11105821702791,-413.10784115998644,251831
4468,633.4338349794381,1,0.025,3.930040232513262,-416.9898203974185,251877
4469,633.353318953204,1,0.025,6.877688845862513,-413.7882663892663,251923
4470,634.1788935739662,1,0.025,14.323152306287184,-414.10913218622625,251968
4471,633.5586799153637,1,0.025,28.841478723546732,-414.8698212996773,252014
4472,633.430447450624,1,0.025,29.371226448079813,-413.24005923063856,252060
4473,634.2399383574582,1,0.025,2.693798435770947,-413.17807404891306,252106
4474,633.7291118798191,1,0.025,36.683453199656114,-411.90848043690556,252152
4475,634.2972638556964,1,0.025,62.75511505033659,-413.321056863536,252198
4476,634.3985030544113,1,0.025,3.9111988674039426,-412.4684036918308,252244
4477,633.9618470664766,1,0.025,8.517939425033072,-412.3486049486243,252291
4478,634.6237870471653,1,0.025,45.11686248623806,-414.30157470703125,252337
4479,634.1310605017259,1,0.025,42.11960145701533,-414.36336484162706,252382
4480,634.2148763430583,1,0.025,7.036210420339004,-415.1375506857167,252428
4481,634.7162227565052,1,0.025,15.13323450088501,-412.12408049210256,252474
4482,633.7301228300371,1,0.025,3.072258725114491,-414.63983950407606,252520
4483,633.6807092494485,1,0.025,3.921353513544256,-413.855732310902,252565
4484,633.7529008561378,1,0.025,2.7572493138520615,-412.7021537449049,252610
4485,634.71207525347,1,0.025,28.50282236026681,-410.71551911727244,252656
4486,634.1918082396536,1,0.025,33.51751358871875,-412.08184681768,252702
4487,634.0737359730739,1,0.025,16.9014637535033,-414.5336051609205,252748
4488,633.9580814124183,1,0.025,2.202667174131974,-411.971227231233,252794
4489,634.3027589984898,1,0.025,1.8160445353259211,-413.2747908882473,252840
4490,634.5506404686196,1,0.025,32.40255854440772,-412.229200280231,252886
4491,633.8890694871345,1,0.025,11.051109306190325,-413.47748864215356,252932
4492,634.1695581599562,1,0.025,7.109168568383092,-414.98798403532606,252978
4493,634.2748907023306,1,0.025,11.983030474704245,-414.52183731742525,253024
4494,633.6945685296766,1,0.025,8.048268122517545,-413.25213623046875,253070
4495,633.9728217929071,1,0.025,28.179069666758828,-413.6342813243037,253116
4496,633.8916605600111,1,0.025,3.5371343921060148,-414.62517249065894,253162
4497,633.7586150004339,1,0.025,7.189793708649549,-414.1386704878374,253207
4498,633.3791818935042,1,0.025,11.669548133145208,-414.31267514436144,253253
4499,633.8497624160979,1,0.025,47.30335666822351,-414.6604521378227,253299
4500,633.9488154630571,1,0.025,7.053566727949225,-414.7418053668478,253345
4501,633.7419305717096,1,0.025,11.872917913872262,-412.7247155230978,253390
4502,633.6067725500326,1,0.025,6.362710164940876,-413.9867872155231,253437
4503,633.7950370449496,1,0.025,26.847928260979444,-415.458948550017,253483
4504,634.2985060527648,1,0.025,44.38846432644388,-412.66727480681044,253529
4505,633.8755296874349,1,0.025,15.905139041983563,-414.4905329165251,253575
4506,633.340328864426,1,0.025,4.882227540016174,-413.09167613153875,253621
4507,633.3651786765267,1,0.025,43.092769981726356,-414.3996515688689,253667
4508,633.964028570494,1,0.025,5.456183870633443,-412.71110280354816,253715
4509,633.8301417915943,1,0.025,26.61223165442546,-416.04002888997394,253762
4510,633.5311427872659,1,0.025,2.182876949724944,-414.119116741678,253808
4511,634.0919166676749,1,0.025,30.990983028303493,-415.1889246160334,253853
4512,633.26964687916,1,0.025,12.31098369260629,-412.9737358093262,253900
4513,633.5759101763821,1,0.025,20.03417288444259,-414.2231972434304,253945
4514,634.0296888788714,1,0.025,18.440328331097312,-412.7478093686311,253991
4515,633.7384030831821,1,0.025,5.802061105767886,-413.1561571756999,254038
4516,634.0533165598572,1,0.025,1.9883619080419126,-414.5949282438859,254084
4517,634.18584436527,1,0.025,2.369408693002618,-413.6145178753397,254130
4518,633.80279504277,1,0.025,35.810998682094656,-414.5397630774456,254177
4519,634.1590323620308,1,0.025,21.322618370470792,-415.56925898012906,254223
4520,633.7580940811308,1,0.025,9.472424737785174,-413.6193449600883,254268
4521,633.4125017910251,1,0.025,31.232467892377272,-414.04776664402175,254314
4522,633.5207464115542,1,0.025,6.641024548074474,-412.0473327636719,254360
4523,634.4809911503609,1,0.025,3.2155662438143855,-414.171583092731,254406
4524,633.9642037354536,1,0.025,10.196702203024989,-414.3633966860564,254452
4525,634.1985697239435,1,0.025,6.538840892522232,-413.06418377420175,254498
4526,633.6708604027956,1,0.025,3.9199982285499573,-414.55024164373225,254543
4527,633.7107975043357,1,0.025,16.243937686733577,-415.4094795558764,254589
4528,633.0644485591854,1,0.025,20.983911125556283,-413.74538255774456,254635
4529,633.6129494033062,1,0.025,11.467394116132155,-411.09302023182744,254681
4530,633.793933375034,1,0.025,24.793691948704097,-413.739210045856,254726
4531,633.3700757609545,1,0.025,33.36535000282785,-411.6471053413723,254773
4532,633.5040393339369,1,0.025,43.09220408097558,-413.86702695100206,254819
4533,633.152544267968,1,0.025,13.074635145456895,-412.52407438858694,254865
4534,633.3453673153266,1,0.025,18.115709273711495,-413.62227597443956,254911
4535,633.7330853929544,1,0.025,6.613920404265325,-412.5732231140137,254958
4536,633.6749022628347,1,0.025,5.59595784815875,-412.7676807750355,255003
4537,633.9579170143093,1,0.025,6.797474124779304,-414.5423418680827,255050
4538,634.0973792952926,1,0.025,18.666308346001998,-413.1788688327955,255096
4539,633.6104244591206,1,0.025,3.394935869652292,-411.96501093325406,255142
4540,633.699254126186,1,0.025,5.028784380717711,-414.2104325727983,255187
4541,633.0893307729092,1,0.025,39.042928568694904,-414.73665718410325,255233
4542,633.7866781876924,1,0.025,15.057003270024838,-414.0002733313519,255279
4543,634.3882937635685,1,0.025,11.618228874776674,-414.6887671429178,255325
4544,633.5844489341284,1,0.025,4.011052337785562,-413.6504211425781,255372
4545,633.9897507076184,1,0.025,10.127205579177193,-413.9465292225713,255419
4546,633.6651073269943,1,0.025,22.85806317951368,-412.38307787024456,255465
4547,633.5972784598678,1,0.025,14.294978139301142,-415.3927116394043,255512
4548,633.8811578685145,1,0.025,20.826580015095796,-414.67117725719106,255557
4549,633.6552329997152,1,0.025,12.952806672324305,-414.16930223547894,255603
4550,633.3613449483489,1,0.025,14.690635579327742,-414.45895131429035,255650
4551,634.1933766256714,1,0.025,6.364003212555595,-413.7230888034986,255696
4552,633.1345768074357,1,0.025,6.23891182049461,-414.8169529127038,255742
4553,634.5086856716366,1,0.025,27.57505305953648,-415.243640402089,255788
4554,633.9405026190454,1,0.025,7.007460131593373,-413.07194983440894,255834
4555,634.4181886767658,1,0.025,16.0564072702242,-412.48913706903875,255881
4556,633.8701041952232,1,0.025,2.8674754448558972,-412.4878367548404,255927
4557,633.9471696343963,1,0.025,6.633917932925017,-414.32063359799594,255973
4558,633.6423007101905,1,0.025,36.179344617802165,-412.9047692340353,256019
4559,634.2139620839444,1,0.025,9.172418340392735,-413.90610271951425,256065
4560,634.7204708613281,1,0.025,18.20742739542671,-413.9728605850883,256111
4561,633.7394044784917,1,0.025,22.630917393642925,-414.13000753651494,256157
4562,633.6164267980103,1,0.025,3.9715904541637586,-411.6986986243206,256202
4563,634.1197080675746,1,0.025,9.79889515431031,-413.5961953868037,256248
4564,634.3338891403178,1,0.025,26.907641234605208,-414.4985192340353,256294
4565,633.1304104987385,1,0.025,3.5854246357212896,-411.58060355808425,256340
4566,633.0113649512656,1,0.025,20.75722406351048,-414.47510030995244,256387
4567,634.0719349887188,1,0.025,1.8257517244504846,-414.8249830163044,256433
4568,633.5468792806112,1,0.025,11.345011475293532,-413.7535241168478,256479
4569,633.8589898766262,1,0.025,7.942831705445829,-413.78425266431725,256525
4570,633.6368342128089,1,0.025,16.433114523472995,-414.2599819017493,256571
4571,633.6674581799039,1,0.025,2.4552326254222705,-413.5915248704993,256617
4572,633.3687328532377,1,0.025,42.385025363901384,-413.37386421535325,256662
4573,634.7367255742263,1,0.025,8.27366970933002,-411.83704542077106,256708
4574,633.3077341550993,1,0.025,10.5194934969363,-413.8930863090183,256755
4575,633.53177181465,1,0.025,4.184664949126866,-414.7943009086277,256801
4576,634.0413226641099,1,0.025,22.3605575380118,-412.54421466329825,256847
4577,634.2413002943978,1,0.025,9.715368151664734,-414.6847441300102,256893
4578,633.489742688722,1,0.025,13.71984053435533,-413.9871720023777,256939
4579,633.5521528708788,1,0.025,35.82611012199651,-412.4349046790081,256985
4580,633.7005924104103,1,0.025,2.1192055294911065,-415.28538767496747,257032
4581,632.9798393708965,1,0.025,14.888688307741415,-412.81480606742525,257079
4582,634.2122018424085,1,0.025,4.18793170478033,-413.80451633619225,257125
4583,617.448274747293,1,0.025,33.548853030204775,-413.61146850585936,257175
4584,633.2254213233502,1,0.025,3.5407655964726987,-413.9405743142833,257221
4585,633.9471412058341,1,0.025,4.152871852335722,-413.92624432107675,257267
4586,634.1560956422603,1,0.025,1.8697286092716714,-414.60691236413044,257313
4587,633.3940924308426,1,0.025,30.79834319975065,-412.2706020189368,257359
4588,634.2819877363228,1,0.025,5.561205327510834,-414.91489045516306,257405
4589,634.8551078757813,1,0.025,87.40686404445897,-412.48921269955844,257451
4590,633.6016799201775,1,0.025,5.326775895512623,-414.22315381920856,257496
4591,634.1392210533548,1,0.025,15.104587823152542,-414.0886522376019,257542
4592,634.290375521102,1,0.025,8.406148138253585,-413.6105519170346,257588
4593,633.6425893293028,1,0.025,2.0080851057301397,-415.7915556534477,257635
4594,633.2287568088457,1,0.025,15.581410713493824,-412.2693290710449,257683
4595,633.704417595887,1,0.025,5.374804229839988,-413.50675101902175,257729
4596,633.3565001040499,1,0.025,11.891567379236221,-414.23215103149414,257776
4597,633.2501478911466,1,0.025,3.741822732531506,-412.14103234332543,257822
4598,633.563159138845,1,0.025,2.8485004098519036,-412.9037329632303,257868
4599,634.3745748011191,1,0.025,46.649195996315584,-415.43153978430706,257914
4600,633.2397686916497,1,0.025,2.2664572570634927,-413.235131305197,257960
4601,633.9282232214341,1,0.025,8.864243722480277,-413.3957572605299,258006
4602,633.4209295426641,1,0.025,2.2262186408042908,-413.1559434973675,258052
4603,634.2435096052493,1,0.025,5.131161062613778,-413.63692573879075,258098
4604,633.8109092547867,1,0.025,2.898441221403039,-413.3549459706182,258144
4605,633.592262727723,1,0.025,5.4703875235889265,-413.9905899711277,258190
4606,634.1600145373712,1,0.025,57.94694479133772,-411.45368493121606,258236
4607,633.5430489182694,1,0.025,8.3164706411569,-414.30833501401156,258283
4608,633.5893760508875,1,0.025,10.786083325095799,-412.5149350373641,258328
4609,633.8900036703158,1,0.025,9.06946375059045,-414.2657072647758,258375
4610,633.1307282718096,1,0.025,2.271358254055182,-414.5214195251465,258422
4611,633.1007053408841,1,0.025,3.10141189461169,-414.5460098930027,258468
4612,634.329818736827,1,0.025,16.896283230055932,-412.6904190726902,258514
4613,633.5038015391004,1,0.025,1.7228329997995626,-414.0649732506794,258560
4614,634.2144891735516,1,0.025,7.261487246855445,-413.3641874893852,258606
4615,633.8443526173442,1,0.025,8.255554118882054,-416.0256573220958,258652
4616,633.9267850988855,1,0.025,4.814308526841077,-413.6163787841797,258697
4617,497.0216128676816,1,0.025,15.460841572946972,-415.3912056816949,258768
4618,633.4267142359677,1,0.025,8.402072310447693,-413.3538393766984,258815
4619,633.6642597370924,1,0.025,11.305651252684386,-414.090600055197,258861
4620,633.6066486052225,1,0.025,14.79679059204848,-412.7458098038383,258907
4621,633.589186215991,1,0.025,12.467011832672616,-415.4577450959579,258953
4622,633.7124881814495,1,0.025,3.300981437166532,-413.7513376871745,259000
4623,634.3626192229964,1,0.025,7.636374717173369,-414.8156273883322,259046
4624,633.6190382478346,1,0.025,6.43381694736688,-413.55958358101225,259092
4625,633.6848192506786,1,0.025,1.9450865750727446,-414.86968596085256,259138
4626,633.8177422943272,1,0.025,2.2841875579046165,-415.2046575131624,259184
4627,633.8141479432782,1,0.025,16.14456063768138,-413.47782168181044,259230
4628,633.4617009452561,1,0.025,1.9361734266082447,-413.69239171346027,259278
4629,633.9265006428865,1,0.025,18.322760080749337,-414.3868616277521,259323
4630,633.5002571536648,1,0.025,32.80459471889164,-412.847852623981,259369
4631,633.7946493873408,1,0.025,60.13195374111334,-413.65788014729816,259416
4632,634.3360471733573,1,0.025,33.815233305744506,-411.88418844471806,259462
4633,632.9752835332604,1,0.025,6.982453802357549,-414.39951092263925,259508
4634,634.103108090623,1,0.025,7.168552074743354,-413.1866627568784,259554
4635,633.2891858575949,1,0.025,53.88662958663443,-413.96748816448707,259600
4636,633.3313840769346,1,0.025,2.6734983376834704,-413.43719084366506,259646
4637,633.6008678712919,1,0.025,3.158745700662786,-412.6431773792614,259691
4638,633.4189929646226,1,0.025,6.842041248860567,-413.5017010232677,259737
4639,633.3986509607512,1,0.025,7.101149460543757,-412.90406732973844,259783
4640,634.2121754715452,1,0.025,12.345744730337806,-412.91326108186144,259829
4641,633.8678771445018,1,0.025,27.046004773482032,-412.2452511994735,259874
4642,633.8615714923275,1,0.025,16.337222213330477,-414.2732928732167,259920
4643,633.6628225275017,1,0.025,26.628597728584122,-413.13232156504756,259966
4644,634.2657343759927,1,0.025,6.073867318422898,-413.6823770274287,260012
4645,634.6111826731673,1,0.025,18.40492037327393,-414.1768878439198,260058
4646,633.4219142095527,1,0.025,3.3080167627852894,-414.75706548276156,260104
4647,634.9093292676514,1,0.025,1.8715174249980762,-413.088807479195,260150
4648,633.7813167470283,1,0.025,2.370456742203754,-415.91463171917457,260196
4649,633.9102614141667,1,0.025,13.996021325173585,-412.44372425908625,260243
4650,633.6840224221538,1,0.025,28.031958292359892,-411.96286939538044,260289
4651,634.0007404316776,1,0.025,15.041787499966828,-412.3012151303499,260335
4652,634.5982273126717,1,0.025,8.543317478636038,-413.0436812691067,260381
4653,633.5821379487215,1,0.025,4.155688579963601,-413.7544741423234,260426
4654,633.643329936107,1,0.025,6.62912542923637,-415.11221976902175,260473
4655,634.2514266384942,1,0.025,18.076932920062024,-415.9281788701596,260519
4656,633.246922470347,1,0.025,3.4315345935199573,-415.1747940726902,260565
4657,633.7024928726102,1,0.025,8.194178008514902,-415.6501265816067,260611
4658,634.1640753383613,1,0.025,33.18235426363738,-415.29577902088994,260656
4659,634.0395233572301,1,0.025,6.579463603821668,-415.8978576660156,260701
4660,633.7640258584825,1,0.025,2.2957030482914136,-414.7254532523777,260747
4661,634.5175816542833,1,0.025,6.210806333500406,-413.9825320036515,260793
4662,633.5094385634771,1,0.025,23.46924142733864,-414.2915463654891,260839
4663,633.745922042442,1,0.025,5.103656483733135,-417.0896752398947,260885
4664,633.8668948065867,1,0.025,4.916161949219911,-415.40407927139944,260931
4665,634.0004921782927,1,0.025,5.97631137267403,-415.6757387907609,260977
4666,634.362187500743,1,0.025,26.166308426338695,-413.4352244501529,261023
4667,634.4770479136389,1,0.025,26.81594232890917,-412.2682163404382,261069
4668,634.2516501206272,1,0.025,3.7512839410616006,-413.21068407141644,261115
4669,634.257180595542,1,0.025,15.749507419441057,-414.0402407438859,261161
4670,633.7169290181786,1,0.025,5.267366945743561,-414.2251202127208,261207
4671,633.4843076664733,1,0.025,9.377915441989899,-412.0458307680876,261253
4672,634.0714036454972,1,0.025,10.487005725502968,-416.2376759847005,261300
4673,634.3780564201766,1,0.025,42.08966600376627,-412.4788022248641,261346
4674,633.8549031850852,1,0.025,62.20791025866162,-414.31970630992544,261391
4675,634.3518223800531,1,0.025,38.70606583745583,-413.09568852963656,261437
4676,634.0148186337533,1,0.025,28.34519686128782,-414.153784710428,261483
4677,634.2536500098537,1,0.025,5.6279947446740195,-413.93398119055706,261529
4678,634.1932999851172,1,0.025,6.975434842317001,-412.04941724694294,261575
4679,634.334920937884,1,0.025,2.8390262664660164,-416.25118753184444,261621
4680,633.3315974677633,1,0.025,2.6774393229380897,-414.5024719238281,261667
4681,633.5553129075552,1,0.025,7.605640341406283,-413.43852565599525,261713
4682,634.3422097732841,1,0.025,36.62152125006137,-415.3765590501868,261759
4683,633.6551624507815,1,0.025,22.079438631949216,-411.2138844365659,261804
4684,634.2944804700493,1,0.025,2.296056597129158,-414.4298215119735,261850
4685,633.4560865315658,1,0.025,2.0035168191661006,-413.9222226350204,261897
4686,634.0575810994924,1,0.025,1.4927304834127426,-413.17939376831055,261944
4687,633.8544486253305,1,0.025,33.60603445509206,-415.52129065472144,261990
4688,633.3139923491442,1,0.025,13.243389121864153,-413.06969286047894,262037
4689,633.641609228651,1,0.025,12.484621143859366,-412.9934758725374,262083
4690,633.7561570654765,1,0.025,35.92007656460223,-414.5388103982677,262129
4691,633.2793001650581,1,0.025,24.98432828809904,-413.807873269786,262175
4692,633.5885921972268,1,0.025,7.758797759811084,-414.4651679992676,262222
4693,634.2589796654343,1,0.025,37.900213969790414,-412.25061300526494,262268
4694,633.8330598652209,1,0.025,19.969458498738028,-415.58175243030894,262313
4695,633.6749291249196,1,0.025,2.2496582667032876,-414.0096740722656,262360
4696,634.2107429340405,1,0.025,2.098930949750154,-412.3422625997792,262406
4697,633.4382413812352,1,0.025,17.25661276993544,-415.7483082646909,262452
4698,633.1591837064711,1,0.025,7.007963012094083,-415.0340231190557,262498
4699,634.150904792068,1,0.025,34.173370686562166,-413.46475485096806,262545
4700,633.5307061060341,1,0.025,2.079948859370273,-414.68292236328125,262591
4701,634.1991590938195,1,0.025,8.229800066222316,-412.2089618185292,262637
4702,632.6219403240055,1,0.025,3.256857395172119,-414.63681411743164,262685
4703,633.6155579733517,1,0.025,3.185808137707088,-414.7602764627208,262730
4704,634.4719907053378,1,0.025,38.45933010267175,-412.1095143193784,262776
4705,634.4116281584242,1,0.025,4.60352859808051,-415.44828066618544,262822
4706,633.3883164319479,1,0.025,3.8127887637718865,-413.56280517578125,262868
4707,634.281471910171,1,0.025,2.948423657728278,-413.89639945652175,262914
4708,634.337682953191,1,0.025,2.2897547340911366,-413.65576437245244,262961
4709,633.1543933804905,1,0.025,4.592296380549669,-413.3278299967448,263009
4710,634.4500410362465,1,0.025,3.574559877748075,-413.3774732506794,263055
4711,634.3249930107422,1,0.025,3.6421608613884966,-413.7550234587296,263101
4712,633.5131899296846,1,0.025,4.274189897205519,-413.2412772800611,263146
4713,634.4665158288246,1,0.025,5.171625466450401,-412.53748487389606,263192
4714,633.5373418552531,1,0.025,28.150170328942213,-413.83794195001775,263237
4715,633.6303026069689,1,0.025,3.8777345159779424,-414.3947833517323,263282
4716,633.8970063381561,1,0.025,9.96523854525193,-413.7718399711277,263328
4717,633.6210464629131,1,0.025,4.144526344278584,-413.0546052352242,263374
4718,633.9030846748024,1,0.025,1.613319430662238,-414.20117320185125,263421
4719,633.4014983457791,1,0.025,1.580809846520424,-413.1266975402832,263468
4720,633.6440145776807,1,0.025,14.226554658101952,-414.0888844365659,263514
4721,633.495048327618,1,0.025,11.17662710469702,-414.25694473930025,263561
4722,633.5530015690788,1,0.025,2.138318666945333,-413.0647967794667,263607
4723,633.8535056355411,1,0.025,1.5477095531380696,-412.99313885232675,263652
4724,634.1636345952763,1,0.025,3.3536542731782664,-415.36177129330844,263698
4725,634.5569153861136,1,0.025,1.798175591489543,-413.00834589419156,263744
4726,634.3300364666114,1,0.025,1.5248470721037493,-414.2942319123641,263790
4727,634.2502392416436,1,0.025,4.7187153049137285,-413.26680059018344,263836
4728,632.9938714543989,1,0.025,6.511540208173835,-414.30046545940894,263882
4729,634.2793821953051,1,0.025,4.615621745586395,-415.1022285793139,263928
4730,633.5573251189691,1,0.025,31.51329855426498,-413.39245472783625,263974
4731,633.9546426992167,1,0.025,31.85841654953749,-414.7827493418818,264020
4732,634.1482177074931,1,0.025,2.2944658217222793,-413.36748206097144,264067
4733,633.8543074625193,1,0.025,1.8591418837507565,-413.65957895914715,264114
4734,633.5812544593185,1,0.025,11.519568552141605,-415.037865680197,264161
4735,633.2203123381905,1,0.025,1.5600355863571167,-414.47470623513925,264207
4736,634.3446054479754,1,0.025,15.018050618793653,-413.610643469769,264253
4737,634.5189343780892,1,0.025,10.002379033876503,-415.40565424380094,264299
4738,632.7829388682278,1,0.025,4.699475767711799,-413.7567672729492,264346
4739,633.3520696151521,1,0.025,1.814698374789694,-413.7886299465014,264392
4740,633.2078428143819,1,0.025,3.3028769570848215,-413.1866999087126,264438
4741,633.632885999651,1,0.025,25.510101352048956,-414.1974911897079,264484
4742,634.0135715580691,1,0.025,4.2285243065460865,-414.47969121518344,264530
4743,633.4149175376949,1,0.025,1.7729865468066672,-413.491198995839,264577
4744,634.0617773284298,1,0.025,30.446534605129905,-411.8923167353091,264623
4745,634.4119531038409,1,0.025,54.16570332775945,-413.7890916907269,264669
4746,633.8609826647403,1,0.025,3.5541095798430233,-413.0623965056046,264715
4747,633.8918943954147,1,0.025,6.524228497691777,-414.51281472911006,264761
4748,633.4380443238268,1,0.025,2.2913459487583325,-412.80615234375,264807
4749,633.8444342473467,1,0.025,1.703170024830362,-413.84060934315556,264853
4750,633.5555354552114,1,0.025,22.343909675660342,-415.24886421535325,264898
4751,634.2595986655369,1,0.025,20.342113367889237,-413.45708167034644,264944
4752,634.5332669318454,1,0.025,2.6771861871947413,-413.94038059400475,264990
4753,634.1945898232748,1,0.025,1.678723534812098,-414.69440891431725,265036
4754,632.942358414296,1,0.025,6.593045474340518,-415.9366505940755,265084
4755,633.339812802166,1,0.025,37.48807691750319,-413.96796848462975,265131
4756,633.5092910435241,1,0.025,3.912336504977682,-412.58274244225544,265177
4757,633.8790630435165,1,0.025,12.253508232533932,-412.77546946207684,265225
4758,633.6337150862267,1,0.025,4.459792051626288,-412.68851504118544,265271
4759,633.0301227824569,1,0.025,3.9820900585340415,-414.24737548828125,265317
4760,633.2189175455085,1,0.025,2.358747389005578,-414.4500812032948,265363
4761,634.245611575213,1,0.025,20.54585411755935,-411.74624899159306,265409
4762,634.329489309287,1,0.025,3.8188785599625628,-414.63113668690556,265455
4763,633.8412787445905,1,0.025,7.514290551344554,-412.6305554707845,265502
4764,634.6477550066778,1,0.025,43.83263057988623,-413.4011522376019,265548
4765,633.9753843482267,1,0.025,2.395031689242883,-414.2847789417614,265593
4766,634.0769878922355,1,0.025,1.8348046916982401,-413.5872908882473,265639
4767,634.0745585235967,1,0.025,8.17455411216487,-413.0259372877038,265685
4768,633.3657663067063,1,0.025,6.04558100518973,-415.4476955247962,265731
4769,633.8012363441219,1,0.025,1.5039787862611853,-411.8463599163553,265777
4770,633.6333562030221,1,0.025,3.674111508804819,-415.0908150050951,265823
4771,634.6064625025258,1,0.025,1.1772956770399343,-414.7991160517154,265869
4772,634.0355035270545,1,0.025,38.464052636986196,-412.831602677055,265915
4773,634.0851236047715,1,0.025,4.318809752878935,-414.10302469004756,265961
4774,633.9567638324475,1,0.025,6.286995150472807,-414.0786769701087,266007
4775,634.1760573613444,1,0.025,2.777206194897493,-414.8599599202474,266054
4776,633.6767146353181,1,0.025,2.1974508114483045,-414.6764314070992,266100
4777,633.9346266534529,1,0.025,2.693828717521999,-413.7384855850883,266146
4778,633.5001427198916,1,0.025,7.025209903717041,-414.4070101651278,266191
4779,633.7009509793527,1,0.025,6.597664500276248,-412.99031321207684,266238
4780,633.6976990219447,1,0.025,2.2205184672189797,-413.3360476286515,266284
4781,634.324451430639,1,0.025,1.8550515744997107,-413.95239390497625,266330
4782,633.9944866503421,1,0.025,18.092014912677847,-413.2229561183764,266377
4783,634.1269861239891,1,0.025,12.537703495958578,-415.1945137355639,266422
4784,634.2238238305962,1,0.025,1.9069760053054146,-412.8610057001529,266468
4785,634.0955218314123,1,0.025,6.347093291904615,-414.41674937372625,266514
4786,633.7077780218046,1,0.025,1.9864657650823179,-413.593213952106,266560
4787,633.2054358826741,1,0.025,8.336383148379948,-413.7306836998981,266606
4788,633.4762139951724,1,0.025,1.7401637227638909,-413.53808328379756,266653
4789,633.9537785658824,1,0.025,43.01273246951725,-413.7883340586787,266699
4790,634.4088344127888,1,0.025,5.823161096676536,-412.4622404679008,266745
4791,633.3441144248352,1,0.025,11.791744429132212,-413.4638154403023,266791
4792,634.0472443386104,1,0.025,8.796183199986167,-413.3612617824389,266837
4793,633.9163405690299,1,0.025,17.76099460410035,-414.2812300972317,266883
4794,633.6544016329327,1,0.025,3.754147040347258,-414.8777961730957,266930
4795,634.0659644549853,1,0.025,24.354484293771826,-412.0552699876868,266977
4796,633.4906489871189,1,0.025,6.742876337922138,-415.2417987325917,267023
4797,633.9666548706584,1,0.025,2.3599100423895796,-412.93546991762906,267069
4798,634.7501986276832,1,0.025,3.8119334423023723,-415.3604842476223,267115
4799,633.7114715756817,1,0.025,16.352082444273908,-414.6905809485394,267161
4800,634.0355810455178,1,0.025,5.910358085580494,-415.0550178859545,267207
4801,633.8409313155847,1,0.025,5.448909122496843,-415.0719159444173,267254
4802,633.9713978562593,1,0.025,19.79534740422083,-413.20744257387906,267300
4803,633.692885867315,1,0.025,6.559040546417236,-411.73938917077106,267346
4804,633.7445441329952,1,0.025,14.634568688662156,-414.3686695928159,267392
4805,633.7606936545354,1,0.025,8.057101344520396,-412.63400129838425,267437
4806,632.8711012557036,1,0.025,3.122796746591727,-415.1860631306966,267484
4807,633.5025391848955,1,0.025,3.2178176304568415,-413.64317520805025,267530
4808,633.143587654185,1,0.025,6.318387666474218,-412.3434315557065,267577
4809,633.8949598858785,1,0.025,13.086132360541303,-414.31766543181044,267622
4810,634.4672789714217,1,0.025,2.1923045477141505,-412.37125297214675,267668
4811,633.6293008263896,1,0.025,2.011539285597594,-416.0646057128906,267714
4812,633.3076204974302,1,0.025,10.069985897644706,-413.99624103048575,267760
4813,634.1637270487639,1,0.025,18.560589335534882,-414.2629076086956,267806
4814,633.8095835897105,1,0.025,2.742443786426024,-413.79166065562856,267851
4815,633.4875975346501,1,0.025,19.207905085190482,-413.44714090098506,267897
4816,634.0450449422804,1,0.025,13.507705481156059,-412.48299374787706,267943
4817,633.7956039536907,1,0.025,4.091117093096608,-412.0920848017154,267989
4818,634.0029595972348,1,0.025,6.928921489611916,-414.09117192807406,268035
4819,634.203446387849,1,0.025,18.886815107387044,-412.4053848930027,268080
4820,633.2542914620874,1,0.025,17.799387584561888,-413.41807755180025,268126
4821,633.7197808719411,1,0.025,5.298330643902654,-413.55041769276494,268173
4822,633.7985913799836,1,0.025,1.512515311655791,-410.8895383088485,268219
4823,633.389087298552,1,0.025,2.021709435929855,-413.7738380432129,268267
4824,633.8746152064807,1,0.025,1.9651769140492314,-414.7578310759171,268313
4825,633.8603339156524,1,0.025,2.036991340418657,-414.194143931071,268360
4826,634.0501498726197,1,0.025,2.5775923024524343,-412.43641385165125,268405
4827,633.1730551214055,1,0.025,2.803296581558559,-414.3813914423404,268451
4828,633.7060809774432,1,0.025,4.751274725665217,-415.35384070354957,268496
4829,633.7096298430403,1,0.025,3.8018021428066753,-411.94702281122625,268542
4830,633.0642239501319,1,0.025,17.34619713347891,-411.4237458602242,268588
4831,633.352213102342,1,0.025,9.041069279546322,-412.7017782460088,268634
4832,633.0649259371598,1,0.025,5.268914790257163,-414.5086709727412,268681
4833,633.4616710849765,1,0.025,9.275343336164951,-413.59450276692706,268728
4834,633.7655545273728,1,0.025,2.437649516955666,-414.4556101923404,268774
4835,633.3772229464656,1,0.025,12.87985269854898,-413.2791204037874,268820
4836,633.7121820546491,1,0.025,1.3131541311740875,-413.57411055131394,268865
4837,634.3157705314411,1,0.025,8.825730979442596,-413.6554591966712,268911
4838,634.200625162944,1,0.025,6.502660135860029,-413.37471870754075,268957
4839,633.2836556066978,1,0.025,11.302308349505715,-413.6401552946671,269003
4840,633.8485857963393,1,0.025,1.5790026084236477,-414.3190878163213,269048
4841,633.9071822402285,1,0.025,3.064622218194215,-414.20053631326425,269095
4842,633.3169052906568,1,0.025,5.588489651679993,-414.1590496560802,269141
4843,633.4367137115329,1,0.025,13.700493929178819,-413.0511182702106,269187
4844,634.3400528462378,1,0.025,5.976874234883682,-413.7695604407269,269233
4845,633.5458192205945,1,0.025,16.647834743062656,-412.88814544677734,269280
4846,634.0258162740362,1,0.025,14.191353713688644,-411.0798737899117,269326
4847,633.3854997899934,1,0.025,7.700118334397025,-412.0314875063689,269373
4848,634.1945533844112,1,0.025,1.8672299422323704,-414.1004015604655,269420
4849,633.3435031818092,1,0.025,10.199219926543858,-412.85745504628056,269466
4850,633.429941394133,1,0.025,6.034722237483315,-414.329601785411,269513
4851,634.3360697705034,1,0.025,11.999615702940071,-414.2712588102921,269559
4852,633.6191033635832,1,0.025,19.3287854972093,-414.15498816448707,269605
4853,634.3242904850154,1,0.025,35.081317096948624,-413.0404116312663,269652
4854,634.1344665581807,1,0.025,20.86276102843492,-414.8631034519361,269698
4855,633.8013332984567,1,0.025,9.861701294131901,-412.94001438306725,269744
4856,634.1439449596625,1,0.025,10.934739413468733,-411.6858772609545,269791
4857,634.0678713460229,1,0.025,7.78549689831941,-415.4804262907609,269836
4858,634.2131928448682,1,0.025,9.957838737446329,-414.7814622961956,269882
4859,633.7334934440591,1,0.025,3.8191481362218442,-412.97985574473506,269928
4860,633.8753894338272,1,0.025,2.56259283694354,-413.5198946866122,269973
4861,633.2725620368782,1,0.025,4.811481087104134,-412.87914773692256,270019
4862,633.5933437432041,1,0.025,11.446128878904426,-413.6380535623302,270064
4863,633.5328813503771,1,0.025,4.492125620012698,-412.92456983483356,270110
4864,634.504098183138,1,0.025,7.213164128687071,-413.3019621475883,270156
4865,633.5960755533115,1,0.025,19.710649594016697,-414.8242492675781,270202
4866,633.640295000898,1,0.025,2.335827402446581,-415.06530629033625,270248
4867,633.7612270080567,1,0.025,2.797535923512086,-413.4979539954144,270294
4868,634.3329648839888,1,0.025,5.825302882039028,-413.6035740064538,270340
4869,633.4875784095964,1,0.025,12.448016026745671,-412.8400533924932,270386
4870,634.6676607836741,1,0.025,1.7671739018481711,-413.0215825619905,270432
4871,633.3258691980177,1,0.025,12.596162477265233,-413.3504864236583,270479
4872,634.5548812716769,1,0.025,6.636210052863412,-412.7343192722486,270525
4873,634.0673301845552,1,0.025,8.441475603891456,-411.24248471467394,270571
4874,633.8280844855278,1,0.025,2.9618261573107345,-413.3600171959919,270617
4875,633.3855350039039,1,0.025,1.9722453601982282,-414.170445981233,270663
4876,634.382881297201,1,0.025,10.876104663247647,-415.98556916610056,270709
4877,633.7798015900889,1,0.025,8.510064592827922,-413.7247155230978,270754
4878,633.8348512465855,1,0.025,6.802892827469369,-413.1092091435971,270800
4879,633.650833240989,1,0.025,1.932466392931731,-413.81675919242525,270846
4880,634.1211855528442,1,0.025,5.589504055354906,-412.34046869692594,270892
4881,634.5044356472347,1,0.025,11.411387391712354,-413.3710619055706,270938
4882,633.628074618768,1,0.025,2.5222173929214478,-415.2154885996943,270984
4883,633.8900015746864,1,0.025,34.9860829140829,-413.30038850203806,271030
4884,633.6028626875295,1,0.025,19.153843080455605,-413.8092956542969,271075
4885,633.4207068383853,1,0.025,2.800337472687597,-413.87122510827106,271121
4886,633.7448991790523,1,0.025,2.0214260810095332,-414.81481004797894,271167
4887,634.1143195437851,1,0.025,4.57129609843959,-414.7413874087126,271213
4888,633.8772867651826,1,0.025,1.3639664831368818,-413.5955704398777,271258
4889,634.2785343727347,1,0.025,2.097262149271758,-415.9013870902683,271304
4890,633.6778178649772,1,0.025,3.709563596682115,-413.44248130104756,271349
4891,633.5868328267356,1,0.025,4.774049927790959,-418.07055409749347,271396
4892,634.6235220829811,1,0.025,8.172589898109436,-413.3714480192765,271442
4893,633.6721188155514,1,0.025,7.695295958415322,-413.8036565365999,271488
4894,633.7625410962941,1,0.025,6.277124321979025,-411.03043265964675,271535
4895,633.6636631081806,1,0.025,69.90530354562013,-413.4925258470618,271581
4896,633.6455364936313,1,0.025,4.1778757364853565,-411.9141368036685,271627
4897,633.3281073174944,1,0.025,22.15759453177452,-414.39410909016925,271674
4898,634.1874059716935,1,0.025,5.389164300068565,-414.1587259043818,271720
4899,634.7781344539316,1,0.025,5.466656151025192,-413.626929241678,271766
4900,633.3270701259053,1,0.025,4.642315532850183,-414.007764733356,271812
4901,633.6290074369861,1,0.025,14.212432293788247,-412.6981493079144,271858
4902,634.3745502864659,1,0.025,1.9643697933010433,-414.8236123789912,271904
4903,633.5144064616667,1,0.025,6.247138182754102,-416.6540686565897,271951
4904,634.0155595184681,1,0.025,3.0391854693492255,-412.9152717590332,271998
4905,633.9591750177281,1,0.025,9.31157330491326,-413.4061806418679,272043
4906,632.869468719693,1,0.025,1.7788415600856144,-413.4836959838867,272090
4907,634.3303427282849,1,0.025,8.692192870637644,-414.7008016835088,272136
4908,634.4834911053023,1,0.025,1.7680261186931445,-412.49994957965356,272182
4909,634.6980540748264,1,0.025,1.8032215237617493,-415.03687982973844,272228
4910,634.0136466247526,1,0.025,10.535892968592437,-415.17085730511207,272275
4911,633.3725712750515,1,0.025,6.273022659446882,-412.9200611943784,272321
4912,633.0668511071988,1,0.025,2.1908467933535576,-412.51550165812176,272368
4913,633.9139219216114,1,0.025,1.6840215169865151,-414.5358210024626,272414
4914,633.9465793578979,1,0.025,2.848015764485235,-414.2365085767663,272460
4915,633.9414220195104,1,0.025,1.9529949750589288,-416.99518220320994,272506
4916,634.0118253968467,1,0.025,14.441415407087492,-414.0857331649117,272552
4917,633.5351412211592,1,0.025,26.49244063315184,-416.54431417713994,272598
4918,634.4176775924736,1,0.025,9.609406463477923,-413.4295481806216,272644
4919,633.7417234309607,1,0.025,34.49952319912288,-412.8329029912534,272691
4920,633.5594124047807,1,0.025,1.543242081351902,-413.4658096976902,272737
4921,634.0887212758513,1,0.025,8.285158678241398,-413.0212243121603,272782
4922,633.682540913871,1,0.025,3.5966308414936066,-412.5616566051136,272827
4923,634.0287489115274,1,0.025,26.900084973677345,-411.9252850076427,272872
4924,634.1102361787146,1,0.025,1.8220683517663374,-413.8277468474015,272918
4925,634.1686505841186,1,0.025,43.20204954950706,-414.8731928286345,272964
4926,634.1199882918357,1,0.025,37.104728315187536,-415.9474460767663,273010
4927,633.8870681466069,1,0.025,1.7594923810525374,-413.7429892800071,273055
4928,633.5260573418021,1,0.025,1.9033361226320267,-412.6788558959961,273102
4929,634.0186198348877,1,0.025,14.819407095963305,-413.5309697931463,273147
4930,633.3948877067963,1,0.025,9.529359988544298,-414.120385211447,273193
4931,633.8919370961052,1,0.025,31.070840089217477,-414.5056497325068,273239
4932,633.6648745751828,1,0.025,6.960695549197819,-413.9939389436141,273284
4933,633.0957673424322,1,0.025,5.401460041170535,-414.95960932192594,273331
4934,634.3705722154436,1,0.025,3.237651016401208,-415.56166010317594,273377
4935,633.6273549954319,1,0.025,6.313418494618458,-414.2105885381284,273422
4936,634.6106851386892,1,0.025,6.679833445859992,-414.7824149753736,273468
4937,633.325790584507,1,0.025,15.231942117214203,-412.89960910962975,273515
4938,633.627830612945,1,0.025,20.6694153961928,-414.05959684952444,273561
4939,633.5496373622179,1,0.025,4.17996806424597,-414.40381124745244,273607
4940,633.9702624644234,1,0.025,1.5712580732677295,-412.811719811481,273653
4941,634.1723701164482,1,0.025,3.088131578072258,-416.9132080078125,273699
4942,633.6879490956217,1,0.025,8.605530171290688,-414.57646908967394,273745
4943,633.772369712479,1,0.025,5.9039207100868225,-413.38579260784644,273791
4944,633.7142614130544,1,0.025,52.55343984520954,-411.6141596255095,273837
4945,634.2781897237933,1,0.025,28.099748383397642,-410.994652789572,273883
4946,633.7335554761881,1,0.025,20.516833528228428,-412.8765590501868,273928
4947,633.6001589741182,1,0.025,47.901699073936626,-413.69645624575406,273974
4948,633.4152853557678,1,0.025,11.239583200734595,-413.4583342179008,274020
4949,634.164990048539,1,0.025,1.8454737792844358,-411.2356235670007,274066
4950,634.0280697165177,1,0.025,1.3808082847491554,-410.8185756517493,274112
4951,633.841954538061,1,0.025,9.417004504929418,-413.3301829462466,274159
4952,634.1746163500985,1,0.025,1.3476685466973677,-413.62890359629756,274205
4953,634.0534045761316,1,0.025,14.846556713183721,-413.3106180826823,274252
4954,633.7843740734565,1,0.025,3.400287224487825,-412.01336947354406,274297
4955,634.186333002008,1,0.025,1.299713636222093,-412.58173668902856,274343
4956,632.92234307907,1,0.025,1.9525834644834201,-416.19599024454754,274391
4957,633.7426842074779,1,0.025,2.0633557438850403,-411.5049730383831,274436
4958,632.8405008873558,1,0.025,1.8992131559745125,-413.4945187775985,274483
4959,633.067170410438,1,0.025,5.055429549320884,-415.9455380647079,274529
4960,633.6911906814296,1,0.025,28.152169431249302,-414.40846252441406,274576
4961,633.5531422715871,1,0.025,1.5076424140821805,-415.48986261541194,274621
4962,634.0446098528635,1,0.025,1.4846233518227288,-413.5376321543818,274667
4963,633.8329723243985,1,0.025,1.846094927062159,-414.6179862644361,274713
4964,634.3009932215515,1,0.025,5.156199291996334,-414.8123832370924,274759
4965,633.174133345552,1,0.025,9.266906975458065,-413.88059488932294,274807
4966,633.7259875495789,1,0.025,1.6936858905398327,-411.42734295388925,274853
4967,633.9224731218874,1,0.025,6.414098774609358,-414.0777362325917,274898
4968,632.8109448734571,1,0.025,1.4142402125441509,-413.899634319803,274945
4969,633.5126286562031,1,0.025,8.859308175742626,-413.45180638631183,274993
4970,634.6023165660882,1,0.025,7.764250356218089,-414.52423095703125,275039
4971,634.2853721440445,1,0.025,1.160426984662595,-414.2798276154891,275085
4972,633.3484480901725,1,0.025,3.8621468958647354,-414.24274743121606,275131
4973,633.78768928102,1,0.025,20.152536967526313,-412.630359152089,275176
4974,633.4124028154604,1,0.025,3.033917521652968,-412.76960422681725,275222
4975,633.6715431554109,1,0.025,2.12867518175732,-413.51834383877843,275267
4976,633.6134795358363,1,0.025,5.273817869632141,-412.4138727602751,275312
4977,634.2887176830882,1,0.025,13.309220052283743,-414.2790341584579,275358
4978,633.8063137808233,1,0.025,10.174200893803077,-412.04295349121094,275403
4979,633.6278820766543,1,0.025,2.696213387924692,-413.17777285368544,275449
4980,634.7909249960562,1,0.025,2.0794506682002027,-415.6634216308594,275495
4981,634.5561535653678,1,0.025,17.12709561119909,-411.45735632854957,275541
4982,632.9332401375005,1,0.025,47.98629948620995,-413.2950897216797,275588
4983,633.3789599963643,1,0.025,53.67127812945324,-412.3549380095109,275634
4984,634.4118715512279,1,0.025,5.833999061066171,-414.1760691767154,275680
4985,633.2579136984765,1,0.025,13.493596308905145,-411.8526027513587,275726
4986,633.8225577929571,1,0.025,3.7371760088464487,-414.06293918775475,275773
4987,633.9065638250316,1,0.025,4.159712615220443,-413.8345270571501,275819
4988,633.4998011759741,1,0.025,24.063485923020735,-411.66969232973844,275865
4989,633.5101837842288,1,0.025,9.549195901207302,-414.73437765370244,275911
4990,633.344282655869,1,0.025,2.487227227376855,-413.5108363939368,275957
4991,634.2698022861155,1,0.025,57.106383976837,-413.71044540405273,276004
4992,634.7020928835587,1,0.025,5.619945340830347,-415.0922891368037,276050
4993,633.300182324828,1,0.025,6.723041381524957,-412.6918547257133,276097
4994,634.4521688695228,1,0.025,3.979006293027297,-413.6561942722486,276143
4995,633.6517678767624,1,0.025,10.892131933699483,-415.2188561480978,276188
4996,634.1017142888686,1,0.025,2.9540860639377073,-413.9846815629439,276233
4997,634.3204581721974,1,0.025,19.84202268590098,-412.79707800823707,276279
4998,634.0388530445687,1,0.025,20.09509580420411,-413.1793438455333,276325
4999,634.5685879495987,1,0.025,1.5616573820943418,-411.66310716711956,276371
5000,633.9704656378663,1,0.025,4.647923316644586,-414.30570917544156,276417
5001,633.4750735656119,1,0.025,6.608287563790446,-414.4117391835088,276462
5002,633.5642331454461,1,0.025,5.564031147438547,-414.23674475628394,276508
5003,633.0296781716839,1,0.025,3.173257370357928,-412.2310247006624,276555
5004,634.6699382856302,1,0.025,13.83192030761553,-415.2638576341712,276601
5005,633.98574939033,1,0.025,32.767866798069164,-413.69449914020043,276647
5006,633.6022560308467,1,0.025,1.873955515415772,-415.49121359120244,276693
5007,634.398878565188,1,0.025,1.4034167320831963,-415.0030557383662,276739
5008,634.3519093963507,1,0.025,1.2031878984492759,-414.2330760126529,276785
5009,634.0823726037615,1,0.025,16.382202294857606,-412.47815206776494,276831
5010,633.7497567830974,1,0.025,16.153977083123248,-411.9036506984545,276876
5011,634.4930714943965,1,0.025,5.124144958413166,-414.09533426036006,276922
5012,634.653028505243,1,0.025,1.3974425792694092,-411.46688046662706,276968
5013,633.455754811599,1,0.025,2.0942830728447954,-414.42983610733694,277015
5014,634.4037731203142,1,0.025,6.175715778184974,-412.8223956564198,277061
5015,633.4526500509369,1,0.025,5.695900431145793,-412.512486996858,277107
5016,634.3490143435881,1,0.025,3.0790439014849453,-413.82689500891644,277153
5017,633.6698775048964,1,0.025,27.738691656485848,-415.0551412831182,277198
5018,633.5774987367048,1,0.025,6.992853089519169,-413.10973988408625,277244
5019,634.0142466928918,1,0.025,3.8719499625942926,-413.7012148770419,277289
5020,634.0494638277642,1,0.025,7.640048739702805,-415.66122967263925,277335
5021,633.2063959280521,1,0.025,1.4542941649754841,-413.91114552815753,277382
5022,634.3546737244899,1,0.025,2.6785590570905935,-414.0611147673234,277428
5023,634.3642555390356,1,0.025,21.624721998753756,-416.13651176120925,277474
5024,633.2767508991625,1,0.025,5.611520438090615,-416.02172984247625,277520
5025,633.9898172080209,1,0.025,18.56003653484842,-413.1433145274287,277567
5026,633.4460024176358,1,0.025,4.148903258468794,-413.74575407608694,277613
5027,633.1915092826601,1,0.025,1.6462286969889766,-413.7565997579823,277659
5028,633.7184434465418,1,0.025,1.7333906876004261,-412.3790601647419,277705
5029,634.3927903491837,1,0.025,13.006643909475077,-409.3385301672894,277751
5030,634.1056317343256,1,0.025,16.265568437675636,-413.6786142985026,277798
5031,634.8124239959305,1,0.025,5.967452184013698,-411.87367049507475,277844
5032,634.5451550926583,1,0.025,4.784867268541585,-413.4360125997792,277891
5033,633.3030169410001,1,0.025,3.4482855200767517,-412.86628341674805,277938
5034,634.8421259968692,1,0.025,3.0711889811184094,-413.93854953931725,277984
5035,632.9949689203122,1,0.025,43.73733749208243,-412.601110043733,278031
5036,633.7175060651645,1,0.025,4.835191006245821,-412.5796455715014,278076
5037,633.975077866513,1,0.025,1.8724885764329329,-412.31951904296875,278122
5038,634.3579961106237,1,0.025,15.094399780035019,-414.8045216435971,278168
5039,633.7568420431935,1,0.025,3.376270812490712,-412.3868341860564,278214
5040,633.8161794044743,1,0.025,15.270676988622416,-415.0734823475713,278260
5041,633.4928055934091,1,0.025,4.795204553915107,-412.54666933806044,278306
5042,634.4062675778985,1,0.025,28.489235947961394,-410.3935374384341,278352
5043,634.135108747038,1,0.025,4.2261847322401795,-411.7504206118376,278398
5044,634.2303327165016,1,0.025,1.6705423463945803,-414.3911557404891,278445
5045,633.8760678415091,1,0.025,2.5643642233765642,-414.0946243949558,278491
5046,634.3809587442368,1,0.025,1.9698757542216259,-412.8469291355299,278537
5047,633.6985136056145,1,0.025,29.558455679727636,-413.61808312457543,278583
5048,634.6529147322939,1,0.025,33.02890226892803,-412.8245531165081,278629
5049,633.9797683297513,1,0.025,20.378395114255987,-413.41801386294156,278675
5050,634.4805910220789,1,0.025,1.3691212172093599,-412.9942202360734,278721
5051,634.2191380820267,1,0.025,1.7299808082373247,-412.83905825407606,278766
5052,633.7113811204706,1,0.025,1.4736348235088845,-413.6448908266814,278813
5053,634.1379517998726,1,0.025,2.0415378796017687,-412.27155735181725,278859
5054,635.1633256113971,1,0.025,15.769195656413617,-414.9470294454823,278905
5055,633.758442776837,1,0.025,17.16046168104462,-412.36765455163044,278951
5056,633.944713295314,1,0.025,16.712134897708893,-414.239686385445,278997
5057,633.8186818430187,1,0.025,7.112064426359923,-412.62365855341375,279043
5058,633.90579309117,1,0.025,8.270084530115128,-413.5953000386556,279090
5059,634.5655444776448,1,0.025,12.867635957572771,-414.50839631453806,279136
5060,633.9955641102174,1,0.025,9.89488421704458,-413.5566631814708,279182
5061,633.8207420411145,1,0.025,1.674230440803196,-413.81203692892325,279228
5062,634.6392895093627,1,0.025,7.518939347370811,-412.66121773097825,279274
5063,633.6940561162069,1,0.025,2.003121416677128,-412.57278719815343,279319
5064,633.733916911669,1,0.025,5.223117413620154,-413.30429458618164,279366
5065,633.8367109700366,1,0.025,18.50709741223942,-412.9787861217152,279411
5066,633.6814314516591,1,0.025,1.6870666405429011,-416.4927739682405,279457
5067,634.2228414270168,1,0.025,5.583167231601218,-413.73405390200406,279503
5068,632.6486397667268,1,0.025,15.75629160553217,-411.179983774821,279550
5069,634.330695502096,1,0.025,5.618493658045064,-411.8411427373471,279596
5070,633.2390471251604,1,0.025,22.4500585651916,-412.72707731827444,279642
5071,633.8437510939985,1,0.025,5.923545088457025,-415.302442467731,279688
5072,634.065943924508,1,0.025,1.5436935489592345,-413.70535543690556,279734
5073,634.6704633447363,1,0.025,1.2730343652808147,-414.7081604003906,279780
5074,634.2967724527825,1,0.025,2.0167081978010093,-412.4823993185292,279826
5075,633.6241003325551,1,0.025,1.7003478615180305,-412.1008924401325,279872
5076,633.4436423070956,1,0.025,2.7930979796431283,-412.3714974143288,279917
5077,634.0886754252684,1,0.025,27.67827198902766,-414.71252187093097,279964
5078,634.4518436596994,1,0.025,5.121503949165344,-413.84500918181044,280010
5079,633.6652369482968,1,0.025,32.13170004150142,-414.00324680494225,280056
5080,634.0994830703467,1,0.025,8.893556800078262,-411.4831529097124,280101
5081,633.8104417814809,1,0.025,5.312352505714997,-414.0135378630265,280146
5082,633.4639579311953,1,0.025,30.936716490465663,-412.25253826638925,280193
5083,634.2492536872413,1,0.025,8.180647663448168,-413.3910456118376,280239
5084,634.1119285012687,1,0.025,12.727093504741788,-411.03478876749676,280286
5085,633.9960057316047,1,0.025,2.249527651330699,-413.98605877420175,280332
5086,633.9445398008808,1,0.025,1.9869460680268027,-414.024751143022,280377
5087,634.6226753978201,1,0.025,1.3433796763420105,-412.6883226477581,280423
5088,633.9390355126254,1,0.025,18.243835832761683,-410.81740404211956,280469
5089,633.69428394501,1,0.025,3.786507688138796,-414.5277033266814,280514
5090,633.1291868259453,1,0.025,2.1748023421868035,-413.91864411727244,280560
5091,634.4095770962635,1,0.025,14.507649108119633,-414.1920086404552,280606
5092,633.3853662972864,1,0.025,5.3521776886089985,-412.91740881878394,280653
5093,633.7294139025225,1,0.025,1.2141489321770875,-410.8181351371433,280699
5094,634.2259548885763,1,0.025,1.3408143986826357,-412.6706980829654,280745
5095,634.0089119701547,1,0.025,2.3036549953014953,-412.4168740977412,280790
5096,634.5921829739967,1,0.025,3.9899751595828845,-415.16103197180706,280836
5097,634.6793844874251,1,0.025,9.2167801183203,-413.77753879712975,280882
5098,634.7337808410668,1,0.025,21.97705218584641,-413.57120016346806,280928
5099,633.3788466564818,1,0.025,1.419494294601938,-411.70640630307406,280975
5100,633.779295124335,1,0.025,3.707291680833568,-416.2905326511549,281020
5101,634.6631176133574,1,0.025,1.240931009468825,-411.11821448284644,281066
5102,633.7891337823426,1,0.025,36.76533793366474,-412.4144048276155,281113
5103,634.415669519174,1,0.025,6.421818945718848,-411.5996160092561,281159
5104,633.814929063357,1,0.025,15.117618831603423,-412.17412135912025,281205
5105,633.6945682922126,1,0.025,4.423513980015464,-412.47786679475206,281251
5106,633.7917659875984,1,0.025,20.723864164041437,-411.43019037661344,281296
5107,633.7185235593322,1,0.025,4.059213640897171,-411.8915100097656,281342
5108,634.0453514889182,1,0.025,5.905372772704471,-411.685771595348,281387
5109,633.5483747234928,1,0.025,6.920293693741162,-412.6470362345378,281434
5110,633.0970569332392,1,0.025,43.591661450655565,-411.9622285262398,281480
5111,633.7122060600258,1,0.025,4.163479567928747,-413.54456814852625,281525
5112,633.8442721009969,1,0.025,0.9679335252098415,-415.960496985394,281571
5113,633.8209954398761,1,0.025,11.593000818853794,-414.07783176587975,281616
5114,633.9869000542523,1,0.025,3.7778751876043235,-415.34006666100544,281662
5115,634.3330862466638,1,0.025,34.33914621498274,-413.61807516346806,281708
5116,633.9107295290629,1,0.025,2.2201873945153277,-411.4952817170516,281754
5117,634.058360803622,1,0.025,2.059363878291586,-413.59418786090356,281800
5118,633.9560901970599,1,0.025,3.585576137770777,-413.76984040633494,281847
5119,633.8858395584153,1,0.025,6.786291693863661,-413.3603236986243,281893
5120,633.7917026342307,1,0.025,1.3663600229698678,-412.7763963782269,281938
5121,634.5348151688444,1,0.025,23.57714372355005,-412.0290341584579,281984
5122,633.8880217071187,1,0.025,1.4051127217032693,-412.26944247159093,282029
5123,621.9989615454119,1,0.025,1.6700403785705566,-415.0915380859375,282078
5124,632.9629653098052,1,0.025,3.2722069983897,-413.9146502950917,282125
5125,634.2567016610617,1,0.025,2.7715049204619033,-412.19195556640625,282171
5126,633.4695472599201,1,0.025,29.79209177692731,-411.3419253031413,282218
5127,634.1202728655642,1,0.025,4.388048606074375,-414.1591173254925,282264
5128,634.5845032957766,1,0.025,5.723248813463294,-412.0537533967391,282310
5129,633.8619140621765,1,0.025,16.497421655965887,-410.9107201617697,282356
5130,633.7214253963909,1,0.025,4.09854057431221,-412.8357238769531,282401
5131,633.2475360718299,1,0.025,3.2976918168689893,-413.7036053201427,282447
5132,634.4981759515215,1,0.025,1.6768072195675061,-412.63472449261207,282493
5133,634.2803170875738,1,0.025,4.793003248671691,-412.6674092610677,282540
5134,633.785864043199,1,0.025,14.311724259801533,-416.0662085491678,282586
5135,633.8495634072101,1,0.025,20.692606112231378,-414.6770298170007,282632
5136,634.4263650394827,1,0.025,1.1279101449510325,-415.5311982528023,282678
5137,634.8229127288901,1,0.025,1.2689651846885681,-413.8661936884341,282724
5138,633.264738070553,1,0.025,16.492018800714742,-413.3614143703295,282770
5139,633.9095896185322,1,0.025,20.06597761809826,-414.5608076615767,282815
5140,634.5808844475101,1,0.025,16.91066118167794,-414.05529652471125,282861
5141,634.1803915456193,1,0.025,20.325297701617945,-414.0194848102072,282906
5142,634.0499653939771,1,0.025,1.7560870699260547,-410.9963060461956,282952
5143,634.2096769353889,1,0.025,1.7505526801814204,-412.1341605808424,282998
5144,633.5073263549409,1,0.025,1.6147373989224434,-410.9068260192871,283046
5145,634.1066601697792,1,0.025,5.413668057192927,-411.717969811481,283092
5146,634.2171141465238,1,0.025,7.438578310220138,-413.8276539678159,283138
5147,633.9893233429452,1,0.025,17.683015286922455,-410.65673562754756,283184
5148,634.2276349409993,1,0.025,1.3187892177830571,-412.27575418223506,283230
5149,633.5947271251655,1,0.025,1.2506749589334836,-412.29538518732244,283275
5150,633.7057805525563,1,0.025,9.167697051297063,-412.0682970129925,283321
5151,633.7641558870979,1,0.025,2.435172806615415,-412.19327578337294,283367
5152,634.2151689615789,1,0.025,15.861404982597932,-412.3256995159647,283413
5153,634.3099384116547,1,0.025,6.521249672640925,-413.64501024329144,283459
5154,634.1104067318497,1,0.025,3.23716764346413,-412.77356885827106,283505
5155,633.6634359173928,1,0.025,4.637047757273135,-413.84659078846806,283551
5156,634.001496644112,1,0.025,17.52001739044984,-411.93062591552734,283598
5157,633.812127607956,1,0.025,2.5765140030695046,-414.0345339567765,283644
5158,634.4967908354122,1,0.025,22.060433976028275,-412.6506865128227,283690
5159,634.1526761746145,1,0.025,1.1729838226152502,-412.6895685610564,283736
5160,617.7518174557409,1,0.025,3.0008771754801273,-412.6882438659668,283785
5161,634.4558201886964,1,0.025,10.67544863405435,-411.7938113005265,283831
5162,633.1940281979537,1,0.025,5.542284224344336,-411.9569569463315,283877
5163,635.0811856385466,1,0.025,9.623184782007467,-412.598573104195,283923
5164,634.0860737447614,1,0.025,7.578320538220198,-412.08542268172556,283969
5165,633.777808823706,1,0.025,26.74997120971481,-413.00295639038086,284016
5166,633.4171825791843,1,0.025,1.1423506775627965,-411.810350501019,284062
5167,633.7513270216106,1,0.025,8.868730038404465,-414.7632793079723,284107
5168,633.2905307595663,1,0.025,50.97915449090626,-411.9654580821162,284153
5169,633.8591344209939,1,0.025,2.078781353930632,-411.3761469523112,284200
5170,633.9918707502553,1,0.025,9.579425099103346,-410.85336701766306,284247
5171,633.2524980484814,1,0.025,3.7800372590621314,-412.8257319132487,284294
5172,633.0841441255754,1,0.025,1.1490544028904126,-414.3899363642154,284341
5173,633.8014072046988,1,0.025,18.444951104081195,-413.3938903808594,284387
5174,633.5800532101583,1,0.025,73.13959057953046,-415.2962566873302,284432
5175,633.5497415559331,1,0.025,2.841137638558512,-413.41546630859375,284479
5176,634.318445372421,1,0.025,19.690441253392592,-413.2437929899796,284525
5177,634.358769363423,1,0.025,32.65662393880927,-411.87346615998644,284571
5178,633.6403365811491,1,0.025,25.32439711689949,-415.84328842163086,284618
5179,633.1316565337786,1,0.025,1.517877740704495,-413.4763701065727,284664
5180,634.5135926343401,1,0.025,3.4988697093466055,-409.5123808487602,284710
5181,634.4022352834766,1,0.025,1.4371273971122245,-413.8663887355639,284756
5182,633.9100208246728,1,0.025,2.1823847754435106,-412.6086994517933,284801
5183,634.596642909906,1,0.025,3.522566979346068,-411.93048493758494,284847
5184,634.3287327347405,1,0.025,16.427077303762022,-412.081971541695,284893
5185,634.1388384612992,1,0.025,4.31997598124587,-411.3802848484205,284938
5186,634.1025451886785,1,0.025,16.923386467539746,-408.0606742527174,284984
5187,634.0449086201612,1,0.025,71.75286744988483,-411.6398129670516,285030
5188,633.4938873987563,1,0.025,3.8888130667416947,-413.56103648310125,285076
5189,634.1211491322699,1,0.025,0.8461459395678147,-414.3018161939538,285122
5190,634.5629858374946,1,0.025,10.889952009138854,-414.15897402556044,285168
5191,634.1049985237405,1,0.025,17.85318025404757,-413.8537777987394,285213
5192,633.8419043804835,1,0.025,4.986294760652211,-413.60258417544156,285258
5193,634.4290084184056,1,0.025,2.2518406354862712,-413.13613493546194,285304
5194,633.6965445176558,1,0.025,10.175531047841776,-411.8207331118376,285350
5195,633.1450905477689,1,0.025,4.6902380106241806,-411.4432319972826,285396
5196,633.7863906710801,1,0.025,19.143905127590354,-411.89959023215556,285441
5197,633.8358167057137,1,0.025,6.910777720420257,-413.0261429496433,285486
5198,634.5621127501252,1,0.025,10.439902178619219,-413.0011623216712,285532
5199,634.2138606579753,1,0.025,1.5256656900696133,-412.7926370371943,285578
5200,633.2132203796226,1,0.025,2.890010310255963,-411.92043536642325,285624
5201,634.5556606730042,1,0.025,12.552743688873623,-411.06342746900475,285670
5202,634.2269664403987,1,0.025,40.451642536598705,-413.53735484247625,285717
5203,633.9595183117831,1,0.025,8.992652390314186,-412.3370122494905,285763
5204,633.7654368424851,1,0.025,24.282208592995353,-411.41733318826425,285809
5205,633.9641651145341,1,0.025,1.6438881081083547,-412.3302599036175,285854
5206,632.5369714736418,1,0.025,38.28677839537462,-414.1315561930339,285902
5207,634.1022657877845,1,0.025,19.538689408613287,-411.8793772821841,285948
5208,634.3399284475273,1,0.025,1.484294541504072,-412.6880174719769,285994
5209,634.4896656858326,1,0.025,8.807969077773716,-412.1294131071671,286040
5210,633.6632122360413,1,0.025,15.642089926678201,-409.1672058105469,286087
5211,633.4809050706866,1,0.025,2.1805733545966772,-414.33984242314875,286133
5212,633.4449930074636,1,0.025,8.53943395225898,-411.6168809973675,286179
5213,634.0863287530702,1,0.025,3.9004448108051135,-409.61740643045175,286225
5214,634.2044055469104,1,0.025,13.129216912000075,-411.183653458305,286271
5215,633.922867068885,1,0.025,1.3525206990863965,-411.58588840650475,286316
5216,634.122430247125,1,0.025,1.2692898045415464,-412.5485892917799,286362
5217,634.6031147856775,1,0.025,42.213033584031194,-413.4671838933771,286407
5218,634.4204460338988,1,0.025,68.98256457888561,-412.74722555409306,286453
5219,633.5692715724122,1,0.025,3.659627043682596,-410.0048602560292,286499
5220,634.7476891268573,1,0.025,6.55975618051446,-411.4891914699389,286545
5221,634.3536453388022,1,0.025,22.67676155463509,-412.4911790930706,286591
5222,633.2713633192145,1,0.025,1.7536618852097055,-412.7080953846807,286637
5223,634.2987333968042,1,0.025,6.764050950174746,-413.9452381963315,286683
5224,634.3836895467076,1,0.025,17.519068331822105,-413.0034922724185,286729
5225,633.5806746228736,1,0.025,12.070305952559346,-411.51995451554006,286775
5226,633.2760870728285,1,0.025,34.59284534920817,-411.49858823029894,286821
5227,633.2800626307373,1,0.025,1.7108238430126854,-414.31403649371606,286867
5228,633.6225874156978,1,0.025,30.205796542374983,-409.68911212423575,286912
5229,633.0176189210039,1,0.025,10.651947568292202,-413.6470045006794,286958
5230,634.2270660491341,1,0.025,65.80249599270199,-412.9120058806046,287004
5231,633.4768293791872,1,0.025,28.00964809500653,-412.4306813115659,287050
5232,633.7639411681118,1,0.025,18.520494922995567,-412.5336442427202,287095
5233,634.6294832374224,1,0.025,16.000475353520848,-413.6908834706182,287141
5234,634.2302644762065,1,0.025,4.884974381198054,-410.25534455672556,287187
5235,633.9758869886766,1,0.025,2.084754375120004,-412.937255859375,287234
5236,633.9216993301671,1,0.025,32.66980581662872,-413.1058155406605,287279
5237,633.562261276956,1,0.025,10.384743573872939,-413.4209422235904,287325
5238,633.7213010807842,1,0.025,10.840716898441315,-414.8777890412704,287370
5239,617.5549111023054,1,0.025,17.006674268245696,-411.31173828125,287420
5240,633.3747773265893,1,0.025,1.8918316500342411,-414.6110680621603,287467
5241,633.9789311988698,1,0.025,3.5179533635576568,-410.7293535868327,287514
5242,633.7675093678893,1,0.025,25.61514709695526,-412.4811666737432,287560
5243,633.7240355744293,1,0.025,67.68135438017224,-414.3817417310632,287606
5244,633.7741128947649,1,0.025,5.172226892865223,-411.1730519170346,287652
5245,634.5003874758926,1,0.025,18.989313987286195,-415.5702567722486,287699
5246,633.7838200931694,1,0.025,3.5311551094055176,-413.40495233950406,287744
5247,633.839299819996,1,0.025,16.05869888611462,-411.78043664020043,287790
5248,634.1079294361464,1,0.025,16.598113363203794,-413.2490234375,287836
5249,633.8431652534209,1,0.025,1.4474367369776187,-411.8305000636889,287883
5250,633.7527463944641,1,0.025,22.91174999527309,-413.5054374363111,287928
5251,633.8268236842525,1,0.025,1.1475414728576487,-413.1624367453835,287973
5252,633.8419637875938,1,0.025,34.605929747871734,-412.23715740701425,288018
5253,634.319248595981,1,0.025,7.512732522643131,-412.8498933211617,288064
5254,633.7302112887303,1,0.025,7.865910069508986,-413.12455333362925,288109
5255,634.0590433213232,1,0.025,25.207824058506798,-413.2172426970109,288155
5256,632.945453818057,1,0.025,2.25510327194048,-414.07919709578806,288201
5257,634.2309253063057,1,0.025,6.004502394924993,-412.6580850352412,288247
5258,634.0681341590592,1,0.025,79.65511749360873,-412.2139958920686,288293
5259,634.1508385210983,1,0.025,2.864208998887435,-412.75167050568956,288338
5260,633.7545615051366,1,0.025,36.56933125723963,-411.9536477793818,288385
5261,633.3027565685394,1,0.025,13.013582198516183,-411.07647705078125,288431
5262,633.5218391744459,1,0.025,1.5926500608523686,-410.4878323872884,288478
5263,633.4415088883059,1,0.025,2.5365867200105088,-413.9112190578295,288524
5264,633.8844441188969,1,0.025,34.264901106772214,-411.6918666673743,288570
5265,633.9672186840868,1,0.025,1.544026178392497,-413.6411216042259,288615
5266,633.7842455576721,1,0.025,18.59612568565037,-412.1663924507473,288660
5267,633.6611164038864,1,0.025,2.3580337801705236,-413.79701166567594,288706
5268,633.9037077204664,1,0.025,6.218894403913747,-409.8136915123981,288752
5269,634.8219595785881,1,0.025,40.16303940441298,-414.0662921407948,288798
5270,633.899438876332,1,0.025,1.9218251705169678,-411.0776922052557,288843
5271,633.9090930434957,1,0.025,18.52046025317648,-412.4310116975204,288889
5272,634.2682952835495,1,0.025,40.34750467797984,-412.3323921535326,288935
5273,633.8353482307593,1,0.025,8.54576734205087,-409.25712458292645,288982
5274,633.6134326372193,1,0.025,1.1649578322063794,-412.82209916548294,289027
5275,633.2640165522107,1,0.025,2.5105249907659446,-410.75458825152856,289073
5276,633.7811389696489,1,0.025,1.2349537114302318,-411.0453567504883,289120
5277,633.3667907275271,1,0.025,7.627947794354481,-410.86835778277856,289166
5278,634.3852257275962,1,0.025,6.221701471701913,-412.3505899180537,289212
5279,634.5515736581624,1,0.025,4.77776932457219,-412.0441854725713,289258
5280,633.9307782949234,1,0.025,8.344253144834353,-413.1770656419837,289304
5281,633.4588723072629,1,0.025,3.3224346534065576,-410.537341573964,289351
5282,633.2297963043438,1,0.025,4.345482767924018,-412.5165259319803,289397
5283,634.2165833509486,1,0.025,7.843731862047444,-413.0923634404721,289443
5284,634.122116352583,1,0.025,12.683474488880323,-411.36703225840694,289489
5285,633.7355821648591,1,0.025,32.05994216125944,-410.9577716329823,289534
5286,633.7759171702097,1,0.025,16.98794922503558,-411.73114984685725,289579
5287,633.9609225084869,1,0.025,4.290614708610203,-414.8724657141644,289625
5288,634.1430847254836,1,0.025,11.54014785134274,-412.3975047235904,289671
5289,634.0764289157105,1,0.025,1.301984807719355,-410.72256071671194,289717
5290,633.7467262520368,1,0.025,5.546427371709243,-411.7227504564368,289762
5291,634.4464734949657,1,0.025,29.10382581534593,-410.69395513119906,289808
5292,634.0611796848043,1,0.025,17.012744879180733,-411.7333623712713,289853
5293,634.0812166856625,1,0.025,4.157061780276506,-413.80423769743544,289899
5294,634.3536918098583,1,0.025,3.231849406076514,-412.12906945270043,289945
5295,633.9114729158443,1,0.025,1.674296524213708,-412.98817244819975,289990
5296,633.6211210259685,1,0.025,37.38296921356864,-413.866979184358,290036
5297,607.1252563374937,1,0.025,4.371786677837372,-412.501806640625,290087
5298,633.8030912461358,1,0.025,6.636234393964211,-414.18995157877606,290134
5299,633.3358854058586,1,0.025,22.098953363688096,-413.01051264223844,290181
5300,633.8173060653857,1,0.025,5.365935872430387,-413.7821602199389,290227
5301,634.0296957560906,1,0.025,3.8842976326527805,-411.3111970320992,290273
5302,634.1999501458631,1,0.025,41.52589285114537,-412.3515160602072,290319
5303,634.0967248126254,1,0.025,18.557347869095594,-412.6718285602072,290364
5304,633.6924342931737,1,0.025,1.4484157225360041,-414.7197079865829,290410
5305,633.271041542559,1,0.025,3.4841481162154158,-411.8461728303329,290456
5306,634.1288532458076,1,0.025,12.31400186860043,-411.1204913595448,290502
5307,634.6452223751071,1,0.025,47.36154883063358,-412.02423891813856,290548
5308,634.3755553809436,1,0.025,3.781562240227409,-414.1380296790081,290594
5309,633.2996652282508,1,0.025,3.0102094074954158,-412.9551683508831,290640
5310,633.8061664436774,1,0.025,22.748077677643817,-413.18984587296194,290687
5311,634.5190280480115,1,0.025,5.402379953342935,-411.99897832455844,290733
5312,633.4778717441709,1,0.025,1.0941942126854607,-414.5834018873132,290779
5313,633.6992830414545,1,0.025,10.752671284520108,-411.656285824983,290824
5314,633.5253020658927,1,0.025,4.210422743450511,-412.6578729802912,290869
5315,634.2108577080555,1,0.025,7.862673006627871,-412.4636973505435,290915
5316,633.8048883359293,1,0.025,68.61781204988559,-411.1569646199544,290962
5317,633.6489773180106,1,0.025,11.137356741272885,-411.77770863408625,291008
5318,634.0999160477322,1,0.025,1.7110529325225137,-412.6145185990767,291053
5319,634.2082575258801,1,0.025,3.246613108593485,-411.60161159349525,291099
5320,633.6544944913927,1,0.025,7.844736979059551,-411.7783242930537,291144
5321,634.1307276507648,1,0.025,6.666264987510184,-411.7361834982167,291190
5322,633.8980413135907,1,0.025,14.642681929080382,-411.9743957519531,291236
5323,634.4596884292303,1,0.025,63.213806661574736,-410.82048499065894,291282
5324,634.2298443288042,1,0.025,38.423974928648576,-409.9907306173573,291328
5325,633.7150203175163,1,0.025,5.353717163853023,-412.37190710979957,291374
5326,634.0649062501242,1,0.025,1.2915421724319458,-410.0128359587296,291421
5327,633.6124599435194,1,0.025,5.447404045125713,-412.80955704398775,291467
5328,633.3198348902487,1,0.025,1.3436597378357598,-414.4831728727921,291513
5329,633.5342877286225,1,0.025,8.386203524859056,-409.7880156143852,291558
5330,634.0964715418345,1,0.025,11.38663870614508,-412.063768469769,291604
5331,633.9246213131787,1,0.025,1.4737960203834202,-412.2446342136549,291650
5332,634.3912976739716,1,0.025,22.125440727109495,-411.34817106827444,291696
5333,634.1877993050061,1,0.025,8.260389799657075,-412.5647596276325,291743
5334,634.1460401892981,1,0.025,4.03227076323136,-412.60647052267325,291789
5335,633.5906616818274,1,0.025,2.861079003499902,-411.39692754330844,291835
5336,634.7538553742243,1,0.025,7.179886605428613,-411.17823592476225,291881
5337,633.5328308378039,1,0.025,3.6386017669802126,-412.1908396845279,291927
5338,634.3839633596838,1,0.025,3.9622650664785635,-412.45787645422894,291973
5339,634.3857297369007,1,0.025,1.955858614133752,-413.74453204611075,292019
5340,633.2808972037035,1,0.025,6.142401613295078,-414.923334757487,292066
5341,633.4706761462745,1,0.025,1.4691733419895172,-413.0686520663175,292111
5342,633.4772958891585,1,0.025,20.82495784111645,-414.73402338442594,292156
5343,633.4909050636548,1,0.025,3.6988972866016887,-412.11894557787025,292202
5344,634.1426378658765,1,0.025,23.4688016888888,-412.0744230850883,292248
5345,634.3957566038478,1,0.025,3.8597641379936882,-410.2926383640455,292294
5346,633.5056821409606,1,0.025,46.12787024871163,-413.3878134022588,292340
5347,634.7809645987296,1,0.025,6.056279845859693,-412.66207620371944,292386
5348,633.7188216005565,1,0.025,1.4962847530841827,-411.84489995783025,292431
5349,633.3347167055904,1,0.025,71.72534795602162,-411.1735026041667,292478
5350,633.4913747976213,1,0.025,1.2656106067740398,-411.79877903150475,292524
5351,633.5158052462248,1,0.025,13.07277299599214,-413.9523398659446,292569
5352,633.6480268754766,1,0.025,12.759296825776497,-413.5412762959798,292616
5353,634.0437036206351,1,0.025,1.7885467941346376,-411.7740053923234,292662
5354,633.4116565528954,1,0.025,1.2244581010030664,-414.5723478897758,292708
5355,633.3188859023809,1,0.025,4.084853991218235,-412.64416238536006,292754
5356,634.4838472414514,1,0.025,10.2969353147175,-414.82292507005775,292800
5357,634.3262983214559,1,0.025,60.113641839960344,-411.814465066661,292846
5358,633.2431901640488,1,0.025,7.349603735882303,-410.03001470151156,292892
5359,634.56565747785,1,0.025,14.720533910004988,-413.85410474694294,292938
5360,633.7712537748753,1,0.025,1.5655191437057827,-412.1662889563519,292984
5361,634.4251452199272,1,0.025,5.5990756918554725,-412.6157744034477,293030
5362,633.6184125771223,1,0.025,1.9659085490486838,-414.17430114746094,293075
5363,633.641476791966,1,0.025,104.76032189053038,-410.9365937606148,293120
5364,633.7592269582412,1,0.025,5.293329301087753,-410.7085757048234,293166
5365,633.548734629456,1,0.025,12.742037320678884,-412.88967340642756,293211
5366,633.4886162255008,1,0.025,21.61311705475268,-411.6804013459579,293256
5367,633.6245598919159,1,0.025,4.72552003101869,-414.0268263383345,293301
5368,633.0380820890571,1,0.025,53.66512849797373,-411.445604407269,293347
5369,634.4636618052896,1,0.025,1.5411250669023264,-410.55058752972144,293393
5370,633.5116461980152,1,0.025,3.024562586908755,-413.0315113896909,293438
5371,633.8479457182254,1,0.025,3.4050363833489627,-412.0001393193784,293484
5372,633.5461973030299,1,0.025,62.780561776264854,-411.1658763056216,293530
5373,634.0554427272702,1,0.025,8.817113735459067,-409.78458057750356,293575
5374,633.8156707928422,1,0.025,3.056478079246438,-411.5626658564029,293621
5375,634.1425195273632,1,0.025,20.542093567550182,-411.03211212158203,293668
5376,633.4421855706494,1,0.025,9.854465596053911,-410.95799852454144,293714
5377,634.1482702204512,1,0.025,10.308485292870065,-410.7979696522588,293760
5378,634.5760355220452,1,0.025,12.525976580122244,-412.86618970788044,293806
5379,634.0798132868272,1,0.025,1.403743326663971,-410.0756517493206,293852
5380,634.4526539226155,1,0.025,6.95076573283776,-409.6934509277344,293898
5381,634.2806931516404,1,0.025,6.971221735943919,-412.3248582922894,293944
5382,634.6043704145555,1,0.025,4.74051575038744,-411.2152444590693,293990
5383,634.787479424353,1,0.025,1.2596840495648591,-411.89749808933425,294036
5384,634.625560342741,1,0.025,3.916105155063712,-413.9176065196162,294082
5385,634.4109966578797,1,0.025,1.6535175883251687,-411.57446156377375,294128
5386,633.6418583677228,1,0.025,5.683573765599209,-412.0728826108186,294174
5387,633.514894911807,1,0.025,1.2933616624637083,-414.49021079323506,294219
5388,633.3122401920957,1,0.025,2.6230362554391227,-412.45784250895184,294267
5389,633.9004462633679,1,0.025,1.6191275702870411,-412.9299541970958,294312
5390,634.0540914073623,1,0.025,22.651760746603426,-410.5477480681046,294359
5391,634.0654961887662,1,0.025,1.6682062200877978,-411.3997245456861,294405
5392,633.6919951970926,1,0.025,5.250261407831441,-411.3595262610394,294451
5393,633.5348679110789,1,0.025,26.6191121974717,-413.85019318953806,294496
5394,633.8991022360183,1,0.025,1.1434505134820938,-415.9745261452415,294541
5395,633.2543315273614,1,0.025,5.227677801380986,-410.8196583623471,294587
5396,633.3581738208702,1,0.025,2.012063725541035,-410.8398081461589,294634
5397,634.6204787982308,1,0.025,8.957830558652462,-412.7474643873132,294680
5398,633.4461095518116,1,0.025,60.66440481206645,-413.7099144977072,294727
5399,633.6773221873176,1,0.025,2.1742931967196255,-411.6964071522588,294773
5400,633.7751137058428,1,0.025,7.1005626519521075,-412.07103729248047,294820
5401,633.2534050840792,1,0.025,7.896737435589666,-413.60539710003394,294866
5402,633.5715646804014,1,0.025,30.78213753907577,-413.180419921875,294912
5403,633.0094630613382,1,0.025,5.8124077371929,-411.17174364172894,294959
5404,634.3884336663409,1,0.025,8.698017658098884,-413.03991566533625,295005
5405,633.8750920102055,1,0.025,22.22791068320689,-414.27801646357,295051
5406,633.5866168689125,1,0.025,9.711424047532288,-410.2942995817765,295096
5407,633.6457747447547,1,0.025,22.355297340588137,-411.297231500799,295141
5408,633.3500589491584,1,0.025,3.055973292692848,-410.02482140582543,295187
5409,633.8661131861384,1,0.025,1.485324890717216,-412.0389696204144,295232
5410,633.8048809394486,1,0.025,1.2833498431288677,-413.62890890370244,295278
5411,634.379516177921,1,0.025,47.42487775501998,-410.7920717985734,295324
5412,633.6385624424485,1,0.025,32.8952048339627,-410.8170360218395,295369
5413,633.5810906539155,1,0.025,14.753512302170629,-411.7756573220958,295414
5414,633.9430263808553,1,0.025,5.360330724197885,-411.17676046620244,295460
5415,634.7241704720243,1,0.025,8.695085480809212,-412.55948539402175,295506
5416,634.2930171258371,1,0.025,2.185624142055926,-413.9716398819633,295552
5417,633.2760137723427,1,0.025,4.333318295686142,-413.5559944484545,295598
5418,634.634241024584,1,0.025,5.982602199782496,-412.92048180621606,295644
5419,634.1165645607263,1,0.025,3.5443964952772316,-411.6022352738814,295689
5420,633.762651986486,1,0.025,1.4606782236824865,-412.8290020486583,295734
5421,633.8374232718008,1,0.025,16.717904386313066,-411.8757961107337,295781
5422,633.3917724420107,1,0.025,5.125021955241328,-411.7060852050781,295827
5423,633.6430766309228,1,0.025,48.46993471228558,-410.87854136591375,295873
5424,633.3825225331776,1,0.025,2.942103795707226,-410.55371983846027,295920
5425,634.3467017047867,1,0.025,5.436707035354946,-409.26938264266306,295966
5426,634.2741692095786,1,0.025,2.045294201892355,-412.13893724524456,296012
5427,633.6563971183436,1,0.025,33.895369265567176,-412.7569191672585,296057
5428,633.2561094942282,1,0.025,20.482047889543615,-409.64149408755094,296103
5429,633.5756078835979,1,0.025,6.413039318893267,-410.74460767663044,296149
5430,634.0621474043508,1,0.025,1.194139671066533,-409.55304353133494,296195
5431,634.5573060301037,1,0.025,5.982487493235132,-414.0831776494565,296241
5432,633.9202080092473,1,0.025,13.23868990316987,-414.06914138793945,296288
5433,633.8514702185632,1,0.025,0.9937826200671818,-410.98017153532606,296335
5434,633.8901709275007,1,0.025,42.32305141635563,-410.3341356360394,296381
5435,633.8695089210328,1,0.025,1.4866127579108528,-409.5660227899966,296427
5436,633.9990008857995,1,0.025,18.770088579343714,-411.7961120605469,296472
5437,633.9812381114612,1,0.025,8.426592815181483,-410.9328891920007,296518
5438,633.9206008215458,1,0.025,3.8371611616828223,-411.8291958895597,296563
5439,633.6180612811573,1,0.025,3.0829428343669227,-412.3720477560292,296608
5440,633.5925625092194,1,0.025,62.64636356934257,-411.83076145337975,296654
5441,633.7135443802774,1,0.025,1.3164247084747662,-413.14662863991475,296699
5442,634.1398948192291,1,0.025,5.026260520021121,-413.656977335612,296746
5443,633.9922127188291,1,0.025,4.874816647042399,-414.05010853643,296792
5444,633.883167799693,1,0.025,9.987177270910014,-409.30261363153875,296838
5445,634.2213060460849,1,0.025,33.96106747181519,-409.89942335045856,296884
5446,633.5267164258273,1,0.025,25.183539460534636,-412.7186120074728,296930
5447,633.4835991098583,1,0.025,2.6733226763165514,-412.2885543159817,296977
5448,633.1076178913406,1,0.025,4.24886082795759,-409.9475555419922,297024
5449,634.4810141413363,1,0.025,19.52406473133875,-409.2479792055876,297070
5450,633.8452829884741,1,0.025,3.017602241557577,-410.6550452190897,297116
5451,633.9854441537769,1,0.025,46.49205712650133,-410.0427803371264,297162
5452,633.8591179041626,1,0.025,55.90834824416948,-410.5904182765795,297208
5453,633.5845187368936,1,0.025,12.329151368659476,-410.7458297066067,297254
5454,629.0390360338503,1,0.025,23.511863622976385,-411.8665293817935,297301
5455,633.7574768623996,1,0.025,7.800898076399513,-411.72570535411006,297347
5456,633.4885227810175,1,0.025,1.2621517246184142,-411.16130397630775,297392
5457,633.3328853302073,1,0.025,2.7697566281194272,-413.01591823412025,297438
5458,634.3392083529525,1,0.025,3.2091551086176997,-411.6509571904721,297484
5459,633.9295836041287,1,0.025,2.774081960968349,-411.0944399626359,297530
5460,633.06258882727,1,0.025,24.937693829121798,-412.4064384128736,297576
5461,633.3429053150769,1,0.025,12.130901584158773,-412.6670917013417,297622
5462,633.3621537427921,1,0.025,7.041169998438462,-411.39987713357675,297669
5463,634.2526942519082,1,0.025,2.9776363800401273,-410.58452307659644,297715
5464,634.0894447156905,1,0.025,1.077153135900912,-413.1572225819463,297760
5465,633.444480416007,1,0.025,3.5220033552335654,-411.61175935164744,297806
5466,634.1312949927408,1,0.025,5.5539195174756255,-413.11754044242525,297852
5467,634.5050965517851,1,0.025,2.9518422354822573,-409.96102109162706,297898
5468,634.1437848387233,1,0.025,79.468362999999,-412.8478008767833,297944
5469,634.1906214077696,1,0.025,1.3082047578963367,-414.7787225896662,297989
5470,634.0272823419903,1,0.025,1.2758025228977203,-411.3328923764436,298035
5471,633.5161446632312,1,0.025,15.249226406864498,-411.150438391644,298081
5472,633.2542983460094,1,0.025,2.894060337295135,-411.09821065266925,298128
5473,557.5021131959168,1,0.025,1.3726196100314458,-412.67796223958334,298188
5474,634.0203209751769,1,0.025,36.85168347304518,-413.04111550071025,298233
5475,634.193768798862,1,0.025,2.8529163780419724,-411.3243222443954,298279
5476,633.971421341781,1,0.025,3.6295966959517934,-411.7404493248981,298324
5477,634.0159547778835,1,0.025,1.606046351519498,-413.49527116255325,298369
5478,634.1883851476134,1,0.025,3.7562543607276417,-410.4776903235394,298415
5479,633.4085819910913,1,0.025,1.2380077929600426,-412.6456856105639,298461
5480,634.3124474683452,1,0.025,13.015298537586046,-412.74077174974525,298507
5481,633.9468343513122,1,0.025,2.15403274608695,-410.6247386103091,298552
5482,633.2426339847573,1,0.025,1.4188720791236213,-412.0523641835088,298598
5483,634.6199575720484,1,0.025,1.2642537718233855,-412.33602109162706,298644
5484,633.33165918962,1,0.025,10.026926667793937,-411.7023010253906,298690
5485,632.8867660263486,1,0.025,3.7554522628585496,-409.4788538614909,298738
5486,633.9029926296619,1,0.025,1.3876162821596318,-412.0814000909979,298783
5487,632.9469703389931,1,0.025,4.861260811919752,-409.5082384192425,298829
5488,634.5580871239665,1,0.025,16.824605334064234,-411.13712343962294,298875
5489,633.2176249841864,1,0.025,1.467826678701069,-412.41544242527175,298921
5490,634.5653695393488,1,0.025,2.7043619142926256,-412.0420147439708,298967
5491,634.4475795924586,1,0.025,2.129992698845656,-411.3054371709409,299013
5492,633.3464451635806,1,0.025,4.998532103455585,-411.939733090608,299059
5493,633.1888770106395,1,0.025,1.1891322265500608,-410.96979157820994,299105
5494,633.7354708099987,1,0.025,5.815553706625233,-410.4763117251189,299151
5495,633.3961432848113,1,0.025,2.5983096348202745,-412.631859820822,299197
5496,633.8709478720592,1,0.025,2.1722417525623157,-410.9535814368206,299242
5497,633.461631810105,1,0.025,51.61968385654947,-412.87364793860394,299288
5498,634.0866515716345,1,0.025,27.91005760172139,-411.74645730723506,299334
5499,633.8608997608897,1,0.025,3.4715584024139075,-414.57839037024456,299381
5500,606.7005451917896,1,0.025,20.84405084183583,-411.49808913010816,299432
5501,633.7626584159552,1,0.025,43.6901462700056,-412.9776770550272,299479
5502,634.5516945931961,1,0.025,1.4396332009978916,-409.2000268023947,299525
5503,633.930809087645,1,0.025,1.283198816080888,-412.51409276326496,299572
5504,633.5680870740723,1,0.025,4.249154155904597,-410.88855535333806,299617
5505,634.6584065986037,1,0.025,17.960704588371776,-411.294409710428,299663
5506,633.9138118933292,1,0.025,17.35588892387307,-411.607409933339,299709
5507,634.3480131277129,1,0.025,5.978858678237252,-411.0818295686141,299754
5508,633.7542149468165,1,0.025,68.55547402021678,-412.6642203952955,299801
5509,633.5632351663244,1,0.025,54.13817544605421,-411.63514643130094,299846
5510,633.4585005011112,1,0.025,56.16172263155813,-412.1904761272928,299892
5511,634.0814181926971,1,0.025,1.848509590262952,-412.7240865956182,299939
5512,633.6158005079659,1,0.025,10.202211628789486,-409.682069197945,299984
5513,633.5872102469325,1,0.025,20.28102228952491,-411.4620281717052,300000
5514,634.2536908490868,1,0.025,1.280246782562007,-412.5899498980978,300000
5515,634.3875591297831,1,0.025,15.777712928212207,-411.7656541907269,300000
5516,633.9318863052508,1,0.025,2.0374007069546245,-410.8909978451936,300000
5517,634.1879678230468,1,0.025,59.97372467751088,-411.3386535644531,300000
5518,634.1184233175624,1,0.025,8.238187022831129,-414.41638316278875,300000
5519,634.203099460381,1,0.025,68.75649115831956,-412.36601589037025,300000
5520,633.139297686502,1,0.025,1.381967208955599,-409.24317733101225,300000
5521,633.440302204505,1,0.025,16.181766508714013,-413.51594609799594,300000
5522,634.07641232688,1,0.025,0.9883172052601973,-412.71005884806317,300000
5523,634.6820398471225,1,0.025,13.95884150914524,-413.4351129946501,300000
5524,634.0119556221191,1,0.025,9.08465894243934,-409.9830821644176,300000
5525,633.9359609242942,1,0.025,24.401363266550977,-412.8382634701936,300000
5526,634.1087138777459,1,0.025,40.368389541688174,-412.54889977496606,300000
5527,633.0928825358307,1,0.025,3.962023836115132,-410.39244145932406,300000
5528,634.0227043840871,1,0.025,2.630948520225027,-411.3988634192425,300000
5529,634.7409739065282,1,0.025,3.449602520984152,-412.5491598378057,300000
5530,633.5665775738082,1,0.025,6.680629499933937,-414.162353515625,300000
5531,634.1092508575132,1,0.025,3.586457055547963,-410.69545978048575,300000
5532,634.1223131536603,1,0.025,25.19323321658632,-410.66713946798575,300000
5533,633.819900512457,1,0.025,9.834948231344638,-415.03898156207543,300000
5534,633.5570889827957,1,0.025,2.044500391120496,-409.188684878142,300000
5535,634.0407733412267,1,0.025,20.120220404604208,-410.29480245838994,300000
5536,633.6553900578106,1,0.025,19.37580887131069,-411.8543236773947,300000
5537,633.9686096041412,1,0.025,5.768345770628556,-411.3399498980978,300000
5538,633.3051049536361,1,0.025,15.437233076147411,-412.3901712168818,300000
5539,633.9344418367319,1,0.025,34.66521668434143,-412.71551911727244,300000
5540,634.2955628312093,1,0.025,1.7818611536336981,-410.20028421153194,300000
5541,634.2921494953785,1,0.025,2.021718336188275,-412.6309469471807,300000
5542,633.9527728008802,1,0.025,4.361747352914377,-409.83071067116475,300000
5543,634.1209684816581,1,0.025,55.82984325289726,-410.93347035283625,300000
5544,633.9713685074745,1,0.025,29.792572755705226,-411.92591857910156,300000
5545,633.5389428361473,1,0.025,25.544174308578175,-410.4171028137207,300000
5546,634.4596304855285,1,0.025,7.616220673789149,-412.44729083517325,300000
5547,633.8325197467783,1,0.025,1.2063946529575016,-413.6615467900815,300000
5548,633.9714993939931,1,0.025,47.18319623496222,-410.68894361413044,300000
5549,633.8607136909434,1,0.025,50.480530236078344,-412.67286483101225,300000
5550,633.8383507902437,1,0.025,4.122756504494211,-412.1306099269701,300000
5551,634.664989070593,1,0.025,1.5742838078218957,-410.90625132685125,300000
5552,633.4511924024177,1,0.025,41.16413177614627,-412.72591366975206,300000
5553,634.3167378718246,1,0.025,13.099341161549091,-414.20511141690343,300000
5554,634.2518757294187,1,0.025,11.23064141428989,-412.0828193996264,300000
5555,633.5805956163961,1,0.025,62.150180675413296,-413.3722799549932,300000
5556,633.5015701489085,1,0.025,67.63884456909221,-414.234839397928,300000
5557,633.9812234781845,1,0.025,1.0395141548436622,-413.0125904912534,300000
5558,634.6162115292568,1,0.025,3.102669100398603,-413.15651935079825,300000
5559,634.0116098378485,1,0.025,1.0498792166295259,-411.32665086829144,300000
5560,634.6314946397792,1,0.025,2.4240900122601055,-413.8262713888417,300000
5561,634.0756372334524,1,0.025,6.62795078381896,-412.2410316467285,300000
5562,634.4353893512449,1,0.025,1.309634962807531,-413.9209687606148,300000
5563,633.7750611932349,1,0.025,18.568451542745937,-414.5889268354936,300000
5564,633.7393687028618,1,0.025,12.42687462075897,-410.87676603897756,300000
5565,633.8493477756983,1,0.025,36.58602383862371,-411.4154158882473,300000
5566,633.5508836757703,1,0.025,1.598028398078421,-411.12703406292457,300000
5567,634.0715253213091,1,0.025,63.30392572532097,-411.8189519246419,300000
5568,633.6038955264493,1,0.025,18.965505326571673,-413.6022033691406,300000
5569,633.2431096052569,1,0.025,5.466761114804641,-414.7077172320822,300000
5570,633.9032439184092,1,0.025,1.5192822854627261,-411.8084023215554,300000
5571,634.0034849380236,1,0.025,11.342349998652935,-412.3040262858073,300000
5572,634.5960509809215,1,0.025,4.108890705782434,-414.88218887992525,300000
5573,634.1502305020728,1,0.025,2.720809016538703,-413.74316538935125,300000
5574,634.3447073117256,1,0.025,10.744215150242267,-415.094202456267,300000
5575,633.3819017589187,1,0.025,11.164170515278112,-411.94517716117525,300000
5576,633.6419139704466,1,0.025,42.426978376896486,-413.6943399180537,300000
5577,633.7322653092497,1,0.025,6.093306927577309,-414.24060987389606,300000
5578,633.3035400908013,1,0.025,7.543126121811245,-412.9388494076936,300000
5579,634.074433067487,1,0.025,3.4074315401640805,-412.80950650301844,300000
5580,634.2295407143654,1,0.025,31.553100242562916,-410.4336640731148,300000
5581,634.0817889168325,1,0.025,17.60879699561907,-414.33598659349525,300000
5582,634.0426972712728,1,0.025,6.849857409363207,-412.8653498110564,300000
5583,633.9709903809816,1,0.025,30.69829882805546,-413.0948766072591,300000
5584,634.0805959075119,1,0.025,5.700352606566056,-412.61661031971806,300000
5585,633.7912298643821,1,0.025,4.93597836792469,-413.6935757723722,300000
5586,634.4980683169724,1,0.025,0.9871468336685844,-413.6669046153193,300000
5587,632.8394808141175,1,0.025,3.5238275130589805,-413.6082763671875,300000
5588,634.3327735386156,1,0.025,2.423975893042304,-412.7966377951882,300000
5589,633.6635848157853,1,0.025,38.19834404535916,-413.4388228706692,300000
5590,633.0064723706282,1,0.025,5.498505867045859,-414.86521314538044,300000
5591,633.4711636927831,1,0.025,35.37743386496668,-412.1772155761719,300000
5592,634.3981821044019,1,0.025,71.0702820148157,-414.3511087168818,300000
5593,634.6176862702181,1,0.025,68.07306224366893,-411.76112962805706,300000
5594,634.3491517077642,1,0.025,1.3185321662736975,-413.6068778659986,300000
5595,634.0155375797538,1,0.025,8.850754385409148,-414.49936841881794,300000
5596,634.4728723213435,1,0.025,11.795389227245165,-414.7406470257303,300000
5597,634.3672310675813,1,0.025,7.916757595279942,-412.80375206988793,300000
5598,633.6243485180796,1,0.025,3.0445251529631405,-415.5078178074049,300000
5599,633.2932204360197,1,0.025,1.816024844845136,-414.3986651102702,300000
5600,633.2075877535838,1,0.025,49.037085105543554,-414.73835024626356,300000
5601,634.0862728922611,1,0.025,1.6284671568352242,-412.28331192680025,300000
5602,633.2784289553375,1,0.025,56.318924721168436,-413.28313810929006,300000
5603,633.1654013357207,1,0.025,52.67815298878628,-413.2308508831522,300000
5604,633.9074142776246,1,0.025,7.674756186163944,-414.425733483356,300000
5605,634.0564869269914,1,0.025,12.87043509276017,-413.47070047129756,300000
5606,634.4205765418103,1,0.025,53.14977561261343,-415.06348585045856,300000
5607,633.4935332924085,1,0.025,1.098858145268067,-414.0914784307065,300000
5608,633.8464572853229,1,0.025,4.128119808176289,-413.64769048276156,300000
5609,633.8961391838014,1,0.025,1.2618886232376099,-414.0978831415591,300000
5610,633.2757530881486,1,0.025,5.768555769453878,-411.6778922702955,300000
5611,634.0448126974766,1,0.025,1.4852775999090888,-414.643950028853,300000
5612,634.4075365997653,1,0.025,12.570383565581363,-413.7352003014606,300000
5613,633.5575223892909,1,0.025,3.9860380962491035,-413.59746678670246,300000
5614,633.7956695294108,1,0.025,2.707846006621485,-413.0873850946841,300000
5615,633.0321661303376,1,0.025,3.0659888982772827,-414.52033664869225,300000
5616,635.0752026860071,1,0.025,8.876728092846664,-415.56089981742525,300000
5617,633.8422434190479,1,0.025,1.5913931856984678,-414.1267846148947,300000
5618,634.1141563423178,1,0.025,9.827667994932694,-413.30723849209875,300000
5619,633.2389667375264,1,0.025,38.7209701564001,-415.8745900029721,300000
5620,633.4067256380137,1,0.025,56.8329132873079,-414.138379967731,300000
5621,633.1658876512994,1,0.025,5.140674961109956,-414.6568781534831,300000
5622,634.0279060013563,1,0.025,42.169329516265705,-412.5654960300611,300000
5623,633.8796098605545,1,0.025,1.6362009631550831,-415.0248864215353,300000
5624,633.7297202186799,1,0.025,1.4729820049327353,-413.84796938688856,300000
5625,633.6180993441665,1,0.025,10.626584294049636,-414.5861511230469,300000
5626,633.9625740186693,1,0.025,40.45216067005759,-414.3097680133322,300000
5627,633.4397326895339,1,0.025,55.7183396803836,-413.5592892964681,300000
5628,634.4584619249321,1,0.025,2.0836510502773784,-413.94834302819294,300000
5629,633.7354669250517,1,0.025,1.0910600294237551,-414.49879389223844,300000
5630,634.0489734624655,1,0.025,7.457966790957884,-414.51019564541906,300000
5631,634.3602684698265,1,0.025,7.0052554037259975,-413.6419040845788,300000
5632,633.8410468134402,1,0.025,1.8639044709827588,-414.3971292246943,300000
5633,633.8520545624634,1,0.025,7.486211357468909,-411.714731389826,300000
5634,634.5882803599595,1,0.025,1.972316721211309,-415.3382488748302,300000
5635,634.0414129845917,1,0.025,49.329623131648354,-415.14737203846806,300000
5636,633.7320397619532,1,0.025,54.27048760522967,-412.83901579483694,300000
5637,634.1165512650687,1,0.025,1.3610980713909322,-414.0967656915838,300000
5638,634.0705663866083,1,0.025,3.4637307693129,-411.3704873789912,300000
5639,633.8925591231796,1,0.025,2.8073745413372913,-415.5107765197754,300000
5640,633.4331112406039,1,0.025,1.2087394530358522,-416.92164412788725,300000
5641,633.1444256982261,1,0.025,1.745772001535996,-413.776099163553,300000
5642,633.8065940170171,1,0.025,3.6073155480882395,-411.528588336447,300000
5643,633.2030101013665,1,0.025,9.985019134438556,-415.1678944463315,300000
5644,634.6498475334731,1,0.025,1.031431909488595,-416.7926927649456,300000
5645,633.8885432830418,1,0.025,3.039157985345177,-415.3095424486243,300000
5646,634.0919550077272,1,0.025,14.562959255083747,-414.4879813816236,300000
5647,633.5966105631185,1,0.025,65.43406105289857,-414.59314727783203,300000
5648,633.275891194925,1,0.025,1.2647162766560265,-415.4233053456182,300000
5649,634.049330402313,1,0.025,7.278939496387135,-416.2398750998757,300000
5650,633.7010801179233,1,0.025,9.636339317197384,-416.0797901982846,300000
5651,633.9041023776684,1,0.025,39.84998317311207,-413.71289825439453,300000
5652,634.62259141501,1,0.025,1.9134044037623839,-416.1937144886364,300000
5653,633.3693888834625,1,0.025,10.204152536133062,-415.95944744607675,300000
5654,633.7681627881134,1,0.025,1.2284059187640315,-413.6499938964844,300000
5655,634.500494896436,1,0.025,59.48557216188182,-417.80861497961956,300000
5656,634.2892565238669,1,0.025,5.803958134806675,-415.6021556024966,300000
5657,633.8716535855283,1,0.025,16.135665924652763,-416.3610043733016,300000
5658,633.5844714142592,1,0.025,66.53360690759575,-415.3410697605299,300000
5659,634.1508859994419,1,0.025,1.5040022473443637,-416.0662439519709,300000
5660,634.392637572676,1,0.025,1.8302956832491832,-412.6782067340353,300000
5661,633.9054529865804,1,0.025,1.9636335463627526,-415.5344556725544,300000
5662,634.4615822507697,1,0.025,1.3504146311594092,-414.53076171875,300000
5663,633.6797756550293,1,0.025,2.913457770710406,-414.1765760338825,300000
5664,634.0278735938437,1,0.025,3.1045592530913977,-416.25968468707543,300000
5665,634.1532466829557,1,0.025,57.36953803119452,-415.36059702997625,300000
5666,633.7743077314809,1,0.025,5.878966435112736,-416.6951238458807,300000
5667,633.6951705841506,1,0.025,3.030474338842475,-418.39795054560125,300000
5668,633.6863032434723,1,0.025,19.61615737900138,-413.78378168741864,300000
5669,633.6313367406556,1,0.025,75.475444106952,-415.8142726732337,300000
5670,633.8456969766253,1,0.025,1.3249742798507214,-415.7412478129069,300000
5671,634.342524490747,1,0.025,12.22473871578341,-417.1108345363451,300000
5672,633.6501268854561,1,0.025,4.848175609889238,-414.96012812075406,300000
5673,633.9986381350604,1,0.025,4.761022793857948,-416.339587667714,300000
5674,634.1265111995463,1,0.025,2.2123225810735123,-416.8435337232507,300000
5675,634.2764668092015,1,0.025,15.784732863954876,-416.5986673106318,300000
5676,633.3464101711735,1,0.025,2.3621397471946217,-414.94129346764606,300000
5677,634.3202692254588,1,0.025,12.628631753766019,-417.96002595320994,300000
5678,633.7895522297908,1,0.025,3.349670191605886,-416.4416732788086,300000
5679,634.2259896806067,1,0.025,3.152292356542919,-416.57781186311144,300000
5680,634.3003276595155,1,0.025,1.743194862552311,-416.3251170282779,300000
5681,634.1925742255436,1,0.025,1.0353497240854346,-416.0726092794667,300000
5682,633.4775813967927,1,0.025,2.2987846149050672,-416.4738490892493,300000
5683,633.894578805101,1,0.025,6.123857434677041,-415.5512350331182,300000
5684,633.4408520466887,1,0.025,6.670624191346376,-414.59163632600206,300000
5685,634.4335045340597,1,0.025,2.2702738901843196,-414.4869225543478,300000
5686,634.0739556346982,1,0.025,41.49863603192827,-416.40979269276494,300000
5687,634.4808112159828,1,0.025,5.401904111323149,-416.5902882451596,300000
5688,634.4962873541648,1,0.025,8.751467379538909,-413.69478706691575,300000
5689,634.352179763781,1,0.025,14.361194090350814,-416.5603942871094,300000
5690,633.6434826048088,1,0.025,6.905919692438582,-416.20963320524794,300000
5691,633.6343252678068,1,0.025,0.7530190592462366,-417.7430808327415,300000
5692,633.9313589698627,1,0.025,9.789537025534589,-416.80716738493544,300000
5693,634.0696340801898,1,0.025,4.808168523985406,-418.1673225734545,300000
5694,633.7065045105498,1,0.025,41.42875310260317,-416.1215117081352,300000
5695,633.9409318695214,1,0.025,53.82663972999739,-416.9600591244905,300000
5696,634.4209736367891,1,0.025,1.9413374092267908,-417.84937850288725,300000
5697,633.7760254656753,1,0.025,3.630349346747001,-415.47518157958984,300000
5698,634.5680234611285,1,0.025,5.677101131366647,-416.1753327742867,300000
5699,633.6620919682302,1,0.025,35.74631049451621,-416.0346016261889,300000
5700,633.6747726859428,1,0.025,1.1250102792097174,-416.8283147397249,300000
5701,633.6390135079841,1,0.025,23.038226420464724,-417.1113599694294,300000
5702,633.5580016517466,1,0.025,53.35509289665656,-414.9478302001953,300000
5703,634.2400645643294,1,0.025,1.3428265400554822,-417.6343808381454,300000
5704,633.6963046264956,1,0.025,2.4240075674923984,-414.8014346036044,300000
5705,634.074053095991,1,0.025,0.9663568346396737,-417.5763974397079,300000
5706,634.2846819981809,1,0.025,2.8877259933430217,-417.8493692149287,300000
5707,633.7516611961113,1,0.025,31.762164128863294,-417.3746523649796,300000
5708,633.7935534007534,1,0.025,4.966309598901055,-416.3760916969993,300000
5709,634.037391555986,1,0.025,1.8426831513643265,-418.0710489024287,300000
5710,633.2279409796455,1,0.025,4.057161679734355,-417.6508245053499,300000
5711,633.831109323868,1,0.025,14.338440310695898,-417.6947339928669,300000
5712,634.6065683672983,1,0.025,82.00322482938117,-415.4120982776989,300000
5713,633.9439774945918,1,0.025,15.186345292255282,-416.6722819010417,300000
5714,633.8346609618895,1,0.025,1.9063837094740435,-415.87742614746094,300000
5715,633.3926651812271,1,0.025,1.7824376771847408,-417.7034683227539,300000
5716,634.5150548641894,1,0.025,44.61008092372314,-417.1815291694973,300000
5717,633.5709096233386,1,0.025,2.1851027633832847,-419.1702947201936,300000
5718,633.6722053722981,1,0.025,1.0143712214801623,-416.70368625806725,300000
5719,633.5447852383027,1,0.025,2.585330131261245,-416.8626536493716,300000
5720,633.5179994306296,1,0.025,0.871275404225225,-415.78496252972144,300000
5721,634.4844213220156,1,0.025,1.488961495783018,-416.40983515200406,300000
5722,633.4834806858935,1,0.025,1.856017627145933,-415.5051163383152,300000
5723,633.1481501084643,1,0.025,3.5382917290148526,-416.7413675059443,300000
5724,633.6635937305248,1,0.025,1.9958169136358344,-417.59518167246944,300000
5725,634.3938246221823,1,0.025,1.5630956758623538,-417.91672150985056,300000
5726,633.4196544374333,1,0.025,3.488797067300133,-417.6885628078295,300000
5727,633.6236000848576,1,0.025,1.2157188317050105,-417.5975620435632,300000
5728,634.0885524781041,1,0.025,0.9647895512373551,-417.75357321034306,300000
5729,634.9462393703354,1,0.025,12.413314676803092,-417.8953313412874,300000
5730,633.3402419369615,1,0.025,7.466791834682226,-415.5409278869629,300000
5731,634.375257792944,1,0.025,9.879783201476801,-417.37498540463656,300000
5732,633.3997310681332,1,0.025,1.2555493634680044,-418.2922787873641,300000
5733,634.078242354683,1,0.025,6.63722792915676,-417.2646776282269,300000
5734,633.7817497961479,1,0.025,8.336755718873894,-417.36627993376356,300000
5735,633.575599193808,1,0.025,47.935274972863816,-417.6013263204823,300000
5736,633.9605907441043,1,0.025,0.9657986721266871,-419.46636962890625,300000
5737,634.2813835449647,1,0.025,7.261677127817403,-417.3306765349015,300000
5738,634.2392376389299,1,0.025,49.895754882822864,-417.4243217136549,300000
5739,634.0889821016619,1,0.025,1.3559203473004429,-419.39785905317825,300000
5740,633.9808850484778,1,0.025,3.867354704634003,-419.56570699940556,300000
5741,633.8861664119723,1,0.025,2.218379516964373,-415.63175499957543,300000
5742,633.3007630931905,1,0.025,10.756692596103834,-417.40234375,300000
5743,634.7964836295127,1,0.025,6.16818594025529,-417.9976328974185,300000
5744,633.5199770053766,1,0.025,13.861796189909397,-415.9444818911345,300000
5745,633.5984492298088,1,0.025,11.510435169157775,-416.8605784540591,300000
5746,633.2867306864886,1,0.025,3.209952130265858,-417.88235075577444,300000
5747,633.8721175365059,1,0.025,16.427784677432932,-420.33237092391306,300000
5748,634.7552699874974,1,0.025,1.7086698309234951,-418.86994469684106,300000
5749,633.8717578267704,1,0.025,16.59771302884275,-415.4070836847479,300000
5750,634.0202061339314,1,0.025,34.22157866928888,-418.64823183806044,300000
5751,633.9545329782545,1,0.025,1.5770704336464405,-416.53326924641925,300000
5752,634.2772840269237,1,0.025,49.76211725310846,-415.5719077370384,300000
5753,634.2925359180592,1,0.025,33.021084010601044,-418.78004389223844,300000
5754,634.2735892274034,1,0.025,10.054686986881753,-417.48371422809106,300000
5755,633.287418285983,1,0.025,6.742745225844176,-416.8986896017323,300000
5756,634.345180154903,1,0.025,8.923365582590518,-416.2526457413383,300000
5757,634.4110493146004,1,0.025,0.9994583557481351,-416.92746502420175,300000
5758,633.7319078305701,1,0.025,38.6837701363997,-417.0463201349432,300000
5759,634.5710473148276,1,0.025,3.7406192901341813,-417.29036414104957,300000
5760,633.9003687090619,1,0.025,14.108628972716954,-417.0680409307065,300000
5761,633.7702851279397,1,0.025,3.192279838997385,-418.07637090268344,300000
5762,633.8932609135315,1,0.025,0.9967676617882468,-416.9222786643288,300000
5763,634.0761780783005,1,0.025,12.172862401853004,-416.8851788838704,300000
5764,633.8733467893771,1,0.025,10.284681825475259,-417.424541126598,300000
5765,633.7643065306431,1,0.025,19.501616743595704,-417.8637589164402,300000
5766,633.9431776537483,1,0.025,4.695688777643701,-417.6110057001529,300000
5767,633.5604451766942,1,0.025,4.0619928629502,-418.73332546068275,300000
5768,633.5138719964143,1,0.025,12.91277762028304,-420.5280137495561,300000
5769,634.2990638184417,1,0.025,11.219477674235469,-418.3340069314708,300000
5770,633.5736751613998,1,0.025,4.128883554883625,-416.9419170877208,300000
5771,635.0541360609242,1,0.025,5.044505667427312,-417.4191496475883,300000
5772,633.9929010454616,1,0.025,1.8949708665410678,-417.15744654337567,300000
5773,634.0953805812705,1,0.025,1.75678237883941,-419.98711362092394,300000
5774,633.7660184968553,1,0.025,14.446593339028565,-418.52323051120925,300000
5775,633.8409504883828,1,0.025,7.577262638703637,-416.9561820652174,300000
5776,634.1752087767386,1,0.025,1.4819144101246544,-416.60372128693956,300000
5777,633.3697606602636,1,0.025,2.0599713195925173,-415.7807776409647,300000
5778,633.9793798244809,1,0.025,2.5170495186163033,-417.585193136464,300000
5779,634.2353868046334,1,0.025,1.0295929908752441,-417.80204706606656,300000
5780,634.4866325875395,1,0.025,35.59340791209884,-419.9509502908458,300000
5781,634.1451217591963,1,0.025,9.074477624634039,-417.85828963569975,300000
5782,633.6544479030075,1,0.025,1.8780158239862192,-418.13872229534644,300000
5783,633.4582230882727,1,0.025,56.07236911853155,-417.0599365234375,300000
5784,633.940520771804,1,0.025,97.01246590329254,-419.5512801460598,300000
5785,634.2595126181692,1,0.025,44.76431696181712,-418.1887512207031,300000
5786,633.4628907320362,1,0.025,14.971480339765549,-415.55800462805706,300000
5787,633.7141166717463,1,0.025,51.12445369362831,-419.1007756772249,300000
5788,633.6370356235576,1,0.025,1.0329128309436466,-417.92080290421194,300000
5789,634.0469662026794,1,0.025,21.056118874446206,-417.8529517132303,300000
5790,633.8296232483631,1,0.025,0.936803203414787,-418.59636480158025,300000
5791,634.1383439519797,1,0.025,23.548840942590132,-419.75589254628056,300000
5792,633.5601171440895,1,0.025,2.2584887693325677,-418.4194920857747,300000
5793,634.0259455506438,1,0.025,74.13844491812316,-417.7215409712358,300000
5794,633.5753870817,1,0.025,12.541575173968853,-417.3050656525985,300000
5795,634.684040180594,1,0.025,4.233998962070631,-420.0556839652683,300000
5796,633.4828285649544,1,0.025,1.7643879522448,-417.5677768873132,300000
5797,633.9477306705425,1,0.025,36.91125791033973,-418.87289959451425,300000
5798,634.0036123667065,1,0.025,2.86880296987036,-419.6502207880435,300000
5799,633.9866381161343,1,0.025,53.45861122919165,-418.7108273713485,300000
5800,633.7508211621126,1,0.025,16.73978229002519,-416.9726937033913,300000
5801,633.8293664904149,1,0.025,5.0934170562288035,-418.8981031334919,300000
5802,633.5758852958976,1,0.025,33.63781712754913,-418.8367840310802,300000
5803,634.3230405385088,1,0.025,4.686230182647705,-421.21207461149794,300000
5804,634.1077393810517,1,0.025,51.3067485379676,-417.05125935872394,300000
5805,633.6327910296038,1,0.025,62.90372375331142,-419.00425858931106,300000
5806,633.872430475055,1,0.025,15.062691334149111,-420.0132884149966,300000
5807,633.6252747988012,1,0.025,0.8596409667621959,-420.3413751775568,300000
5808,634.2167092588267,1,0.025,4.8542531417763755,-417.3763825789742,300000
5809,634.8263934850148,1,0.025,1.0248736013536868,-420.23052182404894,300000
5810,634.0135684917807,1,0.025,12.837476225002952,-417.80939782184106,300000
5811,633.5250243655278,1,0.025,0.928273938920187,-420.2908112899117,300000
5812,634.3399486671584,1,0.025,11.708921374186225,-420.7896184506624,300000
5813,633.9490298524919,1,0.025,1.644015520811081,-418.92626687754756,300000
5814,634.4382387678787,1,0.025,1.4199246059764514,-419.5259316184304,300000
5815,634.3237088423732,1,0.025,2.460721389107082,-419.29585332455844,300000
5816,633.7239040339688,1,0.025,12.56291657038357,-418.46247532056725,300000
5817,634.2695802167817,1,0.025,7.016250719194827,-416.992431640625,300000
5818,633.6138753461422,1,0.025,81.21278151056983,-419.2952964089134,300000
5819,634.0860746309215,1,0.025,9.663930015719455,-420.2773251740829,300000
5820,633.8345567265931,1,0.025,5.95291816799537,-419.87591154679006,300000
5821,633.545888458447,1,0.025,1.4547498277995898,-418.640636941661,300000
5822,633.8547341632677,1,0.025,0.8251922525789427,-418.97388624108356,300000
5823,633.5212735961452,1,0.025,62.61112949381704,-417.2757011081861,300000
5824,633.9654127281533,1,0.025,1.238010471281798,-419.6320999808933,300000
5825,633.9104970562155,1,0.025,46.25525576912838,-420.13248742145043,300000
5826,633.8327086117114,1,0.025,55.98971881814625,-418.7304979407269,300000
5827,633.7647716955079,1,0.025,0.9690866664699886,-418.5940100628397,300000
5828,633.6483817567166,1,0.025,2.126610669104949,-418.6398726753567,300000
5829,633.8759495909322,1,0.025,9.917470292611556,-419.1800134832209,300000
5830,635.016202547449,1,0.025,40.65613347551097,-420.0695575216542,300000
5831,634.373370821062,1,0.025,0.9897230565547943,-421.4412244713825,300000
5832,633.723952186274,1,0.025,1.3551191998564678,-420.09784997027856,300000
5833,632.9863827135799,1,0.025,25.61177297649176,-420.2089803944463,300000
5834,634.1118449217917,1,0.025,2.317346892927004,-419.2396678095279,300000
5835,634.165432641505,1,0.025,10.153308255516965,-420.6827830439029,300000
5836,634.0249826034121,1,0.025,0.8882093973781752,-420.4642559549083,300000
5837,634.2524882340067,1,0.025,0.6740288569227509,-421.53865117612094,300000
5838,634.3952554809064,1,0.025,24.029364383738972,-419.3884449834409,300000
5839,634.5961722473472,1,0.025,2.041074831848559,-419.9304902449898,300000
5840,633.3693007507964,1,0.025,1.9252078416554823,-419.6305488918139,300000
5841,633.7975302488571,1,0.025,17.623191759638164,-418.1661456564198,300000
5842,634.9129179162542,1,0.025,10.963961645312931,-418.7834074600883,300000
5843,633.3143236797355,1,0.025,22.992640326852385,-419.49432771102244,300000
5844,633.3545882133966,1,0.025,9.321752123210741,-419.8574802564538,300000
5845,634.6401117942814,1,0.025,8.18694503929304,-419.41192228897756,300000
5846,634.2530940430636,1,0.025,111.41121174978173,-418.8971544348675,300000
5847,628.9681338825062,1,0.025,1.0944769226986428,-420.482213559358,300000
5848,633.8470694887671,1,0.025,6.119243720303411,-418.07391755477244,300000
5849,633.8024195932553,1,0.025,36.26273268137289,-420.2379827084749,300000
5850,633.9050039796214,1,0.025,11.497290613858596,-421.21198305876356,300000
5851,633.9911277942294,1,0.025,1.10960564897819,-420.1496082652699,300000
5852,633.5358735219878,1,0.025,8.948594167180683,-420.00767583432406,300000
5853,633.5664150050525,1,0.025,5.9980144277215,-418.5127258300781,300000
5854,633.8715327545872,1,0.025,62.93915841254321,-419.6595667058771,300000
5855,634.1414252285161,1,0.025,1.2239084515882575,-419.7205624787704,300000
5856,633.9663398616617,1,0.025,2.337699859092633,-421.1184730529785,300000
5857,633.403715909561,1,0.025,5.024655666040338,-419.9999018130095,300000
5858,635.0074083832153,1,0.025,5.826664147169693,-419.505394977072,300000
5859,634.014084797777,1,0.025,3.393125515092503,-421.50475519353694,300000
5860,633.4004530991857,1,0.025,2.8802044255578,-422.41291344684106,300000
5861,633.5678757619069,1,0.025,1.1748331921796005,-422.17095311482746,300000
5862,633.8198162426999,1,0.025,51.11632991614549,-420.2509712550951,300000
5863,634.1726043095549,1,0.025,23.184150016556185,-420.1070378621419,300000
5864,623.1452333887328,1,0.025,8.664753147711357,-418.3120536804199,300000
5865,633.8961571039994,1,0.025,0.9975739834101304,-421.1505684230639,300000
5866,634.1753253161385,1,0.025,1.1756213612177155,-420.4658494429155,300000
5867,634.2121615030559,1,0.025,1.3336713987848032,-419.66208814538044,300000
5868,633.4628196532428,1,0.025,1.3785374934474628,-420.32346216837567,300000
5869,634.0501776993087,1,0.025,4.254963866011663,-420.4213007146662,300000
5870,633.9103476381435,1,0.025,2.051335884825043,-421.47851297129756,300000
5871,633.694776694452,1,0.025,5.2716888059740485,-420.86131883704144,300000
5872,634.2381115360695,1,0.025,14.512324903322304,-420.79998381241506,300000
5873,633.3335628863907,1,0.025,3.067972464405972,-419.72856471849525,300000
5874,634.2774443002156,1,0.025,1.0886187274818835,-420.48475447944975,300000
5875,584.979528400906,1,0.025,66.1051623464695,-420.08331189836775,300000
5876,633.9898295322587,1,0.025,7.954630972250648,-421.4865430748981,300000
5877,633.9456082185222,1,0.025,4.14176107943058,-419.4127474698153,300000
5878,633.9528372179411,1,0.025,13.24685401469469,-421.51341247558594,300000
5879,633.4662729753268,1,0.025,8.54058130424131,-420.42095253684306,300000
5880,634.0949949150679,1,0.025,0.8811311307160751,-422.3186831266984,300000
5881,634.066280992387,1,0.025,9.808452991039857,-421.8459074600883,300000
5882,634.0068404583337,1,0.025,2.6572483039420582,-420.541271707286,300000
5883,633.6894680713447,1,0.025,52.09964174680088,-420.4422673764436,300000
5884,633.6029356538961,1,0.025,1.1876861135596815,-422.0384415336277,300000
5885,634.5517823172597,1,0.025,10.259486442026885,-420.0564588463825,300000
5886,633.743041634202,1,0.025,1.3153437855451002,-419.6480832307235,300000
5887,633.8258462427711,1,0.025,1.4485292188499286,-420.93242214037025,300000
5888,634.5721541285699,1,0.025,7.958648106326228,-420.3259343686311,300000
5889,633.093923297472,1,0.025,2.6691019904354345,-421.0555313773777,300000
5890,634.3227671483863,1,0.025,1.4916884756606559,-421.1118681534477,300000
5891,633.7142447881256,1,0.025,26.243301010650136,-420.84572966202444,300000
5892,634.2194745092708,1,0.025,1.7920097935458887,-421.7775679878567,300000
5893,633.8106100946455,1,0.025,20.12113044184187,-420.381323772928,300000
5894,633.2980722573232,1,0.025,1.4739147755114927,-422.61852894658625,300000
5895,633.3949036168948,1,0.025,11.320714922054954,-420.6492919921875,300000
5896,633.7623267333267,1,0.025,1.253583290303747,-422.2567647298177,300000
5897,633.7877136370795,1,0.025,1.7159492729798607,-421.623267132303,300000
5898,634.0062244883582,1,0.025,1.217675271359357,-421.98990145596593,300000
5899,634.4100386144667,1,0.025,10.960758642657943,-421.4711051609205,300000
5900,633.9261691076111,1,0.025,4.751099954156772,-423.4801091733186,300000
5901,634.3053507853004,1,0.025,94.14620306958322,-418.51504781971806,300000
5902,634.3128966432921,1,0.025,3.080437394705686,-420.2285530783913,300000
5903,633.3145251137909,1,0.025,2.067954214910666,-421.3522580464681,300000
5904,633.3642419035074,1,0.025,6.741905686000119,-420.7654153575068,300000
5905,634.3993479241954,1,0.025,12.642068701593772,-421.38800048828125,300000
5906,634.0659420644321,1,0.025,23.677884316962697,-421.1941939644192,300000
5907,633.9406930654839,1,0.025,1.280993199866751,-422.0326153299083,300000
5908,633.7590427598608,1,0.025,2.759347405122674,-419.7658372961956,300000
5909,633.9396635616272,1,0.025,32.14938967577789,-421.46524313221806,300000
5910,633.9792751043321,1,0.025,2.82796297384345,-419.7720270571501,300000
5911,633.9615024945525,1,0.025,37.5411401844543,-422.73388671875,300000
5912,633.417924837729,1,0.025,1.010353552258533,-421.6574362049932,300000
5913,633.6488722479992,1,0.025,36.446449384714164,-421.48109436035156,300000
5914,634.5481182552825,1,0.025,38.82641085010508,-419.9202562415081,300000
5915,633.349543389629,1,0.025,11.619091365486383,-422.4352315266927,300000
5916,633.5218614754307,1,0.025,2.1420794319022787,-422.22455111416906,300000
5917,633.8009698761209,1,0.025,1.151950768802477,-422.0136426842731,300000
5918,633.8809793661499,1,0.025,10.752955169781394,-422.61693009086275,300000
5919,634.1179975958308,1,0.025,11.42532447239627,-420.0578095809273,300000
5920,634.1929310452339,1,0.025,7.515461159141167,-422.2683145274287,300000
5921,633.7294476212211,1,0.025,11.538432890306348,-421.82177734375,300000
5922,633.9045072797368,1,0.025,15.839020561912786,-421.1331150220788,300000
5923,633.8689905998231,1,0.025,66.93920040260191,-419.97932500424594,300000
5924,634.1021276500346,1,0.025,18.73142917389455,-421.4609653638757,300000
5925,634.0393277091878,1,0.025,45.32688223214253,-422.6534529976223,300000
5926,633.6624403813984,1,0.025,9.96337339605974,-420.93174942680025,300000
5927,576.5634170058493,1,0.025,47.81972499830382,-420.4382858276367,300000
5928,634.2889589942766,1,0.025,2.4694210556538208,-421.0198151961617,300000
5929,633.596115712351,1,0.025,11.283133891613588,-421.77365643045175,300000
5930,633.5190030753472,1,0.025,37.91173596615376,-421.2198380180027,300000
5931,633.7091127942484,1,0.025,1.7055062483186307,-422.2572963548743,300000
5932,634.2973405790292,1,0.025,2.3925735740499063,-420.37835415926844,300000
5933,633.6163934468998,1,0.025,14.275027840681698,-422.48665320354957,300000
5934,634.1727223750654,1,0.025,1.7336744530045467,-421.76023267663044,300000
5935,634.202113712325,1,0.025,2.0262676088706306,-421.5245878800102,300000
5936,634.9002935875214,1,0.025,0.9336933921212736,-420.1213564665421,300000
5937,634.2856387834112,1,0.025,1.7074633383232614,-421.76311857804006,300000
5938,634.0158422663619,1,0.025,51.62607266073642,-421.07977692977244,300000
5939,634.2305606025161,1,0.025,10.416628755629063,-420.6329040527344,300000
5940,634.0703868644785,1,0.025,0.7129667861895128,-422.92975547096944,300000
5941,633.5338552643194,1,0.025,53.62761798935632,-420.25781631469727,300000
5942,633.7898678748023,1,0.025,11.479297974187395,-421.09248816448707,300000
5943,633.914530762886,1,0.025,3.2496249601244926,-422.55649358575994,300000
5944,634.1383568998482,1,0.025,1.4410623169463614,-423.1924027152683,300000
5945,634.5561581094477,1,0.025,1.2461453339327937,-422.5114440917969,300000
5946,633.541198165582,1,0.025,2.273301907207655,-421.1653468919837,300000
5947,634.1925550294478,1,0.025,2.121836058471514,-422.0393411387568,300000
5948,633.7090213286871,1,0.025,1.0520827847978342,-422.24882971722144,300000
5949,633.5142407004483,1,0.025,8.382476453048488,-422.40558497111004,300000
5950,635.0102130461803,1,0.025,1.6468862385853478,-420.29886660368544,300000
5951,633.745237976575,1,0.025,3.0066829824989494,-422.5552229447798,300000
5952,634.3590391081204,1,0.025,9.833890139435729,-421.8614273071289,300000
5953,633.9222519199013,1,0.025,2.1047281791334567,-421.1029994798743,300000
5954,634.8181841113283,1,0.025,6.2101229575017225,-420.5345512058424,300000
5955,633.636083259225,1,0.025,0.7929786307656247,-421.3812415081522,300000
5956,634.2612947399227,1,0.025,46.64483386666878,-422.51334679645043,300000
5957,634.4456949186019,1,0.025,1.1291424943053203,-421.16884977921194,300000
5958,634.1133485500645,1,0.025,12.180228399841681,-420.90429820185125,300000
5959,633.7026062145247,1,0.025,1.6491463793360668,-421.965123715608,300000
5960,634.3329633315668,1,0.025,28.104237829861432,-422.2767559549083,300000
5961,634.0788083987989,1,0.025,51.50426703432332,-422.6315838357677,300000
5962,634.1199757807974,1,0.025,5.1829451491003455,-424.14751135784644,300000
5963,633.9029206691648,1,0.025,2.805283856132756,-423.8161276112432,300000
5964,633.8508124462797,1,0.025,0.6711601797829975,-421.9515810879794,300000
5965,634.258968865576,1,0.025,0.7536246465600055,-422.5145316745924,300000
5966,634.3789751480138,1,0.025,46.09181446484897,-419.98749840777856,300000
5967,634.6368623723874,1,0.025,7.578249889871349,-422.0123609459919,300000
5968,633.9010503655372,1,0.025,0.8484408747066151,-423.0702112371271,300000
5969,635.0270981951995,1,0.025,46.43950178960095,-422.23876953125,300000
5970,634.0295916775755,1,0.025,6.434730718965116,-422.0266312308933,300000
5971,633.9087538230556,1,0.025,8.647873891436536,-423.7384073008662,300000
5972,634.4933721102192,1,0.025,0.9710363901179769,-421.35312818444294,300000
5973,633.9550313768942,1,0.025,40.47667797752049,-422.41415936013925,300000
5974,634.1167035399815,1,0.025,3.805376648902893,-421.97398442807406,300000
5975,633.7931113731481,1,0.025,7.480306238583896,-421.41555388077444,300000
5976,634.1606355977406,1,0.025,1.3308764048244641,-422.25415967858356,300000
5977,633.411959118447,1,0.025,55.27632497834123,-421.863013226053,300000
5978,633.3254439231583,1,0.025,4.347654477409694,-421.7631889011549,300000
5979,634.1453184900805,1,0.025,0.8691182032875393,-422.332555356233,300000
5980,633.9648222747991,1,0.025,0.8261965318866398,-422.8743896484375,300000
5981,634.3462022466283,1,0.025,0.8495560256035432,-423.37114682404894,300000
5982,634.0905252874634,1,0.025,20.130610015081324,-421.7876878821331,300000
5983,633.3894687456477,1,0.025,5.570632286045862,-423.4524801503057,300000
5984,633.2658389239809,1,0.025,0.7293049414520678,-422.1800696331522,300000
5985,633.7112139417143,1,0.025,13.21306560350501,-421.4725063158118,300000
5986,633.3860304661639,1,0.025,1.2125149265579556,-420.6346236519192,300000
5987,633.2193999135711,1,0.025,0.6323698538800945,-422.21833336871606,300000
5988,634.5462959775004,1,0.025,4.116349502043291,-421.994345925071,300000
5989,634.4430312742638,1,0.025,7.902441823612088,-423.8117038892663,300000
5990,633.7504320951443,1,0.025,5.835047026043353,-423.32565042246944,300000
5991,633.8948234488612,1,0.025,2.8726560045033693,-423.21213404337567,300000
5992,633.4773138257434,1,0.025,70.24140856279568,-422.86056379838425,300000
5993,634.2849696060173,1,0.025,0.9370014414839123,-423.0917796259341,300000
5994,633.5717769652715,1,0.025,1.3920356702545416,-422.4109191894531,300000
5995,633.806103909059,1,0.025,0.7789025475149569,-421.6296665357507,300000
5996,634.664017639429,1,0.025,1.8827579695245493,-422.8764608631963,300000
5997,633.603259991172,1,0.025,1.3937651372768662,-421.0046872225675,300000
5998,634.0923009239136,1,0.025,10.113233861715898,-421.9193234650985,300000
5999,617.4604192813201,1,0.025,1.6711831589539845,-422.9535764058431,300000
6000,633.8320787483663,1,0.025,1.2648670407740965,-423.15995722231656,300000
