episode,reward,success,epsilon,ep_avg_loss,buffer_size
1,-235.75999999999993,0,0.999,8.61181948525565,98
2,-196.43,0,0.998001,16.907320852463062,189
3,-253.45999999999992,0,0.997002999,19.499640846004088,285
4,-240.06999999999994,0,0.996005996001,19.158892289588326,380
5,-221.82,0,0.995009990004999,23.583891382876864,474
6,-210.00999999999993,0,0.994014980014994,17.608956215332967,572
7,-202.1400000000001,0,0.993020965034979,19.15521252932756,664
8,-199.79999999999987,0,0.9920279440699441,20.165959256951528,757
9,-238.7599999999998,0,0.9910359161258742,13.370002917407714,854
10,-211.56999999999994,0,0.9900448802097482,19.62758775478915,949
11,-156.61,0,0.9890548353295385,15.488268928966303,1036
12,-213.6199999999999,0,0.988065780494209,17.021559356347375,1128
13,-280.4699999999998,0,0.9870777147137147,16.41640277665395,1232
14,-291.9099999999998,0,0.986090636999001,16.924611014183437,1339
15,-172.07999999999998,0,0.9851045463620021,14.690108935723359,1426
16,-286.51000000000005,0,0.98411944181564,14.57249528169632,1530
17,-193.70999999999998,0,0.9831353223738244,15.569289964502273,1622
18,-177.55999999999995,0,0.9821521870514506,15.781582533635877,1710
19,-108.06999999999995,0,0.9811700348643991,12.437600076875903,1798
20,-182.35,0,0.9801888648295347,18.19985123759224,1882
21,-165.06999999999996,0,0.9792086759647052,18.91243756391916,1965
22,-238.0599999999999,0,0.9782294672887405,16.05076198031505,2061
23,-211.82,0,0.9772512378214517,17.01903595990605,2151
24,-199.92999999999986,0,0.9762739865836303,17.34614868317881,2244
25,-209.5499999999999,0,0.9752977125970467,14.879459122365171,2332
26,-329.06000000000006,0,0.9743224148844496,16.857718959032933,2439
27,-251.18999999999994,0,0.9733480924695651,12.375246360160336,2540
28,-151.78999999999996,0,0.9723747443770956,13.010972205982652,2626
29,-185.7499999999999,0,0.9714023696327185,14.428978018546372,2715
30,-296.3799999999999,0,0.9704309672630859,15.59133407334301,2822
31,-335.8199999999999,0,0.9694605362958227,8.692445730263332,2928
32,-200.87,0,0.9684910757595269,10.762996954194616,3017
33,-192.73999999999995,0,0.9675225846837673,12.106805978850884,3105
34,-207.37999999999994,0,0.9665550620990835,12.095177285294783,3200
35,-193.51999999999998,0,0.9655885070369844,10.411816542175995,3287
36,-185.65999999999997,0,0.9646229185299474,11.490679941898168,3373
37,-235.7300000000001,0,0.9636582956114175,8.178492617733935,3467
38,-87.4199999999999,0,0.9626946373158061,7.331648505805584,3556
39,-212.04000000000013,0,0.9617319426784903,13.555078299527757,3645
40,-242.98000000000008,0,0.9607702107358118,10.3853562438488,3745
41,-251.72999999999996,0,0.959809440525076,8.210412082741561,3848
42,-236.83000000000004,0,0.9588496310845509,7.506330057828113,3947
43,-161.02,0,0.9578907814534664,8.034860046103944,4033
44,-198.03000000000003,0,0.9569328906720129,7.55206248609499,4120
45,-206.76999999999995,0,0.9559759577813409,7.510454870918964,4214
46,-196.78999999999996,0,0.9550199818235596,9.206426302591959,4304
47,-247.35000000000002,0,0.9540649618417361,7.781352163541435,4405
48,-199.67,0,0.9531108968798944,7.196912563918682,4494
49,-174.71999999999997,0,0.9521577859830145,5.821379071899822,4578
50,-237.49999999999983,0,0.9512056281970315,6.016714211514121,4673
51,-148.91999999999996,0,0.9502544225688344,4.608430976026199,4758
52,-209.71999999999997,0,0.9493041681462656,9.162589208285015,4848
53,-230.99000000000004,0,0.9483548639781193,8.009314265022887,4942
54,-231.58999999999992,0,0.9474065091141411,3.3645289254685244,5038
55,-161.66999999999996,0,0.946459102605027,4.897982153154555,5122
56,-195.38000000000002,0,0.9455126435024219,6.154533133078157,5211
57,-207.02999999999997,0,0.9445671308589195,6.701155769955981,5302
58,-253.63999999999993,0,0.9436225637280606,5.544514660407039,5405
59,-163.41999999999996,0,0.9426789411643326,4.92714592433253,5491
60,-211.26000000000005,0,0.9417362622231683,5.595794294425782,5585
61,-171.66999999999996,0,0.9407945259609451,3.828165752250095,5671
62,-205.1399999999999,0,0.9398537314349842,3.7462632715702058,5761
63,-165.89999999999998,0,0.9389138777035492,2.84425816933314,5848
64,-237.8099999999999,0,0.9379749638258457,2.356996197675921,5945
65,-118.61999999999999,0,0.9370369888620198,3.8401492139961144,6024
66,-143.81,0,0.9360999518731578,3.6898168531202136,6108
67,-166.75999999999993,0,0.9351638519212846,3.656790311847414,6192
68,-194.77,0,0.9342286880693633,6.088477956586414,6282
69,-171.77,0,0.933294459381294,4.011176477337992,6368
70,-149.78999999999996,0,0.9323611649219127,4.257108353867251,6453
71,-208.58,0,0.9314288037569908,3.323751091622235,6542
72,-204.40000000000003,0,0.9304973749532338,3.5530124829056557,6631
73,-247.85999999999993,0,0.9295668775782806,2.9833934980890024,6723
74,-209.70000000000005,0,0.9286373107007023,4.547266578071572,6812
75,-235.26999999999987,0,0.9277086733900016,3.651356795462229,6905
76,-212.26999999999992,0,0.9267809647166116,6.246953225397801,6996
77,-238.7000000000001,0,0.925854183751895,4.423001012544042,7093
78,-179.37,0,0.9249283295681431,2.3216430859619313,7182
79,-197.03000000000003,0,0.9240034012385749,4.547630334677904,7274
80,-215.50999999999993,0,0.9230793978373364,3.1979294690820907,7364
81,-152.87,0,0.9221563184394991,5.498969712271923,7446
82,-171.39999999999998,0,0.9212341621210596,2.4476833990935623,7533
83,-174.21999999999997,0,0.9203129279589385,2.3065980851650236,7618
84,-226.70999999999992,0,0.9193926150309796,2.6141676385986043,7712
85,-152.96,0,0.9184732224159486,2.0272113706280543,7794
86,-173.32,0,0.9175547491935327,2.583644553341649,7882
87,-137.34,0,0.9166371944443392,2.3484918165665407,7960
88,-197.51999999999998,0,0.9157205572498949,2.1620938806457723,8054
89,-163.03999999999996,0,0.914804836692645,3.4775250252427123,8136
90,-180.53999999999996,0,0.9138900318559524,2.4331483643376424,8225
91,-213.0999999999999,0,0.9129761418240965,1.6624868902895185,8315
92,-204.4099999999999,0,0.9120631656822724,3.5288806999883344,8408
93,-151.65,0,0.9111511025165902,1.5483970884666887,8494
94,-184.56000000000006,0,0.9102399514140735,3.872888750427372,8585
95,-165.39999999999998,0,0.9093297114626595,2.400836718224344,8669
96,-215.97,0,0.9084203817511969,2.385392371079196,8761
97,-212.17999999999995,0,0.9075119613694457,3.1861853263070508,8854
98,-177.91999999999996,0,0.9066044494080763,3.157325239005414,8942
99,-120.03999999999995,0,0.9056978449586682,1.6553157962858678,9022
100,-189.54999999999995,0,0.9047921471137096,2.541741048569208,9113
101,-183.62999999999994,0,0.9038873549665959,1.3856218565594067,9201
102,-202.0,0,0.9029834676116293,3.396499196130238,9290
103,-189.45,0,0.9020804841440176,1.6232395331290634,9378
104,-160.8,0,0.9011784036598737,3.53884050354015,9464
105,-138.38,0,0.9002772252562138,1.0740462155253798,9545
106,-181.16999999999993,0,0.8993769480309576,1.7040474920771842,9631
107,-146.67999999999995,0,0.8984775710829266,1.1332827860186265,9717
108,-264.63999999999993,0,0.8975790935118436,1.3969901907444,9817
109,-162.56,0,0.8966815144183318,3.581444280243468,9904
110,-238.89999999999998,0,0.8957848329039134,1.9111261422125,10000
111,-152.47999999999996,0,0.8948890480710096,1.7815540964344898,10083
112,-152.21999999999997,0,0.8939941590229386,3.9179617208103803,10169
113,-129.03999999999996,0,0.8931001648639156,1.5790349405258894,10249
114,-188.75999999999993,0,0.8922070646990518,2.2751050549884173,10335
115,-48.80999999999996,0,0.8913148576343527,3.2107925709427856,10417
116,-224.80000000000004,0,0.8904235427767183,4.91550313516667,10512
117,-160.9299999999999,0,0.8895331192339416,1.679909571485464,10598
118,-182.07,0,0.8886435861147077,1.3991387373414532,10685
119,-163.32999999999993,0,0.887754942528593,1.3481517472239428,10771
120,-247.18000000000006,0,0.8868671875860644,2.040430656501225,10869
121,-201.19,0,0.8859803203984784,2.3519171076886196,10963
122,-249.2199999999999,0,0.88509434007808,3.679808453509682,11058
123,-198.94000000000005,0,0.8842092457380019,1.4437660096834104,11154
124,-41.39,0,0.8833250364922639,2.507039600539775,11238
125,-138.25,0,0.8824417114557717,5.9419349539710815,11321
126,-216.83999999999995,0,0.8815592697443159,3.321988231007089,11415
127,-169.70999999999995,0,0.8806777104745716,7.952434474162841,11504
128,-182.67,0,0.8797970327640969,4.984387018434379,11596
129,-235.93,0,0.8789172357313328,2.333621169231376,11694
130,-142.79000000000002,0,0.8780383184956015,4.296344457637696,11778
131,-141.06,0,0.8771602801771059,2.1591679240450445,11859
132,-168.34999999999997,0,0.8762831198969288,3.1965546404773537,11947
133,-224.39999999999998,0,0.8754068367770318,4.3185978009495685,12040
134,-219.51999999999995,0,0.8745314299402548,5.237738753740604,12131
135,-204.75999999999993,0,0.8736568985103146,2.216112588682482,12224
136,-255.16999999999996,0,0.8727832416118043,1.1724951360739915,12326
137,-117.90999999999998,0,0.8719104583701925,4.376878644469418,12405
138,-153.22999999999996,0,0.8710385479118223,2.648768145136717,12487
139,-171.13,0,0.8701675093639105,3.4585338847881015,12575
140,-183.7,0,0.8692973418545467,1.208876057487467,12667
141,-149.84999999999997,0,0.8684280445126921,2.77484029089963,12748
142,-207.16999999999993,0,0.8675596164681794,2.4789489572462826,12840
143,-215.65999999999985,0,0.8666920568517111,2.3252969700843096,12936
144,-187.40000000000003,0,0.8658253647948594,5.974688193533155,13026
145,-283.56999999999994,0,0.8649595394300645,4.78151233702898,13126
146,-134.51999999999995,0,0.8640945798906344,2.614613272157716,13207
147,-192.85999999999987,0,0.8632304853107438,4.506460270349016,13301
148,-150.14999999999998,0,0.862367254825433,3.5302057316504327,13384
149,-223.34999999999997,0,0.8615048875706075,2.9204660463840404,13478
150,-236.55999999999977,0,0.8606433826830369,4.421534230414125,13575
151,-208.46000000000004,0,0.8597827393003539,5.710335004202863,13669
152,-154.19999999999993,0,0.8589229565610536,3.3295909120756035,13754
153,-141.17,0,0.8580640336044925,2.469815540604475,13836
154,-175.18999999999994,0,0.857205969570888,3.5686408943600125,13926
155,-156.66,0,0.8563487636013172,2.9634070580088814,14012
156,-191.11999999999998,0,0.8554924148377159,4.361902284098195,14103
157,-183.79999999999993,0,0.8546369224228781,3.876102239876003,14194
158,-197.68999999999994,0,0.8537822855004553,2.4020782506072913,14285
159,-164.51999999999998,0,0.8529285032149548,3.1578734460998983,14370
160,-132.73,0,0.8520755747117399,3.321253525465727,14450
161,-166.5,0,0.8512234991370281,1.20436343148853,14539
162,-128.64999999999992,0,0.8503722756378911,2.730547097697854,14619
163,-170.29999999999995,0,0.8495219033622532,1.1033474307381705,14708
164,-120.20999999999997,0,0.8486723814588909,2.4217507065851476,14787
165,-152.28999999999996,0,0.847823709077432,4.250104650679757,14872
166,-115.58999999999997,0,0.8469758853683546,2.0589802118018268,14952
167,-146.91,0,0.8461289094829862,1.9107167713698887,15036
168,-161.71,0,0.8452827805735033,1.6633027280078214,15121
169,-199.67000000000002,0,0.8444374977929298,1.2626263361464265,15214
170,-160.77999999999997,0,0.8435930602951368,1.111899346113205,15299
171,-115.55999999999995,0,0.8427494672348417,0.9518133122473955,15379
172,-218.34999999999997,0,0.8419067177676068,1.0179285515140701,15470
173,-148.92999999999995,0,0.8410648110498392,1.0935321595697176,15554
174,-156.95,0,0.8402237462387894,2.202171981689476,15638
175,-217.3,0,0.8393835224925505,2.8864243046570848,15731
176,-13.62999999999996,0,0.838544138970058,2.3847111341280813,15809
177,-175.22,0,0.8377055948310879,1.7888588963568897,15896
178,-160.44,0,0.8368678892362568,1.733186477529151,15980
179,-145.49999999999994,0,0.8360310213470206,2.099242222170497,16066
180,-162.39,0,0.8351949903256736,2.1014029554684055,16154
181,-147.40999999999997,0,0.8343597953353479,2.8021129158347153,16240
182,-190.35999999999996,0,0.8335254355400126,2.6976929893205455,16331
183,-166.86999999999995,0,0.8326919101044725,0.8249679410031864,16415
184,-210.72999999999996,0,0.831859218194368,1.648359545727366,16512
185,-125.59999999999997,0,0.8310273589761736,4.3265588320331805,16593
186,-158.51999999999998,0,0.8301963316171974,2.761231874699121,16684
187,-122.93999999999997,0,0.8293661352855802,2.826709110289812,16764
188,-157.14999999999998,0,0.8285367691502946,2.633569473850316,16851
189,-233.90999999999997,0,0.8277082323811443,2.4244440960884095,16951
190,-155.94,0,0.8268805241487632,1.8661210377549016,17037
191,-231.7899999999999,0,0.8260536436246144,3.9057342962672315,17133
192,-147.01999999999998,0,0.8252275899809898,1.7909961963115737,17219
193,-148.31999999999994,0,0.8244023623910088,0.7468539725331699,17304
194,-203.59999999999994,0,0.8235779600286178,2.583856664037192,17397
195,-186.73999999999995,0,0.8227543820685892,1.573500027579646,17490
196,-142.29999999999998,0,0.8219316276865206,3.8351401112697743,17571
197,-163.87,0,0.8211096960588341,2.996472095680791,17657
198,-206.09999999999997,0,0.8202885863627752,3.1846501350402834,17747
199,-209.27000000000004,0,0.8194682977764125,1.4694446726849204,17842
200,-157.21000000000004,0,0.818648829478636,3.6244503590990513,17927
201,-181.35999999999996,0,0.8178301806491574,1.6016625907686022,18017
202,-139.47999999999996,0,0.8170123504685082,1.9619377549915087,18101
203,-135.97999999999996,0,0.8161953381180397,0.7653584955703645,18185
204,-186.75999999999993,0,0.8153791427799216,1.4723078194591734,18275
205,-121.62,0,0.8145637636371417,0.6498648745042307,18356
206,-161.23999999999998,0,0.8137491998735046,0.781204173571608,18445
207,-175.55999999999995,0,0.812935450673631,0.6875599316515766,18536
208,-58.059999999999945,0,0.8121225152229574,2.888304710037568,18621
209,-168.39,0,0.8113103927077344,1.564295558112391,18710
210,-42.52000000000002,0,0.8104990823150267,2.4677009000497705,18795
211,-190.73999999999998,0,0.8096885832327116,3.3510031512614047,18884
212,-191.78999999999994,0,0.8088788946494789,1.8058821273747312,18977
213,-64.29999999999995,0,0.8080700157548294,1.6615286102128584,19063
214,-203.6899999999999,0,0.8072619457390746,4.658172533578343,19153
215,-180.31999999999996,0,0.8064546837933355,3.5612510494714558,19239
216,-173.27,0,0.8056482291095421,2.084487738280461,19326
217,-148.80999999999997,0,0.8048425808804326,3.7269327989939987,19413
218,-145.71999999999997,0,0.8040377382995522,3.4059533632771912,19499
219,-176.31999999999996,0,0.8032337005612527,4.825970201525423,19589
220,-154.02999999999997,0,0.8024304668606914,4.0042525021867315,19677
221,-136.27999999999994,0,0.8016280363938307,1.7245434476506143,19761
222,-144.10999999999999,0,0.8008264083574369,4.045485207161238,19847
223,-180.79000000000002,0,0.8000255819490795,4.350239513918411,19933
224,-184.10000000000002,0,0.7992255563671304,1.7841111739044604,20025
225,-146.96999999999997,0,0.7984263308107633,4.484862220574574,20108
226,-114.15999999999997,0,0.7976279044799526,0.8823083857210671,20190
227,-173.44999999999993,0,0.7968302765754727,2.529380495680703,20280
228,-174.85000000000002,0,0.7960334462988972,3.8082824149592356,20368
229,-113.09999999999998,0,0.7952374128525983,9.459088711798946,20447
230,-124.72999999999996,0,0.7944421754397457,3.2129408471286296,20527
231,-111.45999999999998,0,0.7936477332643059,3.6278204885841925,20606
232,-168.48,0,0.7928540855310416,4.985654496255962,20693
233,-170.35,0,0.7920612314455105,4.933063690151487,20784
234,-225.45999999999992,0,0.7912691702140651,3.9332991363480687,20880
235,-196.16000000000003,0,0.790477901043851,1.9138928555779986,20970
236,-178.53000000000003,0,0.7896874231428072,0.6800663193518465,21058
237,-157.42999999999995,0,0.7888977357196644,2.9407597382863364,21142
238,-121.60999999999996,0,0.7881088379839447,0.6867839738174721,21223
239,-189.10999999999996,0,0.7873207291459607,0.6926077648319982,21311
240,-151.51999999999998,0,0.7865334084168147,8.119850092908232,21393
241,-213.01,0,0.7857468750083979,4.846084906409184,21489
242,-157.89,0,0.7849611281333895,1.0921143321429982,21574
243,-172.59,0,0.784176167005256,5.853934918840726,21658
244,-181.91999999999996,0,0.7833919908382508,3.027004285292192,21746
245,-147.93999999999994,0,0.7826085988474126,2.103402308055333,21830
246,-184.57999999999998,0,0.7818259902485653,1.7456652761160671,21921
247,-171.23,0,0.7810441642583167,3.9589531493598016,22008
248,-191.83999999999992,0,0.7802631200940584,4.674909153106538,22096
249,-228.1999999999999,0,0.7794828569739644,0.7705100291237539,22194
250,-187.10999999999984,0,0.7787033741169904,2.903365411656968,22288
251,-46.02999999999999,0,0.7779246707428734,4.182156393440758,22370
252,-169.25999999999993,0,0.7771467460721305,0.7070848543283551,22456
253,-151.71999999999997,0,0.7763695993260584,0.6269181108680265,22543
254,-166.38,0,0.7755932297267324,1.195463600200276,22629
255,-176.38,0,0.7748176364970056,4.020697399635207,22717
256,-45.529999999999966,0,0.7740428188605086,0.7680268824100495,22797
257,-174.29999999999995,0,0.7732687760416481,3.09012329375202,22885
258,-38.849999999999966,0,0.7724955072656065,5.7123353648476485,22967
259,-171.3799999999999,0,0.7717230117583408,9.106497312414236,23054
260,-157.21999999999997,0,0.7709512887465825,2.731484737779413,23138
261,-175.13,0,0.7701803374578359,2.8053659822914625,23229
262,-71.45999999999995,0,0.7694101571203781,3.20818088745529,23317
263,-138.53999999999996,0,0.7686407469632577,6.880451400612676,23403
264,-122.95999999999995,0,0.7678721062162944,1.9531613631420826,23486
265,-177.0,0,0.7671042341100781,3.577284172006037,23573
266,-52.779999999999966,0,0.766337129875968,4.833455140037196,23657
267,-139.7,0,0.7655707927460921,5.438111087041242,23741
268,-149.87999999999997,0,0.764805221953346,3.2655010409214915,23826
269,-128.25999999999996,0,0.7640404167313927,8.67448570728302,23906
270,-137.07999999999996,0,0.7632763763146613,2.228417696022406,23988
271,-183.79,0,0.7625130999383466,5.707429890552263,24077
272,-190.7899999999999,0,0.7617505868384082,4.008456181366365,24168
273,-120.04000000000002,0,0.7609888362515699,4.004047246296195,24247
274,-190.74000000000004,0,0.7602278474153183,3.747590497770208,24341
275,-148.52999999999997,0,0.759467619567903,2.9375317152156386,24427
276,-51.43999999999998,0,0.7587081519483351,3.885750325373661,24508
277,-136.63,0,0.7579494437963867,6.187670635475832,24593
278,-220.76000000000002,0,0.7571914943525904,2.796703729468087,24689
279,-122.32999999999998,0,0.7564343028582378,2.6948199703032714,24772
280,-183.93999999999994,0,0.7556778685553796,7.240280582354619,24863
281,-191.08999999999992,0,0.7549221906868242,4.836689627760059,24954
282,-137.03999999999996,0,0.7541672684961374,6.334727783261994,25035
283,-179.96,0,0.7534131012276413,4.697122960947873,25124
284,-104.80999999999996,0,0.7526596881264136,4.3597592274620105,25197
285,-134.78,0,0.7519070284382872,5.071683110960995,25280
286,-147.98999999999995,0,0.7511551214098489,2.7854432830180245,25367
287,-128.70999999999995,0,0.750403966288439,11.22496234892327,25448
288,-171.38,0,0.7496535623221505,4.880384165971052,25532
289,-144.9199999999999,0,0.7489039087598284,4.655472382903099,25614
290,-142.51999999999995,0,0.7481550048510686,3.1864601797368155,25697
291,-181.96,0,0.7474068498462175,2.5791204343239467,25787
292,-226.4099999999999,0,0.7466594429963713,6.285301651536804,25884
293,-137.99999999999994,0,0.745912783553375,2.9922079138639495,25966
294,-176.22999999999996,0,0.7451668707698216,3.952697638122515,26053
295,-142.40999999999997,0,0.7444217038990517,3.325700972315877,26139
296,-132.81,0,0.7436772821951526,1.6462640982121228,26219
297,-208.26999999999987,0,0.7429336049129575,4.871353026602295,26310
298,-166.17999999999995,0,0.7421906713080445,2.6844158123521242,26395
299,-124.16999999999996,0,0.7414484806367364,7.220622630044818,26475
300,-119.67999999999998,0,0.7407070321560997,2.8145087815821173,26555
301,-133.68999999999994,0,0.7399663251239436,4.4888518828898665,26635
302,-163.0599999999999,0,0.7392263587988196,1.6354323934231485,26719
303,-145.60999999999999,0,0.7384871324400207,6.130598504859281,26802
304,-140.57999999999993,0,0.7377486453075807,4.252896713923259,26885
305,-161.29999999999998,0,0.737010896662273,5.829824842598247,26972
306,-187.4699999999999,0,0.7362738857656108,4.393405718935861,27062
307,-150.26999999999998,0,0.7355376118798452,2.091745600283864,27145
308,-126.68000000000004,0,0.7348020742679654,2.9712745441666133,27224
309,-161.85999999999996,0,0.7340672721936974,1.790210098028183,27311
310,-124.80999999999997,0,0.7333332049215037,5.21032754931508,27393
311,-152.5299999999999,0,0.7325998717165821,4.9570347280414016,27474
312,-151.79999999999993,0,0.7318672718448656,3.8649171504170394,27560
313,-141.45999999999998,0,0.7311354045730207,2.35249847712287,27643
314,-65.48999999999995,0,0.7304042691684477,4.720153734442734,27727
315,-70.36999999999996,0,0.7296738648992792,0.8132457345724106,27812
316,-166.62999999999997,0,0.7289441910343799,6.039721304111266,27901
317,-41.41999999999997,0,0.7282152468433455,6.1563157834285915,27987
318,-191.71000000000004,0,0.7274870315965022,1.0482500915446977,28076
319,-179.31,0,0.7267595445649057,4.352868790154929,28167
320,-122.95999999999998,0,0.7260327850203407,2.695361079695897,28245
321,-157.55999999999992,0,0.7253067522353204,3.036757205752121,28332
322,-138.5,0,0.724581445483085,5.710831277900272,28413
323,-130.82,0,0.723856864037602,4.090016444027424,28493
324,-170.19999999999996,0,0.7231330071735643,2.8878436860111023,28583
325,-110.15999999999997,0,0.7224098741663908,5.068526934219312,28662
326,-144.64999999999998,0,0.7216874642922244,4.06772830573524,28744
327,-147.19,0,0.7209657768279322,5.863133821813833,28828
328,-119.56999999999998,0,0.7202448110511043,3.086356458472617,28909
329,-55.91999999999999,0,0.7195245662400531,4.6305262906984845,28997
330,-192.6099999999999,0,0.7188050416738131,2.7737920807467566,29087
331,-125.82,0,0.7180862366321393,10.249283505074771,29168
332,-57.16999999999994,0,0.7173681503955072,4.623386103188855,29255
333,-132.85,0,0.7166507822451117,5.928532714580561,29332
334,-44.27999999999997,0,0.7159341314628666,4.632402357421344,29411
335,-155.22999999999996,0,0.7152181973314037,1.6493376632069432,29497
336,-117.63999999999999,0,0.7145029791340722,4.685898631811142,29577
337,-118.50999999999998,0,0.7137884761549381,3.982757730951792,29656
338,-140.26999999999992,0,0.7130746876787832,6.099337040659893,29739
339,-202.44999999999993,0,0.7123616129911045,1.7824045254124536,29829
340,-34.70999999999998,0,0.7116492513781133,6.085402154340977,29911
341,-28.559999999999942,0,0.7109376021267352,1.8261845927862894,29995
342,-30.60999999999995,0,0.7102266645246085,1.9390048197022192,30076
343,-128.26999999999995,0,0.7095164378600839,2.611023153364658,30156
344,-123.39,0,0.7088069214222238,3.4860757287591695,30236
345,-140.33999999999997,0,0.7080981145008015,3.7837745729016095,30318
346,-22.50999999999994,0,0.7073900163863007,3.8010735561450324,30402
347,-169.20999999999998,0,0.7066826263699144,7.468538645947917,30491
348,-125.43999999999997,0,0.7059759437435444,5.569531292487413,30569
349,-164.70999999999998,0,0.7052699677998009,4.04040683182173,30655
350,-138.43,0,0.704564697832001,4.529218703135848,30735
351,-137.84999999999997,0,0.7038601331341691,1.6065791855965341,30819
352,-120.23,0,0.7031562730010349,6.635648772309098,30898
353,-173.52999999999997,0,0.7024531167280339,5.971858683086577,30982
354,-142.54,0,0.7017506636113059,6.787440344875241,31063
355,-118.69999999999996,0,0.7010489129476946,5.131699977097688,31144
356,-14.599999999999959,0,0.7003478640347469,2.6453914523124693,31224
357,-109.09999999999997,0,0.6996475161707122,3.152935801073909,31304
358,-147.99999999999997,0,0.6989478686545415,5.491013121537187,31392
359,-7.079999999999963,0,0.698248920785887,1.4230693699438361,31471
360,-123.67999999999999,0,0.6975506718651011,3.14113518404655,31549
361,-27.089999999999982,0,0.6968531211932361,4.331849289091328,31628
362,-16.349999999999966,0,0.6961562680720428,2.96531928340091,31707
363,-54.46999999999995,0,0.6954601118039707,5.162652908678514,31790
364,-128.32999999999996,0,0.6947646516921667,5.705661668807646,31869
365,-43.18999999999994,0,0.6940698870404746,4.3894852460866955,31952
366,-81.30999999999997,0,0.6933758171534341,6.980259486607143,32036
367,-35.379999999999974,0,0.6926824413362807,8.75874701703296,32121
368,-195.23999999999998,0,0.6919897588949444,7.198248735823474,32212
369,-120.05999999999997,0,0.6912977691360495,3.242889428580249,32293
370,-131.48000000000002,0,0.6906064713669134,3.0626716518107755,32374
371,-115.65999999999997,0,0.6899158648955466,0.8287144657224417,32454
372,-4.769999999999968,0,0.689225949030651,2.7369512896507215,32532
373,-63.62999999999997,0,0.6885367230816204,4.48153453994365,32616
374,-147.07,0,0.6878481863585387,6.366888552904129,32702
375,-117.90999999999997,0,0.6871603381721801,2.650691657885909,32782
376,-29.969999999999963,0,0.686473177834008,7.920968771744997,32860
377,-183.99999999999997,0,0.685786704656174,3.4516830425108633,32953
378,-20.279999999999973,0,0.6851009179515178,1.3306468324019358,33031
379,-43.47999999999993,0,0.6844158170335664,4.2889220319598556,33114
380,-126.75999999999995,0,0.6837314012165328,6.111135330903961,33197
381,-141.72999999999996,0,0.6830476698153162,5.075990169881338,33280
382,-168.36999999999992,0,0.6823646221455009,3.605425729809037,33363
383,-135.53999999999988,0,0.6816822575233553,2.861175825819373,33459
384,-131.24999999999997,0,0.6810005752658319,6.345728591447923,33541
385,-153.51999999999998,0,0.680319574690566,7.251453376678099,33624
386,-149.95,0,0.6796392551158754,2.563917020839803,33709
387,-145.95999999999998,0,0.6789596158607596,8.983298932213382,33792
388,-25.35999999999996,0,0.6782806562448989,5.722579370184643,33874
389,-151.48000000000002,0,0.677602375588654,5.637561873311088,33958
390,-21.89999999999998,0,0.6769247732130653,1.4433840246169598,34035
391,-131.45999999999998,0,0.6762478484398523,4.092174625472177,34114
392,-23.969999999999963,0,0.6755716005914124,3.555913906367052,34198
393,-151.55999999999995,0,0.674896028990821,6.391991304103718,34284
394,-33.29999999999996,0,0.6742211329618302,2.817323922747519,34366
395,-116.46000000000001,0,0.6735469118288684,7.031770616397262,34446
396,-119.82999999999998,0,0.6728733649170395,4.794428718835116,34526
397,-58.73999999999998,0,0.6722004915521225,6.09435717202723,34606
398,-34.099999999999966,0,0.6715282910605703,6.809381731498388,34687
399,-33.80999999999997,0,0.6708567627695098,2.6523498046545333,34768
400,-170.73999999999995,0,0.6701859060067403,6.87737482317378,34857
401,-36.68999999999997,0,0.6695157201007336,3.4644774160807645,34936
402,-140.17,0,0.6688462043806328,3.7664360504597427,35016
403,-60.52999999999997,0,0.6681773581762521,4.203145662258411,35103
404,-24.169999999999963,0,0.6675091808180759,5.133765214178935,35186
405,-114.13999999999999,0,0.6668416716372578,2.531733850767086,35263
406,-7.219999999999949,0,0.6661748299656206,3.0232269650773156,35342
407,-22.969999999999978,0,0.6655086551356549,5.107465010136366,35422
408,-116.08999999999997,0,0.6648431464805192,6.406763135632382,35501
409,-35.069999999999965,0,0.6641783033340387,7.534346349537373,35581
410,-122.63,0,0.6635141250307047,6.125204508954829,35658
411,-138.63999999999996,0,0.662850610905674,2.0633537504408093,35739
412,-50.49999999999999,0,0.6621877602947683,5.933305750752604,35825
413,-129.52999999999997,0,0.6615255725344735,3.196936643199076,35904
414,-120.54999999999998,0,0.660864046961939,4.462387439948094,35983
415,-139.21999999999994,0,0.660203182914977,4.027438890279793,36065
416,-124.39999999999998,0,0.6595429797320621,6.637737498607165,36146
417,-35.91999999999997,0,0.6588834367523301,3.102953020578776,36224
418,-123.75999999999998,0,0.6582245533155777,6.367812967155038,36306
419,-28.129999999999978,0,0.6575663287622622,2.8821575477337227,36384
420,-146.69,0,0.6569087624334999,5.3574517778603425,36467
421,-21.309999999999974,0,0.6562518536710664,5.633871550112962,36547
422,-57.129999999999974,0,0.6555956018173954,4.862830280556398,36632
423,-161.6,0,0.654940006215578,7.401643118688038,36716
424,-35.14999999999999,0,0.6542850662093624,3.4021555263371694,36800
425,-133.38999999999996,0,0.6536307811431531,4.6876434070013815,36884
426,-172.69999999999996,0,0.65297715036201,4.363523718922637,36970
427,-165.57,0,0.6523241732116479,2.872504239990598,37054
428,-99.27999999999997,0,0.6516718490384363,6.612233074087846,37130
429,-136.77999999999997,0,0.6510201771893979,5.842632231804041,37208
430,-34.97999999999997,0,0.6503691570122084,9.62039012395883,37287
431,-30.699999999999953,0,0.6497187878551962,3.7990998648389986,37366
432,-136.74999999999994,0,0.649069069067341,2.7952093036778,37449
433,-158.10999999999996,0,0.6484199999982736,5.813439635709784,37536
434,-6.939999999999976,0,0.6477715799982753,3.6301627922058106,37611
435,-19.769999999999932,0,0.647123808418277,2.503339579211006,37690
436,-10.639999999999986,0,0.6464766846098587,4.406827310218087,37769
437,-59.18999999999997,0,0.6458302079252489,3.9374496863947974,37859
438,-177.65999999999997,0,0.6451843777173236,3.2196800444233284,37948
439,-84.60999999999996,0,0.6445391933396063,6.452911058376575,38035
440,-32.82999999999997,0,0.6438946541462667,4.165757375267836,38113
441,-121.86999999999998,0,0.6432507594921204,2.627549774572253,38193
442,-36.71999999999996,0,0.6426075087326283,5.118234234401979,38276
443,-18.49999999999998,0,0.6419649012238956,6.953946508467197,38356
444,-36.75999999999997,0,0.6413229363226717,5.02552890216603,38441
445,-30.46999999999996,0,0.640681613386349,4.041470091044903,38521
446,-66.97999999999998,0,0.6400409317729626,2.4599795471662764,38608
447,-44.66,0,0.6394008908411897,7.012755527566461,38693
448,-56.449999999999974,0,0.6387614899503485,3.036945793731713,38774
449,-51.739999999999924,0,0.6381227284603982,3.3185685866019305,38859
450,-27.90999999999997,0,0.6374846057319378,4.9666440159082414,38939
451,-64.98999999999998,0,0.6368471211262058,6.448919626270852,39021
452,-73.45999999999995,0,0.6362102740050796,2.583831881483396,39105
453,-173.97999999999996,0,0.6355740637310745,3.3104457252555424,39195
454,-46.31999999999997,0,0.6349384896673435,4.433951415033901,39280
455,-39.25999999999999,0,0.6343035511776761,6.2774233136858255,39364
456,-111.45999999999998,0,0.6336692476264985,5.035996663419506,39443
457,-52.699999999999946,0,0.6330355783788719,6.272857348602939,39526
458,-45.91999999999997,0,0.632402542800493,4.7123703469590446,39608
459,-117.24000000000001,0,0.6317701402576925,6.222022026409338,39689
460,-47.44999999999998,0,0.6311383701174348,4.171423681343303,39774
461,-9.819999999999965,0,0.6305072317473174,3.72386101605017,39853
462,-29.749999999999947,0,0.6298767245155701,5.599770120731214,39935
463,-69.07999999999997,0,0.6292468477910546,3.1786858674552705,40025
464,-9.449999999999967,0,0.6286176009432635,5.906632709038722,40102
465,-54.46999999999994,0,0.6279889833423202,3.340186216482302,40184
466,-32.85999999999999,0,0.6273609943589779,2.1950325186435995,40262
467,-156.26999999999992,0,0.6267336333646188,4.453791426606925,40345
468,-94.61999999999995,0,0.6261068997312542,2.811170245039052,40432
469,-8.739999999999974,0,0.6254807928315229,6.501234142403853,40508
470,-45.99999999999997,0,0.6248553120386914,5.993850271810185,40596
471,-30.779999999999973,0,0.6242304567266527,4.474233394352401,40678
472,-51.25,0,0.623606226269926,4.210330491513014,40758
473,-63.52999999999993,0,0.6229826200436561,2.4777704989208895,40843
474,-121.35,0,0.6223596374236124,4.3562611790350925,40924
475,-148.83999999999995,0,0.6217372777861888,4.754365635819213,41010
476,-110.54999999999998,0,0.6211155405084027,6.100525418414345,41089
477,-143.37999999999997,0,0.6204944249678943,5.085225431692033,41173
478,-127.48999999999997,0,0.6198739305429264,4.516995766013861,41253
479,-120.34999999999997,0,0.6192540566123834,2.4284258654600457,41332
480,-51.229999999999976,0,0.6186348025557711,3.4078117886254953,41418
481,-64.32999999999998,0,0.6180161677532153,4.379884263564801,41505
482,-86.15999999999994,0,0.6173981515854621,3.8872963420369406,41593
483,-47.549999999999955,0,0.6167807534338766,4.379506000350504,41678
484,-122.00999999999996,0,0.6161639726804428,4.217814612819488,41761
485,-29.02999999999996,0,0.6155478087077623,5.503718453645706,41841
486,-36.649999999999956,0,0.6149322608990545,4.1065933591708905,41923
487,-83.50999999999999,0,0.6143173286381555,5.464088526922603,42009
488,-64.97999999999996,0,0.6137030113095173,8.867329737474751,42095
489,-107.38999999999996,0,0.6130893082982078,5.327735352673028,42171
490,-103.42999999999998,0,0.6124762189899097,7.710322675032494,42249
491,-107.30000000000001,0,0.6118637427709198,3.117639917292093,42325
492,-32.33999999999996,0,0.6112518790281489,3.303370262791471,42407
493,-83.39999999999993,0,0.6106406271491208,6.534616893735425,42494
494,-46.11999999999996,0,0.6100299865219717,3.1482731525817615,42583
495,-151.42999999999995,0,0.6094199565354498,6.892800951578531,42666
496,-18.879999999999974,0,0.6088105365789144,5.0232438912874535,42745
497,-40.95999999999996,0,0.6082017260423355,5.141740546506994,42830
498,-57.78999999999993,0,0.6075935243162931,5.110341866568821,42912
499,-155.29999999999998,0,0.6069859307919768,4.579619815436805,42994
500,-121.44999999999997,0,0.6063789448611848,2.463747487792486,43073
501,-27.109999999999978,0,0.6057725659163237,2.6486505211135487,43154
502,-78.48999999999998,0,0.6051667933504074,2.8256676300712256,43246
503,-138.99999999999997,0,0.6045616265570569,5.1852189316306,43332
504,-34.97999999999996,0,0.6039570649304998,3.7492134785506783,43414
505,-116.64999999999998,0,0.6033531078655693,4.1490774407982824,43494
506,-63.219999999999956,0,0.6027497547577038,5.183875815307393,43579
507,-34.10999999999998,0,0.602147005002946,4.766229610110438,43665
508,-18.569999999999972,0,0.6015448579979431,4.782659120197538,43744
509,-63.30999999999995,0,0.6009433131399452,6.149703257694477,43826
510,-142.22999999999996,0,0.6003423698268052,4.221148510419187,43910
511,-119.86999999999999,0,0.5997420274569785,4.332495782282446,43987
512,-27.799999999999997,0,0.5991422854295215,3.292129107564688,44067
513,-35.51999999999995,0,0.598543143144092,4.176520391071544,44152
514,-43.20999999999998,0,0.5979446000009478,5.156691147387027,44232
515,-55.04999999999996,0,0.5973466554009469,3.7080761124921398,44318
516,-33.669999999999945,0,0.596749308745546,4.864096961825727,44401
517,-62.469999999999985,0,0.5961525594368005,3.92661666733095,44488
518,-38.44999999999997,0,0.5955564068773637,4.021479048948178,44575
519,-19.49999999999995,0,0.5949608504704863,4.331585644901573,44652
520,-48.79999999999997,0,0.5943658896200158,4.372174355245772,44736
521,-30.909999999999975,0,0.5937715237303958,4.264017514035672,44815
522,-103.75999999999999,0,0.5931777522066654,4.461766917984207,44892
523,-117.65999999999997,0,0.5925845744544587,3.88356083178822,44971
524,-17.339999999999947,0,0.5919919898800042,3.3194826216232487,45053
525,-43.18999999999998,0,0.5913999978901242,3.3086795056567473,45138
526,-30.87999999999999,0,0.590808597892234,3.633508259408614,45223
527,-22.369999999999997,0,0.5902177892943418,6.583646954654099,45300
528,-117.09999999999997,0,0.5896275715050474,2.9080613650381566,45380
529,-127.73999999999995,0,0.5890379439335424,4.546302540616675,45471
530,-46.32999999999996,0,0.5884489059896089,4.24794402087436,45556
531,-32.069999999999965,0,0.5878604570836192,5.3445885210861395,45637
532,-43.33999999999996,0,0.5872725966265356,5.01001821131241,45719
533,-19.399999999999967,0,0.5866853240299091,6.781467162732836,45798
534,-48.819999999999986,0,0.5860986387058792,3.80033332322325,45882
535,-57.26999999999998,0,0.5855125400671733,5.762119352107956,45966
536,-20.40999999999996,0,0.5849270275271061,5.2221166132352295,46044
537,-61.39999999999999,0,0.584342100499579,4.194363746750221,46133
538,-46.219999999999985,0,0.5837577583990794,3.3817621490785053,46217
539,-18.109999999999978,0,0.5831740006406804,5.450284346153862,46293
540,-29.529999999999962,0,0.5825908266400397,4.7598395548760895,46373
541,-36.89999999999999,0,0.5820082358133997,6.1077141506331305,46457
542,-69.17999999999998,0,0.5814262275775862,4.201026966732539,46546
543,-162.77999999999994,0,0.5808448013500086,5.324651842829825,46633
544,-124.75999999999999,0,0.5802639565486586,4.513937715536509,46711
545,-45.81999999999996,0,0.57968369259211,5.519671777036132,46793
546,-32.219999999999956,0,0.5791040088995179,5.053950654905896,46879
547,-21.509999999999955,0,0.5785249048906184,3.768748716874556,46956
548,-28.589999999999975,0,0.5779463799857277,5.466722117849143,47039
549,-48.67999999999999,0,0.577368433605742,2.8673763658808564,47126
550,-32.07999999999996,0,0.5767910651721362,4.6323582228407805,47209
551,-174.60999999999996,0,0.576214274106964,7.211529151598612,47299
552,-42.79999999999998,0,0.5756380598328571,3.742323953965131,47384
553,-126.63999999999994,0,0.5750624217730242,4.143490266652755,47465
554,-22.159999999999968,0,0.5744873593512512,3.8085156105458737,47545
555,-17.91999999999996,0,0.5739128719918999,2.107152960386621,47628
556,-3.869999999999976,0,0.573338959119908,4.386707374682794,47706
557,-139.86999999999998,0,0.572765620160788,5.821260950144599,47791
558,-141.19,0,0.5721928545406272,4.130931711196899,47876
559,-17.47999999999996,0,0.5716206616860866,3.665702371671796,47956
560,-32.47999999999995,0,0.5710490410244006,1.3277244612574577,48036
561,-117.04999999999997,0,0.5704779919833761,2.9336214749252094,48121
562,-24.459999999999972,0,0.5699075139913927,4.160525235785059,48204
563,-145.19,0,0.5693376064774013,5.509838254713431,48286
564,-66.82999999999996,0,0.5687682688709239,4.845999577949787,48373
565,-110.83999999999999,0,0.5681995006020529,3.5383467483520508,48448
566,-62.96999999999994,0,0.5676313011014509,5.515369423088574,48532
567,-35.34999999999999,0,0.5670636698003494,3.5786562712886667,48611
568,-21.549999999999972,0,0.5664966061305491,5.5422218216628565,48693
569,-37.33999999999996,0,0.5659301095244186,3.1934173859301067,48777
570,-108.34999999999997,0,0.5653641794148941,4.1511355340480804,48874
571,-34.26999999999997,0,0.5647988152354793,3.950952245694835,48956
572,-23.109999999999978,0,0.5642340164202437,6.875315927597414,49039
573,-29.279999999999973,0,0.5636697824038235,3.66809327687536,49123
574,-43.25999999999996,0,0.5631061126214196,2.894588223422866,49206
575,-53.37999999999997,0,0.5625430065087982,5.416078870323883,49293
576,-23.72999999999998,0,0.5619804635022894,3.3728011839361076,49376
577,-50.209999999999965,0,0.561418483038787,4.486942289823509,49459
578,-33.67999999999999,0,0.5608570645557482,4.323111531964267,49542
579,-38.48999999999997,0,0.5602962074911925,2.9335755896429685,49628
580,-42.829999999999956,0,0.5597359112837013,6.145443890375249,49713
581,-133.07999999999998,0,0.5591761753724176,2.9707956542203457,49794
582,-17.129999999999953,0,0.5586169991970452,4.553490774866975,49875
583,-24.409999999999975,0,0.5580583821978482,4.044474098377112,49957
584,-16.78999999999997,0,0.5575003238156504,5.23616963548538,50035
585,-62.37999999999998,0,0.5569428234918348,4.871839246836053,50118
586,-49.54999999999998,0,0.5563858806683429,2.911575305752638,50200
587,-24.61999999999995,0,0.5558294947876746,3.554330105523029,50283
588,-17.519999999999968,0,0.5552736652928869,4.581551383306951,50364
589,-52.31999999999998,0,0.5547183916275941,3.061322260734647,50450
590,-30.74999999999998,0,0.5541636732359665,3.343518988007591,50534
591,-46.37999999999998,0,0.5536095095627305,3.996674449328917,50617
592,-16.709999999999944,0,0.5530559000531677,4.34238177611504,50698
593,-138.78999999999996,0,0.5525028441531146,4.015357682985418,50783
594,-29.109999999999967,0,0.5519503413089615,3.1725291035005023,50867
595,-40.31999999999995,0,0.5513983909676525,6.129187221443931,50953
596,-66.33999999999993,0,0.5508469925766849,3.568083152852275,51041
597,-49.78999999999999,0,0.5502961455841082,4.0970809240450805,51128
598,-47.44999999999995,0,0.5497458494385241,3.1875668909660604,51214
599,-57.22999999999997,0,0.5491961035890855,4.163551119495841,51299
600,-43.74999999999994,0,0.5486469074854965,4.248794670714888,51385
601,-72.39999999999995,0,0.548098260578011,2.8835922969712153,51475
602,-35.069999999999965,0,0.547550162317433,4.724816623984314,51557
603,-25.46999999999999,0,0.5470026121551156,2.4691567873652978,51636
604,-39.559999999999974,0,0.5464556095429605,3.588646023011789,51718
605,-41.78999999999999,0,0.5459091539334175,5.014520111472108,51804
606,-56.76999999999995,0,0.5453632447794842,3.143790688234217,51889
607,-36.489999999999974,0,0.5448178815347047,3.819254931108451,51970
608,-14.30999999999996,0,0.54427306365317,3.4493647465458164,52047
609,-16.23999999999996,0,0.5437287905895168,3.674766510337978,52124
610,-34.13999999999998,0,0.5431850617989273,2.4478831857442858,52204
611,-16.109999999999978,0,0.5426418767371284,2.355098382204394,52283
612,-57.89999999999997,0,0.5420992348603912,2.7492670467100946,52366
613,-34.84999999999998,0,0.5415571356255309,4.798323883686536,52447
614,-55.92999999999997,0,0.5410155784899053,2.839291432222655,52533
615,-32.76999999999996,0,0.5404745629114154,4.961226464044757,52615
616,-76.96999999999997,0,0.539934088348504,3.3737519575489894,52705
617,-25.50999999999997,0,0.5393941542601555,2.9751044761389496,52785
618,-35.949999999999974,0,0.5388547601058953,2.553075265574765,52862
619,-13.609999999999943,0,0.5383159053457894,2.8240803872666707,52944
620,-11.290000000000013,0,0.5377775894404436,2.8360518675024915,53026
621,-40.84999999999995,0,0.5372398118510032,6.208532283105046,53109
622,-23.369999999999976,0,0.5367025720391522,2.3874046960508966,53192
623,-87.42999999999992,0,0.536165869467113,2.872435438491049,53276
624,-35.27999999999999,0,0.5356297035976458,2.1550475919530507,53360
625,-26.039999999999957,0,0.5350940738940482,3.290527378811556,53445
626,-33.85999999999999,0,0.5345589798201541,5.26803625109552,53532
627,-24.379999999999953,0,0.534024420840334,3.581638600854647,53616
628,-53.09999999999997,0,0.5334903964194936,3.5345234995664554,53702
629,-47.39999999999994,0,0.5329569060230741,2.709658518959494,53787
630,-56.36999999999995,0,0.532423949117051,1.9458356059410356,53875
631,-19.039999999999974,0,0.531891525167934,3.7085746070485057,53956
632,-21.97999999999998,0,0.5313596336427661,2.1011932058098877,54037
633,-16.77999999999998,0,0.5308282740091232,2.344096487545105,54120
634,-24.21999999999998,0,0.5302974457351142,2.1158113199987527,54201
635,-38.46999999999998,0,0.5297671482893791,3.2065760328109008,54284
636,-130.22999999999996,0,0.5292373811410898,3.207028255213139,54370
637,-28.429999999999957,0,0.5287081437599487,2.931284872385172,54448
638,-8.019999999999982,0,0.5281794356161887,3.067804475128651,54528
639,-157.79999999999998,0,0.5276512561805725,2.9562240852706734,54615
640,-35.829999999999956,0,0.5271236049243919,1.975564569961734,54697
641,-11.289999999999957,0,0.5265964813194676,2.174493415856067,54778
642,-118.27000000000001,0,0.5260698848381481,2.1433694767363276,54859
643,-28.729999999999972,0,0.5255438149533099,5.419342810908954,54943
644,-23.19999999999997,0,0.5250182711383566,2.576256541926184,55024
645,-27.299999999999972,0,0.5244932528672183,3.6844522466019884,55106
646,-17.99999999999998,0,0.5239687596143511,3.4519465106079377,55189
647,-21.619999999999937,0,0.5234447908547367,1.6972352302655942,55271
648,-19.229999999999976,0,0.522921346063882,1.6822009406438687,55353
649,-31.45999999999997,0,0.522398424717818,2.243160735543181,55435
650,-37.87999999999998,0,0.5218760262931003,3.1026162381579234,55517
651,-56.67999999999996,0,0.5213541502668072,2.571448994093928,55604
652,-41.25999999999994,0,0.5208327961165404,3.640089803728564,55691
653,-37.08999999999996,0,0.5203119633204238,1.9985810557761825,55774
654,-29.35999999999998,0,0.5197916513571034,2.88875192193424,55859
655,-10.199999999999989,0,0.5192718597057463,2.06715749874711,55939
656,-15.93999999999997,0,0.5187525878460405,1.9846099291318728,56020
657,-52.68999999999997,0,0.5182338352581944,2.0700327143257047,56101
658,-16.789999999999985,0,0.5177156014229363,2.620330781099342,56185
659,-16.02999999999996,0,0.5171978858215134,2.372952052950859,56265
660,271.69000000000005,0,0.5166806879356919,1.7899884479887345,56350
661,-36.689999999999934,0,0.5161640072477562,1.9883232837499574,56436
662,-22.46999999999999,0,0.5156478432405085,23.167399295946446,56518
663,-30.549999999999976,0,0.515132195397268,2.415527217917972,56599
664,-50.88999999999995,0,0.5146170632018707,2.434295084859644,56683
665,-40.369999999999976,0,0.5141024461386688,2.6598616067956136,56765
666,-40.83999999999996,0,0.5135883436925301,3.62414049825003,56851
667,-18.209999999999976,0,0.5130747553488376,1.4452108780785304,56933
668,-20.059999999999974,0,0.5125616805934888,22.72011679932475,57013
669,268.05,0,0.5120491189128954,3.216656974383763,57097
670,-178.24999999999997,0,0.5115370697939825,19.813468487489793,57202
671,-23.339999999999947,0,0.5110255327241885,21.082378136522976,57283
672,-48.92999999999997,0,0.5105145071914643,17.982041896099137,57367
673,-52.71999999999998,0,0.5100039926842729,3.9138072220127236,57456
674,-63.099999999999966,0,0.5094939886915886,1.6065597143666497,57543
675,-18.469999999999956,0,0.508984494702897,4.470141104505032,57622
676,309.97,1,0.508475510208194,3.7478762187063692,57702
677,-26.72999999999995,0,0.5079670346979859,17.567359060399674,57787
678,-21.709999999999987,0,0.5074590676632879,2.575197095220739,57864
679,-34.86999999999995,0,0.5069516085956246,1.8027567295801072,57948
680,-14.909999999999961,0,0.506444656987029,2.459208021193375,58029
681,-44.39999999999996,0,0.505938212330042,3.5957642546431585,58117
682,334.87,1,0.505432274117712,2.516865270725195,58186
683,-27.809999999999956,0,0.5049268418435943,22.403583344162964,58268
684,-40.309999999999974,0,0.5044219150017507,2.1092685194576486,58353
685,-25.769999999999982,0,0.5039174930867489,2.4057937551427773,58434
686,-12.619999999999969,0,0.5034135755936622,3.094056631063486,58511
687,324.42,1,0.5029101620180685,2.261594808101654,58586
688,-31.239999999999966,0,0.5024072518560504,2.101091364551993,58671
689,-30.039999999999967,0,0.5019048446041944,3.1764462259080677,58752
690,331.42,1,0.5014029397595902,1.802689168272139,58831
691,226.26000000000002,0,0.5009015368198305,21.076400269960104,58926
692,-37.31,0,0.5004006352830107,40.2661591165037,59009
693,-13.089999999999996,0,0.4999002346477277,2.7055521394525255,59093
694,315.91,1,0.49940033441307996,23.340294426832443,59171
695,338.67,1,0.49890093407866687,2.0011047803438626,59236
696,302.52000000000004,1,0.4984020331445882,25.608777036914578,59313
697,-122.07999999999993,0,0.4979036311114436,16.51423980742693,59393
698,-33.29999999999997,0,0.4974057274803321,2.9385378927719303,59475
699,-25.58999999999998,0,0.49690832175285177,20.3495822205263,59560
700,339.61,1,0.4964114134310989,4.424270947774251,59623
701,-72.02999999999997,0,0.4959150020176678,51.38178007337782,59713
702,329.26,1,0.49541908701565013,3.8102145179112754,59788
703,-106.38999999999999,0,0.49492366792863446,49.10099045837179,59882
704,-69.69999999999997,0,0.4944287442607058,28.582157593764617,59971
705,322.4200000000001,1,0.4939343155164451,2.7761007388935814,60050
706,-46.729999999999976,0,0.4934403812009287,19.256423432718623,60138
707,348.37,1,0.4929469408197278,3.7971765736738843,60198
708,-20.25999999999996,0,0.49245399387890804,2.7284484520015946,60281
709,281.21000000000004,1,0.4919615398850291,34.07848111741683,60366
710,-22.519999999999982,0,0.4914695783451441,21.74103695841936,60444
711,-56.229999999999976,0,0.4909781087667989,18.120693427793096,60533
712,-34.29999999999999,0,0.4904871306580321,3.752234914526343,60613
713,-104.97999999999996,0,0.4899966435273741,51.54052609570172,60711
714,-34.88999999999995,0,0.4895066468838467,40.73436373188382,60795
715,-44.02999999999999,0,0.48901714023696286,17.37583405333896,60881
716,-34.84999999999997,0,0.4885281230967259,3.6104383735095755,60966
717,-69.84999999999998,0,0.48803959497362914,40.449161648750305,61057
718,-86.52999999999997,0,0.4875515553786555,16.368005703104302,61151
719,-19.879999999999946,0,0.48706400382327686,4.7742364507123645,61234
720,344.14000000000004,1,0.4865769398194536,4.4755397845005644,61303
721,-30.31999999999997,0,0.48609036287963414,5.433605649589021,61384
722,-30.579999999999973,0,0.48560427251675453,4.90936910124386,61469
723,-37.41999999999997,0,0.48511866824423777,17.17103493357279,61552
724,332.74,1,0.4846335495759935,48.38095610272394,61625
725,-29.679999999999975,0,0.4841489160264175,19.762881480157375,61705
726,-16.16999999999996,0,0.4836647671103911,20.428021364574192,61784
727,-39.41999999999996,0,0.4831811023432807,29.00962663989469,61867
728,-48.07999999999997,0,0.4826979212409374,35.71941109737718,61950
729,-85.76999999999995,0,0.48221522331969646,17.971447839235005,62045
730,-58.54999999999997,0,0.48173300809637676,10.341999089176005,62133
731,-40.64999999999998,0,0.48125127508828036,19.105210037458512,62217
732,-53.079999999999956,0,0.48077002381319206,17.587530831044372,62305
733,-42.78999999999996,0,0.48028925378937887,8.352302362638362,62390
734,-33.27999999999996,0,0.47980896453558947,31.102597899380186,62474
735,-31.12999999999996,0,0.4793291555710539,27.583670689616092,62560
736,-19.419999999999966,0,0.47884982641548285,37.06705663527971,62641
737,-37.85999999999997,0,0.47837097658906735,30.652054740400875,62726
738,-58.049999999999955,0,0.47789260561247826,37.23245154239319,62817
739,-33.679999999999964,0,0.4774147130068658,8.081419197250815,62902
740,-41.61999999999997,0,0.4769372982938589,16.52032478977652,62987
741,-221.59999999999997,0,0.47646036099556505,18.01907568805072,63085
742,-196.26,0,0.47598390063456947,24.210824144513982,63180
743,-69.65999999999998,0,0.4755079167339349,10.026452518581005,63269
744,-34.31999999999994,0,0.47503240881720094,11.999161264475655,63354
745,-68.26999999999998,0,0.47455737640838375,11.872626113040107,63438
746,-50.12999999999996,0,0.47408281903197536,34.523800033262404,63525
747,-49.04999999999996,0,0.47360873621294336,8.883407104974506,63612
748,-29.019999999999968,0,0.4731351274767304,23.66351658177663,63695
749,-55.35999999999997,0,0.4726619923492537,11.939734465696596,63783
750,324.33000000000004,1,0.47218933035690447,31.319920290457574,63859
751,-32.349999999999966,0,0.47171714102654755,25.051814763686234,63944
752,328.65000000000003,1,0.471245423885521,13.385446664534117,64020
753,-14.459999999999958,0,0.47077417846163544,20.721709513664244,64100
754,-30.82999999999997,0,0.4703034042831738,19.457108227979568,64184
755,-45.58999999999999,0,0.46983310087889063,38.67641683511956,64270
756,-24.589999999999943,0,0.46936326777801174,34.08114688570907,64352
757,273.51000000000005,1,0.4688939045102337,25.37015806395432,64439
758,-51.34999999999996,0,0.4684250106057235,18.18061509488643,64526
759,287.1,1,0.46795658559511777,15.531817843516668,64610
760,-39.02999999999995,0,0.46748862900952265,16.52934800270127,64692
761,-36.78999999999997,0,0.4670211403805131,50.323555244955905,64778
762,-35.10999999999995,0,0.4665541192401326,17.328740975942956,64861
763,-29.629999999999967,0,0.4660875651208925,34.15642138830451,64947
764,-35.389999999999986,0,0.4656214775557716,20.59677686225409,65034
765,-51.049999999999976,0,0.46515585607821586,27.174658923313537,65121
766,-40.739999999999974,0,0.46469070022213765,30.846060959689588,65204
767,-48.04999999999997,0,0.4642260095219155,19.69835165588335,65291
768,-46.25999999999997,0,0.4637617835123936,25.860483477061447,65379
769,301.1,1,0.46329802172888124,22.203571296873548,65463
770,-144.80000000000004,0,0.46283472370715234,19.92921949245713,65551
771,-47.84999999999996,0,0.46237188898344517,32.28772731905892,65635
772,-13.979999999999933,0,0.4619095170944617,20.11976090262208,65714
773,-54.69,0,0.46144760757736725,35.78231144792893,65799
774,331.94,1,0.46098615996978987,44.19870820110791,65872
775,-70.14999999999998,0,0.46052517380982005,12.65438704678182,65961
776,-35.68999999999998,0,0.4600646486360102,29.829236961813535,66046
777,324.58000000000004,1,0.4596045839873742,27.692929297685623,66126
778,-43.86999999999997,0,0.45914497940338683,21.030733952577087,66213
779,-30.349999999999955,0,0.4586858344239834,33.27455064549166,66298
780,327.70000000000005,1,0.45822714858955943,21.487938787363753,66377
781,-41.32,0,0.45776892144096987,44.29606862421389,66458
782,-33.74999999999997,0,0.4573111525195289,31.44582815170288,66543
783,-25.969999999999967,0,0.4568538413670094,34.335209944309334,66621
784,-35.36999999999995,0,0.4563969875256424,47.28098074499383,66704
785,-130.04999999999993,0,0.45594059053811675,40.97492676914328,66805
786,-162.47999999999993,0,0.45548464994757865,22.28490411203641,66909
787,339.04,1,0.45502916529763104,21.411099783785932,66986
788,-14.309999999999981,0,0.45457413613233344,28.037334076965912,67065
789,-35.26999999999998,0,0.4541195619962011,37.45695808387938,67149
790,-54.40999999999997,0,0.4536654424342049,35.60004787164576,67234
791,-64.78999999999996,0,0.45321177699177073,33.17147248352275,67319
792,-83.48999999999998,0,0.452758565214779,28.67701003603313,67411
793,-50.13999999999996,0,0.4523058066495642,20.823576641370014,67494
794,-139.59,0,0.45185350084291465,30.109489563703537,67594
795,-35.31999999999996,0,0.4514016473420717,26.467832447534583,67677
796,297.57000000000005,1,0.45095024569472963,25.38074872710488,67754
797,342.49,1,0.4504992954490349,23.521640790833366,67826
798,325.37000000000006,1,0.45004879615358584,28.877112747828164,67901
799,-35.129999999999974,0,0.44959874735743227,40.488769790272656,67982
800,291.33,1,0.4491491486100748,40.86860690882177,68063
801,-60.74999999999996,0,0.44869999946146477,31.839213640549605,68148
802,336.86,1,0.4482512994620033,44.14498127660444,68210
803,-291.9399999999998,0,0.4478030481625413,25.85979341297615,68333
804,-23.409999999999968,0,0.44735524511437874,24.27185332926014,68412
805,345.48,1,0.4469078898692644,24.144170278235325,68491
806,318.13,1,0.4464609819793951,26.5607305254255,68568
807,-53.59999999999996,0,0.44601452099741573,25.407200923126734,68657
808,-33.679999999999964,0,0.4455685064764183,19.190110170841216,68737
809,-50.18999999999996,0,0.4451229379699419,26.82866683225522,68824
810,-1.0099999999999767,0,0.44467781503197196,33.18143778580885,68902
811,325.99,1,0.44423313721693997,43.19315661922578,68964
812,334.89,1,0.44378890407972305,35.47538864159886,69043
813,-42.78999999999998,0,0.44334511517564335,32.45745821560131,69128
814,370.03000000000003,1,0.4429017700604677,32.61607014907981,69181
815,-16.649999999999977,0,0.44245886829040726,32.8353626544659,69259
816,-45.13999999999997,0,0.44201640942211684,36.212999198016,69344
817,-52.96999999999997,0,0.44157439301269474,24.868231156977213,69426
818,-88.30999999999996,0,0.44113281861968207,21.55196096820216,69519
819,285.71000000000004,1,0.4406916858010624,31.481954064965247,69599
820,-12.819999999999993,0,0.4402509941152613,31.082748183608054,69679
821,356.06,1,0.43981074312114604,27.282450169847724,69736
822,-45.31999999999998,0,0.4393709323780249,44.465391095091654,69818
823,346.24,1,0.4389315614456469,52.669812940782116,69880
824,-23.84999999999996,0,0.43849262988420123,41.72160484264423,69957
825,347.19,1,0.438054137254317,32.09611394156271,70024
826,-20.869999999999955,0,0.4376160831170627,37.50834655761719,70103
827,-80.30999999999996,0,0.43717846703394564,33.94211747454501,70190
828,337.20000000000005,1,0.4367412885669117,28.481153128852306,70261
829,-15.839999999999982,0,0.4363045472783448,42.65231800682937,70340
830,342.8,1,0.43586824273106645,26.076143685140106,70416
831,325.61,1,0.4354323744883354,29.944563547770183,70485
832,325.91,1,0.43499694211384704,27.02630989762801,70564
833,341.76000000000005,1,0.4345619451717332,26.927040136313135,70643
834,-86.85999999999996,0,0.43412738322656147,25.449364308472518,70734
835,-110.67999999999995,0,0.4336932558433349,37.51932211632424,70828
836,327.59000000000003,1,0.43325956258749154,35.434926986694336,70895
837,340.86,1,0.43282630302490405,36.642791118377296,70973
838,-124.83999999999999,0,0.43239347672187917,30.7244159007559,71071
839,-50.62999999999993,0,0.4319610832451573,32.666437492138,71153
840,-40.059999999999945,0,0.43152912216191214,19.562113024206724,71238
841,332.28000000000003,1,0.4310975930397502,45.18024506334399,71299
842,341.19000000000005,1,0.43066649544671043,19.63481355040041,71372
843,346.07000000000005,1,0.4302358289512637,32.84108464137928,71446
844,290.29,1,0.4298055931223125,22.19695546737937,71532
845,309.28000000000003,1,0.42937578752919014,31.167612811665474,71613
846,-55.82999999999994,0,0.4289464117416609,28.341917632607853,71698
847,247.21000000000004,0,0.42851746532991924,35.19067242440213,71787
848,-36.51999999999997,0,0.42808894786458934,35.58616345704988,71873
849,-41.049999999999955,0,0.42766085891672473,27.04301640044811,71959
850,-29.67999999999997,0,0.427233198057808,27.683110135725176,72046
851,347.36,1,0.4268059648597502,28.475519500561614,72113
852,335.3,1,0.4263791588948904,39.301293198066425,72192
853,295.33000000000004,1,0.42595277973599555,34.8393321093391,72277
854,357.62000000000006,1,0.42552682695625954,31.333865699483386,72344
855,300.83000000000004,1,0.4251013001293033,39.4153699696064,72424
856,-28.379999999999967,0,0.424676198829174,28.760000177576572,72503
857,354.5,1,0.4242515226303448,27.471001867520606,72562
858,355.34,1,0.42382727110771445,31.499383829642035,72631
859,323.54,1,0.4234034438366067,30.27627482679155,72703
860,347.87,1,0.4229800403927701,20.02469538052877,72763
861,-14.799999999999962,0,0.42255706035237733,32.7422410976596,72845
862,300.27000000000004,1,0.42213450329202495,29.19320644490859,72930
863,350.76000000000005,1,0.4217123687887329,42.41230517625809,72982
864,335.72,1,0.4212906564199442,36.867080719043045,73060
865,351.65000000000003,1,0.42086936576352424,38.58212138736059,73123
866,337.95000000000005,1,0.4204484963977607,26.909322631986516,73199
867,-38.07999999999997,0,0.42002804790136294,38.261568400439096,73284
868,346.35,1,0.4196080198534616,30.780147104120967,73351
869,-25.949999999999996,0,0.4191884118336081,41.87846911097147,73434
870,306.94000000000005,1,0.41876922342177453,33.966229288765554,73523
871,-20.63999999999996,0,0.41835045419835276,34.14904457185327,73605
872,-28.43999999999995,0,0.4179321037441544,32.793785077769584,73687
873,337.13,1,0.41751417164041027,43.1373645900047,73760
874,-42.74999999999997,0,0.41709665746876984,27.860992297004252,73845
875,290.41,1,0.4166795608113011,36.99405221883641,73931
876,334.75000000000006,1,0.41626288125048977,36.25400658007021,74012
877,318.02000000000004,1,0.41584661836923925,35.40867234531202,74088
878,353.55000000000007,1,0.41543077175087,32.53449692524655,74159
879,350.72,1,0.41501534097911913,36.318855338626435,74222
880,-45.93999999999999,0,0.41460032563814003,34.391356652041516,74305
881,361.65000000000003,1,0.4141857253125019,35.14792927828702,74371
882,335.1700000000001,1,0.41377153958718943,32.00239423469261,74452
883,325.8,1,0.4133577680476022,33.941724252009735,74521
884,354.39,1,0.4129444102795546,33.12673451350285,74586
885,-39.98999999999997,0,0.412531465869275,44.42454219432104,74670
886,337.17,1,0.41211893440340575,49.24254002173742,74742
887,354.68,1,0.41170681546900234,30.95610557086226,74811
888,310.8,1,0.41129510865353336,39.15496687345867,74890
889,325.41,1,0.41088381354487985,33.7409395804772,74955
890,333.25,1,0.410472929731335,43.715171299971544,75032
891,-31.689999999999962,0,0.41006245680160364,34.08393234365127,75117
892,336.76000000000005,1,0.40965239434480205,45.74869946638743,75189
893,319.34000000000003,1,0.40924274195045723,34.937229766845704,75264
894,-17.289999999999964,0,0.40883349920850676,31.053324817139426,75345
895,246.87,0,0.40842466570929825,47.22788243823581,75435
896,335.68,1,0.40801624104358897,27.96331058032271,75504
897,-103.52,0,0.4076082248025454,44.00965050215362,75597
898,300.86,1,0.4072006165777428,28.204974690528765,75670
899,323.65000000000003,1,0.4067934159611651,46.874349666804804,75752
900,337.53000000000003,1,0.4063866225452039,24.818281854901993,75829
901,-39.869999999999955,0,0.4059802359226587,38.87385787635014,75916
902,351.04,1,0.40557425568673605,49.69172006494858,75984
903,344.84000000000003,1,0.40516868143104934,45.552891724351525,76053
904,-39.96999999999997,0,0.4047635127496183,47.856386695999696,76136
905,320.37,1,0.4043587492368687,38.23603804111481,76216
906,351.55,1,0.4039543904876318,48.49487779420965,76284
907,-32.58999999999999,0,0.4035504360971442,35.90796800851822,76364
908,-28.64999999999997,0,0.40314688566104706,38.50972077323169,76446
909,300.90000000000003,0,0.402743738775386,30.568270576000213,76526
910,1.0100000000000193,0,0.4023409950366106,54.69004783382663,76603
911,-34.27999999999999,0,0.401938654041574,38.02781625021072,76687
912,304.45000000000005,1,0.4015367153875324,40.182854336661265,76761
913,300.32000000000005,1,0.4011351786721449,43.73875782428644,76839
914,-50.08999999999998,0,0.40073404349347275,39.48190037588055,76928
915,206.37,1,0.40033330944997925,25.317578227249616,77025
916,266.91,1,0.39993297614052925,38.28896480514889,77109
917,-48.559999999999974,0,0.3995330431643887,57.72137364780202,77194
918,331.84000000000003,1,0.39913351012122433,48.78931246577083,77268
919,338.38000000000005,1,0.3987343766111031,42.08844967264878,77344
920,315.45,1,0.398335642234492,35.96027478149959,77428
921,355.46,1,0.3979373065922575,27.972387300021406,77497
922,-24.38999999999996,0,0.39753936928566525,45.23376839249222,77578
923,345.3,1,0.3971418299163796,41.74687183076057,77647
924,331.89000000000004,1,0.3967446880864632,36.890516646920815,77720
925,329.12,1,0.3963479433983767,40.626084951254036,77785
926,-12.989999999999974,0,0.3959515954549783,48.820485302380156,77869
927,216.98000000000002,1,0.39555564385952335,50.83049441938815,77961
928,251.14000000000001,1,0.39516008821566384,44.566235505617584,78039
929,246.31000000000003,1,0.3947649281274482,36.94113680485929,78128
930,-13.420000000000023,0,0.3943701631993207,53.511880995279334,78211
931,310.19,1,0.3939757930361214,61.62338194847107,78291
932,312.01000000000005,1,0.3935818172430853,31.31094809612596,78374
933,-12.299999999999976,0,0.3931882354258422,53.36175844145984,78456
934,347.54,1,0.39279504719041636,32.70219084951613,78528
935,335.34000000000003,1,0.39240225214322594,43.52889633178711,78602
936,328.46000000000004,1,0.39200984989108273,44.45233510917341,78673
937,330.87,1,0.39161784004119166,41.69736590385437,78753
938,293.67,0,0.39122622220115044,36.43690938125422,78834
939,267.84000000000003,0,0.3908349959789493,46.62381214187259,78918
940,29.680000000000064,1,0.3904441609829703,41.63446043395996,79043
941,311.81,1,0.3900537168219873,63.87575977276533,79121
942,-35.16999999999995,0,0.3896636631051653,40.26944999694824,79206
943,325.32000000000005,1,0.38927399944206015,39.94137564791909,79285
944,348.37,1,0.3888847254426181,40.734891700744626,79355
945,-27.569999999999983,0,0.38849584071717547,36.24637434400361,79442
946,343.18000000000006,1,0.3881073448764583,40.16733886693653,79518
947,310.77000000000004,1,0.3877192375315819,63.04257502555847,79598
948,316.03000000000003,1,0.3873315182940503,58.13897446020326,79665
949,350.13000000000005,1,0.38694418677575626,41.43003177642822,79729
950,283.87,1,0.3865572425889805,46.907572920257984,79803
951,-5.989999999999952,0,0.38617068534639154,35.300481913925765,79880
952,352.63,1,0.38578451466104513,64.93415519839428,79941
953,347.15,1,0.3853987301463841,37.82316790054094,80008
954,314.43,1,0.3850133314162377,46.936076417565346,80072
955,285.52000000000004,0,0.3846283180848215,46.827178072929385,80152
956,335.72,1,0.3842436897667367,48.71042573757661,80230
957,350.14,1,0.3838594460769699,34.72451248589684,80298
958,-28.459999999999965,0,0.38347558663089293,45.00123766169828,80383
959,256.56,1,0.38309211104426205,50.82357187968929,80465
960,353.67,1,0.3827090189332178,37.850664027979676,80536
961,305.31,1,0.38232630991428457,42.40895698495107,80609
962,201.54000000000005,1,0.38194398360437026,46.00693531239286,80703
963,335.11,1,0.3815620396207659,36.077126666903496,80767
964,-8.229999999999961,0,0.38118047758114515,49.9136245529373,80844
965,365.87,1,0.380799297103564,50.5648362678394,80901
966,348.26,1,0.3804184978064605,41.35931952132119,80973
967,237.03000000000003,1,0.380038079308654,46.6093629310871,81060
968,330.38,1,0.3796580412293454,40.21000949642326,81139
969,343.35,1,0.379278383188116,50.654141664505005,81215
970,366.53000000000003,1,0.3788991048049279,36.59973096847534,81277
971,336.24,1,0.37852020570012296,43.459657701727465,81350
972,345.37,1,0.37814168549442284,55.37535559164511,81424
973,333.8,1,0.3777635438089284,40.52224826131548,81494
974,338.21000000000004,1,0.3773857802651195,33.20182524264698,81565
975,331.95000000000005,1,0.37700839448485435,44.82475115702702,81643
976,305.21000000000004,0,0.3766313860903695,42.44548003737991,81717
977,264.52000000000004,1,0.37625475470427916,42.879572204396695,81796
978,345.17,1,0.3758784999495749,61.27799750075621,81864
979,297.96000000000004,1,0.3755026214496253,44.770309534939855,81941
980,324.47,1,0.3751271188281757,44.129763659678005,82017
981,355.93000000000006,1,0.3747519917093475,42.58247048612954,82086
982,-8.779999999999966,0,0.37437723971763814,46.15832279935295,82167
983,364.77,1,0.37400286247792053,31.543390783212953,82226
984,369.69000000000005,1,0.3736288596154426,42.644429535701356,82284
985,354.24000000000007,1,0.37325523075582717,38.58036739929862,82353
986,335.57,1,0.37288197552507135,48.97294826749005,82432
987,355.46000000000004,1,0.37250909354954626,32.12457567712535,82501
988,350.43,1,0.37213658445599673,55.16995656490326,82569
989,223.32000000000005,1,0.3717644478715407,58.539919919437835,82641
990,358.11,1,0.3713926834236692,40.67334005037944,82701
991,321.56000000000006,1,0.37102129074024554,45.34439294766157,82779
992,317.23,1,0.3706502694495053,32.086003198252094,82856
993,353.36,1,0.3702796191800558,41.052439138293266,82920
994,356.24,1,0.36990933956087574,33.840968816511094,82982
995,350.48,1,0.36953943022131486,39.68053312468947,83039
996,272.74,0,0.3691698907910935,54.32857419209308,83122
997,353.14000000000004,1,0.3688007209003024,44.16511070100885,83198
998,223.06000000000003,1,0.36843192017940213,37.87194471260936,83295
999,344.51,1,0.36806348825922275,48.30664749521958,83371
1000,361.14,1,0.3676954247709635,45.92881875879624,83439
1001,263.92,1,0.36732772934619257,45.9533979288737,83514
1002,354.94,1,0.3669604016168464,36.67747844474903,83583
1003,348.89,1,0.3665934412152296,55.596444291128236,83654
1004,275.42,1,0.3662268477740143,58.926193194919165,83744
1005,311.0,1,0.36586062092624033,41.99823162772439,83821
1006,347.05,1,0.3654947603053141,35.379013177510856,83895
1007,351.77000000000004,1,0.36512926554500874,39.274917497354394,83963
1008,281.19,1,0.36476413627946375,31.209382752338087,84046
1009,358.95000000000005,1,0.3643993721431843,46.446087384628036,84105
1010,361.67,1,0.36403497277104113,38.65328283020944,84171
1011,339.96000000000004,1,0.3636709377982701,45.57266778945923,84241
1012,333.25,1,0.3633072668604718,40.09248244762421,84313
1013,344.43,1,0.36294395959361136,32.085861005281146,84389
1014,282.95000000000005,0,0.36258101563401773,31.602336561823467,84472
1015,333.86,1,0.3622184346183837,42.36986155886399,84548
1016,353.08,1,0.36185621618376534,61.01832661995521,84613
1017,354.29,1,0.36149435996758156,47.260549358699635,84682
1018,318.15000000000003,1,0.361132865607614,59.76204158038628,84764
1019,344.88,1,0.36077173274200636,59.664234071969986,84828
1020,322.35,1,0.36041096100926434,54.300731345788755,84895
1021,339.81,1,0.3600505500482551,37.383306580781934,84975
1022,367.01,1,0.35969049949820686,33.4069698549086,85037
1023,356.44,1,0.3593308089987087,44.528127841095426,85104
1024,341.18,1,0.35897147818971,45.673718870502626,85177
1025,336.14,1,0.3586125067115203,40.61404536426931,85246
1026,336.57,1,0.35825389420480874,35.80163724282209,85314
1027,336.77000000000004,1,0.35789564031060395,39.15370553912538,85380
1028,260.52,1,0.35753774467029337,35.68784667567203,85475
1029,304.92,1,0.3571802069256231,42.51249172047871,85557
1030,300.86000000000007,1,0.3568230267186975,54.33328812364219,85626
1031,355.39,1,0.3564662036919788,43.60483230126871,85700
1032,364.11,1,0.35610973748828684,39.32751854260763,85766
1033,-105.33999999999997,0,0.35575362775079855,51.05795701177497,85861
1034,353.19,1,0.35539787412304774,42.552569230397545,85921
1035,349.07000000000005,1,0.3550424762489247,36.669322572435654,85991
1036,358.57000000000005,1,0.3546874337726758,38.46001249460073,86056
1037,345.62,1,0.35433274633890316,40.07938770625902,86125
1038,357.25,1,0.35397841359256427,46.49810553378746,86186
1039,348.66,1,0.3536244351789717,35.171302288770676,86250
1040,354.13000000000005,1,0.35327081074379274,40.248428389430046,86314
1041,356.35,1,0.352917539933049,25.903683961327395,86381
1042,335.65000000000003,1,0.3525646223931159,40.99561864051266,86450
1043,342.0,1,0.3522120577707228,34.24989023600539,86523
1044,348.18,1,0.3518598457129521,31.57033278725364,86589
1045,289.77000000000004,0,0.35150798586723914,28.34454176425934,86669
1046,342.0,1,0.3511564778813719,43.88791371093077,86737
1047,290.59000000000003,0,0.3508053214034905,42.9508474111557,86817
1048,350.65999999999997,1,0.35045451608208705,35.7103389080833,86885
1049,342.31,1,0.350104061566005,49.323046999917906,86956
1050,340.08000000000004,1,0.349753957504439,27.406471432866276,87030
1051,319.92,1,0.3494042035469346,40.80496456312097,87099
1052,360.31,1,0.3490547993433876,31.161379465981135,87162
1053,341.84000000000003,1,0.34870574454404424,28.636977705236983,87235
1054,358.14000000000004,1,0.3483570387995002,34.96203377511766,87307
1055,331.13,1,0.3480086817607007,33.5345831432858,87381
1056,338.65,1,0.34766067307894,34.016996356419156,87451
1057,353.09000000000003,1,0.34731301240586104,39.99048924781907,87522
1058,335.02000000000004,1,0.3469656993934552,42.48681701024373,87597
1059,339.89,1,0.3466187336940617,39.00726879210699,87660
1060,364.42,1,0.34627211496036764,47.94067865610123,87724
1061,316.76000000000005,1,0.3459258428454073,55.92934608459473,87796
1062,357.54,1,0.34557991700256185,39.51294534736209,87868
1063,337.8,1,0.3452343370855593,38.491661555330516,87939
1064,341.20000000000005,1,0.34488910274847373,39.46092846814324,88007
1065,353.33,1,0.34454421364572524,34.510684916467376,88073
1066,343.82000000000005,1,0.3441996694320795,37.51002411103585,88144
1067,354.66,1,0.34385546976264747,42.93712364372454,88220
1068,344.03000000000003,1,0.34351161429288485,48.27164508274623,88290
1069,358.28,1,0.34316810267859194,34.501920607354904,88362
1070,290.96,1,0.34282493457591334,31.259234617917965,88440
1071,362.47,1,0.3424821096413374,24.690911957711883,88506
1072,366.56000000000006,1,0.3421396275316961,23.918591867413436,88563
1073,366.09000000000003,1,0.34179748790416437,35.18568618835941,88625
1074,308.88,1,0.3414556904162602,39.76627484120821,88701
1075,367.78000000000003,1,0.34111423472584396,31.514360872904458,88761
1076,322.58000000000004,1,0.34077312049111813,33.770376378839664,88827
1077,319.19000000000005,1,0.340432347370627,30.089589106241863,88902
1078,353.1,1,0.34009191502325636,41.1535776311701,88968
1079,340.02000000000004,1,0.3397518231082331,31.483121423160327,89036
1080,275.08000000000004,1,0.33941207128512485,26.198075517823426,89115
1081,345.64,1,0.3390726592138397,33.98048546344419,89194
1082,366.33000000000004,1,0.3387335865546259,25.072603210326164,89256
1083,359.33000000000004,1,0.33839485296807126,29.549225425720216,89321
1084,341.37,1,0.3380564581151032,36.211212079818935,89394
1085,317.96000000000004,1,0.33771840165698813,36.30686623709543,89464
1086,350.93,1,0.33738068325533116,35.55752236702863,89532
1087,324.26000000000005,1,0.3370433025720758,29.559919875345113,89613
1088,357.76000000000005,1,0.33670625926950376,25.62559101474819,89680
1089,359.48,1,0.33636955301023425,35.92310631091778,89745
1090,347.52000000000004,1,0.336033183457224,41.92353157498943,89812
1091,-25.269999999999953,0,0.3356971502737668,29.84694557304842,89895
1092,366.33000000000004,1,0.335361453123493,31.49332474124047,89957
1093,349.91,1,0.3350260916703695,34.00630050897598,90021
1094,353.14000000000004,1,0.33469106557869915,34.35965935613068,90092
1095,360.24,1,0.33435637451312045,20.530171071781833,90160
1096,341.96000000000004,1,0.3340220181386073,29.81275066610885,90233
1097,344.87,1,0.33368799612046873,39.05017325282097,90297
1098,361.0,1,0.33335430812434824,29.00243554395788,90365
1099,348.01,1,0.3330209538162239,21.182493761607578,90435
1100,364.70000000000005,1,0.33268793286240766,33.23369379341602,90499
1101,343.77,1,0.33235524492954527,24.742531535066206,90580
1102,341.69000000000005,1,0.33202288968461574,47.05156871851753,90648
1103,358.42,1,0.33169086679493115,36.55071591597337,90713
1104,352.29,1,0.33135917592813624,25.34524225466179,90779
1105,356.04,1,0.3310278167522081,46.82656112615613,90848
1106,364.48,1,0.3306967889354559,44.916828483343124,90912
1107,278.54,1,0.33036609214652046,31.632316790835958,90983
1108,347.19,1,0.3300357260543739,26.566081278853947,91055
1109,346.83000000000004,1,0.32970569032831953,32.63127963573902,91132
1110,359.07000000000005,1,0.3293759846379912,25.04193359521719,91197
1111,362.87,1,0.3290466086533532,28.80818053447839,91263
1112,359.63,1,0.3287175620446999,28.673576872689384,91333
1113,345.72,1,0.32838884448265515,25.059372046414545,91401
1114,354.61,1,0.3280604556381725,42.26167747248774,91470
1115,300.49,1,0.32773239518253433,25.755922964174452,91543
1116,334.81,1,0.3274046627873518,41.418511282039596,91622
1117,317.06000000000006,1,0.32707725812456445,27.521840348301165,91705
1118,354.18,1,0.32675018086643987,23.3824629932642,91769
1119,194.01000000000002,0,0.32642343068557345,29.194192506829086,91867
1120,361.54,1,0.3260970072548879,24.32029598478287,91930
1121,282.61,1,0.325770910247633,33.776885632312656,91996
1122,342.54,1,0.32544513933738534,29.09475808748057,92067
1123,347.02000000000004,1,0.3251196941980479,32.34931559105442,92140
1124,352.77,1,0.32479457450384985,22.646648648759008,92211
1125,352.5,1,0.324469779929346,26.81546870144931,92277
1126,-294.6400000000001,0,0.32414531014941667,25.816022935120955,92392
1127,-316.01999999999987,0,0.32382116483926726,28.715586529221646,92521
1128,318.87,1,0.323497343674428,38.97992527484894,92601
1129,337.80000000000007,1,0.3231738463307536,44.832069470848836,92672
1130,347.13,1,0.32285067248442284,29.782722686653706,92739
1131,340.04,1,0.3225278218119384,44.777144659133185,92802
1132,346.40000000000003,1,0.3222052939901265,26.211412886778515,92874
1133,360.44,1,0.32188308869613635,54.7543534551348,92937
1134,335.11,1,0.3215612056074402,22.761867336604904,93006
1135,360.15000000000003,1,0.3212396444018328,36.9692471670726,93069
1136,354.62,1,0.32091840475743094,23.761147424578667,93133
1137,352.06,1,0.3205974863526735,51.42226230914776,93198
1138,329.72,1,0.32027688886632083,34.562076990945,93268
1139,358.79,1,0.3199566119774545,32.63352633203779,93338
1140,346.35,1,0.31963665536547703,37.69458546357996,93406
1141,352.8,1,0.31931701871011153,24.288232550476536,93472
1142,359.48,1,0.3189977016914014,39.050997113424636,93535
1143,351.4,1,0.31867870398971,28.171144155895007,93603
1144,352.34000000000003,1,0.31836002528572027,25.728931853265472,93669
1145,354.92,1,0.31804166526043454,29.566598885301232,93738
1146,368.32,1,0.3177236235951741,30.53468286196391,93798
1147,353.52,1,0.3174058999715789,36.33928424517314,93858
1148,-35.11999999999998,0,0.31708849407160733,27.908327731219206,93946
1149,343.11,1,0.31677140557753575,26.762736740865204,94022
1150,329.37,1,0.31645463417195824,22.5173601689546,94091
1151,226.12,1,0.3161381795377863,25.467950421410638,94165
1152,347.8,1,0.3158220413582485,25.76484203338623,94235
1153,354.36,1,0.3155062193168902,19.199155406675477,94304
1154,338.25,1,0.31519071309757335,35.53286847933917,94375
1155,349.75,1,0.3148755223844758,31.552251383662224,94439
1156,347.95000000000005,1,0.31456064686209134,19.747606082396075,94505
1157,356.17,1,0.31424608621522926,35.300219016288644,94572
1158,-149.21999999999997,0,0.31393184012901404,24.311201572418213,94677
1159,317.85,1,0.31361790828888503,26.145428933595355,94753
1160,342.35,1,0.31330429038059615,24.124584948430297,94814
1161,222.78000000000003,1,0.31299098609021553,21.72466011934502,94900
1162,342.76,1,0.3126779951041253,39.44632128513221,94966
1163,309.44000000000005,1,0.31236531710902116,28.323076705932618,95041
1164,350.46000000000004,1,0.3120529517919121,37.37849328858512,95111
1165,303.69000000000005,1,0.3117408988401202,29.24908289909363,95181
1166,326.36,1,0.31142915794128007,34.22288561579007,95248
1167,317.12,1,0.31111772878333877,30.246883363866093,95315
1168,345.99,1,0.3108066110545554,25.101799124763126,95378
1169,334.81,1,0.3104958044435009,19.86306089594744,95447
1170,345.91,1,0.3101853086390574,31.038620372316732,95514
1171,333.1,1,0.30987512333041833,41.81411175660684,95585
1172,342.49,1,0.3095652482070879,28.377375555710053,95656
1173,290.66,1,0.30925568295888084,34.98539412988199,95730
1174,358.6,1,0.308946427275922,32.79744997024536,95795
1175,304.2,1,0.30863748084864606,41.06054251744197,95860
1176,321.47,1,0.3083288433677974,41.62555251904388,95927
1177,327.82,1,0.30802051452442963,29.556404375694168,95998
1178,365.69,1,0.3077124940099052,25.182862881691225,96060
1179,229.79000000000002,1,0.3074047815158953,24.6726145029068,96140
1180,354.14000000000004,1,0.30709737673437937,17.731070153415203,96204
1181,352.15000000000003,1,0.30679027935764497,21.173181793906473,96270
1182,338.54,1,0.3064834890782873,32.261165919670695,96335
1183,346.83,1,0.306177005589209,37.73888447549608,96407
1184,345.37,1,0.3058708285836198,24.439161709376744,96470
1185,308.06000000000006,1,0.30556495775503617,21.481358655741516,96541
1186,330.79,1,0.30525939279728115,33.28122570090098,96614
1187,247.27,1,0.30495413340448385,23.5901777015792,96686
1188,348.0,1,0.3046491792710794,25.930332839488983,96758
1189,187.92000000000002,1,0.3043445300918083,28.789845338028467,96847
1190,337.72,1,0.30404018556171647,23.052449481588013,96918
1191,316.72,1,0.30373614537615473,21.571216323796442,96986
1192,348.34000000000003,1,0.3034324092307786,27.176341555335306,97052
1193,338.45000000000005,1,0.3031289768215478,20.638942019144693,97112
1194,356.5,1,0.30282584784472627,29.059935867786407,97184
1195,341.19,1,0.3025230219968815,21.932450009815728,97251
1196,359.02000000000004,1,0.3022204989748846,21.090644293565017,97316
1197,248.36,1,0.30191827847590974,20.671605572104454,97412
1198,344.42,1,0.3016163601974338,18.895387276359227,97481
1199,359.05,1,0.3013147438372364,17.467742063231388,97540
1200,347.34000000000003,1,0.3010134290933992,28.17103826022539,97601
1201,341.21,1,0.3007124156643058,43.737979381803484,97664
1202,360.03000000000003,1,0.30041170324864147,32.387526103428435,97727
1203,347.64000000000004,1,0.30011129154539284,41.95670525754085,97788
1204,253.37000000000006,1,0.29981118025384745,24.976243327645694,97873
1205,361.29999999999995,1,0.2995113690735936,18.377121252172135,97941
1206,314.34000000000003,1,0.29921185770452,46.19643896647862,98011
1207,352.59000000000003,1,0.2989126458468155,26.66754120686015,98072
1208,351.11,1,0.2986137332009687,39.22483387414147,98140
1209,175.18,1,0.29831511946776773,28.433709376198905,98245
1210,340.87,1,0.29801680434829997,34.53368743026958,98313
1211,308.3,1,0.29771878754395165,19.887590219945082,98394
1212,340.92,1,0.29742106875640767,20.225833780625287,98462
1213,357.62,1,0.29712364768765126,28.359907737145058,98527
1214,367.82,1,0.2968265240399636,18.45315391222636,98587
1215,340.6,1,0.2965296975159237,20.50795557385399,98650
1216,186.73000000000002,1,0.29623316781840775,36.42756967451058,98752
1217,308.39000000000004,1,0.29593693465058934,30.999309485299246,98822
1218,352.3,1,0.29564099771593877,24.764449750873403,98893
1219,333.98,1,0.2953453567182228,26.59080221503973,98957
1220,360.27,1,0.2950500113615046,19.74136675728692,99020
1221,349.41,1,0.2947549613501431,24.76227742603847,99090
1222,347.61,1,0.294460206388793,30.169508543279434,99162
1223,342.31,1,0.2941657461824042,49.91652674870948,99235
1224,346.45,1,0.2938715804362218,20.98292867598995,99297
1225,349.0,1,0.2935777088557856,32.90079893384661,99367
1226,344.54,1,0.2932841311469298,40.20755266106647,99436
1227,326.08000000000004,1,0.2929908470157829,32.900576016482184,99504
1228,322.63,1,0.2926978561687671,28.087810611724855,99569
1229,334.06,1,0.29240515831259833,21.31896509230137,99633
1230,350.06000000000006,1,0.29211275315428575,37.44563338870094,99696
1231,335.35,1,0.2918206404011315,27.01839834710826,99765
1232,337.51,1,0.29152881976073036,19.172104223450617,99832
1233,302.49,1,0.2912372909409696,27.67156297630734,99904
1234,333.87,1,0.2909460536500286,36.68902833121164,99974
1235,362.53,1,0.2906551075963786,19.81566594076938,100000
1236,354.44,1,0.2903644524887822,29.161546320155047,100000
1237,366.11,1,0.2900740880362934,16.12400964767702,100000
1238,340.43,1,0.28978401394825715,39.7463070275127,100000
1239,314.94000000000005,1,0.2894942299343089,20.77713804926191,100000
1240,366.27,1,0.2892047357043746,24.489202799335605,100000
1241,362.06,1,0.28891553096867023,39.41081627079698,100000
1242,336.38,1,0.2886266154377016,21.895195299120093,100000
1243,363.69,1,0.28833798882226386,19.88179054906813,100000
1244,352.7,1,0.2880496508334416,17.855766759791845,100000
1245,341.93000000000006,1,0.28776160118260813,24.090091284583597,100000
1246,341.57,1,0.2874738395814255,31.514768378835328,100000
1247,350.94,1,0.2871863657418441,18.92641258940977,100000
1248,360.77000000000004,1,0.28689917937610226,25.637563964776824,100000
1249,355.14,1,0.2866122801967262,20.921606466174126,100000
1250,353.26000000000005,1,0.28632566791652947,28.333459515320627,100000
1251,353.92,1,0.28603934224861294,19.663398160772807,100000
1252,352.39,1,0.2857533029063643,28.83851026766228,100000
1253,349.82,1,0.28546754960345794,33.12872598284767,100000
1254,371.52,1,0.2851820820538545,25.039124642099654,100000
1255,337.83000000000004,1,0.2848968999718006,37.85506145577682,100000
1256,354.65000000000003,1,0.2846120030718288,37.96744670718908,100000
1257,368.07000000000005,1,0.284327391068757,24.24971362027255,100000
1258,347.38000000000005,1,0.2840430636776882,21.681267506546444,100000
1259,360.12000000000006,1,0.28375902061401054,19.937949384961808,100000
1260,362.47,1,0.28347526159339653,28.460163280612132,100000
1261,361.23,1,0.28319178633180314,29.146923253030486,100000
1262,334.31,1,0.28290859454547135,25.062041898874135,100000
1263,356.84000000000003,1,0.28262568595092585,26.632606299955455,100000
1264,369.97,1,0.2823430602649749,24.074253731760486,100000
1265,364.71000000000004,1,0.28206071720470993,29.069020990598,100000
1266,365.65000000000003,1,0.2817786564875052,37.38491291384543,100000
1267,352.49,1,0.28149687783101773,27.546247041586675,100000
1268,234.96000000000006,1,0.2812153809531867,22.72080871604738,100000
1269,340.77000000000004,1,0.28093416557223355,20.385225296020508,100000
1270,349.33000000000004,1,0.2806532314066613,17.097293332219124,100000
1271,356.35,1,0.2803725781752547,24.431210610174364,100000
1272,-28.929999999999968,0,0.2800922055970794,30.22927191745804,100000
1273,353.92,1,0.2798121133914823,38.66674225095292,100000
1274,350.93,1,0.2795323012780908,24.5266033411026,100000
1275,346.68,1,0.2792527689768127,22.557687759399414,100000
1276,320.70000000000005,1,0.2789735162078359,29.158499318010666,100000
1277,353.97,1,0.2786945426916281,26.684696006774903,100000
1278,346.63000000000005,1,0.27841584814893644,12.96140688307145,100000
1279,360.53000000000003,1,0.2781374323007875,35.9711266623603,100000
1280,359.40000000000003,1,0.27785929486848676,17.235598043295052,100000
1281,365.91,1,0.27758143557361825,21.71465564192387,100000
1282,348.93,1,0.27730385413804465,37.187870744248514,100000
1283,339.61,1,0.2770265502839066,15.751494960508484,100000
1284,357.68,1,0.2767495237336227,26.355932339032492,100000
1285,331.42,1,0.2764727742098891,20.308019381850514,100000
1286,339.32,1,0.2761963014356792,36.864942252635956,100000
1287,360.1,1,0.27592010513424353,21.473497224232506,100000
1288,328.46000000000004,1,0.2756441850291093,38.61597646793849,100000
1289,363.43,1,0.2753685408440802,24.922265327582924,100000
1290,343.04,1,0.2750931723032361,22.53354620566735,100000
1291,338.78000000000003,1,0.27481807913093287,31.990448027849197,100000
1292,352.75,1,0.27454326105180193,18.780143109234896,100000
1293,362.59000000000003,1,0.2742687177907501,21.89885124613027,100000
1294,351.77,1,0.2739944490729594,34.45260541366808,100000
1295,350.07000000000005,1,0.27372045462388644,24.411842626238627,100000
1296,338.32000000000005,1,0.2734467341692626,24.854351161321006,100000
1297,339.04,1,0.27317328743509334,24.3011736869812,100000
1298,345.88000000000005,1,0.27290011414765825,14.624555929383234,100000
1299,336.73,1,0.2726272140335106,16.197146972020466,100000
1300,354.95000000000005,1,0.27235458681947705,20.966306390433477,100000
1301,335.4,1,0.2720822322326576,21.727718844133264,100000
1302,359.44,1,0.2718101500004249,16.93776247056864,100000
1303,354.77000000000004,1,0.27153833985042447,16.04971426120703,100000
1304,325.6,1,0.27126680151057403,24.30338939030965,100000
1305,339.01,1,0.27099553470906346,28.453567226116473,100000
1306,362.15,1,0.2707245391743544,23.505302450873636,100000
1307,330.85,1,0.27045381463518003,33.73944589536484,100000
1308,365.41,1,0.27018336082054484,25.958504223054454,100000
1309,356.8,1,0.2699131774597243,28.202658875783285,100000
1310,344.32,1,0.2696432642822646,22.841506576538087,100000
1311,358.50000000000006,1,0.26937362101798235,16.376498339726375,100000
1312,342.44000000000005,1,0.26910424739696437,25.400893144204584,100000
1313,354.87,1,0.2688351431495674,22.442944041613874,100000
1314,352.1,1,0.26856630800641784,23.646602139328465,100000
1315,-15.139999999999972,0,0.2682977416984114,28.74621888148932,100000
1316,342.33000000000004,1,0.268029443956713,16.35643556623748,100000
1317,349.15000000000003,1,0.2677614145127563,16.517686924691926,100000
1318,363.41,1,0.2674936530982436,22.536429445622332,100000
1319,373.59000000000003,1,0.26722615944514533,26.797426064809162,100000
1320,353.59000000000003,1,0.2669589332857002,32.57051451731537,100000
1321,362.8,1,0.2666919743524145,24.351571372297943,100000
1322,345.73,1,0.26642528237806207,21.854503788165193,100000
1323,329.3,1,0.266158857095684,22.347786681752808,100000
1324,335.1,1,0.2658926982385883,19.26224931081136,100000
1325,343.48,1,0.26562680554034973,24.58053936193019,100000
1326,347.27000000000004,1,0.26536117873480936,18.592910538858444,100000
1327,364.0,1,0.26509581755607453,17.516158021986485,100000
1328,359.96000000000004,1,0.26483072173851846,22.854118333143347,100000
1329,349.49,1,0.26456589101677996,19.463574977482068,100000
1330,367.66,1,0.2643013251257632,18.172829177162864,100000
1331,358.56,1,0.2640370238006374,31.58858727675218,100000
1332,347.37,1,0.2637729867768368,18.17151373722514,100000
1333,341.27,1,0.26350921379006,19.251984611634285,100000
1334,341.82000000000005,1,0.26324570457626995,18.344231872847587,100000
1335,337.47,1,0.2629824588716937,14.91491673931931,100000
1336,330.53,1,0.262719476412822,12.381800046042791,100000
1337,353.78,1,0.2624567569364092,31.4100790427903,100000
1338,356.72,1,0.26219430017947276,19.551707189474534,100000
1339,368.85,1,0.2619321058792933,26.107869090705083,100000
1340,344.52000000000004,1,0.261670173773414,19.879558134770047,100000
1341,352.06,1,0.2614085035996406,21.205610166896474,100000
1342,280.25,1,0.26114709509604095,17.856295921585776,100000
1343,365.91,1,0.2608859480009449,28.956397633398733,100000
1344,369.81,1,0.26062506205294395,17.718584299087524,100000
1345,346.97,1,0.260364436990891,24.50480377852027,100000
1346,370.01,1,0.2601040725539001,19.780093365702136,100000
1347,341.66,1,0.2598439684813462,27.922266230438694,100000
1348,352.16,1,0.2595841245128649,15.967213413932107,100000
1349,367.36,1,0.259324540388352,19.10019799073537,100000
1350,325.08000000000004,1,0.25906521584796366,19.62636667058088,100000
1351,358.33000000000004,1,0.2588061506321157,24.80645933884841,100000
1352,357.8,1,0.2585473444814836,33.596769883082466,100000
1353,355.35,1,0.2582887971370021,18.723092605818564,100000
1354,355.8,1,0.2580305083398651,19.380822306587582,100000
1355,366.15,1,0.2577724778315252,16.790831642766154,100000
1356,362.3,1,0.25751470535369364,20.343054185148144,100000
1357,353.39,1,0.25725719064833996,15.498132503638834,100000
1358,367.15,1,0.2569999334576916,29.302604441209272,100000
1359,359.62,1,0.25674293352423394,21.827500947590533,100000
1360,348.54,1,0.2564861905907097,17.27747709410531,100000
1361,358.97,1,0.256229704400119,21.884117096189467,100000
1362,356.86,1,0.25597347469571885,22.164554986797395,100000
1363,368.34000000000003,1,0.25571750122102316,27.654826148351034,100000
1364,355.98,1,0.25546178371980216,17.906178142713465,100000
1365,348.6,1,0.25520632193608234,37.12005281448364,100000
1366,318.16,1,0.25495111561414624,21.0073582228128,100000
1367,317.58000000000004,1,0.2546961644985321,19.97354665555452,100000
1368,344.37,1,0.2544414683340336,21.288212905495854,100000
1369,350.57000000000005,1,0.25418702686569955,18.16143633070446,100000
1370,351.98,1,0.25393283983883386,28.479559329018663,100000
1371,344.12,1,0.25367890699899504,19.71114636849666,100000
1372,359.12,1,0.253425228091996,19.427313701923076,100000
1373,321.69000000000005,1,0.253171802863904,22.533882637818653,100000
1374,365.47,1,0.2529186310610401,22.756758089988463,100000
1375,337.95000000000005,1,0.2526657124299791,18.36550440005402,100000
1376,320.57000000000005,1,0.2524130467175491,22.790535789646515,100000
1377,353.02000000000004,1,0.2521606336708316,19.597294612934714,100000
1378,336.23,1,0.25190847303716074,22.715785574557177,100000
1379,328.57000000000005,1,0.25165656456412355,28.059609631129675,100000
1380,348.32,1,0.25140490799955945,21.709992578474143,100000
1381,345.35,1,0.25115350309155987,39.65482001077561,100000
1382,315.94000000000005,1,0.2509023495884683,23.50505926522864,100000
1383,320.3,1,0.25065144723887983,31.954104846036888,100000
1384,331.43,1,0.25040079579164093,23.283506672103684,100000
1385,344.3,1,0.2501503949958493,27.38183365697446,100000
1386,356.90000000000003,1,0.24990024460085344,20.086571044609194,100000
1387,341.95000000000005,1,0.24965034435625258,21.680324234179597,100000
1388,353.37,1,0.24940069401189632,31.359579412142434,100000
1389,352.11,1,0.24915129331788444,27.115281855473754,100000
1390,340.87,1,0.24890214202456656,33.0367389436978,100000
1391,339.45000000000005,1,0.248653239882542,26.022798231669835,100000
1392,356.99,1,0.24840458664265946,16.006037133638976,100000
1393,328.52000000000004,1,0.2481561820560168,24.84255906513759,100000
1394,352.49,1,0.2479080258739608,20.470755996126115,100000
1395,251.23000000000002,1,0.24766011784808684,22.764167290229302,100000
1396,344.86,1,0.24741245773023876,22.021036491674536,100000
1397,333.19000000000005,1,0.24716504527250852,16.75179634827834,100000
1398,353.75,1,0.24691788022723601,30.370579629704572,100000
1399,350.07000000000005,1,0.24667096234700878,27.60698977857828,100000
1400,336.58000000000004,1,0.24642429138466176,21.46051328573654,100000
1401,303.6,1,0.2461778670932771,27.17068958973539,100000
1402,355.36,1,0.24593168922618383,18.807134065134772,100000
1403,345.61,1,0.24568575753695765,23.5189912834683,100000
1404,309.27000000000004,1,0.2454400717794207,22.89689595559064,100000
1405,365.81,1,0.24519463170764128,25.41617713058204,100000
1406,362.94,1,0.24494943707593364,34.236301861703396,100000
1407,243.83,1,0.24470448763885772,36.74237820264455,100000
1408,361.68000000000006,1,0.24445978315121886,26.651101409411822,100000
1409,334.28000000000003,1,0.24421532336806764,25.685256349867668,100000
1410,352.21000000000004,1,0.24397110804469957,38.38976602120833,100000
1411,330.65000000000003,1,0.24372713693665488,26.55779082066304,100000
1412,326.78000000000003,1,0.24348340979971822,22.69082600323122,100000
1413,324.73,1,0.2432399263899185,31.27098350887057,100000
1414,369.11,1,0.2429966864635286,23.80529915053269,100000
1415,351.32000000000005,1,0.24275368977706507,19.641541673291115,100000
1416,369.67,1,0.24251093608728802,21.475921885720616,100000
1417,352.79,1,0.24226842515120073,35.0664084654588,100000
1418,355.92,1,0.24202615672604952,25.382387476582682,100000
1419,340.89,1,0.24178413056932346,34.81807301649407,100000
1420,341.07000000000005,1,0.24154234643875414,38.900619728924475,100000
1421,355.17,1,0.24130080409231539,20.802768195829085,100000
1422,352.94000000000005,1,0.24105950328822306,16.40382636388143,100000
1423,346.81,1,0.24081844378493483,14.55145609556739,100000
1424,359.51,1,0.2405776253411499,13.615401338017175,100000
1425,346.16,1,0.24033704771580874,22.497737520270878,100000
1426,347.78000000000003,1,0.24009671066809293,31.490719229834422,100000
1427,304.05,1,0.23985661395742483,37.873994917809206,100000
1428,332.51,1,0.2396167573434674,27.63726471409653,100000
1429,348.5,1,0.23937714058612394,21.340477165809045,100000
1430,356.45000000000005,1,0.23913776344553783,25.23120457378786,100000
1431,331.05,1,0.2388986256820923,27.064158792365088,100000
1432,361.9,1,0.2386597270564102,23.038853330271586,100000
1433,229.89,1,0.23842106732935378,26.08853993358382,100000
1434,337.84999999999997,1,0.23818264626202443,31.856186045919145,100000
1435,341.09000000000003,1,0.2379444636157624,27.18760950425092,100000
1436,340.53000000000003,1,0.23770651915214663,21.32843196697724,100000
1437,362.89,1,0.2374688126329945,19.99903748252175,100000
1438,342.27000000000004,1,0.23723134382036148,28.082471073590792,100000
1439,342.90000000000003,1,0.23699411247654112,15.34509248129079,100000
1440,345.73,1,0.23675711836406457,15.362327032619053,100000
1441,341.19000000000005,1,0.2365203612457005,34.69523767269019,100000
1442,350.89,1,0.2362838408844548,26.367609140200493,100000
1443,353.1,1,0.23604755704357036,25.241899418830872,100000
1444,320.03000000000003,1,0.2358115094865268,24.044334881926236,100000
1445,354.57000000000005,1,0.23557569797704025,28.073104018256778,100000
1446,336.19,1,0.2353401222790632,15.809864172568687,100000
1447,354.19000000000005,1,0.23510478215678413,21.459175602809804,100000
1448,356.58000000000004,1,0.23486967737462733,29.90591485464751,100000
1449,359.98,1,0.2346348076972527,22.18794874161009,100000
1450,331.99000000000007,1,0.23440017288955545,41.474658224317764,100000
1451,358.61,1,0.2341657727166659,31.472215814105535,100000
1452,-310.06999999999994,0,0.2339316069439492,30.248235033464063,100000
1453,355.96000000000004,1,0.23369767533700525,16.717015449551567,100000
1454,354.01000000000005,1,0.23346397766166824,16.88150668144226,100000
1455,338.03000000000003,1,0.23323051368400657,18.89031651360648,100000
1456,352.20000000000005,1,0.23299728317032256,15.514048457145691,100000
1457,330.90000000000003,1,0.23276428588715223,16.573835803402794,100000
1458,340.23,1,0.23253152160126508,16.364671169765412,100000
1459,365.55,1,0.23229899007966381,34.01188532093115,100000
1460,332.16,1,0.23206669108958414,20.028647398019764,100000
1461,359.38,1,0.23183462439849456,20.301213530933154,100000
1462,325.11,1,0.23160278977409607,17.99128859337062,100000
1463,339.64000000000004,1,0.23137118698432196,17.131966663443524,100000
1464,337.44,1,0.23113981579733764,21.397814130783082,100000
1465,361.57000000000005,1,0.2309086759815403,15.47387121662949,100000
1466,336.41,1,0.23067776730555875,10.048227137989468,100000
1467,356.16,1,0.23044708953825319,13.499136689636442,100000
1468,323.91,1,0.23021664244871493,34.243102744005725,100000
1469,363.89,1,0.22998642580626621,26.275208820730953,100000
1470,343.44,1,0.22975643938045995,28.25667579277702,100000
1471,359.98,1,0.2295266829410795,16.632634450518896,100000
1472,334.04,1,0.22929715625813843,27.3557564901269,100000
1473,339.42,1,0.2290678591018803,14.277368524800176,100000
1474,356.34000000000003,1,0.22883879124277842,17.121542115365305,100000
1475,364.0,1,0.22860995245153565,12.103621583873943,100000
1476,361.37,1,0.22838134249908412,27.518288225424094,100000
1477,336.7300000000001,1,0.22815296115658504,26.565035058491265,100000
1478,336.63000000000005,1,0.22792480819542846,17.416028464541714,100000
1479,356.14000000000004,1,0.22769688338723304,23.838966165763743,100000
1480,352.18,1,0.22746918650384582,14.98840454262747,100000
1481,345.61,1,0.22724171731734197,16.23500288675909,100000
1482,355.8,1,0.22701447560002463,23.032388225434318,100000
1483,333.76000000000005,1,0.2267874611244246,24.577827091217042,100000
1484,359.66,1,0.22656067366330018,38.871629254571324,100000
1485,360.92,1,0.22633411298963688,17.8273138489042,100000
1486,365.03000000000003,1,0.22610777887664724,21.862730999146738,100000
1487,340.79,1,0.22588167109777058,18.23860052610055,100000
1488,365.5,1,0.2256557894266728,32.212409722177604,100000
1489,347.41,1,0.22543013363724612,15.49991303357211,100000
1490,343.1,1,0.22520470350360888,27.530820664606598,100000
1491,312.40000000000003,1,0.2249794988001053,15.404785893180154,100000
1492,340.48,1,0.2247545193013052,18.5870961932575,100000
1493,330.08000000000004,1,0.22452976478200387,27.19292325586886,100000
1494,340.59000000000003,1,0.22430523501722185,21.92581310347905,100000
1495,361.43,1,0.22408092978220462,13.994166053709437,100000
1496,298.72,1,0.2238568488524224,20.381653994730073,100000
1497,362.0,1,0.22363299200356998,30.48945173670034,100000
1498,354.9,1,0.22340935901156642,17.23048104911015,100000
1499,358.61,1,0.22318594965255484,20.638163137435914,100000
1500,326.23,1,0.22296276370290227,19.60580255736166,100000
1501,353.31,1,0.22273980093919937,14.399769508232504,100000
1502,336.31000000000006,1,0.22251706113826017,15.126927841094233,100000
1503,265.95000000000005,1,0.2222945440771219,29.571584593166005,100000
1504,245.28000000000003,1,0.22207224953304477,13.801709565249356,100000
1505,345.39,1,0.22185017728351172,16.59793935102575,100000
1506,351.97,1,0.2216283271062282,13.349203472406092,100000
1507,348.97,1,0.22140669877912197,23.735812986814057,100000
1508,350.76000000000005,1,0.22118529208034285,15.250107849797894,100000
1509,352.47,1,0.2209641067882625,26.83057615251252,100000
1510,356.53000000000003,1,0.22074314268147424,29.506448645745554,100000
1511,362.27000000000004,1,0.22052239953879277,21.976018252919932,100000
1512,353.36,1,0.22030187713925398,18.716891244838113,100000
1513,364.2,1,0.22008157526211472,25.907295279204845,100000
1514,345.8,1,0.2198614936868526,10.531506711436856,100000
1515,326.18,1,0.21964163219316574,14.767818244535531,100000
1516,361.37,1,0.21942199056097256,19.36024240085057,100000
1517,336.04,1,0.2192025685704116,18.37149373177559,100000
1518,344.53999999999996,1,0.21898336600184118,26.436071084893268,100000
1519,340.56000000000006,1,0.21876438263583933,15.735193315006438,100000
1520,336.18,1,0.21854561825320348,23.40475900711552,100000
1521,358.53000000000003,1,0.21832707263495027,30.913537724812826,100000
1522,332.51,1,0.21810874556231533,18.86805114746094,100000
1523,339.72,1,0.217890636816753,12.533827253488393,100000
1524,352.04,1,0.21767274617993623,15.395800909996034,100000
1525,321.1,1,0.2174550734337563,16.730485537472894,100000
1526,360.35,1,0.21723761836032254,11.596219002254426,100000
1527,336.89,1,0.21702038074196223,13.14158452881707,100000
1528,359.93,1,0.21680336036122028,28.745615822928293,100000
1529,353.41,1,0.21658655700085905,17.523226469755173,100000
1530,356.14000000000004,1,0.2163699704438582,14.733912110328674,100000
1531,346.37,1,0.21615360047341434,21.00089350438887,100000
1532,326.52,1,0.21593744687294092,20.530410081148148,100000
1533,363.20000000000005,1,0.21572150942606796,13.141729518771172,100000
1534,353.22,1,0.2155057879166419,13.156176537883525,100000
1535,367.42,1,0.21529028212872525,29.176330256462098,100000
1536,375.40000000000003,1,0.21507499184659654,26.349043130874634,100000
1537,350.04999999999995,1,0.21485991685474995,17.657817727043515,100000
1538,360.25,1,0.2146450569378952,22.315733618206448,100000
1539,368.22,1,0.21443041188095732,11.997570967674255,100000
1540,365.4,1,0.21421598146907636,18.406171142009267,100000
1541,336.07000000000005,1,0.21400176548760727,20.18701144059499,100000
1542,363.32,1,0.21378776372211966,9.458266461481813,100000
1543,346.89,1,0.21357397595839755,21.680537023851947,100000
1544,365.05,1,0.21336040198243916,13.017991510721354,100000
1545,351.79,1,0.21314704158045672,13.750422871474063,100000
1546,367.19000000000005,1,0.21293389453887626,11.090631505899262,100000
1547,371.44,1,0.21272096064433738,16.37288068447794,100000
1548,364.69000000000005,1,0.21250823968369303,19.453727192797903,100000
1549,359.97,1,0.21229573144400934,17.577876806259155,100000
1550,363.62,1,0.21208343571256533,12.924920486191573,100000
1551,358.33000000000004,1,0.21187135227685275,14.647919742266337,100000
1552,343.46000000000004,1,0.2116594809245759,12.585027462557742,100000
1553,358.47,1,0.21144782144365132,20.33786710500717,100000
1554,365.34000000000003,1,0.21123637362220768,16.894430850681506,100000
1555,357.51000000000005,1,0.21102513724858546,15.125275965247836,100000
1556,359.46,1,0.21081411211133688,18.765871079529035,100000
1557,356.63000000000005,1,0.21060329799922556,11.70210035001078,100000
1558,349.68,1,0.21039269470122635,16.89839943524065,100000
1559,364.99,1,0.21018230200652513,9.0177035831636,100000
1560,367.55,1,0.2099721197045186,23.672349366274748,100000
1561,356.06,1,0.20976214758481407,18.07170333778649,100000
1562,363.44,1,0.20955238543722926,12.212946106175908,100000
1563,341.98,1,0.20934283305179202,18.64979704733818,100000
1564,367.40000000000003,1,0.20913349021874023,15.962492214549671,100000
1565,338.89000000000004,1,0.2089243567285215,11.032471619546413,100000
1566,373.17,1,0.20871543237179296,13.375302756274188,100000
1567,351.22,1,0.20850671693942116,17.985821236582364,100000
1568,364.28000000000003,1,0.20829821022248174,19.898146408908772,100000
1569,369.66,1,0.20808991201225926,12.36157652672301,100000
1570,363.17,1,0.207881822100247,11.70455710976212,100000
1571,367.15000000000003,1,0.20767394027814676,14.691836833953857,100000
1572,331.3,1,0.2074662663378686,17.88802055050345,100000
1573,374.94,1,0.20725880007153075,11.220945385786203,100000
1574,362.90999999999997,1,0.20705154127145922,13.678046035766602,100000
1575,335.1,1,0.20684448973018776,11.249353161081672,100000
1576,343.36,1,0.20663764524045758,25.234388633513113,100000
1577,371.3,1,0.20643100759521713,9.738107246511122,100000
1578,365.49,1,0.20622457658762192,24.191898501836338,100000
1579,368.83,1,0.2060183520110343,16.760940839659494,100000
1580,362.00000000000006,1,0.20581233365902327,13.436022677591868,100000
1581,354.52000000000004,1,0.20560652132536425,12.045157837417891,100000
1582,359.66,1,0.20540091480403888,21.97426157839158,100000
1583,340.41,1,0.20519551388923485,14.261570701860402,100000
1584,375.84000000000003,1,0.20499031837534562,9.640402450011326,100000
1585,367.38,1,0.20478532805697028,8.992026484012603,100000
1586,345.19,1,0.2045805427289133,12.342598820433897,100000
1587,343.01000000000005,1,0.20437596218618437,13.193745972359018,100000
1588,360.56,1,0.2041715862239982,13.025040479267345,100000
1589,363.27,1,0.2039674146377742,10.651611809377316,100000
1590,375.09000000000003,1,0.20376344722313644,11.575345785059827,100000
1591,365.63,1,0.2035596837759133,32.75574449488991,100000
1592,373.85,1,0.20335612409213738,29.31423477773313,100000
1593,336.24,1,0.20315276796804524,13.17684805393219,100000
1594,353.01,1,0.2029496152000772,11.649515729554942,100000
1595,340.39000000000004,1,0.20274666558487714,12.435131262426507,100000
1596,349.82,1,0.20254391891929227,12.346771464628333,100000
1597,361.14,1,0.20234137500037297,18.660818576812744,100000
1598,345.69,1,0.20213903362537258,28.689872271394076,100000
1599,362.85,1,0.2019368945917472,14.282404050988665,100000
1600,352.61,1,0.20173495769715546,10.525966605202097,100000
1601,373.49,1,0.2015332227394583,23.07558289280644,100000
1602,340.99,1,0.20133168951671884,21.76540488436602,100000
1603,305.01,1,0.20113035782720212,17.842409032583237,100000
1604,375.07,1,0.20092922746937492,18.273311883845228,100000
1605,352.16,1,0.20072829824190555,24.867908782646303,100000
1606,346.76,1,0.20052756994366364,29.501928799187958,100000
1607,361.67,1,0.20032704237371998,29.469763600465022,100000
1608,361.73,1,0.20012671533134627,16.031035994038437,100000
1609,331.08000000000004,1,0.19992658861601492,9.124204359556499,100000
1610,330.37,1,0.19972666202739892,14.350605003974017,100000
1611,369.39000000000004,1,0.19952693536537153,21.119614493172122,100000
1612,371.70000000000005,1,0.19932740843000615,28.393692387001856,100000
1613,373.40000000000003,1,0.19912808102157614,10.847632145395083,100000
1614,360.15,1,0.19892895294055457,11.158436990919567,100000
1615,320.19000000000005,1,0.19873002398761402,17.912061356290987,100000
1616,380.61,1,0.1985312939636264,22.6052879302398,100000
1617,382.82,1,0.19833276266966277,20.943807314742696,100000
1618,374.89,1,0.1981344299069931,11.032831902199604,100000
1619,357.91,1,0.1979362954770861,12.299909943800706,100000
1620,370.96000000000004,1,0.197738359181609,10.238715312060188,100000
1621,354.31,1,0.1975406208224274,22.904448467752207,100000
1622,350.32000000000005,1,0.197343080201605,10.934401026943274,100000
1623,351.33000000000004,1,0.19714573712140337,11.06115642765112,100000
1624,346.53999999999996,1,0.19694859138428197,15.017813973956638,100000
1625,361.56,1,0.1967516427928977,17.825778986726487,100000
1626,373.81,1,0.1965548911501048,15.049045779086926,100000
1627,365.25,1,0.19635833625895469,15.047113574468172,100000
1628,379.02,1,0.19616197792269574,10.474991152683893,100000
1629,367.20000000000005,1,0.19596581594477305,17.130285019874574,100000
1630,382.8,1,0.19576985012882828,21.98875310204246,100000
1631,362.13,1,0.19557408027869944,14.768747410603932,100000
1632,363.54,1,0.19537850619842073,31.393906311113007,100000
1633,361.91,1,0.19518312769222232,12.86542748127665,100000
1634,350.06,1,0.19498794456453009,12.61113874912262,100000
1635,356.26,1,0.19479295661996557,20.21114420518279,100000
1636,367.29,1,0.1945981636633456,21.23981032371521,100000
1637,349.21000000000004,1,0.19440356549968224,25.142271470215363,100000
1638,338.73,1,0.19420916193418256,35.96821961853955,100000
1639,337.95,1,0.19401495277224837,16.18866276059832,100000
1640,361.33000000000004,1,0.19382093781947612,16.65647259780339,100000
1641,367.44,1,0.19362711688165665,11.542896934350331,100000
1642,372.86,1,0.193433489764775,35.53997720990862,100000
1643,372.84000000000003,1,0.19324005627501023,17.84639782255346,100000
1644,337.29,1,0.1930468162187352,11.02129150780154,100000
1645,365.13000000000005,1,0.19285376940251647,16.952429164919938,100000
1646,354.45000000000005,1,0.19266091563311397,25.10307499917887,100000
1647,371.86,1,0.19246825471748086,14.048224764210838,100000
1648,355.31,1,0.1922757864627634,20.377138222417525,100000
1649,364.88,1,0.1920835106763006,11.834817955049418,100000
1650,367.76,1,0.19189142716562432,11.619444394111634,100000
1651,357.64000000000004,1,0.1916995357384587,29.929669644615867,100000
1652,347.95000000000005,1,0.19150783620272022,17.11062898515146,100000
1653,359.8,1,0.1913163283665175,20.363612521369504,100000
1654,361.11,1,0.19112501203815097,13.767706487999588,100000
1655,374.51,1,0.1909338870261128,14.909673290049776,100000
1656,333.48,1,0.19074295313908668,13.174639737164533,100000
1657,375.42,1,0.1905522101859476,13.379374563694,100000
1658,375.03,1,0.19036165797576166,8.931852371134656,100000
1659,365.73,1,0.1901712963177859,19.009059713597882,100000
1660,367.16,1,0.1899811250214681,16.160590839385986,100000
1661,354.46000000000004,1,0.18979114389644663,10.056308368466935,100000
1662,367.26,1,0.1896013527525502,37.48818991184235,100000
1663,375.32,1,0.18941175139979763,27.594489001310787,100000
1664,361.92,1,0.18922233964839782,14.336231348944493,100000
1665,371.46000000000004,1,0.18903311730874942,13.09040750241747,100000
1666,364.87,1,0.18884408419144066,23.94611744713365,100000
1667,377.31,1,0.1886552401072492,26.547956104278565,100000
1668,342.76,1,0.18846658486714196,21.768026265941682,100000
1669,340.76,1,0.1882781182822748,11.911718345668218,100000
1670,362.67,1,0.18808984016399252,16.771938609295205,100000
1671,380.63,1,0.18790175032382853,12.84012374152308,100000
1672,366.82000000000005,1,0.1877138485735047,15.761921017777686,100000
1673,339.45000000000005,1,0.1875261347249312,10.930490126212439,100000
1674,368.03999999999996,1,0.1873386085902063,26.961481657895174,100000
1675,365.26,1,0.18715126998161608,12.889599682991964,100000
1676,367.48,1,0.18696411871163446,16.050893371755425,100000
1677,377.09000000000003,1,0.18677715459292282,19.871782155036925,100000
1678,338.89,1,0.1865903774383299,10.149107227862721,100000
1679,373.36,1,0.18640378706089158,12.05649453766492,100000
1680,373.11,1,0.1862173832738307,15.607724512064898,100000
1681,363.34000000000003,1,0.18603116589055688,17.936520673610545,100000
1682,374.98,1,0.18584513472466632,12.897198240807716,100000
1683,363.73,1,0.18565928958994166,30.245416827121023,100000
1684,332.27000000000004,1,0.18547363030035172,11.995389998848758,100000
1685,365.92,1,0.18528815667005136,13.717246046433083,100000
1686,378.5,1,0.1851028685133813,13.203771286232527,100000
1687,373.09000000000003,1,0.18491776564486792,22.01024830098055,100000
1688,367.27,1,0.18473284787922306,28.07272141456604,100000
1689,365.43,1,0.18454811503134383,20.05942117398785,100000
1690,346.51000000000005,1,0.18436356691631248,12.76377624935574,100000
1691,377.01,1,0.18417920334939616,12.264057478904725,100000
1692,371.85,1,0.18399502414604677,11.155899127324423,100000
1693,363.61,1,0.18381102912190073,17.58981008882876,100000
1694,351.20000000000005,1,0.18362721809277882,22.204244161906995,100000
1695,372.67,1,0.18344359087468604,16.28082959218459,100000
1696,346.87,1,0.18326014728381135,11.266086391374177,100000
1697,369.47,1,0.18307688713652753,12.095907706134724,100000
1698,370.82,1,0.182893810249391,8.376710732777914,100000
1699,362.92,1,0.1827109164391416,13.793851640489367,100000
1700,354.92,1,0.18252820552270246,11.643804387769837,100000
1701,351.28000000000003,1,0.18234567731717977,19.418386848533856,100000
1702,360.41999999999996,1,0.1821633316398626,14.808543114435105,100000
1703,377.67,1,0.18198116830822272,17.61771676540375,100000
1704,235.29000000000002,1,0.1817991871399145,13.054392725556761,100000
1705,331.98,1,0.18161738795277457,14.93138409883548,100000
1706,371.67,1,0.1814357705648218,25.473935216080907,100000
1707,330.50000000000006,1,0.18125433479425698,13.251141751513762,100000
1708,378.92,1,0.18107308045946272,16.565415019790333,100000
1709,347.90000000000003,1,0.18089200737900324,30.19688904749883,100000
1710,361.27,1,0.18071111537162424,13.517307175057274,100000
1711,369.75,1,0.1805304042562526,9.590210982088772,100000
1712,369.62,1,0.18034987385199636,11.279403839471206,100000
1713,376.56,1,0.18016952397814437,10.413414520687526,100000
1714,380.71000000000004,1,0.17998935445416622,14.524049287256988,100000
1715,373.08,1,0.17980936509971204,13.164407535475128,100000
1716,360.89,1,0.17962955573461234,17.57452745063632,100000
1717,346.79,1,0.17944992617887773,30.877427302615743,100000
1718,370.27,1,0.17927047625269885,21.935056431540126,100000
1719,379.22,1,0.17909120577644616,16.895894224445026,100000
1720,355.42,1,0.17891211457066972,10.208612007007265,100000
1721,380.55,1,0.17873320245609906,16.310813344043233,100000
1722,374.01,1,0.17855446925364296,25.474953761807196,100000
1723,371.14,1,0.17837591478438933,17.751065833227976,100000
1724,358.75,1,0.17819753886960493,15.740506768226624,100000
1725,364.89,1,0.17801934133073533,15.644619212700771,100000
1726,359.03000000000003,1,0.17784132198940458,11.815804254091702,100000
1727,358.37,1,0.1776634806674152,16.045389246940612,100000
1728,359.6,1,0.17748581718674777,19.07680518837536,100000
1729,359.34000000000003,1,0.17730833136956103,10.37924197363475,100000
1730,372.93,1,0.17713102303819148,10.286668091404195,100000
1731,371.84000000000003,1,0.1769538920151533,25.772139055388315,100000
1732,358.59000000000003,1,0.17677693812313813,18.786359473840513,100000
1733,356.54,1,0.17660016118501498,16.252223508225548,100000
1734,364.85,1,0.17642356102382997,17.620242524565313,100000
1735,361.57000000000005,1,0.17624713746280615,17.364916137007416,100000
1736,348.54,1,0.17607089032534334,12.204255528748035,100000
1737,363.59000000000003,1,0.175894819435018,11.120866941193404,100000
1738,340.98,1,0.17571892461558297,13.480424333841373,100000
1739,374.98,1,0.1755432056909674,17.95839026799569,100000
1740,365.02,1,0.17536766248527644,16.85218380208601,100000
1741,364.23,1,0.17519229482279117,19.264996847863923,100000
1742,341.78000000000003,1,0.17501710252796837,13.56655876564257,100000
1743,355.28000000000003,1,0.1748420854254404,14.112796865292449,100000
1744,356.31000000000006,1,0.17466724334001496,24.412403610444837,100000
1745,351.84000000000003,1,0.17449257609667496,9.746733920914787,100000
1746,373.55,1,0.1743180835205783,15.723502772825736,100000
1747,341.18000000000006,1,0.1741437654370577,17.198011620177162,100000
1748,375.14,1,0.17396962167162064,31.096903062783756,100000
1749,355.94,1,0.173795652049949,11.01146270831426,100000
1750,363.31,1,0.17362185639789907,12.44414558675554,100000
1751,371.68,1,0.17344823454150116,30.808819796357835,100000
1752,366.63,1,0.17327478630695967,10.674819432052912,100000
1753,366.77,1,0.1731015115206527,18.515804183098577,100000
1754,369.25,1,0.17292841000913206,11.022687324162188,100000
1755,363.81,1,0.17275548159912293,12.166139125823975,100000
1756,363.24,1,0.17258272611752382,11.10611911614736,100000
1757,352.51000000000005,1,0.17241014339140628,16.510918223857878,100000
1758,366.42,1,0.1722377332480149,13.353970766067505,100000
1759,374.8,1,0.17206549551476688,14.16823628774056,100000
1760,367.4,1,0.1718934300192521,22.532447748184204,100000
1761,354.79,1,0.17172153658923286,15.425852960010744,100000
1762,325.01000000000005,1,0.17154981505264363,20.02816275705265,100000
1763,374.84000000000003,1,0.17137826523759098,12.928043319628788,100000
1764,354.52000000000004,1,0.1712068869723534,12.468030709140706,100000
1765,356.15,1,0.17103568008538103,11.271255525190439,100000
1766,346.36,1,0.17086464440529564,12.367015776696142,100000
1767,357.2,1,0.17069377976089034,13.13063346955084,100000
1768,361.94,1,0.17052308598112945,13.298159683451933,100000
1769,363.52,1,0.17035256289514833,12.428229829012338,100000
1770,230.76999999999992,1,0.17018221033225317,19.292367103199165,100000
1771,355.85,1,0.17001202812192093,16.802491345713214,100000
1772,361.39000000000004,1,0.169842016093799,15.359037890578762,100000
1773,364.78000000000003,1,0.1696721740777052,18.146547968571003,100000
1774,354.54,1,0.1695025019036275,15.459425482256659,100000
1775,357.32000000000005,1,0.1693329994017239,15.63549456000328,100000
1776,369.85,1,0.16916366640232217,8.701146976003107,100000
1777,369.35,1,0.16899450273591984,13.752212256193161,100000
1778,365.06,1,0.16882550823318393,15.948483242438389,100000
1779,366.29,1,0.16865668272495074,15.208852132161459,100000
1780,355.32,1,0.1684880260422258,18.251099967119988,100000
1781,367.54,1,0.16831953801618357,17.765340924263,100000
1782,366.96000000000004,1,0.16815121847816739,8.378262791633606,100000
1783,356.52000000000004,1,0.16798306725968923,24.841783962997734,100000
1784,369.39,1,0.16781508419242955,22.903730873403877,100000
1785,365.65,1,0.16764726910823713,15.280859236533825,100000
1786,373.01,1,0.1674796218391289,15.735359721713596,100000
1787,371.57000000000005,1,0.16731214221728977,13.477948630557341,100000
1788,379.03999999999996,1,0.16714483007507247,9.740419218937555,100000
1789,365.96000000000004,1,0.1669776852449974,22.278896298324852,100000
1790,371.76,1,0.1668107075597524,9.815157238926206,100000
1791,355.6,1,0.16664389685219266,10.485078251152707,100000
1792,374.98,1,0.16647725295534047,18.494758661757125,100000
1793,331.94,1,0.16631077570238512,24.555365988186427,100000
1794,369.36,1,0.16614446492668272,26.199225434717142,100000
1795,358.20000000000005,1,0.16597832046175603,10.372486926891186,100000
1796,377.39,1,0.16581234214129428,8.84886869430542,100000
1797,348.27000000000004,1,0.16564652979915298,14.800471472740174,100000
1798,357.6,1,0.16548088326935384,11.910333268642425,100000
1799,367.71000000000004,1,0.1653154023860845,14.612746381759644,100000
1800,380.87,1,0.1651500869836984,19.830935747727104,100000
1801,361.7,1,0.1649849368967147,18.15713715127536,100000
1802,372.85,1,0.164819951959818,9.919133526938301,100000
1803,367.18000000000006,1,0.16465513200785817,8.721756402651469,100000
1804,362.34000000000003,1,0.1644904768758503,14.148587781874859,100000
1805,361.56,1,0.16432598639897444,13.04743006825447,100000
1806,370.20000000000005,1,0.16416166041257546,15.43606514626361,100000
1807,355.36,1,0.16399749875216288,16.8087396412565,100000
1808,361.59,1,0.16383350125341073,13.654117687075745,100000
1809,359.47,1,0.16366966775215733,12.643241540440973,100000
1810,357.64,1,0.16350599808440516,11.19901660789143,100000
1811,372.84000000000003,1,0.16334249208632076,11.793438274033216,100000
1812,358.77,1,0.16317914959423443,6.566817764882688,100000
1813,349.69,1,0.1630159704446402,20.398903665871455,100000
1814,368.32,1,0.16285295447419557,23.0413635691007,100000
1815,363.78000000000003,1,0.16269010151972138,14.3032081745289,100000
1816,337.6,1,0.16252741141820165,18.26530065319755,100000
1817,358.01,1,0.16236488400678345,10.45287800018604,100000
1818,359.95000000000005,1,0.16220251912277667,11.148280885484484,100000
1819,364.98,1,0.1620403166036539,16.982584215127506,100000
1820,351.95000000000005,1,0.16187827628705023,22.428221420503,100000
1821,360.42,1,0.16171639801076318,9.931290358867285,100000
1822,368.0400000000001,1,0.1615546816127524,21.83515578616749,100000
1823,377.17,1,0.16139312693113966,13.263581285476684,100000
1824,368.18000000000006,1,0.16123173380420852,15.547586813839999,100000
1825,362.92,1,0.16107050207040433,21.170334987953062,100000
1826,356.97,1,0.16090943156833393,11.614326294985684,100000
1827,351.03000000000003,1,0.1607485221367656,13.804833792871044,100000
1828,367.72,1,0.16058777361462884,20.106749070774423,100000
1829,376.63,1,0.1604271858410142,9.063443186548021,100000
1830,357.57,1,0.16026675865517317,17.272577329476675,100000
1831,371.0,1,0.160106491896518,14.854145246393541,100000
1832,374.68,1,0.15994638540462147,28.83989295300017,100000
1833,358.55,1,0.15978643901921685,15.130193851391475,100000
1834,363.34,1,0.15962665258019765,18.04806677058891,100000
1835,363.85,1,0.15946702592761744,10.822045770742125,100000
1836,359.63,1,0.15930755890168982,19.389239124532015,100000
1837,359.49,1,0.15914825134278812,15.613678777028644,100000
1838,371.07,1,0.15898910309144534,24.502161231695435,100000
1839,363.69,1,0.1588301139883539,17.152839183807373,100000
1840,352.04,1,0.15867128387436555,13.09299595789476,100000
1841,379.42,1,0.15851261259049118,11.606077666083971,100000
1842,369.15000000000003,1,0.1583540999779007,12.091469008347083,100000
1843,376.58000000000004,1,0.1581957458779228,23.24467120965322,100000
1844,362.01,1,0.15803755013204487,11.978920974901744,100000
1845,364.24,1,0.15787951258191282,8.025237608764131,100000
1846,355.99,1,0.1577216330693309,10.786904598349956,100000
1847,331.22,1,0.15756391143626158,19.158026583733097,100000
1848,355.99,1,0.15740634752482532,13.27091819624747,100000
1849,377.23,1,0.1572489411773005,18.09288245677948,100000
1850,369.19000000000005,1,0.1570916922361232,11.753004653700467,100000
1851,363.06,1,0.15693460054388708,13.220150672659582,100000
1852,367.15999999999997,1,0.1567776659433432,16.65252558787664,100000
1853,364.87,1,0.15662088827739984,19.883369458349126,100000
1854,376.78,1,0.15646426738912245,15.524749771753948,100000
1855,380.77,1,0.1563078031217333,8.668107050916422,100000
1856,380.78999999999996,1,0.15615149531861158,12.831519137258114,100000
1857,373.22,1,0.15599534382329297,13.771960939679827,100000
1858,354.61,1,0.15583934847946967,17.22809493952784,100000
1859,360.62,1,0.15568350913099022,16.09943599927993,100000
1860,363.3,1,0.15552782562185924,16.611892495304346,100000
1861,356.23,1,0.15537229779623737,16.92360282362553,100000
1862,370.33000000000004,1,0.15521692549844113,10.86445636952177,100000
1863,344.04,1,0.15506170857294269,9.451501827391366,100000
1864,371.27,1,0.15490664686436975,8.340809010991864,100000
1865,364.99,1,0.15475174021750537,12.379682315023322,100000
1866,373.32,1,0.15459698847728787,20.11363517021646,100000
1867,377.11,1,0.1544423914888106,15.893559169769286,100000
1868,377.61,1,0.15428794909732177,11.034044151306153,100000
1869,346.02000000000004,1,0.15413366114822444,10.499976846038319,100000
1870,377.75,1,0.15397952748707622,13.682183375358582,100000
1871,380.63,1,0.15382554795958914,21.625598026358563,100000
1872,370.07000000000005,1,0.15367172241162955,14.634007347041162,100000
1873,349.55,1,0.15351805068921792,11.586752540660354,100000
1874,369.17,1,0.1533645326385287,11.002878387769064,100000
1875,374.98,1,0.15321116810589017,9.89154331271465,100000
1876,371.3,1,0.1530579569377843,12.37788974537569,100000
1877,375.38,1,0.1529048989808465,20.927902680176956,100000
1878,367.08000000000004,1,0.15275199408186566,15.64104652188041,100000
1879,377.43,1,0.15259924208778378,19.600182237625123,100000
1880,363.92,1,0.15244664284569598,17.43822694266284,100000
1881,367.56,1,0.15229419620285028,11.079898853302002,100000
1882,350.43000000000006,1,0.15214190200664743,12.366515248052535,100000
1883,380.83000000000004,1,0.15198976010464077,9.914292656857034,100000
1884,353.77000000000004,1,0.15183777034453613,8.96441426500678,100000
1885,371.61,1,0.1516859325741916,16.463516226001815,100000
1886,358.26,1,0.1515342466416174,18.204588228342484,100000
1887,353.18,1,0.1513827123949758,12.318788035710652,100000
1888,369.05,1,0.15123132968258082,9.208812182148298,100000
1889,363.79,1,0.15108009835289823,14.444560956146757,100000
1890,374.13,1,0.15092901825454533,13.835505737198723,100000
1891,357.38,1,0.15077808923629077,23.91147634799664,100000
1892,353.16,1,0.15062731114705447,21.11777610128576,100000
1893,357.38,1,0.1504766838359074,15.37289092540741,100000
1894,370.88,1,0.15032620715207148,10.87476618911909,100000
1895,368.86,1,0.1501758809449194,17.572669784228008,100000
1896,359.93,1,0.15002570506397447,12.90008080633063,100000
1897,365.46000000000004,1,0.1498756793589105,16.182724136572617,100000
1898,356.85,1,0.14972580367955157,9.958636905465807,100000
1899,380.69,1,0.14957607787587202,11.778959875521453,100000
1900,364.98,1,0.14942650179799613,13.683591193341194,100000
1901,372.97,1,0.14927707529619813,8.838823071232548,100000
1902,356.3,1,0.14912779822090194,9.725315736942603,100000
1903,370.87,1,0.14897867042268104,18.37669361155966,100000
1904,361.51,1,0.14882969175225835,19.077224503863942,100000
1905,359.33000000000004,1,0.1486808620605061,22.547052724020823,100000
1906,371.4,1,0.14853218119844558,10.621974221297673,100000
1907,375.70000000000005,1,0.14838364901724713,11.74283864406439,100000
1908,371.62,1,0.14823526536822987,11.415531158447266,100000
1909,375.22,1,0.14808703010286164,10.262388802491701,100000
1910,334.54,1,0.1479389430727588,15.829939622727652,100000
1911,378.7,1,0.14779100412968604,25.790856927633286,100000
1912,367.26,1,0.14764321312555637,11.98096758365631,100000
1913,376.68,1,0.14749556991243082,13.937702751159668,100000
1914,376.83,1,0.1473480743425184,9.490375873777602,100000
1915,354.44,1,0.14720072626817587,14.144444691723791,100000
1916,371.1,1,0.1470535255419077,13.772509400333677,100000
1917,371.24,1,0.1469064720163658,10.713856769459587,100000
1918,365.75,1,0.14675956554434944,14.009525095262836,100000
1919,375.46000000000004,1,0.14661280597880508,14.155310676648067,100000
1920,359.81,1,0.14646619317282628,10.943708325189258,100000
1921,365.04999999999995,1,0.14631972697965345,16.122700486266822,100000
1922,375.12,1,0.1461734072526738,14.536445874434252,100000
1923,341.48,1,0.14602723384542113,9.35361662458201,100000
1924,372.84,1,0.14588120661157572,9.940246339355197,100000
1925,357.73,1,0.14573532540496414,11.127768915349787,100000
1926,375.1,1,0.14558959007955918,10.951749038237791,100000
1927,377.07000000000005,1,0.1454440004894796,14.254431891441346,100000
1928,351.82000000000005,1,0.14529855648899012,11.691949269601277,100000
1929,349.40000000000003,1,0.14515325793250114,25.466677772587744,100000
1930,363.18,1,0.14500810467456865,19.969772787417394,100000
1931,359.6,1,0.14486309656989407,16.61695587067377,100000
1932,365.82000000000005,1,0.1447182334733242,19.486604818930992,100000
1933,365.77,1,0.14457351523985087,15.926342959989581,100000
1934,374.19000000000005,1,0.14442894172461102,14.692914764086405,100000
1935,370.8,1,0.1442845127828864,9.627203349556241,100000
1936,368.73,1,0.1441402282701035,9.76901806394259,100000
1937,351.95000000000005,1,0.1439960880418334,10.589990213269093,100000
1938,379.26,1,0.14385209195379156,16.97896395623684,100000
1939,370.92,1,0.14370823986183776,12.502572655677795,100000
1940,367.69000000000005,1,0.1435645316219759,18.955835223197937,100000
1941,362.81000000000006,1,0.14342096709035393,13.90674506967718,100000
1942,367.44000000000005,1,0.14327754612326357,10.767111854553223,100000
1943,384.40999999999997,1,0.14313426857714032,15.37141596135639,100000
1944,342.99,1,0.14299113430856317,19.475741982460022,100000
1945,362.49000000000007,1,0.1428481431742546,7.870266713879325,100000
1946,378.82000000000005,1,0.14270529503108034,9.139161221683025,100000
1947,375.34000000000003,1,0.14256258973604927,17.289829277075253,100000
1948,359.35,1,0.14242002714631322,17.265028149394666,100000
1949,372.6,1,0.1422776071191669,11.841574438593604,100000
1950,378.94,1,0.14213532951204774,10.825738082329432,100000
1951,380.67,1,0.1419931941825357,15.570912677308787,100000
1952,376.81,1,0.14185120098835316,12.58211112552219,100000
1953,378.78000000000003,1,0.1417093497873648,10.394550941884518,100000
1954,380.81,1,0.14156764043757744,9.981503937555397,100000
1955,366.38,1,0.14142607279713987,23.697802183920878,100000
1956,369.61,1,0.14128464672434274,15.853477453363352,100000
1957,373.13,1,0.1411433620776184,10.716497727802821,100000
1958,384.40999999999997,1,0.14100221871554078,10.0415119103023,100000
1959,373.23,1,0.14086121649682523,15.279568636858905,100000
1960,384.40999999999997,1,0.14072035528032842,15.368821513085138,100000
1961,362.11,1,0.1405796349250481,14.803293497836004,100000
1962,365.56,1,0.14043905529012304,19.019333818684455,100000
1963,377.03000000000003,1,0.14029861623483292,7.1829039359092715,100000
1964,346.47,1,0.1401583176185981,13.744434782436915,100000
1965,374.95000000000005,1,0.1400181593009795,10.298345946251079,100000
1966,371.27,1,0.1398781411416785,27.51110517460367,100000
1967,355.5,1,0.13973826300053682,11.555401497873767,100000
1968,344.01,1,0.13959852473753628,23.32170441988352,100000
1969,372.18,1,0.13945892621279873,14.303307993071419,100000
1970,352.39,1,0.13931946728658592,15.810927081108094,100000
1971,380.83000000000004,1,0.13918014781929933,9.529356800991556,100000
1972,365.20000000000005,1,0.13904096767148003,16.1555834710598,100000
1973,329.74,1,0.13890192670380855,8.85566652956463,100000
1974,371.36,1,0.13876302477710473,10.59269674548081,100000
1975,365.78000000000003,1,0.13862426175232762,9.51166418351625,100000
1976,365.98,1,0.1384856374905753,5.974509604599165,100000
1977,369.87,1,0.13834715185308472,5.845678269863129,100000
1978,378.88,1,0.13820880470123162,7.196619278440873,100000
1979,382.74,1,0.1380705958965304,17.990995439616118,100000
1980,370.94,1,0.13793252530063388,20.60000519667353,100000
1981,358.34000000000003,1,0.13779459277533324,15.404285105069478,100000
1982,359.31,1,0.1376567981825579,7.982507800156215,100000
1983,361.04,1,0.13751914138437535,15.441026439853744,100000
1984,376.47,1,0.13738162224299097,11.212538894017538,100000
1985,382.46000000000004,1,0.13724424062074797,17.707563218745317,100000
1986,376.57,1,0.13710699638012722,9.301533517837525,100000
1987,382.62,1,0.1369698893837471,17.71478456529704,100000
1988,382.78,1,0.13683291949436335,10.066894642331384,100000
1989,375.02,1,0.13669608657486898,18.58317689712231,100000
1990,370.01,1,0.1365593904882941,9.666331052780151,100000
1991,365.82000000000005,1,0.1364228310978058,7.524292660796124,100000
1992,352.68,1,0.13628640826670801,10.605921892325084,100000
1993,379.32000000000005,1,0.1361501218584413,10.440797766049704,100000
1994,343.95000000000005,1,0.13601397173658286,8.515245464113024,100000
1995,379.26,1,0.1358779577648463,23.77833976596594,100000
1996,377.69,1,0.13574207980708144,10.287749857902527,100000
1997,366.36,1,0.13560633772727437,24.19226497294856,100000
1998,377.95000000000005,1,0.1354707313895471,10.89684306383133,100000
1999,368.69,1,0.13533526065815754,15.195201107140246,100000
2000,363.32000000000005,1,0.1351999253974994,16.770855420165592,100000
2001,384.40999999999997,1,0.13506472547210188,7.9708646308808095,100000
2002,372.98,1,0.1349296607466298,13.796252211745905,100000
2003,367.20000000000005,1,0.13479473108588316,8.731087990601857,100000
2004,384.40999999999997,1,0.13465993635479728,23.512980381647747,100000
2005,380.83000000000004,1,0.13452527641844247,13.606156701626984,100000
2006,358.68,1,0.13439075114202403,14.511515200138092,100000
2007,365.83000000000004,1,0.134256360390882,10.075581714218737,100000
2008,374.67,1,0.13412210403049113,12.257844202061916,100000
2009,378.47,1,0.13398798192646064,9.707390635512596,100000
2010,380.75,1,0.13385399394453418,23.60173085461492,100000
2011,372.90000000000003,1,0.13372013995058965,19.59467710280905,100000
2012,371.25,1,0.13358641981063907,7.410909110424566,100000
2013,380.83,1,0.13345283339082842,8.90705456941024,100000
2014,373.11,1,0.13331938055743758,9.179381681948293,100000
2015,379.04,1,0.13318606117688014,10.724053333202997,100000
2016,371.22,1,0.13305287511570327,16.92168025643218,100000
2017,380.83000000000004,1,0.13291982224058757,17.256506536317907,100000
2018,378.88,1,0.13278690241834698,9.126262108484903,100000
2019,382.76,1,0.13265411551592862,24.735647656700827,100000
2020,359.75,1,0.13252146140041268,16.648333402780388,100000
2021,373.43,1,0.13238893993901227,18.42085482897582,100000
2022,369.13,1,0.13225655099907327,6.3774137397607165,100000
2023,366.96000000000004,1,0.1321242944480742,24.89876802184365,100000
2024,380.57,1,0.13199217015362613,8.798151809236277,100000
2025,382.48,1,0.1318601779834725,9.732340688055212,100000
2026,365.56000000000006,1,0.13172831780548902,9.737552523612976,100000
2027,380.93,1,0.13159658948768352,13.936357943908028,100000
2028,367.45,1,0.13146499289819583,8.276197892969305,100000
2029,362.24,1,0.13133352790529762,11.914107911586761,100000
2030,372.28000000000003,1,0.13120219437739233,6.447326881544931,100000
2031,359.83000000000004,1,0.13107099218301493,18.048335597432892,100000
2032,374.98,1,0.13093992119083192,8.009912189016951,100000
2033,378.88,1,0.13080898126964108,5.580984838306904,100000
2034,381.03,1,0.13067817228837145,6.866097369919652,100000
2035,355.67,1,0.13054749411608307,9.062725244906911,100000
2036,379.12,1,0.13041694662196698,11.734828054904938,100000
2037,374.89,1,0.13028652967534501,9.522223297585832,100000
2038,363.25,1,0.13015624314566968,14.419677548489329,100000
2039,370.85,1,0.130026086902524,15.757685918433994,100000
2040,371.89,1,0.1298960608156215,24.929524193869696,100000
2041,376.65999999999997,1,0.12976616475480587,10.025782211621602,100000
2042,377.0,1,0.12963639859005108,6.974086740281847,100000
2043,369.45000000000005,1,0.12950676219146104,4.993974400016497,100000
2044,380.49,1,0.1293772554292696,11.7018068873364,100000
2045,371.65999999999997,1,0.1292478781738403,13.9200813876258,100000
2046,375.6,1,0.12911863029566648,26.322952254460407,100000
2047,364.09000000000003,1,0.12898951166537082,11.401138345400492,100000
2048,372.6,1,0.12886052215370544,10.61863638325171,100000
2049,373.33000000000004,1,0.12873166163155172,10.571021749048818,100000
2050,378.88,1,0.12860292996992018,13.831170737743378,100000
2051,363.06,1,0.12847432703995026,8.764917363925855,100000
2052,376.73,1,0.12834585271291032,12.310422143936158,100000
2053,370.0,1,0.12821750686019742,12.534939671462437,100000
2054,364.01,1,0.12808928935333722,10.598768359523708,100000
2055,345.31,1,0.12796120006398387,7.337779971269461,100000
2056,365.81,1,0.1278332388639199,5.31874859592189,100000
2057,374.81,1,0.12770540562505597,27.49078545671828,100000
2058,368.06,1,0.1275777002194309,6.855760306728129,100000
2059,380.93000000000006,1,0.12745012251921148,15.899508691352347,100000
2060,377.39,1,0.12732267239669226,10.07781480550766,100000
2061,375.05,1,0.12719534972429558,7.2301241539894265,100000
2062,381.05,1,0.12706815437457128,13.530758443086043,100000
2063,359.68,1,0.1269410862201967,9.276451347203091,100000
2064,378.76,1,0.1268141451339765,16.98345931371053,100000
2065,364.39000000000004,1,0.12668733098884255,13.785212606753943,100000
2066,375.62,1,0.12656064365785372,8.173490877334888,100000
2067,371.59000000000003,1,0.12643408301419587,9.729565715789795,100000
2068,369.52,1,0.12630764893118168,8.065491100527206,100000
2069,382.48,1,0.1261813412822505,8.509663581848145,100000
2070,371.9,1,0.12605515994096825,7.964890951580472,100000
2071,382.54,1,0.12592910478102728,12.778261097994717,100000
2072,362.06,1,0.12580317567624627,10.802602735432712,100000
2073,370.05,1,0.12567737250057,8.858792472392954,100000
2074,378.92,1,0.12555169512806943,11.655817776918411,100000
2075,367.67,1,0.12542614343294137,11.595333924293518,100000
2076,379.22,1,0.12530071728950842,22.507816617687542,100000
2077,364.01,1,0.12517541657221892,22.29883066813151,100000
2078,360.21000000000004,1,0.1250502411556467,11.21391736638957,100000
2079,378.9,1,0.12492519091449104,10.078832626342773,100000
2080,376.62,1,0.12480026572357655,6.249045764075385,100000
2081,379.32000000000005,1,0.12467546545785298,5.543121722837289,100000
2082,372.64,1,0.12455078999239512,7.031719971676262,100000
2083,363.31000000000006,1,0.12442623920240273,6.940683671721706,100000
2084,384.40999999999997,1,0.12430181296320032,8.61168859118507,100000
2085,371.56,1,0.12417751115023712,9.526785821384854,100000
2086,368.07,1,0.12405333363908688,9.62658787016966,100000
2087,378.8,1,0.1239292803054478,11.58144905169805,100000
2088,380.69,1,0.12380535102514234,7.2991387831128165,100000
2089,377.43,1,0.1236815456741172,18.641540930271148,100000
2090,382.64,1,0.12355786412844308,15.804757595062256,100000
2091,372.77,1,0.12343430626431463,16.18885111808777,100000
2092,369.11,1,0.12331087195805032,14.018256033460299,100000
2093,374.91,1,0.12318756108609227,8.580340382900644,100000
2094,367.6,1,0.12306437352500618,7.816510586305098,100000
2095,357.5,1,0.12294130915148117,6.986124577522278,100000
2096,371.82,1,0.12281836784232969,8.907495636410184,100000
2097,382.68,1,0.12269554947448735,12.325481674887918,100000
2098,384.40999999999997,1,0.12257285392501287,6.64342090629396,100000
2099,380.73,1,0.12245028107108785,10.342712861040365,100000
2100,365.09000000000003,1,0.12232783079001676,8.683966077143147,100000
2101,379.16,1,0.12220550295922675,11.884943130115667,100000
2102,373.41,1,0.12208329745626752,9.796514842245314,100000
2103,373.27,1,0.12196121415881125,5.851841749968352,100000
2104,359.32,1,0.12183925294465245,8.939706876360137,100000
2105,376.73,1,0.1217174136917078,13.801636287901136,100000
2106,366.04,1,0.12159569627801609,8.436728944965438,100000
2107,364.3,1,0.12147410058173808,8.706024156426484,100000
2108,382.46000000000004,1,0.12135262648115634,17.121711882677946,100000
2109,361.82,1,0.12123127385467519,12.358889331583116,100000
2110,364.88,1,0.12111004258082052,10.537158514590974,100000
2111,371.58000000000004,1,0.1209889325382397,8.11817125713124,100000
2112,371.1,1,0.12086794360570145,8.70959236575108,100000
2113,373.5,1,0.12074707566209575,19.39936189041581,100000
2114,330.74,1,0.12062632858643366,23.7514101560565,100000
2115,376.81000000000006,1,0.12050570225784722,10.099648339748382,100000
2116,368.11,1,0.12038519655558938,6.735146807164562,100000
2117,384.40999999999997,1,0.12026481135903379,14.339421260924567,100000
2118,368.74,1,0.12014454654767476,9.560955946644148,100000
2119,381.01,1,0.12002440200112709,9.25754276306733,100000
2120,364.12,1,0.11990437759912596,8.844793774046988,100000
2121,374.81,1,0.11978447322152684,12.682098791954365,100000
2122,380.87,1,0.11966468874830531,6.967511519141819,100000
2123,371.02,1,0.11954502405955701,17.687493141959695,100000
2124,361.91,1,0.11942547903549745,13.735487513542175,100000
2125,344.25,1,0.11930605355646196,8.098236983021101,100000
2126,382.56,1,0.11918674750290549,5.125465165485036,100000
2127,365.73,1,0.11906756075540259,9.90590366262656,100000
2128,382.74,1,0.11894849319464719,13.14700400558385,100000
2129,368.86,1,0.11882954470145254,17.097722589969635,100000
2130,379.15999999999997,1,0.11871071515675109,6.602643638849258,100000
2131,382.76,1,0.11859200444159435,4.554715380072594,100000
2132,378.52,1,0.11847341243715274,24.869288965713146,100000
2133,376.64,1,0.1183549390247156,12.106591555807325,100000
2134,372.96000000000004,1,0.11823658408569088,14.048694026713468,100000
2135,-177.43999999999937,1,0.11811834750160519,19.23515012393515,100000
2136,367.44,1,0.11800022915410358,18.814441808787258,100000
2137,371.62,1,0.11788222892494947,13.824196325408089,100000
2138,384.40999999999997,1,0.11776434669602452,20.35013196581886,100000
2139,361.38,1,0.1176465823493285,6.610447367032369,100000
2140,374.9,1,0.11752893576697916,7.539502739906311,100000
2141,361.06,1,0.11741140683121218,18.261866939695256,100000
2142,371.85,1,0.11729399542438097,8.351394719547695,100000
2143,379.06,1,0.11717670142895659,9.209531351923943,100000
2144,366.01,1,0.11705952472752763,6.716370532046193,100000
2145,364.37,1,0.1169424652028001,8.695328650651154,100000
2146,371.06000000000006,1,0.1168255227375973,8.82992237167699,100000
2147,374.71000000000004,1,0.1167086972148597,9.448289386769558,100000
2148,376.47,1,0.11659198851764484,8.986121122042338,100000
2149,382.48,1,0.1164753965291272,5.229790806770325,100000
2150,382.58000000000004,1,0.11635892113259806,7.556012971834703,100000
2151,355.28000000000003,1,0.11624256221146546,22.646313891961025,100000
2152,377.39,1,0.116126319649254,6.185963480472565,100000
2153,360.5,1,0.11601019332960474,5.415672409992951,100000
2154,372.71000000000004,1,0.11589418313627514,4.825216093841864,100000
2155,357.26,1,0.11577828895313887,13.577408306598663,100000
2156,376.70000000000005,1,0.11566251066418573,18.25367182890574,100000
2157,382.48,1,0.11554684815352155,5.373416434634816,100000
2158,375.15,1,0.11543130130536802,6.066205169292206,100000
2159,378.74,1,0.11531587000406265,19.97008824845155,100000
2160,359.67,1,0.1152005541340586,11.182540151579627,100000
2161,384.40999999999997,1,0.11508535357992454,4.488444095566159,100000
2162,378.55,1,0.11497026822634461,7.4818468066148975,100000
2163,384.40999999999997,1,0.11485529795811826,8.783392066047305,100000
2164,372.83000000000004,1,0.11474044266016015,19.62461738440455,100000
2165,367.95000000000005,1,0.11462570221749999,9.083047290281815,100000
2166,378.48,1,0.11451107651528249,6.565822008044221,100000
2167,382.5,1,0.11439656543876721,5.615658182989467,100000
2168,376.65,1,0.11428216887332844,10.569260425037807,100000
2169,376.67,1,0.11416788670445512,5.803001052803463,100000
2170,384.40999999999997,1,0.11405371881775066,15.09647744610196,100000
2171,369.77,1,0.11393966509893291,11.608910318078665,100000
2172,369.13,1,0.11382572543383399,5.519610705475013,100000
2173,367.34000000000003,1,0.11371189970840015,5.796502203291113,100000
2174,379.08000000000004,1,0.11359818780869176,6.093767916162808,100000
2175,378.68,1,0.11348458962088306,6.135699637234211,100000
2176,378.92,1,0.11337110503126219,11.257978677749634,100000
2177,376.82000000000005,1,0.11325773392623092,7.500667834281922,100000
2178,367.43,1,0.1131444761923047,5.372182223796845,100000
2179,378.84000000000003,1,0.11303133171611239,4.525792236129443,100000
2180,380.93,1,0.11291830038439628,5.3230869795965114,100000
2181,365.86,1,0.11280538208401188,10.047284841537476,100000
2182,373.55,1,0.11269257670192787,6.363565719404886,100000
2183,375.6,1,0.11257988412522593,10.433358446909832,100000
2184,378.96000000000004,1,0.1124673042411007,12.216671337683996,100000
2185,382.46000000000004,1,0.1123548369368596,5.749496275728399,100000
2186,367.19,1,0.11224248209992274,17.08343534231186,100000
2187,352.82,1,0.11213023961782281,10.703254832161797,100000
2188,378.9,1,0.11201810937820499,7.817464292049408,100000
2189,376.75,1,0.11190609126882678,5.001839105288187,100000
2190,365.89,1,0.11179418517755796,6.430929254083073,100000
2191,384.40999999999997,1,0.1116823909923804,7.7795288449242,100000
2192,351.15000000000003,1,0.11157070860138803,6.2550463279088335,100000
2193,380.99,1,0.11145913789278664,15.061916760776354,100000
2194,381.15,1,0.11134767875489385,20.64998840249103,100000
2195,375.12,1,0.11123633107613895,5.773184504914791,100000
2196,382.6,1,0.11112509474506281,4.465350438248027,100000
2197,372.8,1,0.11101396965031775,3.669509935135744,100000
2198,382.52,1,0.11090295568066744,12.114946950565685,100000
2199,382.65999999999997,1,0.11079205272498677,8.03434574062174,100000
2200,369.1,1,0.11068126067226178,9.002825220425924,100000
2201,376.55,1,0.11057057941158951,23.33225976228714,100000
2202,374.98,1,0.11046000883217792,6.3691480824580555,100000
2203,367.69000000000005,1,0.11034954882334574,5.306625934839249,100000
2204,371.62,1,0.1102391992745224,3.7566103828804835,100000
2205,356.93,1,0.11012896007524788,4.8721870843853265,100000
2206,367.54,1,0.11001883111517263,5.650817062854767,100000
2207,377.31,1,0.10990881228405747,25.327012305259704,100000
2208,370.25,1,0.10979890347177342,8.961741786578607,100000
2209,379.1,1,0.10968910456830164,8.309437284866968,100000
2210,381.01,1,0.10957941546373333,5.200576289840367,100000
2211,378.62,1,0.1094698360482696,24.62621497830679,100000
2212,373.49,1,0.10936036621222132,22.24430432143035,100000
2213,382.62,1,0.10925100584600911,15.657925546169281,100000
2214,382.68,1,0.1091417548401631,7.771287045695565,100000
2215,371.45000000000005,1,0.10903261308532293,5.8776107079842514,100000
2216,376.70000000000005,1,0.1089235804722376,12.174700535668267,100000
2217,355.56000000000006,1,0.10881465689176537,5.41189504128236,100000
2218,367.23,1,0.1087058422348736,4.131492314338684,100000
2219,367.09000000000003,1,0.10859713639263872,8.648223170042037,100000
2220,379.16,1,0.10848853925624609,4.8823612953225775,100000
2221,378.90000000000003,1,0.10838005071698985,3.560015346854925,100000
2222,380.67,1,0.10827167066627286,5.120290217192276,100000
2223,359.19000000000005,1,0.10816339899560658,4.741961306792039,100000
2224,374.73,1,0.10805523559661097,6.067104869700493,100000
2225,360.3,1,0.10794718036101436,4.297168371769098,100000
2226,376.6,1,0.10783923318065335,3.8828914324442545,100000
2227,384.40999999999997,1,0.10773139394747269,9.983000701382046,100000
2228,384.40999999999997,1,0.10762366255352522,6.868577207837786,100000
2229,369.45,1,0.1075160388909717,3.654736686427638,100000
2230,375.5,1,0.10740852285208072,19.979224059444206,100000
2231,376.72,1,0.10730111432922863,16.778880604108174,100000
2232,364.55,1,0.1071938132148994,4.075405704773079,100000
2233,382.70000000000005,1,0.1070866194016845,19.457730599425055,100000
2234,382.6,1,0.10697953278228281,25.959077108990062,100000
2235,380.85,1,0.10687255324950053,11.441818050716234,100000
2236,378.45,1,0.10676568069625103,5.95741405320722,100000
2237,380.71000000000004,1,0.10665891501555477,7.06266606890637,100000
2238,382.82,1,0.10655225610053921,22.580364747480914,100000
2239,381.17,1,0.10644570384443867,6.489147284756536,100000
2240,378.61,1,0.10633925814059424,4.47927931574888,100000
2241,380.81,1,0.10623291888245365,7.9416502053323,100000
2242,377.40999999999997,1,0.1061266859635712,9.348971667289733,100000
2243,378.59000000000003,1,0.10602055927760762,3.231205884800401,100000
2244,378.88,1,0.10591453871833001,6.341748394072056,100000
2245,378.66,1,0.10580862417961168,3.9022990552087626,100000
2246,379.26,1,0.10570281555543207,2.7887212758262954,100000
2247,371.1,1,0.10559711273987664,4.664914655919168,100000
2248,373.11,1,0.10549151562713677,4.492927687508719,100000
2249,369.41,1,0.10538602411150963,8.50517037229718,100000
2250,380.85,1,0.10528063808739813,9.95266211292018,100000
2251,380.95000000000005,1,0.10517535744931072,4.117185053618058,100000
2252,380.67,1,0.10507018209186142,11.874592521916265,100000
2253,384.40999999999997,1,0.10496511190976955,7.8540746456100825,100000
2254,375.06,1,0.10486014679785978,8.284795228471147,100000
2255,374.95000000000005,1,0.10475528665106192,8.86609138326442,100000
2256,364.99,1,0.10465053136441085,24.00565074498837,100000
2257,376.77,1,0.10454588083304645,20.493417761060925,100000
2258,370.12,1,0.1044413349522134,28.932151294769124,100000
2259,382.65999999999997,1,0.10433689361726119,6.5068408223715695,100000
2260,374.68,1,0.10423255672364393,5.289818885478567,100000
2261,382.70000000000005,1,0.10412832416692028,15.661146134138107,100000
2262,377.07,1,0.10402419584275335,7.51248509645462,100000
2263,380.87,1,0.1039201716469106,5.391878663197808,100000
2264,372.64,1,0.10381625147526369,7.806530067866499,100000
2265,382.58000000000004,1,0.10371243522378842,6.378134277733889,100000
2266,376.85,1,0.10360872278856463,5.397869769732157,100000
2267,373.09000000000003,1,0.10350511406577606,5.698621844758793,100000
2268,379.34000000000003,1,0.10340160895171029,4.193171872446935,100000
2269,380.95,1,0.10329820734275857,18.74101889392604,100000
2270,366.13,1,0.10319490913541582,18.451440605462768,100000
2271,375.94000000000005,1,0.1030917142262804,6.407236686119666,100000
2272,365.85,1,0.10298862251205412,10.614917696818061,100000
2273,384.40999999999997,1,0.10288563388954207,7.058153217747098,100000
2274,369.15999999999997,1,0.10278274825565252,6.166580870747566,100000
2275,376.69,1,0.10267996550739687,7.128209781646729,100000
2276,371.53000000000003,1,0.10257728554188948,6.269624046250885,100000
2277,355.88,1,0.1024747082563476,11.722697459734404,100000
2278,376.81000000000006,1,0.10237223354809125,22.135005026393465,100000
2279,371.87,1,0.10226986131454316,11.903953403896756,100000
2280,382.78,1,0.10216759145322861,15.992619761011817,100000
2281,379.14,1,0.10206542386177538,6.409322502712409,100000
2282,380.65000000000003,1,0.1019633584379136,7.3033678026303,100000
2283,374.79,1,0.10186139507947568,4.287153076618276,100000
2284,364.4,1,0.1017595336843962,3.732826399353315,100000
2285,372.82000000000005,1,0.10165777415071181,7.934961326268255,100000
2286,374.93,1,0.1015561163765611,9.638044377590747,100000
2287,380.73,1,0.10145456026018454,7.3280679091163305,100000
2288,372.70000000000005,1,0.10135310569992435,6.562717573209242,100000
2289,376.77,1,0.10125175259422443,13.3329277727339,100000
2290,384.40999999999997,1,0.10115050084163021,6.5013117378666285,100000
2291,374.78,1,0.10104935034078859,6.741757400492404,100000
2292,369.33000000000004,1,0.1009483009904478,4.180026708791654,100000
2293,380.61,1,0.10084735268945735,10.549453647240348,100000
2294,374.48,1,0.10074650533676789,15.52982243071211,100000
2295,371.01,1,0.10064575883143112,3.780478666657987,100000
2296,376.71000000000004,1,0.1005451130725997,4.911769431167179,100000
2297,380.53,1,0.1004445679595271,9.862428113170292,100000
2298,378.44,1,0.10034412339156756,9.983066159625386,100000
2299,376.79,1,0.100243779268176,9.571540400716994,100000
2300,382.54,1,0.10014353548890782,5.0475987886840645,100000
2301,382.76,1,0.10004339195341891,18.649426985870708,100000
2302,368.16,1,0.09994334856146549,10.551325341065725,100000
2303,367.04,1,0.09984340521290402,5.3046834057027645,100000
2304,384.40999999999997,1,0.09974356180769112,5.480112207787378,100000
2305,378.6,1,0.09964381824588342,12.53516311978185,100000
2306,382.46,1,0.09954417442763754,5.837748199701309,100000
2307,379.38,1,0.0994446302532099,14.401435906688372,100000
2308,375.17,1,0.09934518562295669,15.028983062886176,100000
2309,384.40999999999997,1,0.09924584043733373,6.055260042349498,100000
2310,382.46,1,0.0991465945968964,3.6087220229885797,100000
2311,365.84000000000003,1,0.0990474480022995,4.540930605452994,100000
2312,375.12,1,0.09894840055429721,6.12886908191901,100000
2313,380.73,1,0.09884945215374291,5.257255149924236,100000
2314,382.64,1,0.09875060270158917,4.920989096164703,100000
2315,369.12,1,0.09865185209888758,13.594656113535166,100000
2316,384.40999999999997,1,0.0985532002467887,8.092637726238795,100000
2317,367.76,1,0.0984546470465419,7.193671616640958,100000
2318,372.97,1,0.09835619239949536,4.760140916522668,100000
2319,384.40999999999997,1,0.09825783620709587,6.564377952189672,100000
2320,382.44,1,0.09815957837088878,3.77447049184279,100000
2321,382.74,1,0.09806141879251788,3.8351748138666153,100000
2322,380.77,1,0.09796335737372537,19.060187075449072,100000
2323,369.53,1,0.09786539401635165,6.460597418248653,100000
2324,376.89,1,0.0977675286223353,5.894619054264492,100000
2325,371.37,1,0.09766976109371296,5.688142386137271,100000
2326,382.58000000000004,1,0.09757209133261925,4.859907507896423,100000
2327,371.73,1,0.09747451924128663,18.38301646179623,100000
2328,382.46,1,0.09737704472204534,27.48869012160735,100000
2329,377.57,1,0.0972796676773233,18.51016937494278,100000
2330,375.66,1,0.09718238800964597,12.40521801664279,100000
2331,382.48,1,0.09708520562163633,12.122336509552868,100000
2332,376.5,1,0.09698812041601469,6.144428581661648,100000
2333,382.62,1,0.09689113229559868,4.024581665342504,100000
2334,384.40999999999997,1,0.09679424116330308,11.375945007517224,100000
2335,376.68,1,0.09669744692213977,3.763404349486033,100000
2336,377.13,1,0.09660074947521763,13.41825443983078,100000
2337,382.53999999999996,1,0.09650414872574241,6.5126786990599195,100000
2338,384.40999999999997,1,0.09640764457701667,6.47177422330493,100000
2339,375.53999999999996,1,0.09631123693243965,3.0606608356420812,100000
2340,374.92,1,0.09621492569550721,5.2146207626829755,100000
2341,380.79,1,0.09611871076981171,3.6119624285594276,100000
2342,375.4,1,0.0960225920590419,4.7062627501212635,100000
2343,371.57000000000005,1,0.09592656946698286,4.710008070203993,100000
2344,373.15,1,0.09583064289751587,3.079722530987798,100000
2345,378.66,1,0.09573481225461836,5.502917930483818,100000
2346,377.31,1,0.09563907744236373,4.8794961214065555,100000
2347,378.68,1,0.09554343836492137,3.49736100807786,100000
2348,375.09000000000003,1,0.09544789492655645,3.661844880022901,100000
2349,380.69,1,0.09535244703162989,3.645054335179536,100000
2350,378.86,1,0.09525709458459826,5.922329422086477,100000
2351,380.87,1,0.09516183749001367,5.823122610216555,100000
2352,371.85,1,0.09506667565252365,3.4285457601734235,100000
2353,372.96,1,0.09497160897687112,18.031771185446757,100000
2354,384.40999999999997,1,0.09487663736789426,21.920131907576607,100000
2355,378.68,1,0.09478176073052637,12.816908632715544,100000
2356,378.6,1,0.09468697896979585,4.449668449024822,100000
2357,379.18,1,0.09459229199082606,3.7493910354872546,100000
2358,360.34,1,0.09449769969883523,6.137944223789068,100000
2359,382.48,1,0.09440320199913639,17.398530878803946,100000
2360,371.95000000000005,1,0.09430879879713726,5.994296338823107,100000
2361,373.19000000000005,1,0.09421448999834012,3.9997376057566427,100000
2362,364.03,1,0.09412027550834177,4.597906403243542,100000
2363,384.40999999999997,1,0.09402615523283343,4.027813384930293,100000
2364,381.05,1,0.0939321290776006,7.591242779856143,100000
2365,382.78,1,0.093838196948523,4.727384731173515,100000
2366,380.61,1,0.09374435875157447,8.687304577101832,100000
2367,384.40999999999997,1,0.09365061439282289,4.006256668340592,100000
2368,384.40999999999997,1,0.09355696377843006,8.338548861798786,100000
2369,364.01,1,0.09346340681465164,8.455509173668037,100000
2370,381.09000000000003,1,0.09336994340783698,5.357525263143622,100000
2371,376.72,1,0.09327657346442915,3.1811706370777553,100000
2372,382.44,1,0.09318329689096472,3.5237200666557658,100000
2373,374.99,1,0.09309011359407375,3.4778828278500984,100000
2374,377.0,1,0.09299702348047968,26.91462992032369,100000
2375,380.67,1,0.0929040264569992,5.647629561631576,100000
2376,382.70000000000005,1,0.09281112243054221,6.057662478902123,100000
2377,382.58000000000004,1,0.09271831130811167,3.3322090140797873,100000
2378,367.15,1,0.09262559299680356,4.6350194096565245,100000
2379,373.37,1,0.09253296740380676,3.2692336500907433,100000
2380,380.55,1,0.09244043443640296,3.7765458537184675,100000
2381,376.73,1,0.09234799400196655,3.7747616076469424,100000
2382,376.79,1,0.09225564600796458,3.1029004163212246,100000
2383,381.05,1,0.09216339036195662,4.156370282173157,100000
2384,376.45,1,0.09207122697159466,2.516131728225284,100000
2385,380.73,1,0.09197915574462306,2.724669917770054,100000
2386,375.68000000000006,1,0.09188717658887845,3.399105551151129,100000
2387,362.49,1,0.09179528941228957,2.9554114365577697,100000
2388,382.78,1,0.09170349412287727,3.2699591774832117,100000
2389,379.1,1,0.0916117906287544,2.8650074067215123,100000
2390,379.14,1,0.09152017883812565,8.131598062813282,100000
2391,378.61,1,0.09142865865928752,4.978671107181283,100000
2392,374.92,1,0.09133723000062824,6.068352828634546,100000
2393,368.9,1,0.09124589277062761,4.982248383263747,100000
2394,382.76,1,0.09115464687785699,3.9484208063645796,100000
2395,382.58000000000004,1,0.09106349223097913,21.017932815985247,100000
2396,382.76,1,0.09097242873874815,5.008307406848127,100000
2397,384.40999999999997,1,0.0908814563100094,3.785773691676912,100000
2398,382.46,1,0.0907905748536994,3.358330623670058,100000
2399,380.69,1,0.0906997842788457,36.82852054160574,100000
2400,382.46,1,0.09060908449456685,10.90980196811936,100000
2401,371.67,1,0.09051847541007228,4.161867191978529,100000
2402,371.13,1,0.09042795693466221,5.574344065843844,100000
2403,373.03000000000003,1,0.09033752897772755,8.908874821906187,100000
2404,379.46000000000004,1,0.09024719144874982,6.872983453174432,100000
2405,380.69,1,0.09015694425730107,3.281838588092638,100000
2406,374.83,1,0.09006678731304377,3.0272569047643785,100000
2407,380.79,1,0.08997672052573072,4.246410456040631,100000
2408,384.40999999999997,1,0.08988674380520499,3.2469284619603838,100000
2409,382.70000000000005,1,0.08979685706139978,5.403731113130396,100000
2410,379.48,1,0.08970706020433838,5.049963248272737,100000
2411,380.73,1,0.08961735314413405,4.700931948164235,100000
2412,380.97,1,0.08952773579098991,5.633799958488216,100000
2413,375.13,1,0.08943820805519892,6.109749101577921,100000
2414,378.92,1,0.08934876984714372,6.33089870090286,100000
2415,382.76,1,0.08925942107729658,13.417664557695389,100000
2416,381.11,1,0.08917016165621929,6.873979350794917,100000
2417,380.91,1,0.08908099149456307,3.489972188420918,100000
2418,382.82,1,0.08899191050306851,3.742077710953626,100000
2419,376.55,1,0.08890291859256544,2.4502221173710295,100000
2420,380.79,1,0.08881401567397287,3.170362720023031,100000
2421,374.96000000000004,1,0.0887252016582989,6.058764806453218,100000
2422,382.70000000000005,1,0.0886364764566406,3.255543687126853,100000
2423,382.64,1,0.08854783998018396,5.42329872331836,100000
2424,384.40999999999997,1,0.08845929214020377,3.1670821592921303,100000
2425,382.65999999999997,1,0.08837083284806357,21.21222175657749,100000
2426,382.48,1,0.08828246201521552,4.490681147033518,100000
2427,376.71000000000004,1,0.0881941795532003,4.271721578968895,100000
2428,376.8,1,0.0881059853736471,4.327191185951233,100000
2429,382.82,1,0.08801787938827345,6.213871725580909,100000
2430,384.40999999999997,1,0.08792986150888517,3.981560673032488,100000
2431,374.66,1,0.08784193164737629,4.769352077169621,100000
2432,377.31000000000006,1,0.08775408971572891,4.882629142999649,100000
2433,375.06,1,0.08766633562601318,5.506873397116966,100000
2434,378.6,1,0.08757866929038717,4.41948773140131,100000
2435,378.84000000000003,1,0.08749109062109678,2.947409089654684,100000
2436,382.5,1,0.08740359953047568,3.0479200699112634,100000
2437,384.40999999999997,1,0.0873161959309452,7.75067273349989,100000
2438,384.40999999999997,1,0.08722887973501425,4.092120411850157,100000
2439,378.82000000000005,1,0.08714165085527924,2.8214834791918597,100000
2440,370.76,1,0.08705450920442395,2.52264445890551,100000
2441,382.48,1,0.08696745469521953,7.700270048596642,100000
2442,373.85,1,0.08688048724052432,3.3076706605928914,100000
2443,378.90000000000003,1,0.08679360675328379,2.829597592353821,100000
2444,364.44000000000005,1,0.0867068131465305,13.70332014448238,100000
2445,374.72,1,0.08662010633338398,4.4075494395925645,100000
2446,384.40999999999997,1,0.0865334862270506,2.990113982132503,100000
2447,378.92,1,0.08644695274082355,4.416254248470068,100000
2448,384.40999999999997,1,0.08636050578808273,3.07486224600247,100000
2449,377.02,1,0.08627414528229464,2.883264638317956,100000
2450,375.18,1,0.08618787113701235,2.9501586877382717,100000
2451,365.97,1,0.08610168326587533,3.412717008072397,100000
2452,373.35,1,0.08601558158260945,2.3257863558068568,100000
2453,384.40999999999997,1,0.08592956600102684,2.746095833324251,100000
2454,384.40999999999997,1,0.08584363643502582,26.30061978385562,100000
2455,382.6,1,0.08575779279859079,4.753413467244669,100000
2456,382.72,1,0.0856720350057922,2.519834806973284,100000
2457,382.68,1,0.0855863629707864,2.331622379747304,100000
2458,379.14,1,0.0855007766078156,2.4726624774436154,100000
2459,381.13,1,0.08541527583120778,6.081829812215722,100000
2460,380.93,1,0.08532986055537657,3.5525946280230647,100000
2461,381.19,1,0.0852445306948212,2.0676266991573833,100000
2462,373.55,1,0.08515928616412638,1.444400508736455,100000
2463,382.6,1,0.08507412687796226,7.208089870485392,100000
2464,379.16,1,0.0849890527510843,3.560317113995552,100000
2465,382.46,1,0.08490406369833321,11.421050715175541,100000
2466,380.79,1,0.08481915963463488,3.8029041167186652,100000
2467,371.31,1,0.08473434047500024,4.495218305026784,100000
2468,376.85,1,0.08464960613452524,4.393121140533023,100000
2469,379.12,1,0.08456495652839072,2.339786040907105,100000
2470,378.61,1,0.08448039157186232,2.298634742581567,100000
2471,376.72,1,0.08439591118029047,6.581439095073276,100000
2472,381.05,1,0.08431151526911018,2.9133379990639896,100000
2473,371.88,1,0.08422720375384107,16.14142052465015,100000
2474,379.08000000000004,1,0.08414297655008723,15.436720362553993,100000
2475,377.57,1,0.08405883357353715,3.232209186553955,100000
2476,382.48,1,0.0839747747399636,2.870589577338912,100000
2477,384.40999999999997,1,0.08389079996522364,5.302391378652482,100000
2478,380.71000000000004,1,0.08380690916525842,3.7627434212228525,100000
2479,382.44,1,0.08372310225609315,4.65461251410571,100000
2480,382.64,1,0.08363937915383707,3.099628434939818,100000
2481,375.09000000000003,1,0.08355573977468322,3.0268528017591922,100000
2482,380.59000000000003,1,0.08347218403490854,2.108192629140356,100000
2483,384.40999999999997,1,0.08338871185087363,2.964788407087326,100000
2484,380.85,1,0.08330532313902275,1.835430541764135,100000
2485,373.45000000000005,1,0.08322201781588373,2.767115623367076,100000
2486,382.62,1,0.08313879579806785,2.4450420371510764,100000
2487,384.40999999999997,1,0.08305565700226979,2.4640400743200663,100000
2488,379.38,1,0.08297260134526752,3.588427739838759,100000
2489,382.70000000000005,1,0.08288962874392225,2.185497293418104,100000
2490,378.42,1,0.08280673911517833,4.9694452452105145,100000
2491,369.88,1,0.08272393237606315,3.1524666281456644,100000
2492,374.9,1,0.0826412084436871,2.364848621762716,100000
2493,384.40999999999997,1,0.08255856723524341,2.09965889723528,100000
2494,382.82,1,0.08247600866800817,1.2958910878409038,100000
2495,378.92,1,0.08239353265934016,1.7454587804774444,100000
2496,382.44,1,0.08231113912668082,4.360075294971466,100000
2497,379.22,1,0.08222882798755414,1.6107157804071903,100000
2498,378.92,1,0.08214659915956658,2.203142521902919,100000
2499,378.88,1,0.08206445256040702,2.4216550439596176,100000
2500,376.9,1,0.08198238810784661,3.5091496229171755,100000
2501,372.95000000000005,1,0.08190040571973876,4.063346846979492,100000
2502,384.40999999999997,1,0.08181850531401902,1.8411459908598946,100000
2503,384.40999999999997,1,0.081736686808705,1.6107189570154463,100000
2504,370.0,1,0.08165495012189629,3.8179790181048374,100000
2505,382.70000000000005,1,0.08157329517177439,3.136031237515536,100000
2506,378.86,1,0.08149172187660261,1.9414943419396877,100000
2507,384.40999999999997,1,0.08141023015472601,1.9926486228193556,100000
2508,382.44,1,0.08132881992457128,3.3771761046214537,100000
2509,384.40999999999997,1,0.0812474911046467,1.8294752524012612,100000
2510,376.5,1,0.08116624361354205,2.8004850957128737,100000
2511,378.78000000000003,1,0.08108507736992851,3.5307087376713753,100000
2512,378.42,1,0.08100399229255859,3.445440358893816,100000
2513,382.44,1,0.08092298830026602,1.4426577633077449,100000
2514,372.63,1,0.08084206531196575,8.319180496375669,100000
2515,376.92,1,0.08076122324665379,14.59770499335395,100000
2516,378.56,1,0.08068046202340713,5.9426023599713345,100000
2517,382.8,1,0.08059978156138373,3.1919154646721752,100000
2518,379.40000000000003,1,0.08051918177982234,1.743587750941515,100000
2519,378.43,1,0.08043866259804251,1.6740204407725223,100000
2520,376.49,1,0.08035822393544446,1.515136386288537,100000
2521,384.40999999999997,1,0.08027786571150902,1.7187636508828117,100000
2522,379.12,1,0.08019758784579752,25.130685737977426,100000
2523,384.40999999999997,1,0.08011739025795171,7.854655267227264,100000
2524,382.76,1,0.08003727286769376,10.706994838335298,100000
2525,380.65,1,0.07995723559482606,5.132257097441217,100000
2526,384.40999999999997,1,0.07987727835923124,4.834337413311005,100000
2527,382.76,1,0.07979740108087201,6.714684475551952,100000
2528,382.76,1,0.07971760367979114,2.233004171739925,100000
2529,382.44,1,0.07963788607611134,3.7228909480300816,100000
2530,379.16,1,0.07955824819003524,3.2416862982014814,100000
2531,378.62,1,0.0794786899418452,3.58780137189599,100000
2532,372.97,1,0.07939921125190336,2.7325930984652773,100000
2533,384.40999999999997,1,0.07931981204065146,2.463435415710722,100000
2534,384.40999999999997,1,0.0792404922286108,1.8412576445511408,100000
2535,376.90000000000003,1,0.0791612517363822,2.5813226381937664,100000
2536,382.56,1,0.07908209048464582,2.108155303380706,100000
2537,382.72,1,0.07900300839416118,3.3402725376866083,100000
2538,380.79,1,0.07892400538576702,2.546786625748095,100000
2539,384.40999999999997,1,0.07884508138038125,3.290237892241705,100000
2540,376.67,1,0.07876623629900087,2.4962757229804993,100000
2541,371.77,1,0.07868747006270187,2.316234744257397,100000
2542,382.68,1,0.07860878259263916,8.549062999812039,100000
2543,379.14,1,0.07853017381004652,3.3441314846277237,100000
2544,369.67,1,0.07845164363623648,2.1068388483625777,100000
2545,373.24,1,0.07837319199260025,3.9996146249527835,100000
2546,384.40999999999997,1,0.07829481880060765,2.0637259909084866,100000
2547,384.40999999999997,1,0.07821652398180705,1.8577280881859006,100000
2548,368.57000000000005,1,0.07813830745782524,1.2890684701958481,100000
2549,382.6,1,0.07806016915036741,1.419325483793562,100000
2550,373.53,1,0.07798210898121705,1.1551788795826048,100000
2551,382.72,1,0.07790412687223583,1.5969744460149244,100000
2552,371.8,1,0.07782622274536359,2.6390250681662093,100000
2553,368.56000000000006,1,0.07774839652261822,1.991414071345816,100000
2554,382.58000000000004,1,0.0776706481260956,1.867847973650152,100000
2555,380.67,1,0.0775929774779695,2.1993197520142016,100000
2556,384.40999999999997,1,0.07751538450049153,1.9724293925932475,100000
2557,382.58000000000004,1,0.07743786911599104,6.12119477445429,100000
2558,380.83000000000004,1,0.07736043124687506,7.32116213829621,100000
2559,380.78999999999996,1,0.07728307081562819,2.5229545559572135,100000
2560,378.98,1,0.07720578774481256,1.6371815986931324,100000
2561,382.58000000000004,1,0.07712858195706775,1.3634843440218405,100000
2562,382.70000000000005,1,0.07705145337511068,1.2748499803922393,100000
2563,382.44,1,0.07697440192173557,2.145656902004372,100000
2564,378.8,1,0.07689742751981384,2.7176870368421078,100000
2565,375.12,1,0.07682053009229402,2.0484774645338666,100000
2566,378.42,1,0.07674370956220172,1.5394930576169215,100000
2567,380.83000000000004,1,0.07666696585263952,3.672588235658148,100000
2568,382.48,1,0.07659029888678688,1.7171450487592004,100000
2569,379.12,1,0.07651370858790009,1.629697296147545,100000
2570,377.23,1,0.07643719487931219,1.4927321058511733,100000
2571,382.74,1,0.07636075768443289,2.6333310529589653,100000
2572,382.84000000000003,1,0.07628439692674846,1.9484503811055964,100000
2573,382.48,1,0.07620811252982171,4.692024667154659,100000
2574,373.87,1,0.07613190441729188,5.269594380149135,100000
2575,375.52000000000004,1,0.07605577251287458,2.5583142288602314,100000
2576,379.08000000000004,1,0.0759797167403617,2.1961255532999835,100000
2577,382.68,1,0.07590373702362134,2.1773464273322714,100000
2578,378.45,1,0.07582783328659772,4.803022774152978,100000
2579,380.83,1,0.07575200545331112,2.0275191910888837,100000
2580,382.65999999999997,1,0.0756762534478578,6.944896201518449,100000
2581,384.40999999999997,1,0.07560057719440995,22.385596776292438,100000
2582,382.72,1,0.07552497661721554,5.232041052796624,100000
2583,374.87,1,0.07544945164059833,22.351950337278083,100000
2584,367.1,1,0.07537400218895772,43.8753487478603,100000
2585,382.62,1,0.07529862818676876,10.392231580885975,100000
2586,381.05,1,0.07522332955858199,7.465075684630352,100000
2587,380.97,1,0.0751481062290234,2.4084235125261806,100000
2588,384.40999999999997,1,0.07507295812279438,3.2811422908589956,100000
2589,368.35,1,0.07499788516467158,2.4500783864332707,100000
2590,378.92,1,0.07492288727950691,1.6590761796881754,100000
2591,384.40999999999997,1,0.0748479643922274,2.1541264802217484,100000
2592,359.27000000000004,1,0.07477311642783518,1.5397652070969343,100000
2593,382.46000000000004,1,0.07469834331140734,1.355512141504071,100000
2594,382.74,1,0.07462364496809594,1.0938642262057825,100000
2595,378.76,1,0.07454902132312784,1.2000563802818458,100000
2596,380.95000000000005,1,0.0744744723018047,1.4442545026540756,100000
2597,384.40999999999997,1,0.0743999978295029,1.1306296430882954,100000
2598,380.79,1,0.0743255978316734,14.956779927015305,100000
2599,384.40999999999997,1,0.07425127223384173,2.0588754287787845,100000
2600,381.01,1,0.07417702096160789,6.030726653078328,100000
2601,384.40999999999997,1,0.07410284394064628,3.2411573358944485,100000
2602,384.40999999999997,1,0.07402874109670564,2.8301451050099873,100000
2603,382.5,1,0.07395471235560894,6.5380891636013985,100000
2604,382.5,1,0.07388075764325333,12.360036580400033,100000
2605,382.64,1,0.07380687688561008,4.089528575539589,100000
2606,378.65999999999997,1,0.07373307000872446,13.138141627733907,100000
2607,384.40999999999997,1,0.07365933693871574,5.629269589980443,100000
2608,379.18,1,0.07358567760177702,3.3820158566037812,100000
2609,380.87,1,0.07351209192417524,5.730359949495481,100000
2610,377.37,1,0.07343857983225106,2.810888711810112,100000
2611,380.63,1,0.07336514125241882,1.6989338268404421,100000
2612,380.77,1,0.0732917761111664,1.3743137555277867,100000
2613,378.44,1,0.07321848433505523,1.7019752776900003,100000
2614,384.40999999999997,1,0.07314526585072018,1.1599978456894557,100000
2615,384.40999999999997,1,0.07307212058486945,1.2868694471461433,100000
2616,382.68,1,0.07299904846428458,1.7778103493831374,100000
2617,382.5,1,0.0729260494158203,1.9339337999170476,100000
2618,358.03,1,0.07285312336640448,2.59927497469649,100000
2619,384.40999999999997,1,0.07278027024303808,1.8621789252474195,100000
2620,369.69,1,0.07270748997279504,9.937663113817255,100000
2621,384.40999999999997,1,0.07263478248282225,2.0971893675270534,100000
2622,380.79,1,0.07256214770033943,3.3240860285966294,100000
2623,363.55,1,0.0724895855526391,1.14338009721703,100000
2624,380.63,1,0.07241709596708645,1.5572205503349719,100000
2625,377.47,1,0.07234467887111937,8.25989245712757,100000
2626,372.91,1,0.07227233419224825,7.3459420763716405,100000
2627,380.89,1,0.07220006185805601,2.200798373507417,100000
2628,382.5,1,0.07212786179619796,1.4139241372997111,100000
2629,375.21000000000004,1,0.07205573393440176,1.3751457086268892,100000
2630,382.78,1,0.07198367820046736,1.6306329281492666,100000
2631,382.74,1,0.0719116945222669,2.7414722950621084,100000
2632,378.43,1,0.07183978282774463,1.2475399257138717,100000
2633,376.78,1,0.07176794304491688,1.166812590095732,100000
2634,382.68,1,0.07169617510187196,1.4188132915984502,100000
2635,382.8,1,0.07162447892677008,1.2247718769040974,100000
2636,378.94000000000005,1,0.07155285444784332,1.6262647478530805,100000
2637,384.40999999999997,1,0.07148130159339547,1.4163422967706407,100000
2638,380.85,1,0.07140982029180207,0.8423549824434778,100000
2639,382.52,1,0.07133841047151027,1.3809585273265839,100000
2640,378.94,1,0.07126707206103876,0.9666532799601555,100000
2641,375.01,1,0.07119580498897772,0.8836319503631997,100000
2642,382.58000000000004,1,0.07112460918398875,2.265426805073565,100000
2643,379.1,1,0.07105348457480476,2.0864073038101196,100000
2644,382.46000000000004,1,0.07098243109022996,4.137856020168825,100000
2645,384.40999999999997,1,0.07091144865913973,2.4558719907488142,100000
2646,384.40999999999997,1,0.07084053721048059,1.2639236535344804,100000
2647,376.51,1,0.0707696966732701,2.3295322358608246,100000
2648,382.44,1,0.07069892697659683,1.2115079977295615,100000
2649,382.68,1,0.07062822804962023,0.8974459726702083,100000
2650,382.53999999999996,1,0.0705575998215706,1.5168919387188824,100000
2651,384.40999999999997,1,0.07048704222174904,1.373962095805577,100000
2652,380.99,1,0.07041655517952729,4.4241364701934485,100000
2653,369.53,1,0.07034613862434776,1.4271896228475391,100000
2654,380.57,1,0.07027579248572341,1.9778720762418665,100000
2655,379.1,1,0.07020551669323769,1.2902182725568612,100000
2656,376.78,1,0.07013531117654445,1.0481511331266826,100000
2657,376.6,1,0.07006517586536791,0.7967411981688606,100000
2658,384.40999999999997,1,0.06999511068950254,1.4216498881578445,100000
2659,382.62,1,0.06992511557881304,0.991718820550225,100000
2660,380.73,1,0.06985519046323423,0.8660401643618293,100000
2661,384.40999999999997,1,0.06978533527277099,1.666517442890576,100000
2662,378.43,1,0.06971554993749822,1.3737192368784616,100000
2663,372.96000000000004,1,0.06964583438756072,2.1303571608601786,100000
2664,376.75,1,0.06957618855317316,2.163532624642054,100000
2665,380.95000000000005,1,0.06950661236461998,1.3843287799669348,100000
2666,381.11,1,0.06943710575225537,1.2824785877829012,100000
2667,373.55,1,0.06936766864650311,0.8311164801897004,100000
2668,376.66,1,0.06929830097785661,0.9864886012342241,100000
2669,375.23,1,0.06922900267687875,1.036532777421018,100000
2670,374.68,1,0.06915977367420187,14.765003052163632,100000
2671,373.57,1,0.06909061390052766,9.938388581885848,100000
2672,378.92,1,0.06902152328662714,8.636651461943984,100000
2673,376.69,1,0.06895250176334052,1.6270363556014167,100000
2674,376.47,1,0.06888354926157718,1.4032507558663687,100000
2675,382.52,1,0.0688146657123156,1.9956129464236172,100000
2676,382.54,1,0.06874585104660329,1.0373072996735573,100000
2677,381.01,1,0.06867710519555668,1.3721361192672148,100000
2678,374.96000000000004,1,0.06860842809036113,2.1180406510829926,100000
2679,382.64,1,0.06853981966227077,1.0103927092118696,100000
2680,382.76,1,0.06847127984260849,1.7454224330457775,100000
2681,376.97,1,0.06840280856276588,1.5732797318696976,100000
2682,384.40999999999997,1,0.06833440575420312,2.789371286829313,100000
2683,369.12,1,0.06826607134844892,2.3782143983989954,100000
2684,382.6,1,0.06819780527710047,2.0293565825982527,100000
2685,380.51,1,0.06812960747182337,1.2370594098516132,100000
2686,373.49,1,0.06806147786435154,1.4337986485902654,100000
2687,378.54,1,0.06799341638648719,2.306540885940194,100000
2688,382.44,1,0.06792542297010071,1.2331740551374175,100000
2689,382.56,1,0.06785749754713061,1.3714577067982068,100000
2690,380.59000000000003,1,0.06778964004958347,1.404527415399966,100000
2691,384.40999999999997,1,0.06772185040953389,2.602009179336684,100000
2692,380.79,1,0.06765412855912437,0.8071388129306876,100000
2693,378.96,1,0.06758647443056524,0.942547262335817,100000
2694,374.6,1,0.06751888795613468,2.654989409636944,100000
2695,380.79,1,0.06745136906817856,1.4313021230956782,100000
2696,368.38,1,0.06738391769911038,3.5058353257422543,100000
2697,382.65999999999997,1,0.06731653378141127,16.761251954869792,100000
2698,382.8,1,0.06724921724762986,4.5992446568879215,100000
2699,382.65999999999997,1,0.06718196803038223,1.9018589894879947,100000
2700,371.27,1,0.06711478606235186,0.7640753324125328,100000
2701,378.63,1,0.06704767127628951,1.0295475270859031,100000
2702,384.40999999999997,1,0.06698062360501322,1.0482814248119081,100000
2703,379.12,1,0.06691364298140821,1.190410287429889,100000
2704,380.81,1,0.06684672933842681,1.4611249261576196,100000
2705,377.35,1,0.06677988260908838,1.2863484382629395,100000
2706,365.8,1,0.06671310272647929,0.9958604308574096,100000
2707,376.49,1,0.06664638962375281,2.5263981137010787,100000
2708,356.82,1,0.06657974323412906,0.6915727222667021,100000
2709,382.56,1,0.06651316349089494,1.0239048139615492,100000
2710,384.40999999999997,1,0.06644665032740404,4.13050718108813,100000
2711,376.95000000000005,1,0.06638020367707664,3.1123547452688216,100000
2712,384.40999999999997,1,0.06631382347339956,0.9194725773164204,100000
2713,380.61,1,0.06624750964992616,2.522624046906181,100000
2714,382.52,1,0.06618126214027624,0.8412436077540572,100000
2715,384.40999999999997,1,0.06611508087813596,3.6302520022505806,100000
2716,382.53999999999996,1,0.06604896579725783,2.018410824239254,100000
2717,378.84000000000003,1,0.06598291683146057,6.471185714006424,100000
2718,380.95,1,0.0659169339146291,1.6312758158082548,100000
2719,378.48,1,0.06585101698071448,2.9181095597355866,100000
2720,375.74,1,0.06578516596373377,1.9004635214805603,100000
2721,382.46,1,0.06571938079777004,1.7981706376780162,100000
2722,376.82000000000005,1,0.06565366141697226,1.9195134606626298,100000
2723,378.76,1,0.06558800775555529,1.5821885392069817,100000
2724,376.58000000000004,1,0.06552241974779974,2.245197633239958,100000
2725,382.44,1,0.06545689732805193,1.3406715535304763,100000
2726,384.40999999999997,1,0.06539144043072388,1.336279259551139,100000
2727,363.89,1,0.06532604899029316,0.8863075909515222,100000
2728,376.8,1,0.06526072294130288,1.2673136750857035,100000
2729,375.1,1,0.06519546221836157,0.9405383791061158,100000
2730,380.89,1,0.06513026675614321,1.2573193266339924,100000
2731,378.6,1,0.06506513648938707,3.2236113215601723,100000
2732,380.83000000000004,1,0.06500007135289768,1.2542740326860677,100000
2733,382.48,1,0.06493507128154478,1.0500764630057595,100000
2734,382.52,1,0.06487013621026325,1.0174661048433997,100000
2735,377.49,1,0.06480526607405299,1.290285339653492,100000
2736,382.6,1,0.06474046080797893,1.380555827509273,100000
2737,380.77,1,0.06467572034717095,1.651334053148394,100000
2738,377.13,1,0.06461104462682378,0.999645020365715,100000
2739,384.40999999999997,1,0.06454643358219696,0.8176133398498807,100000
2740,380.71,1,0.06448188714861476,1.6656908013898393,100000
2741,378.59000000000003,1,0.06441740526146615,1.4071756303310394,100000
2742,382.53999999999996,1,0.06435298785620469,1.2125753889029676,100000
2743,382.52,1,0.06428863486834849,0.85441358726133,100000
2744,382.52,1,0.06422434623348014,0.7761649143966761,100000
2745,382.44,1,0.06416012188724667,1.1405601196668365,100000
2746,378.63,1,0.06409596176535942,3.102302045323128,100000
2747,382.44,1,0.06403186580359406,1.5706347342241893,100000
2748,382.56,1,0.06396783393779047,0.9340469322421334,100000
2749,384.40999999999997,1,0.06390386610385268,1.315650341766221,100000
2750,364.53000000000003,1,0.06383996223774882,1.0593119785189629,100000
2751,378.47,1,0.06377612227551108,0.994663946157278,100000
2752,384.40999999999997,1,0.06371234615323557,0.7591124503385454,100000
2753,380.87,1,0.06364863380708233,0.8412702893433364,100000
2754,381.03,1,0.06358498517327525,0.9399620735126993,100000
2755,381.09000000000003,1,0.06352140018810197,0.9618972880036935,100000
2756,382.65999999999997,1,0.06345787878791387,0.8144373091107066,100000
2757,372.52000000000004,1,0.06339442090912595,1.0581643276593902,100000
2758,382.58000000000004,1,0.06333102648821683,2.561358215456659,100000
2759,374.76,1,0.06326769546172861,1.728095178274398,100000
2760,382.78,1,0.06320442776626688,2.6789180121638556,100000
2761,368.86,1,0.06314122333850061,0.7504921661068996,100000
2762,369.7,1,0.06307808211516211,1.9867468086328912,100000
2763,382.74,1,0.06301500403304695,1.4398487027395854,100000
2764,375.25,1,0.0629519890290139,1.5106776318651565,100000
2765,376.90999999999997,1,0.06288903703998489,1.4184977193673451,100000
2766,384.40999999999997,1,0.0628261480029449,1.2123339275519054,100000
2767,376.67,1,0.06276332185494196,0.6513169884681702,100000
2768,382.82,1,0.06270055853308702,1.3655313741077075,100000
2769,384.40999999999997,1,0.06263785797455393,0.8462247593062264,100000
2770,379.16,1,0.06257522011657937,1.9531538194666307,100000
2771,379.54,1,0.0625126448964628,0.764079499989748,100000
2772,374.84000000000003,1,0.062450132251566336,1.14358344158301,100000
2773,382.78,1,0.062387682119314766,2.3867650770328264,100000
2774,375.9,1,0.06232529443719545,0.9390771618256202,100000
2775,379.12,1,0.06226296914275825,1.4911288109918435,100000
2776,380.71000000000004,1,0.06220070617361549,1.8400556859762773,100000
2777,384.40999999999997,1,0.062138505467441874,2.49860771993796,100000
2778,378.8,1,0.06207636696197443,2.108551438897848,100000
2779,382.62,1,0.062014290595012456,1.944325216114521,100000
2780,376.99,1,0.06195227630441744,1.7559653090106115,100000
2781,380.71000000000004,1,0.06189032402811302,1.4172706636397734,100000
2782,382.52,1,0.06182843370408491,1.5443874861706386,100000
2783,384.40999999999997,1,0.061766605270380824,1.2371351335729872,100000
2784,378.44,1,0.061704838665110444,1.1574733998886375,100000
2785,377.0,1,0.06164313382644533,1.5990639123651715,100000
2786,384.40999999999997,1,0.06158149069261889,1.6961661761715299,100000
2787,384.40999999999997,1,0.06151990920192627,1.1138796919868106,100000
2788,384.40999999999997,1,0.06145838929272435,0.6652573109382675,100000
2789,382.8,1,0.061396930903431624,0.6653729223392226,100000
2790,384.40999999999997,1,0.061335533972528195,1.8265933969191142,100000
2791,384.40999999999997,1,0.061274198438555666,1.0583928908620561,100000
2792,384.40999999999997,1,0.06121292424011711,1.455910760022345,100000
2793,384.40999999999997,1,0.06115171131587699,1.8054056941043763,100000
2794,378.76,1,0.06109055960456111,2.3915867395699024,100000
2795,378.63,1,0.06102946904495655,1.3286590014779291,100000
2796,384.40999999999997,1,0.06096843957591159,1.636292495897838,100000
2797,384.40999999999997,1,0.06090747113633568,1.5275095098075413,100000
2798,382.65999999999997,1,0.06084656366519934,1.0114644880999217,100000
2799,382.64,1,0.06078571710153414,1.2700821974060752,100000
2800,382.5,1,0.06072493138443261,2.0489827956665647,100000
2801,384.40999999999997,1,0.060664206453048174,0.6656009196525529,100000
2802,382.62,1,0.06060354224659512,0.810382510789416,100000
2803,384.40999999999997,1,0.06054293870434853,1.3188403028817404,100000
2804,378.58000000000004,1,0.06048239576564418,2.206746696732765,100000
2805,375.9,1,0.06042191336987854,1.7880090532394557,100000
2806,368.98,1,0.06036149145650866,1.1954495844741662,100000
2807,384.40999999999997,1,0.06030112996505215,1.5383044814779645,100000
2808,378.96000000000004,1,0.0602408288350871,5.617338019733627,100000
2809,376.73,1,0.06018058800625201,2.670661277903451,100000
2810,365.63,1,0.06012040741824576,1.6276978604171588,100000
2811,378.59000000000003,1,0.06006028701082751,2.1691655350285908,100000
2812,378.53999999999996,1,0.060000226723816684,1.7985702503559202,100000
2813,382.70000000000005,1,0.059940226497092866,1.3795488652857868,100000
2814,376.95000000000005,1,0.05988028627059577,1.3631147837638855,100000
2815,380.79,1,0.05982040598432518,1.7042875834133313,100000
2816,380.63,1,0.05976058557834085,1.3184027918007062,100000
2817,378.63,1,0.05970082499276251,0.9986028553441514,100000
2818,378.46,1,0.059641124167769746,0.8445655086705851,100000
2819,375.4,1,0.059581483043601974,1.112167239189148,100000
2820,380.89,1,0.05952190156055837,1.0620164741640505,100000
2821,380.59000000000003,1,0.05946237965899782,1.2438841740722242,100000
2822,384.40999999999997,1,0.05940291727933882,1.313942816995439,100000
2823,371.15,1,0.05934351436205949,4.99394454645074,100000
2824,379.18,1,0.05928417084769743,1.4498532141248386,100000
2825,371.11,1,0.05922488667684973,1.0690244002186733,100000
2826,376.99,1,0.05916566179017289,1.2105561661720277,100000
2827,382.44,1,0.059106496128382716,1.911129617555575,100000
2828,382.48,1,0.05904738963225433,1.0391160520640286,100000
2829,380.83000000000004,1,0.058988342242622074,0.8219092838142229,100000
2830,384.40999999999997,1,0.058929353900379455,0.7177696093207314,100000
2831,382.52,1,0.058870424546479075,0.739599977365949,100000
2832,382.64,1,0.0588115541219326,1.056293141435493,100000
2833,380.89,1,0.05875274256781066,1.4852788986071297,100000
2834,380.65,1,0.058693989825242855,0.9641735981339994,100000
2835,373.05,1,0.058635295835417614,1.47035265820367,100000
2836,382.74,1,0.058576660539582194,0.8186196247962388,100000
2837,382.78,1,0.058518083879042615,1.3909422999078578,100000
2838,377.29,1,0.05845956579516357,0.7448730945587159,100000
2839,375.08,1,0.05840110622936841,0.5395203424760928,100000
2840,382.58000000000004,1,0.05834270512313904,1.1696534857831218,100000
2841,378.44,1,0.058284362418015906,1.8118039847806442,100000
2842,373.13,1,0.05822607805559789,1.027802747731306,100000
2843,376.84000000000003,1,0.05816785197754229,0.9067400991916656,100000
2844,380.97,1,0.05810968412556475,1.0733389517535334,100000
2845,382.52,1,0.058051574441439185,3.5288791432976723,100000
2846,380.53,1,0.05799352286699774,2.747040516656378,100000
2847,380.67,1,0.057935529344130744,7.246330487339393,100000
2848,384.40999999999997,1,0.05787759381478661,1.1156930777998197,100000
2849,375.45000000000005,1,0.057819716220971824,1.0794546233212694,100000
2850,378.62,1,0.05776189650475085,0.837839733188351,100000
2851,378.98,1,0.0577041346082461,0.860238803550601,100000
2852,378.96000000000004,1,0.05764643047363786,3.0923746277888617,100000
2853,363.76,1,0.05758878404316422,1.3510383659352858,100000
2854,384.40999999999997,1,0.05753119525912106,2.1985565629743395,100000
2855,382.54,1,0.05747366406386194,1.201130928641016,100000
2856,380.75,1,0.057416190399798075,0.7888969753099524,100000
2857,380.65,1,0.05735877420939828,0.7334316981875378,100000
2858,380.55,1,0.05730141543518888,0.5723907604165699,100000
2859,381.07,1,0.05724411401975369,0.6264444505390914,100000
2860,376.76,1,0.057186869905733934,2.2744230389595033,100000
2861,358.29,1,0.0571296830358282,2.045212930562545,100000
2862,384.40999999999997,1,0.05707255335279238,2.1157878310907456,100000
2863,384.40999999999997,1,0.057015480799439584,1.2707167054925645,100000
2864,384.40999999999997,1,0.05695846531864014,0.9360564450422922,100000
2865,380.75,1,0.0569015068533215,1.6697746243165887,100000
2866,382.72,1,0.05684460534646818,1.1161370331590825,100000
2867,380.83000000000004,1,0.05678776074112171,2.493471031603606,100000
2868,384.40999999999997,1,0.056730972980380594,1.8791505790182523,100000
2869,381.15,1,0.05667424200740021,2.1540795635917913,100000
2870,384.40999999999997,1,0.05661756776539281,0.9020674278338751,100000
2871,382.65999999999997,1,0.05656095019762742,0.8410483679988168,100000
2872,384.40999999999997,1,0.056504389247429794,1.201678984931537,100000
2873,374.74,1,0.05644788485818236,0.8589215319841466,100000
2874,374.58000000000004,1,0.05639143697332418,1.1479073461699993,100000
2875,376.53000000000003,1,0.05633504553635086,0.552447173330519,100000
2876,381.11,1,0.05627871049081451,0.832559404813725,100000
2877,380.90999999999997,1,0.0562224317803237,0.8306017278329186,100000
2878,382.44,1,0.056166209348543376,0.5883113010363146,100000
2879,384.40999999999997,1,0.056110043139194835,0.4884462388498442,100000
2880,380.95,1,0.05605393309605564,0.6286227738727694,100000
2881,384.40999999999997,1,0.055997879162959584,0.5385968823518071,100000
2882,382.64,1,0.055941881283796624,1.2382508506151764,100000
2883,384.40999999999997,1,0.055885939402512824,1.1435437362108911,100000
2884,384.40999999999997,1,0.05583005346311031,0.9643306930859884,100000
2885,375.03,1,0.0557742234096472,0.8324089969726319,100000
2886,382.56,1,0.055718449186237556,0.5559981323101304,100000
2887,384.40999999999997,1,0.055662730737051316,0.5271130810890879,100000
2888,378.47,1,0.055607068006314264,2.6630512458640476,100000
2889,384.40999999999997,1,0.05555146093830795,2.5138242429211024,100000
2890,380.63,1,0.05549590947736964,0.8239760483088701,100000
2891,371.1,1,0.05544041356789227,1.221374038444913,100000
2892,378.42,1,0.05538497315432438,1.4275477542433628,100000
2893,378.56,1,0.05532958818117005,2.540223079365353,100000
2894,384.40999999999997,1,0.05527425859298888,0.9196559964191346,100000
2895,382.82,1,0.05521898433439589,0.520182978361845,100000
2896,380.85,1,0.0551637653500615,1.1437209258260934,100000
2897,384.40999999999997,1,0.05510860158471143,0.7165752727360952,100000
2898,376.96000000000004,1,0.05505349298312672,2.4469336416986254,100000
2899,377.43,1,0.054998439490143596,0.7024953228235244,100000
2900,373.19000000000005,1,0.05494344105065345,1.4503344807911802,100000
2901,384.40999999999997,1,0.05488849760960279,1.5972052035587174,100000
2902,384.40999999999997,1,0.05483360911199319,0.9303517384188515,100000
2903,382.68,1,0.0547787755028812,4.2956636554815555,100000
2904,384.40999999999997,1,0.054723996727378314,1.0936684399133636,100000
2905,374.99,1,0.054669272730650934,1.093395936362287,100000
2906,373.56,1,0.05461460345792028,0.8517286126003709,100000
2907,382.53999999999996,1,0.054559988854462366,0.5313692939552394,100000
2908,384.40999999999997,1,0.054505428865607906,1.1935140994333087,100000
2909,382.48,1,0.0544509234367423,4.029169242490422,100000
2910,382.53999999999996,1,0.05439647251330556,3.447908107529987,100000
2911,384.40999999999997,1,0.054342076040792255,1.5217042175077258,100000
2912,384.40999999999997,1,0.054287733964751464,1.1917045982111067,100000
2913,384.40999999999997,1,0.054233446230786714,1.276013236670267,100000
2914,380.59000000000003,1,0.054179212784555925,1.7250881622666898,100000
2915,378.63,1,0.05412503357177137,0.831676266221113,100000
2916,374.99,1,0.0540709085381996,0.979866218376667,100000
2917,382.64,1,0.0540168376296614,0.54597836563533,100000
2918,360.24,1,0.053962820792031733,0.7623750058741405,100000
2919,371.67,1,0.053908857971239704,0.6611693852477604,100000
2920,382.52,1,0.05385494911326846,0.6463477157733657,100000
2921,380.73,1,0.0538010941641552,0.7430540660153264,100000
2922,375.20000000000005,1,0.05374729306999104,1.7909601501961971,100000
2923,373.11,1,0.05369354577692105,0.7217495356287275,100000
2924,382.64,1,0.053639852231144126,1.0323329588229007,100000
2925,381.03000000000003,1,0.053586212378912985,11.772140263215356,100000
2926,380.99,1,0.05353262616653407,7.095668177889741,100000
2927,384.40999999999997,1,0.053479093540367534,0.9062285593577794,100000
2928,380.93000000000006,1,0.05342561444682717,0.513870516548986,100000
2929,375.27000000000004,1,0.05337218883238034,0.7272751699102685,100000
2930,378.62,1,0.053318816643547956,1.0458738360294075,100000
2931,382.56,1,0.05326549782690441,5.006799901073629,100000
2932,382.76,1,0.053212232329077506,2.0357832725752485,100000
2933,384.40999999999997,1,0.05315902009674843,0.8804881948800314,100000
2934,382.64,1,0.05310586107665168,2.197387155822732,100000
2935,380.81000000000006,1,0.05305275521557503,3.4115106262590573,100000
2936,382.68,1,0.052999702460359455,1.193213184110143,100000
2937,382.68,1,0.052946702757899096,0.8425787321545861,100000
2938,374.68,1,0.0528937560551412,0.8868181775224969,100000
2939,378.63,1,0.05284086229908606,10.88737361756868,100000
2940,376.99,1,0.05278802143678697,2.647648411326938,100000
2941,382.6,1,0.052735233415350184,2.4921970672228118,100000
2942,378.86,1,0.052682498181934836,0.5593376106893023,100000
2943,370.83000000000004,1,0.052629815683752905,4.844978476996007,100000
2944,374.70000000000005,1,0.05257718586806915,2.2059771919504123,100000
2945,384.40999999999997,1,0.05252460868220108,0.8478060378914788,100000
2946,382.64,1,0.05247208407351888,0.9642031070860949,100000
2947,376.62,1,0.052419611989445364,0.8901183889971839,100000
2948,379.22,1,0.05236719237745592,2.1388345323503017,100000
2949,382.64,1,0.05231482518507846,0.6415870582515543,100000
2950,384.40999999999997,1,0.052262510359893384,0.7905258153166089,100000
2951,382.44,1,0.05221024784953349,3.5747435228391127,100000
2952,372.77,1,0.05215803760168396,6.14196267453107,100000
2953,382.74,1,0.052105879564082275,3.129573865370317,100000
2954,380.67,1,0.05205377368451819,0.6918747943380604,100000
2955,382.5,1,0.052001719910833674,0.6233853985640135,100000
2956,378.43,1,0.05194971819092284,0.4077802484118661,100000
2957,382.68,1,0.05189776847273191,0.7089341536841609,100000
2958,384.40999999999997,1,0.05184587070425918,0.640740784506003,100000
2959,382.48,1,0.05179402483355492,0.7056861831383272,100000
2960,376.79,1,0.05174223080872137,0.9363972494999567,100000
2961,374.74,1,0.05169048857791265,0.4997439127653203,100000
2962,384.40999999999997,1,0.051638798089334734,0.493586265260265,100000
2963,382.76,1,0.051587159291245396,0.7011943215673621,100000
2964,384.40999999999997,1,0.05153557213195415,0.5657419576531365,100000
2965,382.48,1,0.0514840365598222,1.673549087210135,100000
2966,382.48,1,0.05143255252326238,1.106038561598821,100000
2967,376.90999999999997,1,0.05138111997073912,0.6750221596823798,100000
2968,382.44,1,0.05132973885076838,0.4881128858436238,100000
2969,375.18,1,0.05127840911191761,1.469645287445251,100000
2970,378.63,1,0.05122713070280569,0.6010773168053738,100000
2971,384.40999999999997,1,0.05117590357210289,0.507750887955938,100000
2972,373.07000000000005,1,0.05112472766853079,0.7401652655431202,100000
2973,379.06,1,0.05107360294086226,0.6520849127943317,100000
2974,377.02,1,0.051022529337921396,0.7128241105212105,100000
2975,376.83000000000004,1,0.05097150680858348,0.7121227148506376,100000
2976,384.40999999999997,1,0.05092053530177489,0.6191456949427014,100000
2977,382.70000000000005,1,0.050869614766473115,0.619547021321275,100000
2978,384.40999999999997,1,0.05081874515170664,0.45210561085314976,100000
2979,372.6,1,0.050767926406554933,1.216715285060357,100000
2980,380.97,1,0.05071715848014838,1.5114619349655898,100000
2981,382.44,1,0.050666441321668226,0.9726281260902231,100000
2982,376.92,1,0.050615774880346555,0.7540130515893301,100000
2983,384.40999999999997,1,0.05056515910546621,0.5414474010467529,100000
2984,384.40999999999997,1,0.05051459394636074,0.5314168656865755,100000
2985,384.40999999999997,1,0.050464079352414384,0.38049626705192385,100000
2986,384.40999999999997,1,0.05041361527306197,0.45995660551956724,100000
2987,361.70000000000005,1,0.05036320165778891,0.9890149626466963,100000
2988,379.0,1,0.05031283845613112,1.0329165041136246,100000
2989,380.49,1,0.05026252561767499,0.8839042821656102,100000
2990,384.40999999999997,1,0.05021226309205731,0.5726634998406682,100000
2991,380.83000000000004,1,0.05016205082896526,0.765470069711623,100000
2992,384.40999999999997,1,0.05011188877813629,3.7115975497733977,100000
2993,384.40999999999997,1,0.05006177688935816,2.0932300828752064,100000
2994,382.44,1,0.0500117151124688,0.7961628972129389,100000
2995,382.84000000000003,1,0.04996170339735633,3.0814709480513227,100000
2996,378.59000000000003,1,0.049911741693958976,6.371837073980376,100000
2997,384.40999999999997,1,0.04986182995226502,1.7183641493320465,100000
2998,384.40999999999997,1,0.049811968122312755,0.6462366722878956,100000
2999,384.40999999999997,1,0.04976215615419044,1.112313485926106,100000
3000,376.81,1,0.04971239399803625,0.5749076469077005,100000
