episode,reward,success,policy_loss,value_loss,entropy,learning_rate
1,-545.6779315588877,0,-0.01085883000632748,282.2000846862793,1.256749540567398,0.000149975
2,-401.02580993054363,0,-0.00938405335182324,182.3842010498047,1.2568609118461609,0.00014994999999999999
3,-461.2541321240426,0,-0.010028680553659797,255.19964599609375,1.2570632994174957,0.000149925
4,-522.5991490646538,0,-0.008184504695236683,295.1279048919678,1.2567462027072906,0.00014989999999999998
5,-406.1716227017415,0,-0.008284286712296307,195.91157150268555,1.2560400664806366,0.000149875
6,-451.66005637864424,0,-0.005191452532017138,246.6210231781006,1.2554812878370285,0.00014984999999999998
7,-359.32635834067736,0,0.0004775952984346077,142.21968269348145,1.2552495747804642,0.000149825
8,-705.0731653930463,0,-0.00012203509686514735,407.08300399780273,1.254077821969986,0.00014979999999999998
9,-445.57849774681165,0,-0.02419137372635305,233.8086929321289,1.2529027163982391,0.000149775
10,-225.32994924772703,0,-0.013475102838128805,145.5252170562744,1.2515954673290253,0.00014974999999999998
11,-348.3913140462525,0,-0.013378481788095087,141.66000175476074,1.2507100403308868,0.000149725
12,-345.8870304427546,0,-0.0005748228868469596,122.34471893310547,1.249331220984459,0.00014969999999999998
13,-361.8262599517768,0,-0.010205527592916042,131.63280487060547,1.2489681392908096,0.000149675
14,-363.2790928980034,0,-0.003669932368211448,242.52828788757324,1.2493589222431183,0.00014965
15,-410.1041044119017,0,-0.0037040170282125473,163.47081756591797,1.248920127749443,0.000149625
16,-248.202323341216,0,-0.0005193506367504597,115.94568634033203,1.247963786125183,0.00014959999999999998
17,-282.9476807195176,0,0.0038120875833556056,166.55616569519043,1.2459010779857635,0.000149575
18,-333.49008721260236,0,0.004929648712277412,170.35491561889648,1.244189590215683,0.00014954999999999998
19,-407.66681926699505,0,0.012634469952899963,263.83145904541016,1.2430924028158188,0.000149525
20,-324.39340401780544,0,-0.004788162807623546,138.48104095458984,1.242840846379598,0.0001495
21,-478.9814511426745,0,0.005939521186519414,229.84047508239746,1.2426178753376007,0.000149475
22,-373.44564094134387,0,0.003131129138637334,131.7881956100464,1.242571085691452,0.00014944999999999997
23,-243.94731369571144,0,-0.008175707887858152,119.7722225189209,1.2427470982074738,0.00014942499999999999
24,-344.56029697568897,0,-0.01262087351642549,125.50024223327637,1.2433269768953323,0.0001494
25,-248.69863834119948,0,0.007185417780419812,139.00346755981445,1.2434331774711609,0.00014937499999999999
26,-379.0528901303221,0,0.003794164746068418,243.3112030029297,1.2428051382303238,0.00014935
27,-335.2967986282316,0,0.017160932533442974,139.44560432434082,1.2424659729003906,0.00014932499999999998
28,-238.1075632930437,0,-0.002241601119749248,147.05444145202637,1.2424902468919754,0.00014929999999999997
29,-359.3924656901054,0,-0.005230301176197827,129.33496379852295,1.2427130341529846,0.00014927499999999998
30,-366.18696843489374,0,0.01605997304432094,132.1559591293335,1.2430933117866516,0.00014925
31,-490.67316787328224,0,-0.006611974909901619,325.5327491760254,1.2432605624198914,0.00014922499999999998
32,-347.68257656593335,0,-0.007607659354107454,122.05485534667969,1.2430381029844284,0.0001492
33,-150.31015621321382,0,-0.01840585144236684,154.81478881835938,1.2430419772863388,0.000149175
34,-370.25741035954985,0,0.013460666639730334,141.93371391296387,1.2438702881336212,0.00014915
35,-218.60625903972596,0,-0.032727102283388376,132.08759593963623,1.2444701790809631,0.00014912499999999998
36,-250.75256970945486,0,-0.003537817159667611,146.69359016418457,1.2443311214447021,0.0001491
37,-225.15341595993706,0,0.0003401123103685677,130.5379695892334,1.2441272288560867,0.00014907499999999998
38,-351.2532518416857,0,-0.03298613347578794,128.42010402679443,1.2445758879184723,0.00014905
39,-290.35324613930095,0,-0.010227599181234837,160.76287651062012,1.2443735301494598,0.000149025
40,-340.5119879839526,0,-0.012456219090381637,121.88296031951904,1.2435712814331055,0.000149
41,-257.9051310659169,0,0.0054197966431578,153.5066909790039,1.2430659929911296,0.00014897499999999998
42,-306.66388141252366,0,0.015179691719822586,212.58548164367676,1.2424903810024261,0.00014895
43,-291.3184083645178,0,0.014009428210556507,166.2879180908203,1.2421388179063797,0.000148925
44,-222.81722204477438,0,-0.025530399288982153,142.47348022460938,1.2415237426757812,0.0001489
45,-273.33573072105355,0,0.00801623659208417,160.37809371948242,1.2411084324121475,0.000148875
46,-246.42798775423486,0,-0.009161955502349883,132.89851188659668,1.2405314892530441,0.00014884999999999999
47,-268.39497120776554,0,-0.007539528916822746,155.77360248565674,1.2398827970027924,0.00014882499999999997
48,-267.1587586227778,0,-0.011207987670786679,129.93120193481445,1.2391627877950668,0.00014879999999999998
49,-378.75519266213814,0,-0.0021886851027375087,121.54857349395752,1.2385155260562897,0.000148775
50,-283.9601002356297,0,-0.011738224187865853,190.0959300994873,1.2389188557863235,0.00014874999999999998
51,-237.54858210595845,0,-0.009753475431352854,132.34641647338867,1.2399334460496902,0.000148725
52,-206.5870910178325,0,-0.012508659157902002,102.29136180877686,1.240455985069275,0.00014869999999999998
53,-219.0912103398476,0,0.010968825343297794,127.1897554397583,1.2392554730176926,0.000148675
54,-327.7296758591967,0,-0.012713551754131913,97.44823169708252,1.2393523007631302,0.00014864999999999998
55,-245.3438050185951,0,-0.009319714736193419,108.34519290924072,1.2396010607481003,0.000148625
56,-243.47293059314515,0,0.002276255763717927,123.41687965393066,1.240787297487259,0.00014859999999999998
57,-248.15450824321204,0,-0.020951756509020925,105.10724544525146,1.2418860346078873,0.000148575
58,-302.47713899152114,0,-0.021004889238004882,197.466921488444,1.2421780824661255,0.00014854999999999998
59,-225.59104300134814,0,0.01202293043024838,132.50899410247803,1.2417154908180237,0.000148525
60,-221.42476292691651,0,-0.0022234750213101506,153.90137577056885,1.2403779327869415,0.00014849999999999998
61,-376.8590037997617,0,-0.008151481459208298,123.4443473815918,1.2384718358516693,0.000148475
62,-269.37679632374045,0,-0.0006791697815060616,166.15827178955078,1.2378927171230316,0.00014845
63,-258.2430633847417,0,0.011186202289536595,113.45469665527344,1.237786427140236,0.000148425
64,-206.27383035415608,0,-0.017551224678754807,123.19242191314697,1.2377107441425323,0.00014839999999999998
65,-214.598043189929,0,-0.006430142093449831,126.74355220794678,1.2384498566389084,0.000148375
66,-234.29829062917668,0,0.010573327541351318,130.57126235961914,1.2382308840751648,0.00014834999999999997
67,-122.49585814537897,0,0.004002443514764309,147.66110515594482,1.237811416387558,0.000148325
68,-256.8573781491405,0,-0.0015902925282716752,136.02452392578124,1.2381309509277343,0.0001483
69,-222.79836371028932,0,-0.007122090086340904,123.58774375915527,1.2382466048002243,0.00014827499999999999
70,-270.03993533553046,0,-0.027947613561991602,168.25255966186523,1.238535538315773,0.00014824999999999997
71,-239.43575233431216,0,-0.006063222419470549,166.74151515960693,1.2387028336524963,0.00014822499999999998
72,-264.1687368875387,0,0.004018673440441489,145.287034034729,1.2386347651481628,0.0001482
73,-240.36417119362522,0,0.004571292898617685,234.86145401000977,1.2384229898452759,0.00014817499999999998
74,-219.25250420958503,0,0.016126309288665652,137.3570728302002,1.2378597557544708,0.00014815
75,-139.98227057116816,0,0.01409812574274838,167.73580741882324,1.237389624118805,0.00014812499999999998
76,-166.5581796589262,0,0.001365546602755785,155.41971715291342,1.2376288771629333,0.00014809999999999997
77,-347.308618086876,0,-0.019248398020863533,96.77256393432617,1.2382218639055889,0.00014807499999999998
78,-319.5028073145147,0,0.002352774958126247,309.9200668334961,1.2386147230863571,0.00014805
79,-334.03784397647445,0,0.0041249163914471865,93.92149066925049,1.2384092658758163,0.00014802499999999998
80,-247.02950623209534,0,0.006514984997920692,145.71503829956055,1.237914428114891,0.000148
81,-248.7406529976509,0,-0.0004603462293744087,121.0751895904541,1.237435057759285,0.000147975
82,-262.0883906994495,0,-0.02190754155162722,250.80648612976074,1.2368183434009552,0.00014795
83,-234.8627007759967,0,0.014507025247439742,145.69273471832275,1.2357155084609985,0.00014792499999999998
84,-159.3154036977421,0,-0.014107829774729908,187.37173652648926,1.2349553853273392,0.0001479
85,343.61679472452545,1,-0.0157875781878829,4333.8720703125,1.2333076681409563,0.00014787499999999998
86,-191.97837127898657,0,0.001176206860691309,140.5007562637329,1.2322594672441483,0.00014785
87,-347.8413403162193,0,-0.026151983300223947,97.11184787750244,1.2317315191030502,0.000147825
88,-247.7271302892019,0,0.016071548801846802,211.1927604675293,1.2314158082008362,0.0001478
89,-220.37935489206228,0,-0.02489596651867032,178.23114776611328,1.2308958768844604,0.00014777499999999997
90,-198.2870639227164,0,0.03599070478230715,137.17027282714844,1.2299445569515228,0.00014774999999999999
91,-228.67213241486812,0,0.010246065372484736,94.66239833831787,1.2296979278326035,0.000147725
92,-346.80050123134464,0,-0.005999917164444923,94.1951093673706,1.2292136400938034,0.00014769999999999999
93,-145.10869294473457,0,-0.005192707758396864,193.09082221984863,1.2283178269863129,0.000147675
94,-141.96694588183814,0,-0.004074770646790664,183.72990036010742,1.2271163860956829,0.00014764999999999998
95,-222.05401864979927,0,-0.015315563650801778,104.34938526153564,1.2258452475070953,0.00014762499999999997
96,-221.49707868849353,0,0.007279327604919672,146.9865550994873,1.2248562276363373,0.00014759999999999998
97,-237.7705176190702,0,0.0037171184667386115,119.88628482818604,1.224231705069542,0.000147575
98,-230.78772449454337,0,-0.005608965875580907,147.42403030395508,1.2242230474948883,0.00014754999999999998
99,-280.1194808579535,0,-0.01953443407546729,98.57118892669678,1.2243158966302872,0.000147525
100,-140.2798476309111,0,-0.003983930451795459,157.29388904571533,1.2237630784511566,0.00014749999999999998
101,-148.72057535825968,0,0.00623020576313138,201.0175256729126,1.2225251197814941,0.000147475
102,-237.71206587976906,0,0.005498823942616582,123.5199384689331,1.2209908068180084,0.00014744999999999998
103,-263.7140743171551,0,-0.01370876666624099,112.65970611572266,1.2199590355157852,0.000147425
104,377.4594510858116,1,-0.021225684497039765,4487.621734619141,1.2193097919225693,0.00014739999999999998
105,302.9157222441773,1,-0.011468943790532649,3778.0362548828125,1.2188094109296799,0.000147375
106,420.00667810094086,1,-0.0010502702250141382,5237.3636474609375,1.218633085489273,0.00014734999999999998
107,-235.1224310095269,0,-0.0200453142169863,145.12388038635254,1.218665435910225,0.000147325
108,403.97624150723624,1,0.03634192224126309,3627.8951110839844,1.2188716679811478,0.00014729999999999998
109,-260.9855139854315,0,-0.0034071343252435327,252.51440811157227,1.218785122036934,0.000147275
110,-277.504570702092,0,0.019180120958480984,178.36552047729492,1.2186484783887863,0.00014725
111,444.89169116759547,1,0.00022695185909604731,6425.6890869140625,1.2184704840183258,0.000147225
112,326.5654097500747,1,0.0027485345490276814,3666.5630798339844,1.2184459418058395,0.00014719999999999997
113,-140.20810659185713,0,-0.02967955677637032,169.4806845528739,1.218676941735404,0.00014717499999999999
114,457.98106559200323,1,0.0010002527823749219,6304.2747802734375,1.2187131345272064,0.00014714999999999997
115,-107.45082242357276,0,-0.01008790904597845,182.1017665863037,1.218531310558319,0.00014712499999999998
116,-220.1241134368861,0,0.0025530525017529726,134.06332969665527,1.2180185168981552,0.0001471
117,-229.80701399380277,0,-0.013082326855510473,137.12425899505615,1.2174649983644485,0.00014707499999999998
118,-166.6703678859079,0,0.03258009534329176,154.65020098005022,1.2167270864759172,0.00014704999999999997
119,536.4991293506082,1,0.0009613676083972678,10133.029541015625,1.21629199385643,0.00014702499999999998
120,495.75532879153525,1,0.00021011299680839812,7939.50634765625,1.2160949409008026,0.000147
121,-206.17355359796176,0,-0.0016730549978092313,135.0948486328125,1.2159303277730942,0.00014697499999999998
122,454.18842974828135,1,-0.0028887044722827326,6463.0140380859375,1.2158829867839813,0.00014695
123,331.12644619246885,1,0.003223586672296127,4176.657063802083,1.2159499923388164,0.00014692499999999998
124,-126.32804791225618,0,-0.01673717622179538,204.95813369750977,1.216080367565155,0.0001469
125,464.4443376647497,1,-0.0007904872882189551,7173.3275146484375,1.216255933046341,0.00014687499999999998
126,414.73094265311624,1,0.0006823500003552141,4929.223388671875,1.2163594365119934,0.00014685
127,513.2820020771562,1,-0.0006428372114894998,7763.6312255859375,1.2164342403411865,0.00014682499999999998
128,-111.23634936355427,0,0.006718139338772744,189.0901002883911,1.2164013087749481,0.0001468
129,446.1107400870645,1,-0.002472012270041679,5532.0797119140625,1.216331422328949,0.000146775
130,380.6889232832017,1,-0.20730214042123407,8145.520431518555,1.2162725627422333,0.00014675
131,406.06081889917186,1,0.00044075602844362294,4812.5194091796875,1.2162630558013916,0.00014672499999999998
132,-106.59877427177588,0,0.013647136511281133,211.11515426635742,1.2160903811454773,0.0001467
133,452.3692890873164,1,-0.0019379083750692416,6546.3311767578125,1.2156848311424255,0.00014667499999999997
134,535.3749161929036,1,-0.0017477973829079785,9168.01123046875,1.2154153287410736,0.00014665
135,360.3495472488259,1,-0.011881850805366412,4235.38818359375,1.2151294499635696,0.000146625
136,-247.801251575317,0,-0.013094408361212118,166.55573081970215,1.214760884642601,0.00014659999999999999
137,351.3192233392438,1,-0.022500792634673417,3963.4266204833984,1.2146042734384537,0.00014657499999999997
138,513.1484159079204,1,0.0007242617387366312,8254.45703125,1.214625984430313,0.00014654999999999998
139,372.7608175912368,1,-0.12840628111734986,6119.616859436035,1.2146493345499039,0.000146525
140,398.86483721373264,1,0.11864354880526662,2194.852605819702,1.2146669924259186,0.00014649999999999998
141,524.0322475073659,1,0.0004108763749961497,7856.1466064453125,1.2147491872310638,0.000146475
142,-242.45418224862962,0,0.009713158942759037,233.72062492370605,1.214897409081459,0.00014644999999999998
143,499.80980614772903,1,-0.0027248390747969253,8812.05859375,1.2150431275367737,0.00014642499999999997
144,351.3473721684667,1,-0.026113926665857434,3971.8536682128906,1.2151335775852203,0.00014639999999999998
145,-240.83045922737625,0,0.02401876833755523,201.007661819458,1.2152912467718124,0.000146375
146,-241.44468819497928,0,0.02099095331504941,170.64682960510254,1.2154176235198975,0.00014634999999999998
147,447.7697960754052,1,-0.0003595439265868805,5682.1275634765625,1.2154245972633362,0.000146325
148,-121.83806499724096,0,-0.017468900186941028,313.691930770874,1.215283215045929,0.0001463
149,401.3330095093043,1,-0.0005096081292279564,4588.9736328125,1.2149537205696106,0.000146275
150,-231.62905564155008,0,0.02336951857432723,162.61087608337402,1.2147834599018097,0.00014624999999999998
151,374.38095274467406,1,-0.05049539885173241,5057.625305175781,1.2148165106773376,0.000146225
152,501.0022306218091,1,0.0008194952833262548,6304.900634765625,1.2148455381393433,0.0001462
153,-128.41298018145017,0,0.0037743212888017297,291.73397636413574,1.2148101329803467,0.000146175
154,-213.07558501830135,0,0.014903126284480095,160.6178995768229,1.2143469254175823,0.00014615
155,-233.69079971660906,0,0.018163271597586572,153.60230350494385,1.2138592153787613,0.000146125
156,393.0540747380129,1,0.0007165585234065741,4481.8428955078125,1.2134523391723633,0.00014609999999999997
157,421.8220564671922,1,-0.0006176707518816826,4722.02685546875,1.2132534086704254,0.00014607499999999999
158,535.1541339052903,1,-0.0006042534471379923,8747.83349609375,1.2131230235099792,0.00014605
159,-225.57829810169534,0,0.012476373929530382,141.09493160247803,1.2130529433488846,0.00014602499999999999
160,504.2728501472418,1,-0.00021549336233839256,7484.2158203125,1.213112622499466,0.000146
161,454.5717497807313,1,0.0003924191149948797,4958.2158203125,1.2131610214710236,0.00014597499999999998
162,410.9124268466977,1,-0.00027103781170811914,4891.2711181640625,1.2131745517253876,0.00014595
163,532.6753017791015,1,-0.000152297926003353,7106.653076171875,1.2132027745246887,0.00014592499999999998
164,503.8163195301779,1,-0.0019274398992389363,6441.13232421875,1.2132479548454285,0.0001459
165,326.9298839568628,1,-0.004017420578747988,3211.6432495117188,1.213302493095398,0.00014587499999999998
166,-209.2381128592682,0,-0.009923620382323861,160.58899974822998,1.21327443420887,0.00014585
167,494.336079483566,1,-5.7052722862493965e-05,6812.218994140625,1.2131890058517456,0.00014582499999999998
168,479.1034469632856,1,-0.0005916934350489456,5539.6922607421875,1.2131358087062836,0.0001458
169,450.47119261036164,1,-0.0009627632964024357,6226.2955322265625,1.2131772637367249,0.00014577499999999998
170,411.18833127742323,1,0.013838255545124412,3580.6458778381348,1.213142290711403,0.00014575
171,468.28767039192405,1,-0.0011440667106393798,5507.3671875,1.2130081057548523,0.000145725
172,460.7492739713848,1,0.0006298359965311029,5555.9749755859375,1.2129200994968414,0.0001457
173,537.9800675713739,1,-0.0004293720034187487,9004.399169921875,1.2128469347953796,0.00014567499999999998
174,510.3483818403735,1,-0.00033656212778082617,7138.072021484375,1.2127912640571594,0.00014565
175,508.38337925541964,1,-0.0012440143167977702,6529.224609375,1.2127303183078766,0.00014562499999999998
176,464.15980637566224,1,-0.00019688066709822039,6543.8013916015625,1.2127317190170288,0.0001456
177,418.6115979224331,1,0.11609664862044156,2339.4539184570312,1.2127360999584198,0.000145575
178,532.2529202614162,1,-0.0007456166204065084,7762.5482177734375,1.2127005755901337,0.00014555
179,530.6503108489064,1,-0.0004275180841952775,8036.3349609375,1.2126883268356323,0.00014552499999999997
180,444.86171410969814,1,-0.000250348492838226,5893.8883056640625,1.212695449590683,0.00014549999999999999
181,540.0095344683807,1,-0.0010380971403458616,9167.808349609375,1.2127589881420135,0.000145475
182,471.0448513388618,1,-0.0010198368968086235,5742.407958984375,1.2128289639949799,0.00014544999999999998
183,357.7463252050377,1,-0.001187893394865025,3884.4265747070312,1.2128904461860657,0.000145425
184,384.74235070938056,1,-0.0011544521555717502,3675.9308471679688,1.2130255997180939,0.00014539999999999998
185,-104.01541116495922,0,-0.04553956352174282,322.64573860168457,1.2133026272058487,0.00014537499999999997
186,508.31724928199986,1,-0.0018639651232117416,7560.64453125,1.2139253318309784,0.00014534999999999998
187,428.7295483753284,1,-0.0017488423511602402,4843.4639892578125,1.2143139839172363,0.000145325
188,532.495514884134,1,-0.004921418574634018,8421.91259765625,1.214583843946457,0.00014529999999999998
189,403.3882097904589,1,0.00031009733029208064,3865.400146484375,1.2147835493087769,0.000145275
190,557.9919349868103,1,-0.0019726724811031104,9239.899658203125,1.2148693203926086,0.00014525
191,558.9843823242426,1,-0.0013655047558405187,9438.894775390625,1.2149110436439514,0.000145225
192,367.32169217077205,1,-0.05643820995464921,4001.022735595703,1.2149450182914734,0.00014519999999999998
193,556.6075435383589,1,0.0008632316614414215,9595.138427734375,1.2149214148521423,0.000145175
194,440.95781807640054,1,-0.0010495166128610123,4522.6248779296875,1.2148794531822205,0.00014514999999999998
195,451.56544046172553,1,-0.00010364797829787165,4974.599853515625,1.2147997319698334,0.000145125
196,521.8917279646313,1,-0.0002149299649474301,7512.93701171875,1.21464604139328,0.0001451
197,518.1420260978955,1,-0.0009331513048884688,8287.36962890625,1.214493840932846,0.000145075
198,497.76329803255635,1,-0.0007934994345606405,5727.099609375,1.2143880426883698,0.00014504999999999997
199,560.6877753096877,1,0.00015260736458122537,10135.10693359375,1.214295893907547,0.000145025
200,478.0524254476826,1,-0.0002927339645912852,5553.284423828125,1.2142289578914642,0.000145
201,438.1242340633439,1,-0.0005932290435265442,4584.8607177734375,1.214175283908844,0.000144975
202,419.1280088642755,1,-0.0008697057171036526,4434.6434326171875,1.2141302525997162,0.00014495
203,517.4871685914475,1,-0.001163214033004234,7929.8792724609375,1.2140922844409943,0.00014492499999999999
204,539.2543679387431,1,-0.0014233604765607755,8871.876708984375,1.214042991399765,0.00014489999999999997
205,-199.92622794368964,0,-0.005822793347761035,304.62901496887207,1.2140154391527176,0.00014487499999999998
206,542.9340811239895,1,-0.00046761947019646755,8665.68310546875,1.2141327559947968,0.00014485
207,369.1384426319437,1,-0.0013119039928319864,5046.062744140625,1.214222639799118,0.00014482499999999998
208,529.9493051407359,1,-0.00041058562698426115,7321.23828125,1.2143577635288239,0.0001448
209,395.16744947537194,1,-0.001851881607823458,4041.9010009765625,1.2144984900951385,0.00014477499999999998
210,448.07990573177955,1,-0.0016721628942295563,4738.6444091796875,1.2147047221660614,0.00014475
211,275.0096229061814,1,-0.006355260964483023,3118.6578674316406,1.2148701697587967,0.00014472499999999998
212,549.6022900551043,1,0.00012163393632569353,8627.66650390625,1.2148618400096893,0.0001447
213,482.58941533021186,1,-0.002144879769010899,6340.038818359375,1.2148800194263458,0.00014467499999999998
214,382.14672535046566,1,0.040566555224359035,2211.860655784607,1.2150714099407196,0.00014465
215,337.53605106911414,1,0.08350062905810773,1722.6761989593506,1.2154578566551208,0.00014462499999999998
216,536.708207986686,1,-0.001242555237053411,7365.6058349609375,1.21592178940773,0.0001446
217,473.44051081611576,1,7.589471715618856e-05,5147.1546630859375,1.216196596622467,0.00014457499999999998
218,558.7059912996898,1,-0.0006125990214322918,9182.7919921875,1.216433197259903,0.00014455
219,424.1476955195632,1,-0.0006495140110946984,4099.5140380859375,1.216590017080307,0.000144525
220,522.8940001976348,1,-0.0011057081827459125,6714.6943359375,1.2166252434253693,0.0001445
221,508.21913336318613,1,-0.0007548611226804169,5788.4703369140625,1.2166972756385803,0.00014447499999999997
222,533.9405634955068,1,-0.001122447313964603,7403.3699951171875,1.2167639434337616,0.00014445
223,-142.7787328018136,0,-0.0028326387982815504,424.1325340270996,1.2167852967977524,0.00014442499999999997
224,525.6481626075977,1,-0.00017022410174760694,6906.156005859375,1.2168289422988892,0.00014439999999999999
225,514.2966075217063,1,-0.0007092014040974703,6496.77978515625,1.2169027924537659,0.000144375
226,524.6744564777367,1,0.0003910069341452882,7274.47607421875,1.2169600129127502,0.00014434999999999999
227,482.32279876590627,1,-0.0014666301391921266,5821.8299560546875,1.2170073091983795,0.00014432499999999997
228,547.2767375469393,1,-0.0002024406092274722,8296.486328125,1.2169905006885529,0.00014429999999999998
229,552.6428081519824,1,-0.0013165103606166406,8557.913330078125,1.2169589698314667,0.000144275
230,531.8455218188225,1,-0.0005552461419147114,7269.2513427734375,1.2169215977191925,0.00014424999999999998
231,377.289933941661,1,-0.052585260244086385,3268.942543029785,1.2169428169727325,0.000144225
232,533.5678306098434,1,-0.0013200009546912028,8499.7958984375,1.2170550227165222,0.00014419999999999998
233,503.1308945793012,1,-0.002332336708583682,5790.8135986328125,1.2170884013175964,0.000144175
234,376.22428823306257,1,-0.002015713881246217,4102.3228759765625,1.2170576751232147,0.00014414999999999998
235,384.840386630277,1,0.09662959957495332,1967.5453643798828,1.216941386461258,0.000144125
236,549.4766435529609,1,-0.001322113699079086,7950.744873046875,1.2170302867889404,0.00014409999999999998
237,407.63909748233965,1,8.903912043933815e-05,5647.5587158203125,1.2170813083648682,0.000144075
238,507.35809993067517,1,0.0011311350508480533,6532.079345703125,1.217078298330307,0.00014405
239,-146.92664051395687,0,0.003253757138736546,308.6378517150879,1.2170140743255615,0.000144025
240,492.022332172745,1,-0.00038546722077237305,5684.3612060546875,1.2168696522712708,0.00014399999999999998
241,374.7758510039041,1,0.018456877674907446,2652.844285964966,1.2168437540531158,0.000143975
242,513.108097783808,1,-0.0013098749327546955,6821.0560302734375,1.2169083952903748,0.00014394999999999998
243,-265.6878867278947,0,-0.024644290562719107,317.10012435913086,1.216794416308403,0.000143925
244,-228.7379608672482,0,0.03276385460048914,292.2313976287842,1.2165569812059402,0.0001439
245,534.1151445356546,1,-0.0005566352983876754,7217.936767578125,1.216425895690918,0.000143875
246,395.965042752869,1,-0.12446025712415576,5224.662673950195,1.21636563539505,0.00014384999999999997
247,427.3882778766683,1,-0.002416793762196612,4066.2259521484375,1.2163586020469666,0.00014382499999999999
248,504.2804460996864,1,-0.0008169917268857629,6698.91259765625,1.2163861393928528,0.0001438
249,416.4394704414677,1,-0.000573617143515559,3817.682373046875,1.2164481282234192,0.00014377499999999998
250,488.8223867089568,1,0.0003748218237888956,5351.5943603515625,1.2165158987045288,0.00014375
251,566.1260175556479,1,-0.00037713494378222023,8554.8935546875,1.2165289223194122,0.00014372499999999998
252,451.277508129893,1,-0.00022876444991282163,4474.0208740234375,1.2165308594703674,0.00014369999999999997
253,543.725317638731,1,-0.0009145930540972458,7443.66748046875,1.2165091037750244,0.00014367499999999998
254,423.51375975197806,1,-0.0032168276446453703,3626.7840576171875,1.21646049618721,0.00014365
255,485.2709357928505,1,-0.001779484752109206,5017.3544921875,1.2163593471050262,0.00014362499999999998
256,346.4277924127558,1,0.13090745452791452,1881.9818172454834,1.2161099016666412,0.0001436
257,389.53415799329343,1,-0.0014891361868274444,4395.084228515625,1.2159024477005005,0.000143575
258,467.8625711509711,1,-0.00031481901047902827,5083.5784912109375,1.2158460021018982,0.00014355
259,511.7020403278174,1,-0.0008234528509061256,6541.2774658203125,1.2158008813858032,0.00014352499999999998
260,520.1119708200591,1,0.00014211998906077383,6610.2491455078125,1.2157833278179169,0.0001435
261,504.6306852025367,1,-0.0003023555404739753,5782.313232421875,1.215792030096054,0.00014347499999999998
262,391.3345779430345,1,-0.002642322645156847,6029.0528564453125,1.2158129811286926,0.00014345
263,508.7586098282492,1,-0.0003994341154851533,6225.181640625,1.2158247828483582,0.00014342499999999998
264,553.5394535879963,1,-0.0027814255725213677,8623.91845703125,1.21576327085495,0.0001434
265,482.3486492762428,1,-0.0013401705007045628,5531.0882568359375,1.2157052755355835,0.00014337499999999997
266,490.267342471294,1,0.0003906923734398049,5819.3526611328125,1.2157132923603058,0.00014335
267,453.20049842747267,1,-0.0011210015141200902,4396.306884765625,1.2157729268074036,0.000143325
268,556.4825550954271,1,0.00039907638655711786,9125.71337890625,1.2158185541629791,0.0001433
269,555.1638807268617,1,-0.0003260518462062656,9352.785888671875,1.2158539295196533,0.000143275
270,493.91388472749105,1,-0.0010134414662995583,7811.3526611328125,1.215824455022812,0.00014324999999999999
271,454.8768952319692,1,-0.0005197707798587636,4911.279541015625,1.2157707810401917,0.00014322499999999997
272,405.49205191043393,1,-0.0014638404506417402,3778.2582397460938,1.2157528400421143,0.00014319999999999998
273,538.582333987207,1,-0.0012650165707892569,7633.5985107421875,1.215761661529541,0.000143175
274,510.1383373647126,1,-0.0010982542278972218,5516.455322265625,1.2157557010650635,0.00014314999999999998
275,577.768588195147,1,0.0004457440087630715,9642.78759765625,1.2157179415225983,0.000143125
276,524.7572515446258,1,-0.0019856031207758917,6457.295654296875,1.2156522870063782,0.00014309999999999998
277,499.0627892275949,1,-0.0016398930890493268,5396.614990234375,1.2156674265861511,0.000143075
278,477.6542420915734,1,-0.000959774262868418,5036.04931640625,1.215688556432724,0.00014304999999999998
279,556.5415556460285,1,-0.0018402844681713049,8650.006103515625,1.2156414687633514,0.000143025
280,451.5739056279083,1,-0.0004336718970829878,4670.7216796875,1.215630054473877,0.00014299999999999998
281,536.2005673951485,1,-0.00017629317074607798,6589.7196044921875,1.215647429227829,0.000142975
282,512.432445083935,1,-0.0003987205709941044,7201.0352783203125,1.215701311826706,0.00014294999999999998
283,558.2301419262744,1,-0.0007652747576285535,8246.841552734375,1.2157503068447113,0.000142925
284,569.1254904519276,1,-0.001566495307460336,8796.7578125,1.2157628238201141,0.00014289999999999998
285,537.9376905261091,1,-0.000440986411177402,8422.147216796875,1.215763658285141,0.000142875
286,484.59601039819205,1,-0.0024021166059862153,5874.962890625,1.215790718793869,0.00014285
287,441.45884785010526,1,2.7957785845189598e-05,5058.3927001953125,1.2158602178096771,0.000142825
288,500.3602621702447,1,-0.0016752954756615313,6714.3961181640625,1.2159965336322784,0.00014279999999999997
289,531.0773066683142,1,-0.002938748247544032,6043.0882568359375,1.2161158919334412,0.000142775
290,433.9060394654713,1,-0.00014650032880500485,4742.636474609375,1.2161702513694763,0.00014274999999999997
291,489.18495835883357,1,0.0005600006440120708,5791.3870849609375,1.216234177350998,0.00014272499999999999
292,550.6558761162316,1,-0.0007025885311700009,7591.9283447265625,1.2162777483463287,0.0001427
293,564.4933688610317,1,-0.0009203465951213019,8199.99951171875,1.2163150906562805,0.00014267499999999998
294,402.8434739198175,1,-0.0018145689146837896,4964.938232421875,1.2163221836090088,0.00014264999999999997
295,537.6137615129705,1,0.0015332335392779228,7572.889892578125,1.2163576781749725,0.00014262499999999998
296,535.6783721487246,1,-0.00024841772690553654,7417.3375244140625,1.216389000415802,0.0001426
297,519.730683188549,1,-0.0006126782984026136,6119.447021484375,1.2164135873317719,0.00014257499999999998
298,487.661989928307,1,-0.00023290436783707236,6404.2486572265625,1.2164229452610016,0.00014255
299,457.39865805655944,1,-0.001878499827968616,5106.7894287109375,1.2164404690265656,0.00014252499999999998
300,543.8561978317655,1,-0.0004515966339129207,7309.460205078125,1.2165637016296387,0.0001425
301,534.4891997347424,1,-0.001980163296339321,7334.02685546875,1.2167344391345978,0.00014247499999999998
302,495.8317168964313,1,-0.001375968715163045,5551.220947265625,1.2169049084186554,0.00014245
303,457.6615608139174,1,-0.0032240408589130354,5782.17236328125,1.217019259929657,0.00014242499999999998
304,509.4630354299745,1,0.0005614630763131068,5860.7425537109375,1.2170726656913757,0.0001424
305,547.3581707651915,1,0.0005872993515199099,8468.97314453125,1.2170670926570892,0.000142375
306,410.56652664647936,1,-0.003335055316487534,4368.006103515625,1.2170434296131134,0.00014235
307,516.5602590659646,1,-0.0015742721788023495,5608.5635986328125,1.2170108258724213,0.00014232499999999998
308,439.801574253038,1,-8.614389500838371e-05,4763.4637451171875,1.2169933319091797,0.0001423
309,385.64135498739256,1,-0.06148368841968477,3373.839141845703,1.217126876115799,0.000142275
310,465.1800163619683,1,-0.003579527719184794,4303.5,1.2171565890312195,0.00014225
311,481.5430587343882,1,-0.00269771427236698,4856.05078125,1.2170924842357635,0.000142225
312,552.0083972260547,1,-0.00263739877846092,7812.3114013671875,1.2169817388057709,0.0001422
313,447.8760189832328,1,-0.00024705829922999634,4374.3583984375,1.2168968319892883,0.00014217499999999997
314,451.415533707927,1,-0.000679424914095561,4535.4110107421875,1.2167150676250458,0.00014214999999999999
315,391.7946684972694,1,-0.002490640588803217,3722.0089721679688,1.216403752565384,0.000142125
316,540.9031395722874,1,-0.0021348535725365103,7233.9696044921875,1.2160026133060455,0.00014209999999999998
317,489.13297945874706,1,0.000153328988615975,6325.794677734375,1.2156440317630768,0.000142075
318,510.63883472716367,1,-0.00016899650421908774,6392.002197265625,1.2153541445732117,0.00014204999999999998
319,451.90701057832797,1,-0.0010628352174535394,5745.016357421875,1.2151368856430054,0.000142025
320,531.9040343760809,1,-0.0018625274682788628,7162.3626708984375,1.2149901688098907,0.00014199999999999998
321,470.96640937218797,1,0.0005458734788064135,6604.2919921875,1.2149209082126617,0.000141975
322,-96.8953200461506,0,-0.012718920363113284,431.1292304992676,1.214870661497116,0.00014194999999999998
323,486.3444132645827,1,0.0010839135987019688,4957.139892578125,1.2149660885334015,0.000141925
324,487.07683962933214,1,-0.0008635844784339319,5074.2275390625,1.2149183750152588,0.00014189999999999998
325,489.51385114039005,1,-0.00013300391583470628,6244.745849609375,1.2147637605667114,0.000141875
326,535.12430318353,1,-0.003965845551089586,6840.8314208984375,1.214578926563263,0.00014184999999999998
327,487.2005163777237,1,-0.00177735651310984,5145.03466796875,1.2143905460834503,0.000141825
328,495.93799966379544,1,-0.003278258162946912,5182.3775634765625,1.2142903804779053,0.0001418
329,489.7432377785503,1,0.0012215856366957212,4844.84619140625,1.2142644226551056,0.000141775
330,545.5837542930483,1,-0.0009456360328425895,7717.4276123046875,1.2142619490623474,0.00014174999999999998
331,554.7191566695024,1,0.00038902150814790204,7361.4029541015625,1.2142789363861084,0.000141725
332,529.0799150524052,1,-0.0002165456951677136,6570.1236572265625,1.214294195175171,0.00014169999999999997
333,545.4765946118139,1,-0.0005855592880665839,7487.7056884765625,1.2142834067344666,0.000141675
334,540.2802313276517,1,-0.0022377068633190333,7460.5679931640625,1.2142715752124786,0.00014165
335,519.7316335307748,1,-0.0021914590667906353,6312.5653076171875,1.2142770290374756,0.000141625
336,525.4038481419702,1,-0.0007296509385019689,6428.8797607421875,1.2144020199775696,0.00014159999999999997
337,489.32746876708075,1,-0.002432804155795054,5250.37646484375,1.2145569920539856,0.00014157499999999999
338,506.8897361439658,1,-0.002530231253219717,5406.6541748046875,1.2147229611873627,0.00014155
339,487.8381649649984,1,0.000846097944304347,5974.4271240234375,1.2148285508155823,0.00014152499999999998
340,542.5620913324371,1,-0.00028690671485520625,6628.620361328125,1.2148685455322266,0.0001415
341,536.2908899297198,1,-0.001054392400850812,7295.98974609375,1.214875191450119,0.00014147499999999998
342,531.096738489136,1,-0.0007709749036424185,6200.3922119140625,1.2148906588554382,0.00014144999999999997
343,532.3654352087865,1,-0.0030135376194939667,6581.781005859375,1.2149275243282318,0.00014142499999999998
344,485.89059424165663,1,-0.0019332946947692164,4658.2154541015625,1.2149773240089417,0.0001414
345,410.7064971710047,1,-0.002212815570554305,3826.3422241210938,1.2148936092853546,0.00014137499999999998
346,550.8933522209863,1,-0.002599883255083313,6898.9586181640625,1.2145890593528748,0.00014135
347,543.3622347633483,1,-0.001899444847367704,8255.59228515625,1.2142988443374634,0.000141325
348,567.338505610503,1,-0.0011231171689729536,8119.8812255859375,1.214110016822815,0.0001413
349,525.8348932693693,1,-0.0010071822937813835,6617.8558349609375,1.2140363156795502,0.00014127499999999998
350,447.17680425075804,1,-0.0008586237037215838,3876.9591064453125,1.213972806930542,0.00014125
351,448.1769089181884,1,-0.000910345566942361,4027.2910766601562,1.2138227820396423,0.00014122499999999998
352,-228.33945805873097,0,0.024193670571548864,591.0018692016602,1.2135609835386276,0.0001412
353,551.9250619090278,1,-0.0006212135887597725,7464.9832763671875,1.213442087173462,0.000141175
354,551.6830319856513,1,-0.0022271676426877107,7953.5584716796875,1.2134020626544952,0.00014115
355,483.80545215037233,1,-0.002548139427097862,5168.5692138671875,1.2134323418140411,0.00014112499999999997
356,483.2184646965107,1,-0.0021445036656908556,4950.7071533203125,1.213589459657669,0.0001411
357,552.4009729701677,1,-0.00041143277020161406,7241.207763671875,1.213792324066162,0.000141075
358,549.50013616652,1,-0.00506356249783213,7767.18017578125,1.2139304876327515,0.00014104999999999999
359,546.5114915544825,1,0.000591358121069252,7308.5093994140625,1.214069902896881,0.000141025
360,555.6379422270893,1,-0.0027989092699358675,7816.6446533203125,1.2142067849636078,0.00014099999999999998
361,488.2308776536561,1,-0.0002802910148496096,5291.199462890625,1.214240938425064,0.00014097499999999997
362,577.5439186099319,1,-0.0006207476277872992,9345.9423828125,1.2141684889793396,0.00014094999999999998
363,473.49523878494574,1,-0.0003092372211757066,4941.0206298828125,1.2141059935092926,0.000140925
364,566.8361295610875,1,-0.0019039780040812637,9025.43896484375,1.2140485346317291,0.00014089999999999998
365,561.3531178354315,1,-0.0008284250723207265,8516.690185546875,1.214045375585556,0.000140875
366,546.2879611203169,1,-0.00023726403012913622,8652.602294921875,1.214045912027359,0.00014085
367,576.6289532016384,1,-0.0005698029923591474,9513.861083984375,1.2140391170978546,0.000140825
368,553.548845496513,1,-0.0006070511554487901,7345.5223388671875,1.214029222726822,0.00014079999999999998
369,436.06035902988685,1,-0.0009778127987292162,4104.686279296875,1.2139244079589844,0.000140775
370,566.2188041113013,1,-0.0003833660002547923,10571.678955078125,1.2136040031909943,0.00014074999999999998
371,578.2016699686386,1,-8.914060951337177e-05,9030.889892578125,1.2133686542510986,0.000140725
372,519.9828040037611,1,-0.00036364605284866514,6786.554443359375,1.2132598161697388,0.00014069999999999998
373,327.4636082244714,1,-0.0033234380803923713,3485.193115234375,1.21321439743042,0.000140675
374,462.1178768111155,1,-0.0009545501258739764,4356.09375,1.21322900056839,0.00014064999999999998
375,487.3651702476477,1,-0.00024486266424528225,4984.681396484375,1.2131935954093933,0.000140625
376,549.7031554024697,1,-0.0022191557373361093,7310.246826171875,1.2131623029708862,0.0001406
377,514.2696091739203,1,0.00045617949217557907,6090.5814208984375,1.2131239473819733,0.000140575
378,451.12058249959085,1,-0.000645638219394673,4159.8118896484375,1.2130729258060455,0.00014055
379,381.01009966123416,1,-0.0003561450813971412,3829.6881103515625,1.2131006717681885,0.000140525
380,428.65666287737895,1,-0.0010719932994106562,4211.612060546875,1.2132734954357147,0.00014049999999999997
381,470.51448828780724,1,-0.0030104276141669217,4743.6385498046875,1.2134150862693787,0.00014047499999999999
382,451.68901109431016,1,-0.001075523644412435,3784.7721557617188,1.2135231792926788,0.00014045
383,568.3652162234665,1,-0.00035322529423176263,9177.756591796875,1.2136404812335968,0.00014042499999999998
384,497.6529535185442,1,0.00013351900520852666,6047.1240234375,1.2136801779270172,0.00014039999999999997
385,508.71296904547586,1,-0.0021253991067436973,5289.2266845703125,1.2136507630348206,0.00014037499999999998
386,536.0219136858276,1,-0.0004253871348414151,7183.875732421875,1.213658183813095,0.00014035
387,531.9235091482437,1,-0.0009818900459801494,8420.01416015625,1.2137496769428253,0.00014032499999999998
388,291.5444181400484,1,0.014204989497860273,1731.4529813130696,1.2137361566225688,0.0001403
389,513.1867779788698,1,0.002312254922874679,5894.5589599609375,1.2136273384094238,0.00014027499999999998
390,554.0179783405249,1,-2.6678518620926184e-05,7188.6239013671875,1.2135064601898193,0.00014025
391,504.869492704161,1,-0.003622173610533075,4913.3446044921875,1.2133799195289612,0.00014022499999999998
392,468.38638432659513,1,-0.00128380609199219,6385.323974609375,1.2132256627082825,0.0001402
393,476.1213019236816,1,-0.0030608357375321305,5413.52197265625,1.213057518005371,0.00014017499999999998
394,506.6169969151163,1,7.355038099099431e-05,6146.435791015625,1.2129096984863281,0.00014015
395,528.6272329632469,1,-0.0030962270517589374,6210.8450927734375,1.212774634361267,0.000140125
396,542.4828098672625,1,0.0007144144013278009,6896.1124267578125,1.2126396000385284,0.0001401
397,553.6950242710045,1,0.0003284110818073671,7430.3564453125,1.2125711739063263,0.00014007499999999998
398,542.0980141722465,1,-0.0011407031238457321,7075.802734375,1.2125413119792938,0.00014005
399,526.2364505678239,1,-0.0007715907413512468,6217.2967529296875,1.2125261723995209,0.00014002499999999997
400,559.9531599071703,1,-0.0016667801228642531,7004.774169921875,1.2124995291233063,0.00014
401,564.9785880429575,1,-0.0006686428880806616,8203.575927734375,1.2124764621257782,0.000139975
402,527.7983607730137,1,-0.0014718239757272045,5554.444580078125,1.2124660015106201,0.00013995
403,474.6138460478279,1,-0.003983096857714585,4626.60986328125,1.212469220161438,0.00013992499999999997
404,489.81311438837093,1,-0.00019602005546381918,4395.9359130859375,1.2124789357185364,0.00013989999999999999
405,526.7400134468613,1,-0.0012612496357178316,5987.22802734375,1.2125785648822784,0.000139875
406,571.8897496392622,1,-0.0021912808452881904,10259.064208984375,1.2126893103122711,0.00013984999999999998
407,526.2613938644765,1,-0.0008590298449888678,6998.304931640625,1.2127549350261688,0.000139825
408,533.1326612398354,1,-0.004286441222524751,6764.7276611328125,1.2127425968647003,0.00013979999999999998
409,522.583864241688,1,-0.0028170441527572976,6954.251953125,1.2127636969089508,0.00013977499999999997
410,531.5618774681675,1,-0.003011485846050599,7519.2117919921875,1.2128067016601562,0.00013974999999999998
411,540.5973301888118,1,-0.0019881585612893105,6041.3419189453125,1.212809145450592,0.000139725
412,538.2201898899314,1,0.00041733608041694126,7029.9832763671875,1.2128120362758636,0.00013969999999999998
413,505.2621158376654,1,-0.0034286666448988257,5138.7252197265625,1.2127978801727295,0.000139675
414,519.4280833783499,1,-0.003706847491051768,6662.5169677734375,1.2127374112606049,0.00013965
415,565.6185710264291,1,0.0017681592861507056,9664.17822265625,1.2127020359039307,0.000139625
416,570.445326425947,1,-0.0006083471334661361,7742.2679443359375,1.2127269208431244,0.00013959999999999998
417,-188.28964894516105,0,0.012372882629279047,685.3330574035645,1.2126902639865875,0.000139575
418,529.9802661478742,1,-0.0004562512331176549,8116.538330078125,1.212502121925354,0.00013954999999999998
419,565.3396176110572,1,-0.001364959934754495,9391.16943359375,1.2123414874076843,0.000139525
420,544.8868692967899,1,-0.0006246683314063972,9412.06640625,1.212260365486145,0.00013949999999999998
421,415.6181343498338,1,-0.0016237630829101235,3482.0568237304688,1.2121855020523071,0.000139475
422,536.4087619526972,1,0.0016604977968279755,6735.0926513671875,1.212004005908966,0.00013944999999999997
423,573.3440012039958,1,-0.00026719070702707626,10032.55078125,1.211910367012024,0.000139425
424,552.5986459852321,1,-0.0010075807451759289,8192.498291015625,1.2118723094463348,0.0001394
425,594.7283905821151,1,-0.0005912064060229483,11733.20361328125,1.2118645310401917,0.00013937499999999999
426,-199.75868461752898,0,0.02350594219751656,677.1273612976074,1.2118499875068665,0.00013935
427,588.0979950322774,1,-0.001086718783859908,9669.95166015625,1.2117701470851898,0.00013932499999999998
428,450.0974811827147,1,-0.003181039326591417,3871.4320678710938,1.2117464244365692,0.00013929999999999997
429,528.2838161186406,1,0.0003129538645127994,8853.571044921875,1.211742788553238,0.00013927499999999998
430,541.6847789210851,1,-0.002182575175538659,6739.4283447265625,1.211721807718277,0.00013925
431,454.12155634342525,1,-0.0009651951547225979,3853.1671142578125,1.211662083864212,0.00013922499999999998
432,501.2559437136383,1,-0.0006064497349971276,5421.2686767578125,1.2115325927734375,0.0001392
433,436.4461811630352,1,-0.0022736085917225424,3661.8080444335938,1.2113791704177856,0.00013917499999999998
434,566.4658446592682,1,-0.0016949861741162309,8065.1893310546875,1.211365520954132,0.00013915
435,540.3059922928375,1,-0.004347967500086369,6855.4373779296875,1.2113888561725616,0.00013912499999999998
436,553.8482080636188,1,-0.0024839902025024507,7664.878662109375,1.2113450467586517,0.0001391
437,180.1880965769238,1,-0.006773342511483601,2384.094482421875,1.2108164855412074,0.00013907499999999998
438,481.56654559769356,1,0.0027542548585230975,5308.8165283203125,1.2096582651138306,0.00013905
439,566.0137198289287,1,8.872864189335417e-05,8743.0302734375,1.2089850306510925,0.00013902499999999998
440,493.72071181673607,1,-0.0010949927066881138,4474.016845703125,1.2084541022777557,0.000139
441,529.9219299115025,1,-0.0030835702096290163,6368.7696533203125,1.207991361618042,0.00013897499999999998
442,581.3323912972298,1,-0.0022693227261445514,9578.7216796875,1.207696795463562,0.00013895
443,564.449592149119,1,-0.00023380880003015525,9440.45361328125,1.2075234949588776,0.000138925
444,577.5386825440205,1,-0.0013013826800287731,9703.332275390625,1.207381784915924,0.0001389
445,537.6838375284281,1,-0.0010176296255428596,6843.4925537109375,1.2072705626487732,0.00013887499999999997
446,377.734712378532,1,-0.005672474009726036,2755.5673217773438,1.207190990447998,0.00013885
447,450.3002610492834,1,-0.0006843402143665855,4081.1659545898438,1.207117110490799,0.00013882499999999997
448,565.4471112974785,1,-0.0009737157722682355,7923.9873046875,1.207046389579773,0.00013879999999999999
449,513.0665496458103,1,-3.172534228434998e-05,5465.423095703125,1.2069467604160309,0.000138775
450,526.8292640433349,1,-0.0014402231472852023,6179.1627197265625,1.2067513167858124,0.00013874999999999998
451,564.3009950858636,1,8.963570057840542e-05,9687.08984375,1.2065732181072235,0.00013872499999999997
452,486.7225098581383,1,-0.002852938233940172,5864.544189453125,1.206473171710968,0.00013869999999999998
453,384.9136111781639,1,-0.003636708278247358,3545.5739135742188,1.2065068185329437,0.000138675
454,582.9978160858059,1,-0.005853087996671835,10947.156005859375,1.2066398561000824,0.00013864999999999998
455,529.7776374650545,1,0.0002548128734307653,6956.2742919921875,1.2067764699459076,0.000138625
456,573.162691061968,1,0.00015661709018566228,9491.74267578125,1.2068246603012085,0.0001386
457,500.53323365674635,1,-0.001378201307185467,8606.769775390625,1.2068510055541992,0.000138575
458,570.4282503511342,1,0.0005459490658399346,8459.31787109375,1.2069064676761627,0.00013854999999999998
459,552.6468815297694,1,-0.001047393671299801,7674.045166015625,1.2069344818592072,0.000138525
460,453.6208674389834,1,-0.003968530558600136,3784.5330810546875,1.2069536745548248,0.00013849999999999998
461,446.89518739958936,1,-0.0017213194532912368,4286.72705078125,1.206988126039505,0.000138475
462,428.44082008549225,1,-0.002492304120598199,5403.2672119140625,1.2070516049861908,0.00013845
463,573.4749122740129,1,0.0013661404772893349,8792.0732421875,1.207099974155426,0.000138425
464,485.4607281317342,1,-0.002139898047943678,5309.93310546875,1.2071049809455872,0.00013839999999999998
465,531.6840634987112,1,-0.0011060255884118853,6570.813232421875,1.2070392668247223,0.000138375
466,571.9989089994039,1,-0.00028041039095727527,8665.32666015625,1.2069311439990997,0.00013835
467,571.3737077666793,1,-0.0012899238144807867,8851.08740234375,1.2068705558776855,0.000138325
468,556.04612176951,1,-0.00030348917732503367,7217.1268310546875,1.206831306219101,0.0001383
469,498.4997081970522,1,-0.001954590296231018,5858.8873291015625,1.206831693649292,0.000138275
470,557.224518615566,1,-0.000910145923885608,6981.8336181640625,1.2069116532802582,0.00013824999999999997
471,523.2073066582716,1,-0.002504323288107013,6252.6781005859375,1.2069679200649261,0.00013822499999999999
472,534.8574131015523,1,-0.001056693255236496,6249.668212890625,1.2070291638374329,0.0001382
473,559.557090275641,1,-0.002253546768698822,6943.6925048828125,1.2070568799972534,0.00013817499999999998
474,551.313901822193,1,-0.0015815013616240492,7260.8187255859375,1.2071052193641663,0.00013815
475,448.4468240771386,1,-0.0030075059962326733,3852.1515502929688,1.2071653008460999,0.000138125
476,465.5960826815874,1,-0.001618719963548898,4026.2159423828125,1.2072063386440277,0.0001381
477,453.88851075540447,1,-0.001774696633219719,4420.7191162109375,1.2071943581104279,0.00013807499999999998
478,463.7207134195778,1,-0.0015529474859299341,5186.9464111328125,1.2071455121040344,0.00013805
479,548.8498077716777,1,-0.0018418406183454694,7034.7640380859375,1.2069488167762756,0.00013802499999999998
480,547.4058407610935,1,-0.0024064492655453407,7458.50927734375,1.2067391276359558,0.000138
481,461.4018671846295,1,-0.0022619027204657804,5461.7406005859375,1.2065877318382263,0.00013797499999999998
482,554.4571371399229,1,-0.002248208475066349,8143.0123291015625,1.206455558538437,0.00013795
483,590.8520812732456,1,0.0001502921429867854,10210.414794921875,1.2063182890415192,0.00013792499999999998
484,550.9493354206356,1,-0.00025236429480290923,8808.516357421875,1.2062001824378967,0.0001379
485,542.4519054001763,1,-0.0016984629570413468,7687.120849609375,1.2060630023479462,0.000137875
486,454.86131332777956,1,-0.003797740745615563,3762.2982177734375,1.205882042646408,0.00013785
487,475.54406665869385,1,-0.0007639166270574371,4140.7064208984375,1.205707311630249,0.000137825
488,525.9892039267124,1,-0.001747837424368015,7452.71875,1.2054510116577148,0.0001378
489,543.3745323974964,1,-3.137600179226041e-05,6872.9793701171875,1.2052846252918243,0.00013777499999999997
490,525.6940040048199,1,-0.00410756245866839,5512.204345703125,1.205220639705658,0.00013775
491,571.0413253047623,1,0.0009163635911297874,9078.1513671875,1.205214112997055,0.000137725
492,556.1200939506871,1,-0.0015325764206961523,8427.897705078125,1.205235868692398,0.00013769999999999999
493,509.66937437260344,1,-0.0014416952466005384,7155.0718994140625,1.205262303352356,0.00013767499999999997
494,547.4182649750135,1,0.0005325428837048563,7341.9808349609375,1.205264002084732,0.00013764999999999998
495,565.2255529855236,1,-0.00044876142814942455,8313.569580078125,1.2052534222602844,0.000137625
496,555.8225609142162,1,-0.000835567945414617,6606.0936279296875,1.2052336931228638,0.00013759999999999998
497,558.8063143751574,1,-0.001497396570715459,7170.866455078125,1.2052342593669891,0.000137575
498,539.110711292817,1,-0.000873275381552574,6180.54150390625,1.2052362561225891,0.00013754999999999998
499,437.47955078693246,1,-0.003281902619593602,3313.2197265625,1.2052775025367737,0.000137525
500,367.90127713743226,1,-0.004553653314419259,2679.7939453125,1.2053036093711853,0.00013749999999999998
501,343.9777033894468,1,-0.0066986213495213165,2994.8126831054688,1.205271452665329,0.000137475
502,399.80352176959985,1,-0.0033033463076588276,3477.4765625,1.2052589058876038,0.00013744999999999998
503,392.71001170819727,1,-0.0017462195984855322,2966.2559814453125,1.205374002456665,0.000137425
504,233.19252141712315,1,-0.004160181153565645,2690.7726669311523,1.205288514494896,0.0001374
505,568.250282177244,1,0.0006639025206167659,8767.283447265625,1.2040277421474457,0.000137375
506,531.1305970403215,1,0.00042936441544583204,7925.5030517578125,1.2032829225063324,0.00013734999999999998
507,470.50202093947297,1,0.00019687258686396092,5864.364013671875,1.20280122756958,0.000137325
508,418.2712120780136,1,-0.006298810373857933,3063.9815063476562,1.2025201320648193,0.00013729999999999998
509,476.9987976065537,1,-0.008461723170366309,3772.6935424804688,1.2023898661136627,0.000137275
510,466.0644387664634,1,-0.005834489648060881,4880.96923828125,1.2023634612560272,0.00013725
511,525.9304511885158,1,-0.0038059131006877855,5448.028076171875,1.2023142278194427,0.000137225
512,521.2657220389573,1,-0.004052684748667268,5333.2659912109375,1.2022410929203033,0.00013719999999999997
513,445.4176954715235,1,-0.008332205482530552,3576.1851806640625,1.202141284942627,0.000137175
514,578.2818386237467,1,-0.004483454156645195,8601.645751953125,1.2020712792873383,0.00013715
515,466.63387623825463,1,-0.005230547837877131,4090.8573608398438,1.201994240283966,0.00013712499999999999
516,489.41962939886463,1,-0.002355234508727655,4230.6446533203125,1.2017575204372406,0.0001371
517,501.62868537616714,1,-0.004778812932026977,4950.1973876953125,1.2014641761779785,0.00013707499999999998
518,488.74854269821975,1,-0.0015684603820835807,4669.9996337890625,1.2011845111846924,0.00013704999999999997
519,534.6591114902188,1,-0.003542133421905902,5913.673583984375,1.200982928276062,0.00013702499999999998
520,429.0807213555287,1,-0.0015342492907324257,3121.5150146484375,1.2008764743804932,0.000137
521,570.699746983539,1,-5.5228157978426395e-05,7849.3826904296875,1.2006607055664062,0.00013697499999999998
522,535.4090403609606,1,-0.003838719415856562,5609.969482421875,1.2004338204860687,0.00013695
523,578.7037258901672,1,-0.0029540038316104855,9312.1416015625,1.200243592262268,0.000136925
524,524.7633881755019,1,-0.00032080117093480354,5338.907958984375,1.2001375257968903,0.0001369
525,395.6993969684614,1,-0.036517286440357566,3505.9058532714844,1.1998728215694427,0.00013687499999999998
526,569.6491964741041,1,-0.0009015206241294038,8542.396728515625,1.1994092166423798,0.00013685
527,545.6593551195433,1,1.8629802798431072e-05,8807.4521484375,1.199251264333725,0.00013682499999999998
528,543.6176207823844,1,-0.0023639721162478367,8633.548828125,1.199235886335373,0.0001368
529,388.04209195935306,1,-0.00350075873052047,3427.3284301757812,1.1992318332195282,0.00013677499999999998
530,475.88413467362545,1,-0.002029160122792417,4529.434326171875,1.1990820169448853,0.00013675
531,524.1109724846783,1,-0.001429801692183208,5689.851318359375,1.1989732384681702,0.00013672499999999998
532,592.2136928589288,1,0.001132953634536804,10491.475830078125,1.1988958418369293,0.0001367
533,454.77518473428,1,-0.0013257201882597158,3576.0520629882812,1.1988266706466675,0.000136675
534,439.051374882755,1,-0.00386614542572028,3338.2943115234375,1.1987271904945374,0.00013665
535,583.7781353432035,1,-0.0031766201993117527,10974.396240234375,1.1985850930213928,0.000136625
536,601.9605011332616,1,-0.002430835067279702,11204.869140625,1.1985174715518951,0.00013659999999999999
537,550.4963909644964,1,-0.005163453228306025,7024.9473876953125,1.1984466314315796,0.00013657499999999997
538,585.3892839726313,1,0.0005631716158447375,9997.14453125,1.1983901858329773,0.00013654999999999999
539,498.41952325801617,1,-0.004240919157711076,4486.974609375,1.198401778936386,0.000136525
540,433.35397548910237,1,-0.00149377899741987,3523.2730102539062,1.1983612477779388,0.00013649999999999998
541,541.4807120712753,1,-0.0017874594893765305,5936.5184326171875,1.198170393705368,0.00013647499999999997
542,483.5031692963902,1,-0.002018823129429581,4397.7100830078125,1.1980006098747253,0.00013644999999999998
543,503.9825573075967,1,-0.0023577316499947543,4891.1170654296875,1.1979152858257294,0.000136425
544,495.7557089511324,1,-0.0020034499206644796,5577.3134765625,1.1978169977664948,0.00013639999999999998
545,476.302466112915,1,-0.005298900020652919,4073.6864013671875,1.1977059245109558,0.000136375
546,544.8121853302699,1,-0.0019371951822204636,7000.5421142578125,1.1976384222507477,0.00013634999999999998
547,571.0543527560907,1,0.0014675355341751128,8029.015869140625,1.1976196765899658,0.000136325
548,520.18621969136,1,-0.0024308231281962023,5974.79833984375,1.1976799666881561,0.00013629999999999998
549,550.8364343831096,1,-0.0006636811177136437,6524.400634765625,1.1977557241916656,0.000136275
550,579.106672213373,1,-0.0006650559312157966,9750.38818359375,1.197808861732483,0.00013624999999999998
551,566.9006129764657,1,-0.001156233009281138,8322.282958984375,1.1978460848331451,0.000136225
552,540.2162372415858,1,-0.0021689194710328152,6715.15625,1.1979257464408875,0.0001362
553,551.4212861798992,1,-0.0009687510913520825,7011.618408203125,1.198046326637268,0.000136175
554,567.8988489137618,1,-0.001680298399046265,10463.619140625,1.1981379389762878,0.00013614999999999998
555,485.18543506980694,1,-0.0008951649737740652,5842.492919921875,1.1982279419898987,0.000136125
556,490.65497960483594,1,-0.008387416839981565,4447.5487060546875,1.1982914209365845,0.00013609999999999997
557,561.1063901429375,1,-0.0034147189020323765,8929.48681640625,1.1982787549495697,0.000136075
558,567.5222368144415,1,-0.0017656362664659753,8932.500732421875,1.1982463002204895,0.00013605
559,484.37716829136707,1,-0.0014303987701631549,4338.5347900390625,1.1982131600379944,0.00013602499999999999
560,496.33395209746027,1,0.0001363251490920092,4383.5450439453125,1.1981239020824432,0.00013599999999999997
561,582.2372326840829,1,-0.0007637659998724899,9373.863525390625,1.1980462670326233,0.00013597499999999998
562,-227.62459234957487,0,-0.008707917178981006,930.5202407836914,1.1981461495161057,0.00013595
563,525.378768700105,1,-0.0017955809453269467,5898.67724609375,1.198318064212799,0.00013592499999999998
564,550.4958749022754,1,-8.942389767074843e-05,8052.0885009765625,1.1983653903007507,0.0001359
565,590.7125483308873,1,-0.001040345522451247,10949.02490234375,1.1983851492404938,0.00013587499999999998
566,526.2352902697069,1,-0.004088389821452765,5278.1004638671875,1.1983534097671509,0.00013584999999999997
567,532.2938112429625,1,-0.0031104381706637263,5394.707763671875,1.1981619596481323,0.00013582499999999998
568,494.6290484733971,1,-0.0013795182541569417,5225.5753173828125,1.1979470551013947,0.0001358
569,582.9388859484766,1,-0.0019211646747621103,9394.43310546875,1.1977944672107697,0.00013577499999999998
570,590.6682764656398,1,-7.038531026903883e-05,10326.469970703125,1.197693109512329,0.00013575
571,574.1881544226202,1,-0.0016702070832259608,8519.15771484375,1.1976431012153625,0.000135725
572,601.2578325845329,1,-0.0014067002955613361,11373.609619140625,1.1976404190063477,0.0001357
573,588.8177974841585,1,-3.864437271872134e-05,10342.000244140625,1.1976436972618103,0.00013567499999999998
574,504.6418418844827,1,-0.005566919446617025,4568.123046875,1.197640836238861,0.00013565
575,561.3547618174177,1,-0.0018879359159522657,7106.2982177734375,1.1976516842842102,0.00013562499999999998
576,589.700177218831,1,0.0020721790626536674,10325.23486328125,1.1976995766162872,0.0001356
577,557.6071859464793,1,-0.0006367258880346505,8690.100341796875,1.197761058807373,0.000135575
578,530.6331096202571,1,-0.0020385440678722944,4982.2833251953125,1.1978195309638977,0.00013555
579,516.198155746055,1,-0.0041254860715618236,5208.7637939453125,1.1978472769260406,0.00013552499999999997
580,473.04733400681573,1,-0.003274280371526217,3739.562744140625,1.197842389345169,0.0001355
581,579.7482597406722,1,0.0011581224710264237,9149.536376953125,1.1978971660137177,0.000135475
582,580.3155894491952,1,-0.000945608044276014,9323.7177734375,1.1979596614837646,0.00013544999999999999
583,596.8927852380341,1,0.00036110861082594425,10120.033447265625,1.1980254352092743,0.000135425
584,575.8246941790533,1,-0.002924448400363655,7282.132080078125,1.1981015503406525,0.00013539999999999998
585,540.7944693169802,1,-0.002313013125158747,7057.5709228515625,1.1981023252010345,0.00013537499999999997
586,563.3229899665299,1,0.0012270804904037647,7481.0345458984375,1.1981312036514282,0.00013534999999999998
587,546.6284129836686,1,-0.0027816084069183233,5842.2479248046875,1.198137491941452,0.000135325
588,599.9708343422229,1,-0.002534013200441887,10828.48681640625,1.1981318891048431,0.00013529999999999998
589,531.1613541116935,1,0.0001384534261887893,5685.638916015625,1.198171854019165,0.000135275
590,580.2049134215675,1,-0.002171941760667373,8520.59619140625,1.198198825120926,0.00013524999999999998
591,560.6678092336099,1,-0.0009983641074300387,7417.45556640625,1.1982012391090393,0.000135225
592,571.7332425186066,1,-0.0006436403564791249,9575.10400390625,1.1982593536376953,0.00013519999999999998
593,585.5083847073395,1,-0.0004141149658636323,8787.503662109375,1.1983477175235748,0.000135175
594,572.536923530542,1,-0.0009283625013152275,8162.4117431640625,1.1984158158302307,0.00013514999999999998
595,588.844942579917,1,-0.00033069714660172167,9247.201416015625,1.1985203325748444,0.000135125
596,581.513349419226,1,-0.0010311679339516933,8819.154052734375,1.1986741423606873,0.0001351
597,581.4734924353027,1,-0.0013392904298739072,9188.92626953125,1.1987751722335815,0.000135075
598,499.3335045625159,1,-0.0010643070286642242,4381.2137451171875,1.1988098323345184,0.00013504999999999998
599,582.3071961817216,1,0.0010529629169511168,8581.432373046875,1.1988326013088226,0.000135025
600,507.66894334230415,1,-0.0021406273982966795,7793.662841796875,1.1988892257213593,0.000135
601,552.9501409250827,1,-0.0035182856156978914,6002.274169921875,1.198999971151352,0.000134975
602,579.6665375514012,1,-0.0010531904960320304,8020.6171875,1.199142575263977,0.00013494999999999997
603,586.177442528344,1,-0.00042816195421480074,8975.15673828125,1.1992243826389313,0.00013492499999999999
604,572.7102143765106,1,-0.0010685542663857461,8972.75732421875,1.1992836594581604,0.0001349
605,580.800472432147,1,-0.0024583228693033643,8531.56591796875,1.199322521686554,0.00013487499999999999
606,583.2155207881617,1,-0.0030263274157835696,8496.996337890625,1.1993430256843567,0.00013485
607,569.6752218246413,1,-0.0026383224300089436,7402.62744140625,1.19932422041893,0.00013482499999999998
608,594.8923173565777,1,-0.0002589489330460104,10164.758544921875,1.199302464723587,0.0001348
609,569.5203402981906,1,-0.0015221158957703373,7817.8380126953125,1.1993349492549896,0.00013477499999999998
610,595.8216150567913,1,-0.000594437128812686,9918.19775390625,1.1994423866271973,0.00013475
611,553.6336267446077,1,-0.0011316656711807815,6615.746337890625,1.1995390355587006,0.00013472499999999998
612,577.8712079005329,1,-0.000993755054409462,9719.3701171875,1.1995717883110046,0.0001347
613,576.3794894901954,1,0.00019534577365221129,8825.6474609375,1.1996307075023651,0.000134675
614,480.7767706294793,1,-0.002841056895352523,3650.6069946289062,1.199781060218811,0.00013465
615,490.0033822146629,1,-0.0027121901512145996,3781.6507568359375,1.2002871632575989,0.00013462499999999998
616,584.2873582132166,1,0.003431863291362802,9985.660888671875,1.2007893323898315,0.0001346
617,590.5319458522176,1,-0.002616964468725058,10156.233642578125,1.2011556029319763,0.00013457499999999998
618,592.4474952600535,1,0.0002901976606235479,10725.900146484375,1.2014440298080444,0.00013455
619,522.56610236539,1,-0.0010075263496951425,7432.63720703125,1.201606035232544,0.000134525
620,592.5088741909527,1,0.00010036896053566835,10114.096923828125,1.201706349849701,0.0001345
621,527.7332738007451,1,-0.0016792016685940325,7641.09130859375,1.2018190920352936,0.00013447499999999998
622,485.35879132955245,1,-0.00029761063124666975,5682.3223876953125,1.201868712902069,0.00013445
623,585.7552893420991,1,-0.00127180075746125,9914.01611328125,1.2017549872398376,0.000134425
624,525.2731635490146,1,-0.0008884774127349004,5746.910888671875,1.2016120553016663,0.0001344
625,595.091284364482,1,0.0001968652941286564,10641.361328125,1.2014819383621216,0.000134375
626,504.9935763911041,1,-0.0013547644828741934,7122.1392822265625,1.2014229595661163,0.00013434999999999999
627,582.5047089819736,1,-0.001172668625283535,9220.635498046875,1.2013678550720215,0.00013432499999999997
628,540.6644077790363,1,-0.0034841769501592346,7464.577392578125,1.2012915015220642,0.00013429999999999998
629,505.2472784129565,1,-0.0029361313612010775,4424.2017822265625,1.2011476457118988,0.000134275
630,601.8600992758411,1,-0.0019457051530480385,11121.393798828125,1.2009519040584564,0.00013424999999999998
631,564.2647321942334,1,-0.0019993677151681766,8150.3109130859375,1.2008087635040283,0.000134225
632,509.04164996728116,1,-0.0005737019624834083,4705.6796875,1.200744390487671,0.0001342
633,447.0734827004868,1,-0.0015072497262735851,4256.0574951171875,1.2006056904792786,0.000134175
634,585.5015835107904,1,0.0006738716941701028,8880.2353515625,1.2005076706409454,0.00013414999999999998
635,582.7812945812332,1,-0.0015996771939423837,8574.586669921875,1.2004379630088806,0.000134125
636,559.7542037153078,1,3.4980741562939954e-05,7663.785400390625,1.2003550827503204,0.00013409999999999998
637,546.2098279593902,1,-0.0018995704741806563,5407.1744384765625,1.200219750404358,0.000134075
638,530.2117250464744,1,-0.0035641548165585846,5389.4410400390625,1.2000324428081512,0.00013404999999999998
639,552.9336936137586,1,-0.007236468071491586,5712.4454345703125,1.1998281478881836,0.000134025
640,571.1566103201561,1,-0.0076098932328689806,6368.9605712890625,1.199704498052597,0.00013399999999999998
641,534.8401259507223,1,-0.0008347108232555911,6900.281005859375,1.1996892094612122,0.000133975
642,579.561601367411,1,-0.0018864052603024817,9260.182861328125,1.199711948633194,0.00013395
643,595.7724468411755,1,0.0009639622134871573,9126.64208984375,1.1997472941875458,0.000133925
644,481.34104795162216,1,-0.002594835085575564,3554.1630249023438,1.1997765898704529,0.0001339
645,485.17241404522525,1,-0.0035775012642420556,7372.6417236328125,1.1997835040092468,0.000133875
646,555.7116091592471,1,-0.003585920600484016,7536.429931640625,1.1998279094696045,0.00013384999999999997
647,574.353158835184,1,-0.002119998121845157,7997.0792236328125,1.1998144090175629,0.000133825
648,572.2963150192581,1,-0.0014149186640830536,6839.0438232421875,1.1997518241405487,0.0001338
649,576.7914749183733,1,-0.0036260757034671798,8408.987548828125,1.1996908485889435,0.00013377499999999999
650,595.0163482772447,1,-0.00037924987841009283,9248.664306640625,1.1996534764766693,0.00013374999999999997
651,497.60904726064365,1,-0.0025150274683780616,5674.89794921875,1.199700266122818,0.00013372499999999998
652,588.3182496811255,1,-0.0033876691146623727,9202.99267578125,1.1997332870960236,0.0001337
653,540.8556735590464,1,-5.258163682242412e-09,5773.4776611328125,1.1997470557689667,0.00013367499999999998
654,514.7237272148133,1,-0.0013928888078745816,4702.2816162109375,1.1997411251068115,0.00013365
655,593.2874214920786,1,0.000537154087214553,9343.320068359375,1.1998384892940521,0.00013362499999999998
656,501.7156524086464,1,-0.001352391671477271,3791.1522216796875,1.1998901665210724,0.0001336
657,504.8849709212001,1,-0.006164082948428851,4380.089111328125,1.199899584054947,0.00013357499999999998
658,576.3321560132181,1,-0.0004754772227517634,8089.5748291015625,1.199903279542923,0.00013355
659,532.227112569916,1,-0.0033868494760138645,6179.3306884765625,1.199900209903717,0.00013352499999999998
660,547.3473468747106,1,-0.0021917055081575043,8630.770263671875,1.1999827027320862,0.0001335
661,562.1059903116555,1,-1.6034297953382293e-05,6337.1463623046875,1.2000895142555237,0.000133475
662,584.7287077433318,1,-0.001849911708728058,8544.681640625,1.2001873552799225,0.00013345
663,559.2859492139598,1,-0.0025164262392154413,5828.7222900390625,1.2003198862075806,0.00013342499999999998
664,588.4346229852378,1,0.0005353850833166307,9045.277587890625,1.2005230486392975,0.0001334
665,529.5873250812589,1,-0.0027711660333009647,5409.7252197265625,1.200634241104126,0.00013337499999999998
666,510.2380697308624,1,-0.006067091140979031,6986.6622314453125,1.2006411850452423,0.00013335
667,563.2094769218036,1,-0.008868183891557635,7327.365234375,1.2006732821464539,0.000133325
668,550.4701709207054,1,-0.0025905315797949413,8253.229736328125,1.2007326781749725,0.0001333
669,594.9492690333101,1,-2.9041732426016154e-05,8819.60009765625,1.2008153796195984,0.00013327499999999997
670,520.1424931692816,1,-0.0014233250390747187,4755.3023681640625,1.2008802592754364,0.00013324999999999999
671,595.5209092930451,1,-0.0020357120365992465,10009.6298828125,1.2008290588855743,0.000133225
672,531.8174615526738,1,-0.007964542623788873,4516.690185546875,1.200780600309372,0.00013319999999999999
673,589.2764659217363,1,0.0014223642269703962,8191.4742431640625,1.2008226811885834,0.000133175
674,530.7433319359473,1,-0.0012639444189899152,6988.548583984375,1.2008981704711914,0.00013314999999999998
675,347.4048577761814,1,-0.003548463896395404,5272.27001953125,1.2009221017360687,0.00013312499999999997
676,532.9571573854436,1,-0.0008183955682787847,7143.557861328125,1.2008944749832153,0.00013309999999999998
677,558.251905286467,1,-0.005125380449056971,5674.026611328125,1.2009259164333344,0.000133075
678,593.6104619982741,1,0.0004792850975512408,8805.30517578125,1.2010022699832916,0.00013304999999999998
679,553.9892957492274,1,-0.0009019349257713971,6418.33544921875,1.201113909482956,0.000133025
680,574.2627565856898,1,-0.0005733966547118996,8004.066650390625,1.201182246208191,0.000133
681,415.306335541427,1,-0.004592306400358792,2916.0863647460938,1.2013123631477356,0.000132975
682,575.7219437069248,1,0.0018766882450620415,8937.379638671875,1.2014683187007904,0.00013294999999999998
683,517.5876941931266,1,-0.004337153019982498,5626.7437744140625,1.2015824913978577,0.000132925
684,558.3864509576556,1,-0.001239157475870556,6391.385498046875,1.2017408609390259,0.00013289999999999998
685,567.3273049988247,1,-0.0011376228274579958,6167.5482177734375,1.2019071877002716,0.000132875
686,597.5830389492845,1,0.00042309099808335304,10222.712158203125,1.2020702958106995,0.00013285
687,591.4910069583622,1,-0.001446786807245637,8583.469970703125,1.202249825000763,0.000132825
688,560.3351476728741,1,-0.001801702242421932,6239.6663818359375,1.2024257183074951,0.00013279999999999998
689,543.1888514781567,1,-0.003363643555556184,5423.850830078125,1.2025770843029022,0.000132775
690,570.4297026782077,1,-0.0014074393307641486,6390.6241455078125,1.2026635110378265,0.00013275
691,556.8174990221446,1,-0.0006384837427807488,6352.94921875,1.2027490139007568,0.000132725
692,578.3631963724033,1,-0.0005308162567634334,7196.4989013671875,1.2028080821037292,0.0001327
693,552.4969636757238,1,-0.0011525585979665909,4872.4908447265625,1.2028520107269287,0.00013267499999999999
694,504.07896505109,1,-0.0038528966974951118,4789.311767578125,1.2029313743114471,0.00013264999999999997
695,536.8511320499256,1,-0.00016526210844136635,4863.060791015625,1.2031017243862152,0.00013262499999999998
696,586.5924258335787,1,-0.004915649212076545,9009.162353515625,1.2034134566783905,0.0001326
697,569.3569658928214,1,-0.0008766933034127788,8167.81689453125,1.2037042081356049,0.00013257499999999998
698,533.3293255542708,1,-0.001464869417308945,4666.0418701171875,1.2039304375648499,0.00013255
699,595.5909529085509,1,-7.911081052824898e-05,9540.095947265625,1.2041335999965668,0.00013252499999999998
700,587.2807209026255,1,-0.004920363040486819,7701.6199951171875,1.2043158411979675,0.0001325
701,572.0907366466088,1,0.000530243745054837,7609.7232666015625,1.2045993506908417,0.00013247499999999998
702,526.1395803303196,1,-0.002943947627623622,4807.0013427734375,1.2048954665660858,0.00013245
703,542.2047003051937,1,0.0006876506788842107,5247.611328125,1.2051425576210022,0.00013242499999999998
704,546.1283530734756,1,-0.0014789802494075133,7617.7425537109375,1.205343246459961,0.0001324
705,558.499715451654,1,-0.00026499747947816843,7032.3262939453125,1.205502063035965,0.000132375
706,558.4937349397478,1,-0.002561246071819845,5188.514404296875,1.205712765455246,0.00013235
707,583.8930105814777,1,-0.0004107760237213043,7775.2152099609375,1.2058923840522766,0.00013232499999999998
708,547.5514273544572,1,-0.0020384217570024177,4942.1534423828125,1.2060061693191528,0.0001323
709,556.2422862752667,1,-0.0033429110591332023,5886.735595703125,1.2060299515724182,0.000132275
710,600.3087576264039,1,-0.003939085496435624,10895.26904296875,1.20601686835289,0.00013225
711,520.8122112136275,1,-0.0008138978138294561,4332.6439208984375,1.2060419917106628,0.00013222499999999997
712,535.8894588795308,1,-0.0005156010230980002,4903.894775390625,1.206123173236847,0.0001322
713,575.1604780331452,1,-0.005422394331491276,6721.332275390625,1.206101804971695,0.00013217499999999997
714,530.6166752670924,1,-0.0037179082725815604,4958.0093994140625,1.2061110436916351,0.00013215
715,523.1985561181856,1,0.0006640508829152125,7122.775390625,1.2060717940330505,0.000132125
716,574.7306579018085,1,-0.002099607048753782,6426.4580078125,1.2061644196510315,0.00013209999999999999
717,475.28636863503465,1,-0.0024249969846351638,4254.728759765625,1.2063042223453522,0.000132075
718,537.7039032950677,1,-0.0008848209503273807,4681.8404541015625,1.2065297365188599,0.00013204999999999998
719,584.0687790457522,1,0.0006992028120508254,6873.037841796875,1.2065740525722504,0.000132025
720,421.69317991990204,1,-0.0027219368335185123,4531.9891357421875,1.2065712213516235,0.00013199999999999998
721,593.8593538456626,1,-0.0022183709627228154,8910.477294921875,1.2066653966903687,0.000131975
722,592.5874233972589,1,-0.0008965360994164229,8466.409423828125,1.2067699134349823,0.00013194999999999998
723,539.8424266955645,1,-0.0007545682503838913,5113.101806640625,1.2068438529968262,0.00013192499999999997
724,440.02133499626007,1,-0.005399896740063248,3737.18212890625,1.2071067690849304,0.00013189999999999998
725,594.7989194497584,1,-0.003786029646706268,8160.42919921875,1.2077521979808807,0.000131875
726,595.6961518272481,1,-0.0015554102737143083,8924.4150390625,1.2083666920661926,0.00013184999999999998
727,546.6476525230861,1,-0.003563279179179979,7992.522216796875,1.2088404893875122,0.000131825
728,588.9636174270472,1,-0.005517768412545365,9511.265625,1.2092110216617584,0.0001318
729,546.5177969345592,1,-0.0013000525731343693,5064.97802734375,1.2094607055187225,0.000131775
730,596.956123317276,1,-0.0021761080318523085,9712.27294921875,1.2095511555671692,0.00013174999999999998
731,546.8423250175105,1,-0.004098320632811792,5091.112060546875,1.209580808877945,0.000131725
732,568.1816934543375,1,-0.0008543321038860796,6976.8206787109375,1.209587961435318,0.00013169999999999998
733,576.6039304759175,1,-0.0023934155742377783,6789.157470703125,1.2096374332904816,0.000131675
734,486.9380954570148,1,-0.0028559958010312414,3973.5885009765625,1.2096934616565704,0.00013165
735,582.5739621955815,1,-0.006123824857578342,7376.1236572265625,1.2096841037273407,0.000131625
736,590.0105664629368,1,-0.004851013072766364,7694.0322265625,1.2097393870353699,0.00013159999999999997
737,553.6737253278667,1,-0.0010304360912414268,5777.5247802734375,1.209794521331787,0.00013157499999999999
738,589.0118214709194,1,-0.0010021497691381498,8904.175048828125,1.20974463224411,0.00013155
739,596.0319999568546,1,-0.0022576703696941536,8681.605712890625,1.2097000181674957,0.00013152499999999999
740,565.6370668870677,1,-0.000981715891539281,5476.333984375,1.209727555513382,0.0001315
741,587.2888256573328,1,-0.0013348039534564204,7398.388671875,1.2097413837909698,0.00013147499999999998
742,475.50274692300536,1,-0.0014905791956278946,4818.64892578125,1.2097358107566833,0.00013144999999999997
743,591.914923647038,1,-0.00022990705074299456,6850.0350341796875,1.2097840309143066,0.00013142499999999998
744,392.55792159956775,1,-0.000593450773404669,7248.7440185546875,1.2099228501319885,0.0001314
745,591.9140424633022,1,-0.002738719156089253,8255.245361328125,1.2100306153297424,0.00013137499999999998
746,587.0613746908514,1,-0.00018272521914308726,6711.28955078125,1.2100849747657776,0.00013135
747,571.2910354452708,1,-0.006123745410572923,6345.7427978515625,1.2101280987262726,0.00013132499999999998
748,567.1665829259323,1,-0.002176030926399508,5677.7352294921875,1.210177093744278,0.0001313
749,557.2619783930298,1,-8.560243877653306e-05,5935.7205810546875,1.210217148065567,0.00013127499999999998
750,569.5672163026875,1,-0.00422519604422078,6355.978759765625,1.2102146446704865,0.00013125
751,537.8290558470026,1,-0.001732077442014729,5218.211181640625,1.2101971209049225,0.00013122499999999998
752,582.4006283856877,1,-0.0008587921126412823,8107.38671875,1.2102137804031372,0.0001312
753,584.0608705921214,1,-0.0010344291113622006,7022.4215087890625,1.2103059589862823,0.000131175
754,553.895747242756,1,-0.0018610882598464329,5444.633544921875,1.2103608548641205,0.00013115
755,587.9093087906062,1,-0.0011397030392643615,8231.052978515625,1.2102819979190826,0.00013112499999999998
756,598.6539606320503,1,-0.002993263304233551,9165.51513671875,1.2102962732315063,0.0001311
757,537.16955562475,1,-0.002937902087941424,4422.830078125,1.21035897731781,0.000131075
758,430.0911371756052,1,-0.005074113908487258,3021.2840983072915,1.2104399998982747,0.00013105
759,569.393570045671,1,-0.007965568091573338,6844.056396484375,1.2105726301670074,0.00013102499999999997
760,491.6546817655793,1,-4.2294115701224655e-05,3686.2693481445312,1.2107321619987488,0.00013099999999999999
761,566.4579853319011,1,-0.0017589545171718401,5986.9073486328125,1.2108246982097626,0.000130975
762,607.9355511163606,1,-0.0008083602238890819,10302.743896484375,1.210947424173355,0.00013094999999999998
763,584.263856753905,1,0.00047643608397507364,7480.5054931640625,1.2111079692840576,0.000130925
764,585.2801442738275,1,-0.0009615710647157272,7765.4393310546875,1.2112725675106049,0.00013089999999999998
765,561.1766422356507,1,-0.003053110691417782,5950.502685546875,1.2114495635032654,0.000130875
766,500.0189528620052,1,-0.0011729834574190079,4226.837158203125,1.2115035951137543,0.00013084999999999998
767,519.3859138264683,1,-0.004026637250862386,4737.9952392578125,1.211467683315277,0.000130825
768,580.4445725869729,1,-0.00010719970302952575,6489.703125,1.2114502787590027,0.00013079999999999998
769,574.4772171532452,1,-0.0015579313096720782,6455.043212890625,1.2114576399326324,0.000130775
770,582.2239646825847,1,-0.0033853866846929037,7360.7708740234375,1.2113864719867706,0.00013075
771,529.6571412513987,1,-0.0006999499015698518,6042.58251953125,1.2113673686981201,0.000130725
772,535.3742929245767,1,-0.0008044651318037666,4956.907470703125,1.2113533914089203,0.00013069999999999998
773,593.5355473290631,1,-0.0005278925044178706,8403.908447265625,1.211386799812317,0.000130675
774,533.0013452717501,1,-0.0014117846255974342,6661.24267578125,1.2114150524139404,0.00013064999999999998
775,569.4852050285857,1,-0.00409987435961412,7870.2479248046875,1.2113498151302338,0.000130625
776,570.8890520786586,1,-0.004345606549436276,5846.0223388671875,1.2112672626972198,0.0001306
777,538.1614167334844,1,0.0007422033844033393,5460.541015625,1.2112647891044617,0.000130575
778,546.7770026500873,1,-0.001347417380767768,6068.4010009765625,1.2113455533981323,0.00013054999999999997
779,605.7056970313903,1,-0.0005240857753401329,8823.760986328125,1.2116068303585052,0.000130525
780,520.1433431216607,1,-0.007378892033119477,5234.7926025390625,1.211866021156311,0.0001305
781,532.8725220561173,1,-0.0003042534478150394,4260.7188720703125,1.2122081518173218,0.000130475
782,516.721147134504,1,-0.0034633029219026668,4032.3126220703125,1.2126572728157043,0.00013045
783,500.27340602399437,1,-0.0042049930805821605,3460.3099772135415,1.2128482659657795,0.00013042499999999999
784,597.8173491733351,1,-0.004047698527573473,9771.898681640625,1.2128063142299652,0.00013039999999999997
785,555.6028689558048,1,0.0008708279782161377,5291.9154052734375,1.2127381265163422,0.00013037499999999998
786,602.367463044778,1,1.2680653380670037e-05,9018.487060546875,1.2126480638980865,0.00013035
787,455.99005836904536,1,-0.003463221970058772,4586.6600341796875,1.2125344276428223,0.00013032499999999998
788,500.2612091027404,1,-0.0040493011474609375,4253.6900634765625,1.2121514081954956,0.0001303
789,597.9312361788411,1,-0.0041754649262513155,8707.528076171875,1.211733192205429,0.000130275
790,596.685593653039,1,-0.0011692670773921776,8729.263671875,1.2115103006362915,0.00013025
791,567.4606980055115,1,0.0006636883259298898,6147.0892333984375,1.2113896906375885,0.00013022499999999998
792,565.9758841305475,1,-0.003276356433610239,6344.5113525390625,1.2113278806209564,0.0001302
793,543.9905055582949,1,-0.0018472919816856503,4828.8861083984375,1.2113871574401855,0.00013017499999999998
794,590.7664172146824,1,-0.0008586140164323908,9195.00341796875,1.2114019393920898,0.00013015
795,571.0269269221192,1,-0.0018032316879335042,7320.6630859375,1.2114398777484894,0.00013012499999999998
796,608.8907367979424,1,-0.001264946466662309,10377.45166015625,1.2114815711975098,0.0001301
797,517.0173856550973,1,-0.0020493958170786364,4595.378662109375,1.2114681899547577,0.00013007499999999998
798,506.0288538038415,1,-0.003916975924681321,3944.9273681640625,1.2113880813121796,0.00013005
799,604.4874811767559,1,0.0011613619745620696,10530.2138671875,1.2113543152809143,0.000130025
800,580.3912531672277,1,-0.003978501281538982,6958.1688232421875,1.2113922238349915,0.00013
801,562.4683470909918,1,-0.0016700644434117784,5702.1644287109375,1.2115151286125183,0.000129975
802,562.1679187690457,1,-0.0017501601396361366,6348.6363525390625,1.2117120325565338,0.00012995
803,543.8461466483691,1,-0.004791256792801013,4226.6627197265625,1.2119023501873016,0.00012992499999999997
804,568.0837099881437,1,-0.0014966510057234927,8375.0859375,1.2120790779590607,0.00012989999999999999
805,521.2296725537451,1,-0.00024939328686746087,5660.2796630859375,1.2122353613376617,0.000129875
806,549.4838932137387,1,-0.0016917450588866956,6125.4365234375,1.2123528122901917,0.00012984999999999998
807,472.25745446251665,1,-0.005600253863829341,3685.6185302734375,1.212440550327301,0.00012982499999999997
808,521.9731869446425,1,-0.002591611862536425,3665.6896362304688,1.2126824259757996,0.00012979999999999998
809,565.6638661824472,1,0.00102292397756365,7012.3623046875,1.2130779027938843,0.000129775
810,596.3205840048217,1,-0.0019347849607118661,9075.739990234375,1.2134344577789307,0.00012974999999999998
811,559.4096045567649,1,-0.0009705794719783167,5148.7275390625,1.2137075662612915,0.000129725
812,550.2690055245641,1,-0.0030862862602933916,5624.8642578125,1.213884025812149,0.00012969999999999998
813,571.7641682909689,1,-0.00025415969645403713,6174.410400390625,1.2140913903713226,0.000129675
814,578.1941730005337,1,-0.0009381225095683732,6652.1602783203125,1.2142590880393982,0.00012965
815,595.9120983006829,1,0.00020793591335976913,7604.27490234375,1.2145149111747742,0.000129625
816,568.500086849883,1,-0.0026412984539043727,5477.642333984375,1.214764654636383,0.00012959999999999998
817,597.9788025794961,1,0.0009985145579332055,9136.939697265625,1.2150100767612457,0.000129575
818,412.48286809639893,1,-0.006955459207242498,3782.4055786132812,1.2152673602104187,0.00012955
819,601.6029538452931,1,0.0063020652160048485,8557.1259765625,1.2156201004981995,0.000129525
820,565.3239365563538,1,-0.0006156789783755556,5755.806396484375,1.2159523665904999,0.00012949999999999998
821,570.7409006896463,1,-0.00107764619744799,5525.5343017578125,1.2161889374256134,0.000129475
822,568.0096801121763,1,-0.005299914921836457,6184.8480224609375,1.2163858711719513,0.00012944999999999998
823,572.0102097495692,1,-0.001560458948228316,6179.4669189453125,1.2166163921356201,0.000129425
824,542.1695212437985,1,-0.0027277098243674303,4570.52734375,1.216866910457611,0.0001294
825,576.3014443949533,1,-0.001187848755382248,6021.7607421875,1.2171300053596497,0.000129375
826,569.0257798011735,1,-0.0002756891324595667,5413.87744140625,1.2173273861408234,0.00012935
827,571.6850389247458,1,-0.0035291246869051385,5598.18701171875,1.2174474895000458,0.00012932499999999999
828,554.5569658229704,1,-0.002684658792124761,4726.4547119140625,1.2174483239650726,0.0001293
829,557.651116980406,1,0.0005964724246103614,6780.635498046875,1.21746364235878,0.00012927499999999998
830,570.3944388500677,1,-0.0020942653885214213,5990.03125,1.2174755334854126,0.00012925
831,541.9198049490269,1,-0.004549571385101592,3993.5244750976562,1.2174760401248932,0.00012922499999999998
832,600.1229685304793,1,0.00023689739553844902,8437.365966796875,1.2174173295497894,0.00012919999999999997
833,549.7784843648299,1,-0.0009700016162241809,7342.2847900390625,1.2173512876033783,0.00012917499999999998
834,469.6886068165861,1,-0.006429080655094399,3844.4747314453125,1.2173165380954742,0.00012915
835,507.25397806142564,1,-0.00439257020020456,6542.3834228515625,1.2172991633415222,0.00012912499999999998
836,551.9057063491335,1,-0.007698412734440829,5055.8658447265625,1.2173653841018677,0.0001291
837,519.5077508031948,1,-0.0036969125096213418,3967.9052734375,1.2175630629062653,0.000129075
838,556.0557033429963,1,-0.0025381248002220858,4574.38427734375,1.2177308797836304,0.00012905
839,576.5684717796682,1,-0.0003788338843735417,5821.0140380859375,1.217835783958435,0.00012902499999999998
840,571.2462770661332,1,-0.00043355142115597545,6819.130126953125,1.2179500758647919,0.000129
841,572.437393298844,1,-0.004339177135585182,5114.6533203125,1.2181842625141144,0.00012897499999999998
842,-224.02087597704187,0,-0.003328209909211312,1712.3333217075892,1.2184898853302002,0.00012895
843,520.288739859567,1,-0.003979981805269706,3987.0966796875,1.2186167240142822,0.00012892499999999998
844,579.370915866647,1,-0.002160270835689815,6792.911865234375,1.2184949815273285,0.0001289
845,576.7825506450466,1,-0.002983260021141243,6156.1651611328125,1.2183474600315094,0.00012887499999999997
846,546.5267662289915,1,-0.00039930704826485197,6800.4139404296875,1.2181701064109802,0.00012885
847,567.5565525526506,1,-0.002161734393723691,5115.5821533203125,1.2180155217647552,0.000128825
848,547.8774204729777,1,-0.007177166420720749,4964.8255615234375,1.2178791761398315,0.0001288
849,585.3211569894638,1,-0.007985724279173212,5782.531494140625,1.2178715765476227,0.000128775
850,427.5060076887784,1,-0.006441785165793856,5768.875,1.2180441617965698,0.00012874999999999999
851,566.733541631116,1,-0.0034669705756855684,4983.6845703125,1.2183842957019806,0.00012872499999999997
852,572.0714070816744,1,-0.00011342341863596062,4965.9962158203125,1.2187847197055817,0.00012869999999999998
853,530.674242865342,1,-0.0052534455977628625,5063.83251953125,1.2191411852836609,0.000128675
854,575.7669870121301,1,0.0013857498590368333,5484.4215087890625,1.2194722294807434,0.00012864999999999998
855,566.2372691374451,1,-0.0017678196600172669,5817.980712890625,1.219830572605133,0.000128625
856,575.7082678662996,1,-0.0004940981881835782,6165.4654541015625,1.2201866805553436,0.00012859999999999998
857,553.8232198644408,1,-0.004413541747727123,4199.2767333984375,1.2205033600330353,0.000128575
858,547.2412330654147,1,-0.0016071208751107235,3887.6524047851562,1.2206734716892242,0.00012854999999999998
859,601.1128540852561,1,-0.0035996732656808916,8037.9326171875,1.2207196056842804,0.000128525
860,582.6213198138395,1,-0.0010631851967950467,6215.7523193359375,1.2207627892494202,0.00012849999999999998
861,597.2680269324651,1,-0.0032535536048410307,7170.175537109375,1.2209147810935974,0.000128475
862,586.8013575773682,1,-0.002109335735881235,7426.882568359375,1.221058338880539,0.00012845
863,593.9418958778467,1,-0.0008299984531823235,6604.4962158203125,1.221235305070877,0.000128425
864,540.5093573302194,1,-0.003925519603672711,3883.81201171875,1.2214566767215729,0.00012839999999999998
865,594.9675297689218,1,-0.004820714779798507,8170.222412109375,1.2216152548789978,0.000128375
866,598.691960960053,1,-0.0005445367577188165,7395.8614501953125,1.2217576503753662,0.00012835
867,560.8335089454933,1,-0.00492599475430322,4443.7017822265625,1.2219152450561523,0.000128325
868,586.5075168350804,1,0.0003590014442655942,6801.731689453125,1.2221482992172241,0.00012829999999999997
869,585.4607894002843,1,-0.001816371302005404,5555.274658203125,1.2223429083824158,0.000128275
870,565.2080279602928,1,-0.0026866692939794268,4767.5035400390625,1.2224426567554474,0.00012824999999999997
871,560.4999801674526,1,-0.0008202609198502131,4377.750244140625,1.2225037515163422,0.00012822499999999999
872,564.6726537352433,1,-0.0025817485998000933,5807.365478515625,1.2225805521011353,0.0001282
873,533.2312079272778,1,-0.0017388082861771181,3786.6673583984375,1.222638100385666,0.00012817499999999998
874,-205.9766210819606,0,0.01529677351936698,1894.3931477864583,1.2224289576212566,0.00012815
875,570.8300140761253,1,-0.015550438486235052,5383.739990234375,1.22229465842247,0.00012812499999999998
876,541.8437131758426,1,0.0001713249001688566,3740.56689453125,1.222391039133072,0.0001281
877,564.1946013455577,1,-0.005410768533762322,5106.3973388671875,1.2225867807865143,0.00012807499999999998
878,535.7297703397278,1,0.001506147343510733,4209.11962890625,1.2227372825145721,0.00012805
879,579.101421805837,1,-0.005980113926141062,5112.39208984375,1.2228068709373474,0.00012802499999999998
880,576.7657593485384,1,-3.825795862111292e-05,5624.6224365234375,1.222888469696045,0.00012799999999999997
881,520.0473583204132,1,-0.010112541888136484,3472.5864868164062,1.2229948937892914,0.00012797499999999998
882,590.9667652333053,1,0.004831354361241935,7232.0145263671875,1.2229860723018646,0.00012795
883,553.6254626683526,1,-0.0035679397002483793,5163.79248046875,1.2230214476585388,0.00012792499999999998
884,570.9506276275308,1,-8.089917747877706e-05,5717.6600341796875,1.2231863737106323,0.0001279
885,492.9565977184235,1,-0.0012975935777541636,3622.3765258789062,1.2233620584011078,0.000127875
886,534.7451108556243,1,-0.013689276690340924,3859.1604614257812,1.2235859334468842,0.00012785
887,429.96913313651083,1,-0.008233602306475222,2464.4917805989585,1.2236604690551758,0.00012782499999999998
888,536.4693791995178,1,0.009881906117401584,5339.80126953125,1.2233476042747498,0.0001278
889,534.1693316162537,1,0.003994501172227771,6387.500732421875,1.2231255173683167,0.00012777499999999998
890,565.0004338978998,1,-0.0014341817083973751,6367.2896728515625,1.2230841219425201,0.00012775
891,501.9854354318944,1,-0.006767771639019093,2907.3892211914062,1.2230682671070099,0.000127725
892,566.6856682405189,1,-0.0031955978305830968,5046.5260009765625,1.2230168581008911,0.0001277
893,523.1042773971818,1,-0.008272177918861923,5010.845947265625,1.223174899816513,0.00012767499999999997
894,535.1238240647488,1,0.0012337610358370554,4394.4044189453125,1.2233401834964752,0.00012764999999999999
895,528.8787084177623,1,-0.007658899643657513,3339.5753784179688,1.2234862446784973,0.000127625
896,547.1623560088451,1,0.002373469842447129,5593.316650390625,1.2238016724586487,0.00012759999999999998
897,482.5115868537813,1,-0.0038584706784164924,3744.0516967773438,1.224156379699707,0.000127575
898,529.2338059791903,1,-0.007083088351716782,4401.3292236328125,1.2246522903442383,0.00012754999999999998
899,440.34440971437664,1,-0.00179332046248315,3783.7532348632812,1.225207656621933,0.000127525
900,583.6571617403511,1,-0.0035331721883267164,6054.609619140625,1.225653886795044,0.00012749999999999998
901,578.9883575023922,1,0.0004954987345424655,6195.2579345703125,1.22600057721138,0.000127475
902,546.4941828827322,1,-0.0058970804093405604,4311.771240234375,1.2262713611125946,0.00012744999999999998
903,587.9545943486349,1,0.001030452020526873,6435.5364990234375,1.226582407951355,0.000127425
904,577.8202100322562,1,-0.005153050892278799,5341.5218505859375,1.2268849313259125,0.00012739999999999998
905,606.1517374594044,1,-0.0044604718909031504,7282.36181640625,1.2271752059459686,0.000127375
906,562.2819746593599,1,-0.0035401335917413235,7371.01318359375,1.2274160385131836,0.00012734999999999998
907,585.1893300744238,1,-0.002381658743080717,6230.022705078125,1.2276196777820587,0.000127325
908,548.8439129306194,1,-0.0029203718927576505,4118.330810546875,1.2276981174945831,0.0001273
909,562.2893637397124,1,-0.0029633641038919745,4938.9691162109375,1.227530300617218,0.000127275
910,582.5352893090358,1,-0.003535666442273655,6341.5216064453125,1.2273187339305878,0.00012725
911,563.8142052543963,1,-0.006380564167297265,4741.54638671875,1.2271943092346191,0.000127225
912,600.7925200057277,1,-0.005645049168141014,8176.222412109375,1.2271052300930023,0.00012719999999999997
913,596.3145434523861,1,0.0010171412131683155,7790.9168701171875,1.2270862460136414,0.000127175
914,557.4167047780497,1,-0.005889146159654413,4107.2850341796875,1.2271040380001068,0.00012715
915,584.9018419835157,1,0.0021808714683491104,7739.7442626953125,1.2270737290382385,0.000127125
916,598.5268824452352,1,-0.0008120930654129666,7930.4061279296875,1.2270538806915283,0.00012709999999999997
917,580.6651683366451,1,-0.0022282932745474326,6941.2904052734375,1.2270447611808777,0.00012707499999999999
918,552.0553120237978,1,-0.0010621456424885212,4317.3206787109375,1.2270466983318329,0.00012705
919,463.48618929145533,1,-0.005933536550545071,6647.0518798828125,1.22710320353508,0.00012702499999999998
920,562.0190673718969,1,0.0014630452438719743,5904.585205078125,1.227196842432022,0.000127
921,593.6762710728402,1,-0.0058439680987305564,7330.4324951171875,1.2272173464298248,0.00012697499999999998
922,579.861297776992,1,-0.0010383969598426468,5937.9949951171875,1.2272641956806183,0.00012695
923,551.7143859137625,1,-0.004386285004347568,4055.4232177734375,1.2273094058036804,0.000126925
924,534.6846039791693,1,-0.007715552891367827,3831.6312866210938,1.2272019386291504,0.0001269
925,610.5555475822833,1,-0.0037898781030989426,8402.056884765625,1.2270990014076233,0.00012687499999999998
926,566.4672656922481,1,-0.0012886658209225743,6321.1546630859375,1.2271351516246796,0.00012685
927,562.2996859382349,1,-0.0023724436936780613,5164.3409423828125,1.2272294163703918,0.000126825
928,579.6624161832333,1,0.0006221078798640534,6414.4276123046875,1.2273679077625275,0.0001268
929,551.5390246386164,1,-0.0041254107305084275,3829.3890380859375,1.2275041937828064,0.00012677499999999998
930,415.46612932029643,1,-0.006182758251259857,5370.126953125,1.2276472449302673,0.00012675
931,581.2476512953826,1,-0.003946076365736406,5337.3519287109375,1.227763444185257,0.00012672499999999998
932,580.7605961955508,1,-0.0003032433666270151,5989.135498046875,1.227914035320282,0.0001267
933,590.3161126773763,1,9.926983428676373e-05,5705.608642578125,1.2281363606452942,0.000126675
934,553.1799061201643,1,-0.007008281786749837,4109.763427734375,1.2283944189548492,0.00012665
935,551.7069748767246,1,-0.0022586889092789386,4544.0814208984375,1.2287302315235138,0.000126625
936,590.6423482135012,1,-0.0008573508039848576,7355.3487548828125,1.2290802896022797,0.0001266
937,428.12953649981705,1,-0.0031229514417991933,6180.440673828125,1.2295381128787994,0.000126575
938,441.068838220355,1,-0.007439026106948576,4667.1092529296875,1.2303334176540375,0.00012654999999999999
939,561.6799307854845,1,-0.002193786484316007,4418.029296875,1.2311993539333344,0.000126525
940,581.4453719416688,1,0.0005434751641590907,4840.97314453125,1.2319411933422089,0.00012649999999999998
941,505.94657731684646,1,-0.0014959608835622973,3155.9506225585938,1.232510656118393,0.00012647499999999997
942,593.0533378721042,1,-0.0027625406869713487,6007.5958251953125,1.2329800128936768,0.00012644999999999998
943,574.202724934626,1,-0.0008953458195604114,4867.80712890625,1.2334054112434387,0.000126425
944,523.8165712726693,1,-0.005364607982277558,3961.1531372070312,1.2337603569030762,0.00012639999999999998
945,591.1815684666028,1,-0.0008214885575714703,6050.97119140625,1.234010010957718,0.000126375
946,582.7878439003157,1,0.00046051864132201636,5792.87060546875,1.234217345714569,0.00012635
947,546.8081821337837,1,-0.0069605003809556365,4034.635986328125,1.2343237102031708,0.000126325
948,552.7333774291068,1,-0.002299812389537692,4021.99951171875,1.2343203723430634,0.00012629999999999998
949,459.33378168730883,1,-0.005784492988963663,3887.9029541015625,1.2344013154506683,0.000126275
950,561.9271258646173,1,-0.0013544477354372475,4426.565185546875,1.234674870967865,0.00012624999999999998
951,582.3053727618837,1,-0.0012209414640205196,6587.58935546875,1.234962284564972,0.000126225
952,572.1000286409759,1,-0.003946135590975786,5511.0787353515625,1.2351908385753632,0.00012619999999999998
953,562.4256978887382,1,0.00024820073048914537,4756.46533203125,1.2353480160236359,0.000126175
954,597.9445232436714,1,-2.31208279970474e-05,6905.6488037109375,1.2356679141521454,0.00012614999999999998
955,512.6670103200128,1,-0.0008916420833715577,4492.974853515625,1.2360185384750366,0.000126125
956,601.0365311353514,1,-0.0003605514876330318,7367.77099609375,1.2362403571605682,0.0001261
957,533.7008918170379,1,-0.00150118051452508,3827.3963012695312,1.2363625764846802,0.000126075
958,605.2478695623655,1,-0.0022502513194933016,7787.706298828125,1.2363389134407043,0.00012605
959,544.4744322432516,1,-8.029765759864915e-05,4263.0025634765625,1.2363395690917969,0.000126025
960,594.4953808564485,1,-0.003936531487852335,6557.8729248046875,1.2363342344760895,0.00012599999999999997
961,583.9975095993664,1,-0.0011469241192152424,5837.4473876953125,1.2363191545009613,0.00012597499999999999
962,525.7901796730256,1,0.00019700421883817043,3554.6076049804688,1.2363606095314026,0.00012595
963,585.4656070385323,1,-0.005435348796804185,6067.2938232421875,1.2363914847373962,0.00012592499999999998
964,559.4206890900783,1,-0.0020179399225797034,4584.2012939453125,1.2364652752876282,0.00012589999999999997
965,601.879797798391,1,-0.0011550587796129719,7357.9857177734375,1.236530750989914,0.00012587499999999998
966,601.3598628742817,1,-0.004213955806811498,6992.819580078125,1.2366745471954346,0.00012585
967,594.8970026807074,1,-0.0020629774973111026,7073.569580078125,1.236919343471527,0.00012582499999999998
968,561.5155485947234,1,-0.0015370676570274355,4935.85107421875,1.2371509969234467,0.0001258
969,589.867975981759,1,-0.0004976736381649971,6341.0234375,1.2373144328594208,0.00012577499999999998
970,591.622916427149,1,-0.0012390036135911942,6843.986328125,1.2374896109104156,0.00012575
971,597.965531830401,1,0.00022590459799731732,7277.6351318359375,1.2376485764980316,0.000125725
972,596.6433673482537,1,-0.001000603540946443,6799.3729248046875,1.2377839386463165,0.0001257
973,512.9008758888662,1,-0.004733467497722188,4202.8485107421875,1.237943023443222,0.00012567499999999998
974,591.35618007536,1,0.0008159711662489855,7465.6390380859375,1.238122045993805,0.00012565
975,591.9962051403456,1,-0.0010680827998350573,5287.06494140625,1.2382222414016724,0.000125625
976,569.328127553091,1,-0.0032285922949739643,5084.47900390625,1.2382459044456482,0.0001256
977,579.9063083491361,1,-0.0024474287184874655,4789.305419921875,1.238303929567337,0.00012557499999999998
978,591.1850269103159,1,-0.007495047378618835,6032.2198486328125,1.238392323255539,0.00012555
979,552.5627979589798,1,-0.003069136902303704,3519.3928833007812,1.2385981380939484,0.00012552499999999997
980,541.7353718064147,1,0.000643472404958878,4363.1982421875,1.238852173089981,0.0001255
981,578.2068157352508,1,-0.0009719126201854777,5015.870361328125,1.2390415668487549,0.000125475
982,591.9929112001846,1,-0.004911397891941505,5591.8345947265625,1.2391809523105621,0.00012544999999999999
983,546.0146730140133,1,-0.0027749928187890127,4101.42529296875,1.2394176721572876,0.000125425
984,593.4925013241257,1,0.00020519834065657605,6107.2470703125,1.2396767437458038,0.00012539999999999999
985,583.3681302873465,1,-0.001729951425079257,5675.9229736328125,1.2399658262729645,0.000125375
986,571.7692433768946,1,-0.002104810827921355,5899.818603515625,1.2402870059013367,0.00012534999999999998
987,574.1667830632941,1,-0.0037134604158453044,4960.4324951171875,1.2407317757606506,0.000125325
988,561.6593629442347,1,-0.000161647801791176,4743.23046875,1.2412335872650146,0.00012529999999999998
989,594.5516475678925,1,-0.0014766187027888122,5715.6279296875,1.2416629791259766,0.00012527499999999997
990,539.4753517886639,1,-0.002634853542039295,4149.215576171875,1.242004007101059,0.00012524999999999998
991,493.4445613294792,1,-0.002593472716398537,5179.093505859375,1.2422547340393066,0.000125225
992,561.2525171859015,1,-0.005802646248519228,4956.8426513671875,1.2424805462360382,0.00012519999999999998
993,586.3852276491449,1,-0.002584764845848575,5757.546142578125,1.2426706552505493,0.000125175
994,594.8762065377808,1,-0.0037845352198928595,5586.008056640625,1.2427836060523987,0.00012515
995,559.1726218022985,1,-0.008068062760212769,4765.3846435546875,1.2428971230983734,0.000125125
996,556.1338192958979,1,0.000628703567710609,3811.7464599609375,1.2430872023105621,0.00012509999999999998
997,571.3188732612914,1,3.239080958117313e-05,5568.740234375,1.243306577205658,0.000125075
998,584.4744411639133,1,-0.0008038100020364425,5201.771728515625,1.2435104548931122,0.00012504999999999998
999,579.611762384307,1,-0.002627469030602736,6033.5272216796875,1.2437444627285004,0.000125025
1000,452.9833106284106,1,-0.0031528886873815054,3684.3458251953125,1.2440819442272186,0.000125
1001,605.4980901598657,1,4.349237973788611e-05,7550.7330322265625,1.2441793382167816,0.000124975
1002,593.0571608586131,1,-0.0026127025485038757,6112.0069580078125,1.244211733341217,0.00012494999999999997
1003,489.92398529199767,1,-0.006764180515288043,2705.72607421875,1.2443359792232513,0.000124925
1004,544.9614462762527,1,-0.004146849193300106,4255.47509765625,1.2445505857467651,0.0001249
1005,567.8906698539591,1,-0.006849815481251298,4808.914794921875,1.2447650730609894,0.00012487499999999999
1006,565.0382058314237,1,-0.00495347244248423,3556.1170654296875,1.2449317872524261,0.00012485
1007,584.841211174738,1,-0.0014575913965462206,6165.5260009765625,1.2452662587165833,0.00012482499999999998
1008,592.8523423478247,1,-0.00020483977627261396,5209.9237060546875,1.24564129114151,0.00012479999999999997
1009,582.3477642961988,1,-0.003517619838627639,4605.5556640625,1.2459936439990997,0.00012477499999999998
1010,507.97074180100753,1,-0.005473071551206132,3704.58935546875,1.2462121546268463,0.00012475
1011,568.8361120331513,1,-0.00583194254784658,5389.7403564453125,1.2462858855724335,0.00012472499999999998
1012,570.8879416671796,1,-0.005161876294714318,4089.6041870117188,1.2462943196296692,0.0001247
1013,598.1057140202902,1,0.00011233960578438396,6441.631103515625,1.2463538646697998,0.00012467499999999998
1014,611.6992637137653,1,-0.0009632100293508472,6723.1895751953125,1.246457427740097,0.00012465
1015,602.4243823811921,1,8.797902171764349e-05,6797.405517578125,1.246682584285736,0.00012462499999999998
1016,559.004530862361,1,-0.002888271986620894,3885.1865234375,1.2468392252922058,0.0001246
1017,562.8098183503956,1,-0.007831307438512347,3678.9887084960938,1.2468114793300629,0.00012457499999999998
1018,610.4837858160804,1,-0.0019397574496133885,7181.02587890625,1.246696799993515,0.00012455
1019,602.4391074862646,1,-0.0008668396228035391,6811.522705078125,1.2466130256652832,0.000124525
1020,594.8681032696603,1,-0.004201697243843228,5814.2227783203125,1.2466558814048767,0.0001245
1021,150.69195488537352,1,-0.0015325317376952974,6946.950439453125,1.2468549311161041,0.00012447499999999998
1022,572.5219228087983,1,-0.0007610339236450159,5293.90283203125,1.2471503913402557,0.00012445
1023,605.417922724148,1,-0.0026328532801951354,6521.7650146484375,1.2473949491977692,0.000124425
1024,467.50533086954727,1,-0.004660133920598497,3236.0020141601562,1.2475524842739105,0.0001244
1025,581.1955332764041,1,-0.004288381147974585,6506.2115478515625,1.2475910782814026,0.00012437499999999997
1026,581.8344957986247,1,0.0017679156735539436,5655.3719482421875,1.2476008236408234,0.00012435
1027,597.4755147644437,1,0.00034615672853899326,5990.6002197265625,1.247581034898758,0.00012432499999999997
1028,583.8068433429797,1,-0.0008521591503045656,5519.1802978515625,1.2475881576538086,0.00012429999999999999
1029,599.5129230003317,1,-0.0013054832314893794,5978.146728515625,1.2477105259895325,0.000124275
1030,568.5459047691943,1,-0.00399945166102178,4001.7079467773438,1.2478476166725159,0.00012424999999999998
1031,561.6219957767929,1,-0.003984818093316633,3417.1499633789062,1.2479861974716187,0.000124225
1032,568.5090414647068,1,-0.005015603022053838,3839.906982421875,1.248325526714325,0.0001242
1033,580.5630474536704,1,-0.0028469158017125906,4605.1719970703125,1.2486863732337952,0.000124175
1034,592.9572596839362,1,-0.004338051925564024,5216.172119140625,1.248938798904419,0.00012414999999999998
1035,599.291324829987,1,-0.002059449441730976,5721.3336181640625,1.249158889055252,0.000124125
1036,603.5771219995775,1,-0.001385824464769314,6584.599609375,1.2493740022182465,0.00012409999999999998
1037,475.75389328090665,1,-0.009512890083715364,4211.9747314453125,1.2496497929096222,0.00012407499999999997
1038,538.5525040446234,1,-0.006371048643537214,3416.1932373046875,1.2501266598701477,0.00012404999999999998
1039,517.0398899743648,1,-0.007977196580247536,3955.0639038085938,1.250591367483139,0.000124025
1040,585.1503263754072,1,0.001402093170767671,5505.2159423828125,1.2510284781455994,0.00012399999999999998
1041,592.233500949269,1,-0.0028803643472734564,4911.1871337890625,1.2515026330947876,0.000123975
1042,546.0018644312249,1,-0.002365466565033003,3065.5040893554688,1.251922845840454,0.00012395
1043,602.7474844136549,1,-0.0001761922612786293,5845.4366455078125,1.2523708939552307,0.000123925
1044,565.9771513749326,1,-0.006904818818984637,3559.4697265625,1.2527794241905212,0.0001239
1045,572.3439791351534,1,-0.004666542815458641,4842.83251953125,1.2531772255897522,0.000123875
1046,483.97986534069054,1,-0.0026706245238208304,4610.16015625,1.2534752488136292,0.00012384999999999997
1047,595.269798980278,1,-0.0012233078030279287,5757.0352783203125,1.2536590099334717,0.000123825
1048,605.4891277448152,1,-0.0020712045952677727,5869.4521484375,1.2538734674453735,0.0001238
1049,533.2292889314592,1,-0.0013400824157634439,4766.7188720703125,1.2540490627288818,0.00012377499999999999
1050,549.2340086470393,1,-0.0059699130322162786,3106.8594970703125,1.2541991770267487,0.00012374999999999997
1051,544.9798555590916,1,-0.0025869534213676104,3228.7696533203125,1.2539750337600708,0.00012372499999999999
1052,590.2610061580865,1,-0.010445469018559805,4759.4818115234375,1.2537593841552734,0.0001237
1053,534.3283970315396,1,-0.0047389066246568134,2694.5504760742188,1.253764271736145,0.00012367499999999998
1054,605.9064037596929,1,-0.0016941600007349678,5729.9541015625,1.2537761628627777,0.00012365
1055,589.8679829759328,1,-0.0010757965476457798,4715.431396484375,1.2537811994552612,0.00012362499999999998
1056,573.3684405028986,1,-0.0036647084879835035,4250.0074462890625,1.2538355588912964,0.0001236
1057,568.3547575496334,1,-0.005316906333478144,3464.135498046875,1.2538612484931946,0.00012357499999999998
1058,590.6543623937692,1,-0.003569417865946889,4520.7828369140625,1.253711074590683,0.00012355
1059,600.5456949023139,1,-0.002212776569649577,5411.6534423828125,1.253607153892517,0.00012352499999999998
1060,585.4486341832649,1,-0.007522264547618285,4807.9112548828125,1.2536418437957764,0.0001235
1061,457.59034649521124,1,-0.008326514146625552,3991.5095825195312,1.2537545561790466,0.00012347499999999998
1062,595.9327547739547,1,9.728541749243202e-05,5185.7900390625,1.2538650035858154,0.00012345
1063,576.6745492156531,1,-0.0039232465276271,5035.821533203125,1.2541402876377106,0.00012342499999999998
1064,570.9426656072834,1,-0.004259076816114593,3948.4048461914062,1.2544279396533966,0.0001234
1065,607.2693989117207,1,-0.003045566241443254,5491.2486572265625,1.254644900560379,0.000123375
1066,591.0743250296421,1,0.0008022691642901592,4585.0687255859375,1.2548316419124603,0.00012335
1067,587.5763705901935,1,-0.0031971517177717956,5136.1201171875,1.2549170553684235,0.000123325
1068,596.9772941593305,1,-0.003962944655878875,4954.2623291015625,1.2550712525844574,0.0001233
1069,556.1565327199636,1,-0.007911152943658184,3404.1058349609375,1.2552258372306824,0.00012327499999999997
1070,608.0798261381442,1,-0.006465074287036465,5944.447998046875,1.255348950624466,0.00012325
1071,594.8436246796902,1,-0.00687345489859581,5080.7845458984375,1.2555167078971863,0.000123225
1072,593.9751686163864,1,-0.0028867402296910427,4531.763427734375,1.25572270154953,0.00012319999999999999
1073,586.5549932427417,1,-0.0038202780791944946,4703.4544677734375,1.255850911140442,0.00012317499999999997
1074,560.9590878235715,1,-0.007139122735199344,3463.41552734375,1.256043255329132,0.00012314999999999998
1075,601.4349320116693,1,-0.007789295976867727,6162.2447509765625,1.2563531696796417,0.000123125
1076,-312.6563887515152,0,-0.00544084154535085,2541.0733795166016,1.2567014545202255,0.00012309999999999998
1077,566.0521870164952,1,-0.0009620834768968578,3222.9678344726562,1.2568661570549011,0.000123075
1078,-314.9489708843239,0,0.01744637021329254,2630.114471435547,1.257015511393547,0.00012304999999999998
1079,526.3398823372866,1,-0.0007045240126899444,4136.6199951171875,1.257099986076355,0.000123025
1080,592.8452844046496,1,-0.0033427542577451064,4859.3310546875,1.2573560178279877,0.000123
1081,525.0979321349025,1,-0.01209878074157933,2844.279296875,1.2575960755348206,0.000122975
1082,596.2413899427235,1,-0.007112288906668818,5001.03662109375,1.2578379213809967,0.00012294999999999998
1083,590.9070986320936,1,0.0008347840001174944,4315.6689453125,1.2581429183483124,0.000122925
1084,572.5686932313344,1,-0.0036015533292408364,4053.08154296875,1.2584136128425598,0.0001229
1085,602.0332433470076,1,-0.0035492617377803626,5963.8787841796875,1.258685141801834,0.000122875
1086,592.4658121853925,1,-0.0109160557560819,4526.175048828125,1.258979320526123,0.00012284999999999998
1087,546.6546023566486,1,-0.010360897014627835,3169.6812744140625,1.2592978775501251,0.000122825
1088,420.1649124574284,1,-4.571567940026e-05,5580.2359619140625,1.259588360786438,0.00012279999999999998
1089,279.18679643669975,1,-0.006027051778736858,5817.8585205078125,1.2598402202129364,0.000122775
1090,542.04307495855,1,0.0004309905606625364,2754.2534790039062,1.2602620124816895,0.00012275
1091,565.370890335461,1,-0.005230392825599228,3571.1220092773438,1.2605785131454468,0.000122725
1092,594.6291993998572,1,0.0012663418054934539,5042.4805908203125,1.260839968919754,0.0001227
1093,579.3224110383899,1,-0.004150894675951644,4274.627685546875,1.2610445320606232,0.000122675
1094,570.7495401544925,1,-0.0045986161687290306,3452.1785278320312,1.2612189054489136,0.00012265
1095,602.5514446284477,1,0.0007258781642143219,5734.2681884765625,1.2613602578639984,0.00012262499999999999
1096,552.5318798926878,1,-0.003926663271594855,3515.2653198242188,1.2615159153938293,0.0001226
1097,583.2327461197328,1,-0.003856851017351559,4414.4190673828125,1.2618695795536041,0.00012257499999999998
1098,606.5899506512649,1,-0.002498716115951538,5570.58837890625,1.2623001635074615,0.00012254999999999997
1099,592.3238929576129,1,0.00018725567156963052,5183.213134765625,1.2628426253795624,0.00012252499999999998
1100,555.332063958592,1,-0.004063010155760605,5252.088134765625,1.263279676437378,0.0001225
1101,584.9476284512937,1,-0.001326136807740852,5178.7469482421875,1.2636277079582214,0.00012247499999999998
1102,595.6990662231468,1,-0.0001323752945205925,4613.1854248046875,1.2639330923557281,0.00012245
1103,599.2631623206546,1,-0.0009661004368055615,5529.2301025390625,1.2642563879489899,0.000122425
1104,589.3314575434684,1,-0.001609715396937439,4572.3382568359375,1.2645150125026703,0.0001224
1105,589.4076804310727,1,0.000350351727854914,4321.2076416015625,1.2648215889930725,0.00012237499999999998
1106,601.6360481233182,1,-0.002032425584583386,5675.2618408203125,1.2651208937168121,0.00012235
1107,597.4247963211662,1,-0.0034425367421011543,4591.2337646484375,1.2654058337211609,0.00012232499999999998
1108,586.7770870997625,1,-0.005775886768713434,4273.4190673828125,1.2656045854091644,0.0001223
1109,588.5797251129259,1,-0.0008054867906839291,4493.1475830078125,1.2657924592494965,0.000122275
1110,599.3649616236169,1,-0.004350441595754373,5049.193359375,1.2659214735031128,0.00012225
1111,593.029719677578,1,-0.007875101991706046,4345.3597412109375,1.2660592794418335,0.00012222499999999998
1112,606.4937088905147,1,-0.0019655946446359707,5067.1689453125,1.266316443681717,0.0001222
1113,579.3905272082803,1,0.0011066983810028574,3458.3319702148438,1.2665639519691467,0.000122175
1114,579.6291500037635,1,-0.005364581261607881,3886.8865356445312,1.2669011056423187,0.00012215
1115,565.1760272010366,1,-0.005326548543084009,3188.9362182617188,1.2672812044620514,0.000122125
1116,587.8204300959032,1,-0.0007328408731801517,4539.5198974609375,1.267515391111374,0.00012209999999999999
1117,540.4895998667837,1,-0.0022311305740578824,4127.22607421875,1.267785519361496,0.00012207499999999997
1118,587.5368743324711,1,0.0004618591414518036,3820.36376953125,1.267911285161972,0.00012204999999999999
1119,574.1533144386891,1,-0.003047001058638088,3281.8388671875,1.2679928541183472,0.00012202499999999998
1120,583.0300101483351,1,-0.002566648394263016,3831.2033081054688,1.2680088877677917,0.000122
1121,551.938401271925,1,-0.0055283615161110244,3403.0023193359375,1.268133670091629,0.000121975
1122,549.811818475094,1,-9.566872087241052e-05,3901.0625610351562,1.268436074256897,0.00012194999999999998
1123,604.0401534007274,1,-0.006108298760674202,5391.9156494140625,1.2686847448349,0.00012192499999999998
1124,590.751237464676,1,-0.007845282581235402,4378.9661865234375,1.268850713968277,0.00012189999999999998
1125,596.0900854800626,1,-0.0013930167071940502,4497.3975830078125,1.2689399421215057,0.000121875
1126,590.006483226836,1,-0.003500712672432016,3999.2807006835938,1.2690490782260895,0.00012185
1127,595.2043703032549,1,-0.0020290988816098476,5536.2630615234375,1.2692395150661469,0.00012182499999999999
1128,564.3903907035435,1,-0.004029137477139955,3012.218994140625,1.2694246768951416,0.00012179999999999999
1129,603.4217683053791,1,-0.00011247627254951098,5868.5164794921875,1.2696623802185059,0.00012177499999999998
1130,561.5522015654783,1,-0.0039002557142553407,3169.6539916992188,1.2698992788791656,0.00012174999999999999
1131,575.7668624066837,1,-0.0017367436084896326,3777.5354614257812,1.270301103591919,0.00012172499999999999
1132,574.6784842932657,1,-0.00027979455161486477,3626.9769287109375,1.2706370055675507,0.00012169999999999999
1133,593.9561123203321,1,-0.0010886900809747857,4664.730712890625,1.2708443403244019,0.00012167499999999999
1134,599.7273957501768,1,-0.0008948853384005417,5123.8243408203125,1.2710271179676056,0.00012164999999999998
1135,588.6203608036606,1,-0.003197351963760031,4110.3822021484375,1.2712275385856628,0.00012162499999999999
1136,516.8180530925334,1,-0.005092879665184569,3685.9296875,1.271323949098587,0.00012159999999999999
1137,576.9516168794186,1,-0.0030840370970377506,3825.96630859375,1.271562546491623,0.00012157499999999999
1138,591.6316192513021,1,-0.002637949424724173,4934.273681640625,1.271851122379303,0.00012154999999999999
1139,580.919525196323,1,-0.004105568432855478,3861.6490478515625,1.2720527946949005,0.000121525
1140,585.1404297735988,1,-0.0020520922513576068,4562.0367431640625,1.2720949053764343,0.0001215
1141,598.0031437220521,1,-0.003904314683524035,5007.114990234375,1.272295743227005,0.00012147499999999998
1142,540.4982319198394,1,-0.00834467182702392,2474.5327758789062,1.2726959884166718,0.00012144999999999998
1143,589.6206023395233,1,-0.0030558407632987894,4564.073974609375,1.2731959521770477,0.00012142499999999998
1144,581.2983836873719,1,-0.0014779257570793902,3635.6401977539062,1.2737120389938354,0.0001214
1145,569.9059142567781,1,-0.004620573369977343,3469.008544921875,1.2742305994033813,0.000121375
1146,600.1106779101508,1,-0.004029838090755078,4286.78515625,1.274725317955017,0.00012134999999999998
1147,590.386969016042,1,-0.00867240870384478,3893.9605712890625,1.2751993238925934,0.00012132499999999998
1148,574.9025733866381,1,-0.008729980955831662,3184.1898803710938,1.27568781375885,0.00012129999999999998
1149,595.4394008026376,1,-0.0005321766430694819,4036.5264282226562,1.2760619819164276,0.000121275
1150,594.205938669474,1,0.001154428923941353,4073.4979248046875,1.276528537273407,0.00012124999999999999
1151,592.1811232008607,1,-0.0032195368451839457,4333.3746337890625,1.277027189731598,0.00012122499999999999
1152,591.7046376635262,1,-0.006695955411406551,4279.3197021484375,1.2776053547859192,0.00012119999999999999
1153,571.1974331275541,1,-0.004727313357792973,3071.367919921875,1.2780169546604156,0.00012117499999999998
1154,527.437003343141,1,-0.000283979121649125,2865.9295654296875,1.2783227562904358,0.00012114999999999999
1155,563.7910264322829,1,-0.00039423594405185725,3191.024169921875,1.2786877155303955,0.00012112499999999999
1156,577.9694817873609,1,-0.0006940356599640651,3828.8229370117188,1.2791639566421509,0.00012109999999999999
1157,592.739813073739,1,-0.002758701180101575,3798.6985473632812,1.2795923948287964,0.00012107499999999999
1158,577.0132657899991,1,-0.0018880928640578887,4048.5031127929688,1.2800147831439972,0.00012104999999999997
1159,585.574114390991,1,-0.0016545052617598088,3998.1062622070312,1.280360996723175,0.00012102499999999999
1160,588.3634522437119,1,-0.00038589629085361565,4333.5516357421875,1.280596911907196,0.00012099999999999999
1161,576.3911840789881,1,-0.003817140313014278,3447.5619506835938,1.28078094124794,0.00012097499999999999
1162,559.3629177803318,1,-0.0029086284683381702,3149.0012817382812,1.2809495031833649,0.00012094999999999999
1163,562.7543138307183,1,0.000677082988880362,3441.370361328125,1.2812566757202148,0.000120925
1164,598.4788783237339,1,-0.0029785706014298086,4289.7806396484375,1.2814657390117645,0.0001209
1165,604.046353243023,1,-0.0007046951605627072,4627.8236083984375,1.2815861999988556,0.000120875
1166,600.8495452361166,1,-0.0015572445506721877,4937.3126220703125,1.2816180884838104,0.00012084999999999998
1167,589.2182472645713,1,-0.0015370482578873634,4264.753173828125,1.2816572189331055,0.00012082499999999998
1168,588.8135797736388,1,-0.00273989418532139,4333.76171875,1.2817769050598145,0.0001208
1169,538.4259206303291,1,-0.0029447807970228723,3112.4290771484375,1.281876116991043,0.000120775
1170,575.9647791946525,1,-0.005570330883428287,3392.9154663085938,1.2822569608688354,0.00012074999999999998
1171,593.0374918672338,1,-0.0009944942687809544,3686.4227905273438,1.2827519476413727,0.00012072499999999998
1172,603.4237790250307,1,-0.005526650906203301,3991.4070434570312,1.283321499824524,0.00012069999999999998
1173,583.0113076530672,1,0.0004433611444367713,3746.3067016601562,1.283800095319748,0.00012067499999999999
1174,582.8110032607603,1,-0.007522238188954589,3490.1376342773438,1.2842538952827454,0.00012064999999999999
1175,573.9422148678191,1,-0.005708179982597095,3034.3662109375,1.2848254144191742,0.00012062499999999999
1176,584.3078922561341,1,-0.0071740293642506,3777.7360229492188,1.2853692770004272,0.00012059999999999999
1177,592.8734028268624,1,0.0023658474649139727,4050.6437377929688,1.2857370972633362,0.000120575
1178,595.4284303907787,1,-0.004071697814087116,3719.9525756835938,1.2861282229423523,0.00012054999999999999
1179,577.3334274895534,1,-0.0018150114353647773,3270.7965087890625,1.286459505558014,0.00012052499999999999
1180,525.771627888111,1,-0.0030018898912285152,3008.5526123046875,1.2867851853370667,0.00012049999999999999
1181,258.9765792690969,1,0.00015670061086359155,5413.419189453125,1.2874809205532074,0.00012047499999999999
1182,578.6325305887394,1,-0.0002574869711104988,3197.1143798828125,1.2885161340236664,0.00012044999999999997
1183,601.5937514736921,1,-0.002394508752111335,4127.4801025390625,1.2892223596572876,0.00012042499999999999
1184,597.2717489199116,1,-0.001576684881001711,4404.8463134765625,1.2897100448608398,0.00012039999999999999
1185,598.5208302901206,1,-0.0016679475406329303,4134.6983642578125,1.2901062369346619,0.00012037499999999999
1186,597.6610890070192,1,-0.0034130618803445145,4001.8920288085938,1.2904974818229675,0.00012034999999999998
1187,604.2706977439169,1,-0.002293098041749042,4828.2655029296875,1.2909489274024963,0.000120325
1188,595.0329126736826,1,-0.0005000891894688664,4092.5006713867188,1.2913895845413208,0.0001203
1189,605.3947264281614,1,-0.005042031730315699,4545.921630859375,1.2917310893535614,0.000120275
1190,603.4413851337919,1,-0.002365210324510869,4583.9298095703125,1.292093575000763,0.00012024999999999998
1191,597.4054355025278,1,-0.0043644859132339064,3901.1121215820312,1.2924602925777435,0.00012022499999999998
1192,595.4432451775581,1,-0.002432426349542105,4053.9287719726562,1.2928234040737152,0.0001202
1193,590.3335974262526,1,-0.0012861915011228575,3982.302001953125,1.2932102680206299,0.000120175
1194,584.6750369075759,1,-0.0016419062202874812,3445.3497314453125,1.2935573160648346,0.00012014999999999998
1195,596.5838308358234,1,-0.0035033740004739578,3985.2658081054688,1.2938252687454224,0.00012012499999999998
1196,536.0430588944349,1,-0.010507741025448603,2325.5870971679688,1.294192612171173,0.00012009999999999998
1197,574.2583951696122,1,0.0013403385957990732,2841.5734252929688,1.294619470834732,0.00012007499999999999
1198,584.7974470465234,1,-0.00154093191057747,3902.0874633789062,1.2951227128505707,0.00012004999999999999
1199,533.2984688362893,1,-0.004650754897400411,3330.4402465820312,1.2955168187618256,0.00012002499999999999
1200,571.3882280475526,1,-0.0036807972472150396,4646.448974609375,1.2958676517009735,0.00011999999999999999
1201,577.9216240108908,1,-0.0013363500384251381,3751.4212646484375,1.2961061596870422,0.000119975
1202,607.2877144461166,1,-0.003390889764498084,5514.2322998046875,1.2961942255496979,0.00011994999999999999
1203,582.58985767091,1,-0.0020372348127057904,4227.968505859375,1.296307623386383,0.00011992499999999999
1204,593.3156850075661,1,-0.0031888477219119693,4100.6309814453125,1.2965120673179626,0.00011989999999999999
1205,571.6966802762117,1,-0.005770120419651192,3258.5482788085938,1.296716958284378,0.000119875
1206,603.6960327370584,1,-0.0024910496422005934,4647.1163330078125,1.296949177980423,0.00011984999999999999
1207,558.6320921896621,1,-0.0022593175747331884,4662.235595703125,1.2971238493919373,0.00011982499999999999
1208,599.0160360811291,1,-0.004613473961242676,4749.713134765625,1.297244668006897,0.00011979999999999998
1209,602.9449021470408,1,-0.0003408540160627638,5297.5731201171875,1.2974868416786194,0.00011977499999999998
1210,602.7172032558361,1,-0.0006992865504571455,4540.784423828125,1.2978379130363464,0.00011975
1211,607.2273118719477,1,-0.002119316744694899,4782.3414306640625,1.2981443405151367,0.000119725
1212,596.8863387966317,1,-0.005067629644479155,4432.9693603515625,1.298552542924881,0.0001197
1213,576.2008607715029,1,-0.0009374657116723029,4569.949462890625,1.298870027065277,0.000119675
1214,598.2629748959757,1,7.711400685339598e-05,4352.3255615234375,1.2990749776363373,0.00011964999999999998
1215,468.0312071487881,1,-0.004914488546395646,2971.4965209960938,1.2992684245109558,0.000119625
1216,581.0304141550619,1,-0.0011462577577558974,3471.4752807617188,1.2997063994407654,0.0001196
1217,611.239725547181,1,-0.00347323995774218,4980.9969482421875,1.3001109957695007,0.00011957499999999999
1218,571.3246071380427,1,-0.00025788958692618547,3127.5057983398438,1.3004359006881714,0.00011954999999999998
1219,609.2548427882855,1,-0.0003267177102124208,4987.56591796875,1.3007118701934814,0.00011952499999999998
1220,583.5031178280586,1,-0.0019417748818257863,3659.7111206054688,1.3009958267211914,0.00011949999999999999
1221,587.1325985665301,1,-0.001456151957921925,4846.4951171875,1.3014727532863617,0.00011947499999999999
1222,592.2025886717028,1,-0.00026463728714642976,4637.7288818359375,1.3019462525844574,0.00011944999999999999
1223,595.4528248248926,1,-0.00645390698143089,3937.9025268554688,1.3023274838924408,0.00011942499999999999
1224,588.2456859249027,1,-0.0012586708698023585,3722.6759643554688,1.3028546571731567,0.0001194
1225,581.9998806654714,1,-0.0004231235780833842,3218.67431640625,1.3033666610717773,0.000119375
1226,582.9968951710994,1,-0.004080517259093419,3540.0297241210938,1.303762674331665,0.00011934999999999999
1227,594.3303459824734,1,0.0014090921220093477,3740.5155029296875,1.304086297750473,0.00011932499999999999
1228,599.1001684593773,1,-0.001467267400585115,4339.7108154296875,1.3042087852954865,0.00011929999999999999
1229,589.2566165548819,1,-0.0061748857018777414,3517.3901977539062,1.3042262196540833,0.000119275
1230,595.3169155618593,1,-0.0007346868917608163,4203.421142578125,1.3040775060653687,0.00011925
1231,599.0007931140129,1,-0.0017343616970912912,4325.087646484375,1.3040666580200195,0.00011922499999999998
1232,585.0050017170395,1,-0.0016336997035466538,3218.28271484375,1.3041118681430817,0.00011919999999999998
1233,583.8693828277922,1,-0.00011271690464553785,3301.0091552734375,1.3042748272418976,0.00011917499999999998
1234,572.1324384217914,1,-0.004130289342035631,3467.4852905273438,1.3046776950359344,0.00011915
1235,606.8680653060833,1,-0.004192125546468084,5033.186279296875,1.3051177859306335,0.000119125
1236,603.4857263169977,1,-0.00015788693796014996,4349.0045166015625,1.3054827153682709,0.0001191
1237,596.2074770490821,1,0.0011578359505310942,4406.1336669921875,1.3057366609573364,0.000119075
1238,557.3927838262889,1,-0.005849806627783671,2368.8319091796875,1.3059073984622955,0.00011904999999999998
1239,560.7188064407167,1,-0.005136390430331872,2634.5724487304688,1.3059901595115662,0.00011902499999999999
1240,590.9118212818556,1,-0.002478437017998658,3431.6166381835938,1.3063217103481293,0.00011899999999999999
1241,579.1675652878354,1,-0.00543366758193109,3050.4755859375,1.3067362904548645,0.00011897499999999999
1242,609.5369923598921,1,0.0012217350927805626,5134.4461669921875,1.306990772485733,0.00011894999999999999
1243,573.3513411385625,1,-0.006030149992355849,3107.1605834960938,1.3071892857551575,0.00011892499999999998
1244,574.681025384565,1,-0.00209009727140419,2782.3037719726562,1.3072762489318848,0.00011889999999999999
1245,589.1836025455037,1,-0.0033391190236322643,3723.7425537109375,1.307203084230423,0.00011887499999999999
1246,588.9518567052108,1,-0.0008761022304133448,3622.6356201171875,1.3072175979614258,0.00011884999999999999
1247,597.4924617746146,1,-0.00017294807066292606,3705.884765625,1.307453453540802,0.00011882499999999999
1248,599.3700354673153,1,-0.0016707808710645367,4316.4169921875,1.3077123761177063,0.0001188
1249,581.1044641610872,1,-0.0029464378021657467,3874.7239990234375,1.3079506158828735,0.000118775
1250,600.7919120006873,1,-0.007007636235185188,3910.8132934570312,1.3080720007419586,0.00011874999999999999
1251,591.6769081380547,1,0.0036963453213321174,3854.5888671875,1.3083034753799438,0.00011872499999999999
1252,602.6470444054527,1,-0.0016506885489651069,4391.142822265625,1.30869060754776,0.00011869999999999998
1253,559.2646857388107,1,-0.008939687281669162,2271.121826171875,1.3091303408145905,0.000118675
1254,571.2178978892722,1,0.0017886487384153327,2542.5675659179688,1.3094627261161804,0.00011865
1255,-303.31105619275115,0,0.01343820639885962,3471.674545288086,1.309756726026535,0.00011862499999999998
1256,584.8301778858519,1,-0.009576037198051779,3103.550048828125,1.3098925948143005,0.00011859999999999998
1257,546.5089332803641,1,-0.003116262527256719,1932.1256408691406,1.3099049031734467,0.00011857499999999998
1258,596.2574815074108,1,-0.0019960664212703705,3642.8850708007812,1.3098644316196442,0.00011855
1259,570.3196729507475,1,-0.009589574120748345,2881.8546142578125,1.309933364391327,0.000118525
1260,582.6302306858571,1,-0.000692366698632263,2948.0186157226562,1.3101628422737122,0.0001185
1261,604.9242970106104,1,-0.0006305742097509892,4570.4110107421875,1.3104690313339233,0.00011847499999999999
1262,575.0699506477201,1,-0.0073909873608499765,2676.2487182617188,1.3108119070529938,0.00011844999999999998
1263,545.1182166309345,1,-0.007441602403890579,2367.2654418945312,1.3114920854568481,0.00011842499999999999
1264,575.7337003762281,1,-0.0030582464856294678,2663.0117797851562,1.3121217787265778,0.00011839999999999999
1265,606.2865346099265,1,-0.0019553157676530653,4377.880126953125,1.3124868869781494,0.00011837499999999999
1266,599.1667250576827,1,-0.003335086250444874,3639.3101196289062,1.3128459453582764,0.00011834999999999999
1267,586.3166603383246,1,-0.003835391679456457,3665.7114868164062,1.3133873045444489,0.00011832499999999998
1268,597.8037977119751,1,-0.0012768460707945906,3752.8917236328125,1.3140174448490143,0.00011829999999999999
1269,605.6331351679116,1,-0.003097356341233315,4419.028076171875,1.3145344853401184,0.00011827499999999999
1270,602.4564433596993,1,-0.00867549348693153,3418.4238891601562,1.31505486369133,0.00011824999999999999
1271,556.4963182965171,1,-0.0049678122243452805,3250.6371459960938,1.3156299591064453,0.00011822499999999999
1272,609.3890737139299,1,-0.002347235953978677,4189.0076904296875,1.3159980177879333,0.0001182
1273,526.6882326544186,1,-0.007114811471164828,2114.5958862304688,1.31630277633667,0.000118175
1274,586.7430514540536,1,-0.00533151945435506,2968.5477294921875,1.3162765204906464,0.00011814999999999999
1275,594.1060189134927,1,-0.0050187026556240966,3239.9131469726562,1.3162193298339844,0.00011812499999999998
1276,604.0460566938089,1,-0.0033383291419806227,3761.9092407226562,1.31620591878891,0.00011809999999999998
1277,607.8419259850191,1,-0.005786626495357439,4337.38037109375,1.316112458705902,0.000118075
1278,602.833488925085,1,-0.003561304081573624,3875.343505859375,1.3161207735538483,0.00011805
1279,571.9165043325349,1,-0.007616403992287246,3290.9014892578125,1.3162644505500793,0.00011802499999999998
1280,593.6917727936212,1,-0.009392121573910117,3757.1632080078125,1.316484659910202,0.00011799999999999998
1281,595.656890267601,1,-0.008155801614361025,3558.4850463867188,1.3166655600070953,0.00011797499999999998
1282,600.2442742574528,1,0.003287451147722553,4000.6436157226562,1.3168904781341553,0.00011795
1283,582.7537265488165,1,-0.004838428237245118,2986.6243286132812,1.317173421382904,0.000117925
1284,565.5678926312523,1,-0.005472577731492678,2466.3532104492188,1.3173166513442993,0.00011789999999999999
1285,596.6247132016365,1,-0.0014056294348847587,3496.6231079101562,1.3173076808452606,0.00011787499999999999
1286,584.3857506707484,1,-0.0014687677175970748,2877.2576904296875,1.317523568868637,0.00011785
1287,577.5211818872939,1,-0.008398372595771697,2918.4741821289062,1.3177876770496368,0.00011782499999999999
1288,591.6923032368767,1,-0.00907585653846077,3637.6143188476562,1.318127602338791,0.00011779999999999999
1289,582.9801816647099,1,-0.005943660501531056,2820.5957641601562,1.3184553682804108,0.00011777499999999999
1290,587.706106588502,1,-0.01453328552043498,2695.709228515625,1.3187973201274872,0.00011774999999999999
1291,547.7623189490803,1,-0.004882514470896382,1693.4968566894531,1.3192749619483948,0.00011772499999999997
1292,553.1507736581582,1,-0.012916874412962409,2169.2134399414062,1.3200932443141937,0.00011769999999999999
1293,589.603198502587,1,-0.0036044200035334484,2719.690673828125,1.3209622204303741,0.00011767499999999999
1294,590.001393238987,1,-0.006452561060318551,3408.1573486328125,1.321801096200943,0.00011764999999999999
1295,590.5657082657942,1,-0.0020788516407292956,2849.9716186523438,1.3226000368595123,0.00011762499999999999
1296,580.7117056521562,1,0.0008694173285492823,2690.3427734375,1.3232541680335999,0.0001176
1297,561.8296950818007,1,-0.006341257548666768,2006.9989318847656,1.3237100541591644,0.000117575
1298,604.4859989987402,1,-0.0053106169591856656,3657.3632202148438,1.324139267206192,0.00011755
1299,605.0417868304814,1,-3.402202076330241e-05,4332.1595458984375,1.3245226740837097,0.00011752499999999998
1300,597.5245682462943,1,-0.0013377561217877698,3992.042236328125,1.3249269723892212,0.00011749999999999998
1301,602.8393341907283,1,-0.002106360194741086,3964.2393188476562,1.325344294309616,0.000117475
1302,602.357121587964,1,-0.0017792178100108913,3512.0816650390625,1.3256660401821136,0.00011745
1303,588.2274813821143,1,-0.0012608361179609062,2770.8826293945312,1.325984537601471,0.00011742499999999998
1304,577.0199293724202,1,-0.0019173936722962637,3092.4161987304688,1.3263285756111145,0.00011739999999999998
1305,590.8012524394369,1,-0.0011000181782163665,2893.35400390625,1.3264850676059723,0.00011737499999999998
1306,609.2362329306438,1,-0.0016207872940228185,4600.797607421875,1.3265474438667297,0.00011734999999999999
1307,602.4988040325434,1,-0.0032102123002384353,3492.0321044921875,1.3265757262706757,0.00011732499999999999
1308,580.1833919244602,1,7.592325630234598e-05,2346.4203491210938,1.3265624344348907,0.00011729999999999999
1309,575.2023027707032,1,-0.0029004657085056618,2381.3904418945312,1.3265393674373627,0.00011727499999999999
1310,380.277418590408,1,-0.010080065930996085,2597.06689453125,1.326503336429596,0.00011725
1311,574.2353071494799,1,-0.005231967315707742,2506.3373413085938,1.3262761235237122,0.00011722499999999999
1312,602.0690170827817,1,-0.003645725091485197,3991.9030151367188,1.3261594474315643,0.00011719999999999999
1313,590.7428399985814,1,-0.006693490736114693,2893.60693359375,1.3261815309524536,0.00011717499999999999
1314,600.3300167415128,1,-0.002962259791379651,3601.0218505859375,1.3262185156345367,0.00011714999999999999
1315,611.7714257867859,1,-0.007355357933757745,3999.8875122070312,1.3262637555599213,0.00011712499999999997
1316,586.020938272924,1,-0.0003703525124167939,2936.73046875,1.3263691663742065,0.00011709999999999999
1317,604.3706303628273,1,-0.004434655367647977,3168.7405395507812,1.3267483413219452,0.00011707499999999999
1318,567.3719801098007,1,-0.001948901628341826,2669.9942626953125,1.3272545337677002,0.00011704999999999999
1319,485.64510859795234,1,-0.00796130823567931,2114.0717163085938,1.3278128802776337,0.00011702499999999998
1320,515.910729018287,1,-0.0030090201584000997,2178.2408447265625,1.3286856710910797,0.000117
1321,595.5243180406276,1,-0.00024014600101907035,3204.8252563476562,1.3293938338756561,0.000116975
1322,590.0426515415667,1,-0.0008045310177799969,2770.9467163085938,1.3298216462135315,0.00011695
1323,602.5515796256918,1,-0.0035109838797922066,3443.4210205078125,1.3300753831863403,0.00011692499999999998
1324,591.5809066939062,1,-0.005059743300080299,3160.5115356445312,1.3302429020404816,0.00011689999999999998
1325,583.5443097150496,1,0.00043390458449721336,2860.0270385742188,1.3303283154964447,0.000116875
1326,573.7580915579288,1,-0.0021674468862880047,2626.9874877929688,1.3305635452270508,0.00011685
1327,449.6381505464414,1,-0.007777826877009897,1689.5790405273438,1.3309378027915955,0.00011682499999999998
1328,572.3949796417304,1,-0.010150336230484225,2519.2822875976562,1.3311822414398193,0.00011679999999999998
1329,538.9049704052582,1,-0.011329186847433448,1763.4621887207031,1.3313739597797394,0.00011677499999999998
1330,514.5483932136782,1,0.002249095652160804,2883.95556640625,1.331563949584961,0.00011674999999999999
1331,513.0587626404863,1,-0.010040182814312626,1490.3504638671875,1.3317101001739502,0.00011672499999999999
1332,553.431132536225,1,-0.007195926799931307,2220.5569458007812,1.3316990435123444,0.00011669999999999999
1333,559.3550403160109,1,-0.0020602399405165173,2437.9610595703125,1.3319722414016724,0.00011667499999999999
1334,505.33351991825197,1,-0.0022029953422144644,1763.2145080566406,1.3321497738361359,0.00011665
1335,523.2473428179516,1,-0.005070071906652096,1717.7053527832031,1.3321339786052704,0.00011662499999999999
1336,583.1528260600945,1,-0.00354151614010334,2865.5284423828125,1.3325054049491882,0.00011659999999999999
1337,543.2614509611988,1,-0.00659931156939475,1826.0204772949219,1.332960695028305,0.00011657499999999999
1338,580.3855099521384,1,-0.0008444581180810928,2931.80029296875,1.3336984515190125,0.00011654999999999999
1339,594.0557993337418,1,4.9972906708717346e-05,3412.7708129882812,1.3343969881534576,0.00011652499999999997
1340,595.7576400333163,1,-0.0019393647089600563,3202.2027587890625,1.3349904119968414,0.00011649999999999999
1341,568.296453197218,1,-0.005899448611905278,2485.3116455078125,1.3356851041316986,0.00011647499999999999
1342,589.0288361893661,1,-0.010597754619084299,2910.0250244140625,1.336458683013916,0.00011644999999999998
1343,558.947511213171,1,-0.0062946843749536185,1891.1534729003906,1.3372491002082825,0.00011642499999999998
1344,608.3841038887797,1,-0.004913532727585768,3870.9251098632812,1.3379642367362976,0.0001164
1345,597.2081040542965,1,0.0013747235721288664,3209.13623046875,1.338490903377533,0.000116375
1346,430.4261185677748,1,-0.006667881634967898,3067.5859985351562,1.3389796316623688,0.00011635
1347,607.3883560327178,1,-0.005705531252452545,3631.7264404296875,1.3389002084732056,0.00011632499999999998
1348,594.2806357636845,1,-0.003013025729588281,2883.696533203125,1.3387126624584198,0.00011629999999999998
1349,603.568836911193,1,0.0004905714940681705,3753.27783203125,1.3384660482406616,0.000116275
1350,602.1462154045989,1,-0.0015684585225343994,3260.07958984375,1.3383093774318695,0.00011624999999999999
1351,582.451002431048,1,-0.005874201939244372,2488.5859985351562,1.3383020162582397,0.00011622499999999999
1352,583.0570148911214,1,0.00028138644882447217,2687.985107421875,1.3384369313716888,0.00011619999999999998
1353,586.3052349396877,1,-0.00035160450952664846,2836.2890014648438,1.3386984169483185,0.00011617499999999999
1354,596.5724092062012,1,-0.00042757740835996927,3323.9581298828125,1.3390765190124512,0.00011614999999999999
1355,582.826387708456,1,-0.0024537615245208144,2260.6989135742188,1.3394795656204224,0.00011612499999999999
1356,582.8782536676016,1,-0.003884774961960602,2940.166259765625,1.3395994901657104,0.00011609999999999999
1357,556.4887814281401,1,-0.0008058530423591392,2698.9833374023438,1.339702844619751,0.000116075
1358,596.5027091939198,1,0.0010755819312180392,2896.8726806640625,1.3397004902362823,0.00011605
1359,587.3224853160261,1,-0.005188152203263741,2668.6771240234375,1.339737892150879,0.00011602499999999999
1360,593.664308631732,1,-0.00297535279047878,3001.3941040039062,1.3397153317928314,0.00011599999999999999
1361,558.7027653202142,1,-0.0004849407182043741,2498.0921020507812,1.3397949039936066,0.00011597499999999999
1362,585.9487848328102,1,-0.0016367203388654161,2496.4642944335938,1.3398777544498444,0.00011595
1363,585.302311235237,1,-0.0007028642138457997,2868.410888671875,1.3400428295135498,0.000115925
1364,579.9555156286021,1,-0.004379532010688525,2737.5065307617188,1.3400637805461884,0.00011589999999999998
1365,574.4278032611633,1,-0.007741827367534408,2277.0808919270835,1.3399970531463623,0.00011587499999999998
1366,587.0063095402913,1,-0.00023471586014700563,2589.1829223632812,1.3400518894195557,0.00011584999999999998
1367,584.8599129155942,1,-0.008586168593875954,2260.9566650390625,1.340485006570816,0.000115825
1368,582.5153817670098,1,-0.004692384773851366,2411.6864624023438,1.3410148620605469,0.0001158
1369,569.150325254041,1,-0.0014520006890084147,2216.3609619140625,1.341422975063324,0.000115775
1370,574.1582734441107,1,-0.009793365487146488,2180.7564697265625,1.3416902422904968,0.00011575
1371,609.2125253626806,1,-0.004978577448529364,3341.4280395507812,1.3421695828437805,0.00011572499999999998
1372,582.8046728071022,1,-0.0024819942307647835,2631.7932739257812,1.3427447378635406,0.0001157
1373,589.7791603434599,1,-0.003899772771855048,3295.7140502929688,1.3433347940444946,0.00011567499999999999
1374,584.6387363875795,1,-0.004248971136827873,2278.555908203125,1.343731701374054,0.00011564999999999999
1375,598.4806959742888,1,0.00026150498677557366,2406.431396484375,1.3440788388252258,0.00011562499999999999
1376,601.944072999109,1,-0.00016983763049149836,3284.579833984375,1.3444744348526,0.00011559999999999998
1377,551.9331301043155,1,-0.004601302941013241,1793.6964416503906,1.3448231518268585,0.00011557499999999999
1378,604.761714963173,1,-0.0013902722820908764,3215.4052734375,1.345137357711792,0.00011554999999999999
1379,601.854810015804,1,-0.0007483905926178869,2814.9989624023438,1.3454362750053406,0.00011552499999999999
1380,571.5352173266963,1,-0.004164009531661961,1940.5606079101562,1.3456576764583588,0.00011549999999999999
1381,602.2450092916265,1,-0.0018633808325212442,3097.6534423828125,1.3456788957118988,0.000115475
1382,579.6692447717717,1,-0.005698507024337385,2304.7787475585938,1.345733404159546,0.00011545
1383,569.3682402096628,1,0.0003351903847388371,2141.562744140625,1.345946729183197,0.00011542499999999999
1384,583.6191437333338,1,-4.3431296944618225e-05,2577.6923828125,1.3460898399353027,0.00011539999999999999
1385,603.9630768455611,1,-0.001207777057150139,3130.4511108398438,1.3460801839828491,0.00011537499999999999
1386,600.4612180542273,1,-0.0020089852844442646,3170.4633178710938,1.3461217284202576,0.00011535
1387,590.6506065989552,1,-0.0028747003195643828,3285.9888916015625,1.3461852073669434,0.000115325
1388,580.4437894463799,1,-0.0027074648613627517,2250.5211791992188,1.3463613986968994,0.00011529999999999998
1389,592.6983401206729,1,-0.0030016433232482598,2544.3108520507812,1.3465839326381683,0.00011527499999999998
1390,581.5722125280411,1,-0.0022638187347432392,2112.3607177734375,1.3470310866832733,0.00011524999999999998
1391,580.9782538972976,1,-0.0032598446055622787,2190.0492553710938,1.3475122153759003,0.000115225
1392,598.0193036720747,1,0.002233088360506841,2859.2512817382812,1.3476623892784119,0.0001152
1393,599.7499020240853,1,-0.004283794684472042,2821.4563598632812,1.3477144539356232,0.000115175
1394,603.5638942032774,1,0.0005540123293652499,3244.0810546875,1.3476269841194153,0.00011515
1395,611.334838111437,1,-0.003894458712782267,3582.526123046875,1.3474916517734528,0.00011512499999999998
1396,614.2119188847014,1,-0.006471462797241756,3719.1617431640625,1.3474836647510529,0.00011509999999999999
1397,604.931698747696,1,-0.0021693385435188617,3068.5448608398438,1.3475874960422516,0.00011507499999999999
1398,562.3145474061913,1,-0.0018460650702110115,1547.3170776367188,1.3478476405143738,0.00011504999999999999
1399,595.2966237367917,1,-0.0014727540015062601,2623.2387084960938,1.3482001423835754,0.00011502499999999999
1400,565.935126828047,1,-0.0028994262393098325,2176.1448974609375,1.3487243056297302,0.00011499999999999998
1401,594.2892404311513,1,-0.006775362653407502,2246.1934204101562,1.3493333756923676,0.00011497499999999999
1402,606.9400157685303,1,-0.0015530740762450534,3644.50732421875,1.3499685525894165,0.00011494999999999999
1403,578.9204397385397,1,0.0008162800222635269,2328.7169189453125,1.350552648305893,0.00011492499999999999
1404,575.0163675831526,1,-0.0008897194638848305,2049.8460693359375,1.3511126637458801,0.00011489999999999999
1405,609.1277263229673,1,-0.0010109831607643116,3224.5606079101562,1.3517127335071564,0.000114875
1406,589.4712585394923,1,-0.008700410426417893,2128.1170043945312,1.3522046208381653,0.00011485
1407,574.2454192579809,1,-0.005145780966877567,1907.72802734375,1.352708339691162,0.000114825
1408,596.1656038785845,1,0.0018459583882108888,2743.3563842773438,1.353072851896286,0.00011479999999999999
1409,571.1994716860801,1,-0.004731748758003307,1598.1446533203125,1.353733390569687,0.00011477499999999998
1410,593.3340100069629,1,-0.0006016352550326509,2234.7371215820312,1.3549747169017792,0.00011475
1411,579.6429450603507,1,-0.0027043342806658544,2104.053466796875,1.3559625446796417,0.000114725
1412,587.0946758555305,1,-0.005542789779912738,2539.878173828125,1.3566842377185822,0.00011469999999999998
1413,591.5493486545319,1,-0.0006517668693000189,2240.4998779296875,1.3573070466518402,0.00011467499999999998
1414,580.123520307571,1,-0.0013655903607858733,2338.2149658203125,1.3578892350196838,0.00011464999999999998
1415,595.0027541802775,1,-0.00573331073929495,2276.81982421875,1.3583872616291046,0.000114625
1416,582.7606554512502,1,0.0005183669218524756,2379.2531127929688,1.358984798192978,0.0001146
1417,539.3679980503389,1,-0.012206372106447816,1506.23486328125,1.3598147928714752,0.00011457499999999999
1418,581.9335734312932,1,0.00442532762197026,2089.9410400390625,1.3606463074684143,0.00011454999999999999
1419,534.2966133476518,1,-0.007916526173286975,1683.9073791503906,1.3613894879817963,0.000114525
1420,582.5830049656981,1,-0.000981569308455832,2070.5684814453125,1.3623845875263214,0.00011449999999999999
1421,572.0924832091011,1,-0.001425195611746588,2208.1793823242188,1.3631949722766876,0.00011447499999999999
1422,587.5307899962654,1,-0.007062152345273631,1941.3352355957031,1.3638119995594025,0.00011444999999999999
1423,552.5758842557896,1,-0.002560193180092263,1300.3841247558594,1.3644876778125763,0.00011442499999999999
1424,596.9427412429931,1,0.0032299911342277277,2246.702880859375,1.3652839064598083,0.00011439999999999998
1425,591.5490107737817,1,-0.0031063609159271977,2183.4659423828125,1.3660765588283539,0.00011437499999999999
1426,593.897956050482,1,-0.00043018780787917876,2585.443359375,1.3666806817054749,0.00011434999999999999
1427,592.4280472096398,1,-0.010862033075528466,2294.2724609375,1.3670926094055176,0.00011432499999999999
1428,604.4460503199386,1,-0.00410134264190376,2941.7481079101562,1.3675459027290344,0.00011429999999999999
1429,598.3271109847142,1,0.0008667726344189219,2702.6434936523438,1.3678394258022308,0.000114275
1430,607.8901224502099,1,-0.003095205472822382,2953.5143432617188,1.368204265832901,0.00011425
1431,596.1712204077537,1,-0.0007953185362641335,2174.194580078125,1.3686965703964233,0.000114225
1432,603.2309652627646,1,-0.003916815388947725,2201.6253662109375,1.3691721260547638,0.00011419999999999998
1433,600.4319142132321,1,-0.003658363086063987,2352.2498779296875,1.3695396184921265,0.00011417499999999998
1434,560.318095672356,1,-0.011498027391716903,1628.2543029785156,1.3698334693908691,0.00011415
1435,595.7766061029182,1,0.0013079883194424546,2011.1198120117188,1.3702189028263092,0.000114125
1436,578.1046158440231,1,-0.002469540766574241,1818.3169555664062,1.3706165254116058,0.00011409999999999998
1437,594.7405661586042,1,-0.003434065062522418,1952.0033264160156,1.370844155550003,0.00011407499999999998
1438,605.7718055720808,1,-0.0007198828775401012,2568.7369384765625,1.3710973858833313,0.00011404999999999998
1439,604.3672126752597,1,-0.003296172246336937,2341.8365478515625,1.3713167011737823,0.000114025
1440,605.2629476758294,1,-0.003048202991896787,2089.9200439453125,1.3714781999588013,0.00011399999999999999
1441,596.7828948339876,1,-0.004627121489028774,1763.5228881835938,1.3717889189720154,0.00011397499999999999
1442,607.7888740299775,1,-0.01106060513873297,2802.4031372070312,1.3719655275344849,0.00011394999999999999
1443,565.2270083852791,1,-0.004544555926947136,1592.7402038574219,1.3721866607666016,0.000113925
1444,604.3984323896417,1,-0.0017182290596582384,2402.918701171875,1.3727338910102844,0.00011389999999999999
1445,601.9254715962296,1,0.001829066313803196,2336.760009765625,1.3732375502586365,0.00011387499999999999
1446,592.3575366528916,1,-0.0038196832562462646,2354.7611694335938,1.3735800385475159,0.00011384999999999999
1447,596.7724017052694,1,-0.005614086445691058,1923.1622009277344,1.374001681804657,0.00011382499999999999
1448,604.8665138204882,1,-0.004408419397401886,2466.7681274414062,1.3746334612369537,0.00011379999999999997
1449,579.458138071444,1,-0.005799731411693543,1815.396240234375,1.3753113150596619,0.00011377499999999999
1450,576.005454327935,1,0.00043985583761241287,1863.7786560058594,1.375892698764801,0.00011374999999999999
1451,597.6461858488813,1,-0.002606729433850319,1927.140625,1.376602679491043,0.00011372499999999999
1452,596.921814766837,1,-0.002971998418197508,2243.2163696289062,1.3775048851966858,0.00011369999999999999
1453,583.3966067048912,1,-0.004360562553266334,1563.0812072753906,1.3785223364830017,0.000113675
1454,594.3830428596544,1,-0.008271904711218525,2261.591064453125,1.379499465227127,0.00011365
1455,596.3057133057008,1,-0.011266000933382259,2443.7236938476562,1.3803966641426086,0.000113625
1456,592.3057737793155,1,-0.004352166572925142,2715.0452270507812,1.3811447322368622,0.00011359999999999998
1457,581.9842655075354,1,-0.003018326775248492,1722.7563171386719,1.381650984287262,0.00011357499999999998
1458,602.2736111445103,1,-0.005125696002136415,2373.7679443359375,1.3819733560085297,0.00011355
1459,578.3960146436958,1,-0.005471619597079425,1633.2667236328125,1.3822442591190338,0.000113525
1460,602.8365595952873,1,0.0017826059961016938,2615.3242797851562,1.382485270500183,0.00011349999999999998
1461,597.1348183146799,1,-0.0033040862691660067,1958.9384460449219,1.3827365338802338,0.00011347499999999998
1462,600.7364544910016,1,-0.00023684409813995444,2179.515869140625,1.3831451535224915,0.00011344999999999998
1463,601.5487326694242,1,-0.002990445560066668,2251.3111572265625,1.3835811614990234,0.00011342499999999999
1464,593.494880679439,1,-0.012392230331897736,2009.7743835449219,1.384060025215149,0.00011339999999999999
1465,611.5383059170134,1,0.000854536626368585,2829.109619140625,1.3845676183700562,0.00011337499999999999
1466,571.8540888380776,1,-0.0046366250387075425,1844.7590026855469,1.3848716914653778,0.00011334999999999999
1467,537.960494084511,1,-0.011085831139546976,1544.3956604003906,1.3849557638168335,0.000113325
1468,598.6853766788761,1,-0.003980414911865182,2128.8828735351562,1.3850622475147247,0.00011329999999999999
1469,598.8761805320814,1,0.00021108055342189402,2300.371826171875,1.3852064609527588,0.00011327499999999999
1470,595.0625955185923,1,-0.00942809400327782,2117.1064453125,1.385465145111084,0.00011324999999999999
1471,572.0847808736428,1,-0.0017097955247118435,1439.4958190917969,1.3857904970645905,0.00011322499999999999
1472,588.4642118391996,1,-0.0032016301959040816,1889.0085144042969,1.3863175213336945,0.0001132
1473,590.19466632461,1,-0.00868507674784369,1909.6388854980469,1.3866944015026093,0.00011317499999999999
1474,584.358534867815,1,-0.00017821788071259448,1975.8075866699219,1.3869470655918121,0.00011314999999999999
1475,576.8201944748092,1,-0.004409550611816471,1508.5556640625,1.3872962892055511,0.00011312499999999999
1476,571.2804717463846,1,-0.0018579598840471334,1577.4912109375,1.3878674805164337,0.00011309999999999998
1477,566.7442903544085,1,-0.003613929045386044,1258.412353515625,1.3886542320251465,0.000113075
1478,549.9625950640066,1,-0.006293130337249764,1384.9631042480469,1.3895904123783112,0.00011305
1479,573.3814549282883,1,-0.0006562462604318142,1675.9674072265625,1.3903505206108093,0.000113025
1480,586.2671763226783,1,-0.004259574215224937,1764.4957275390625,1.3909673392772675,0.00011299999999999998
1481,602.489770093609,1,-0.003920319296109476,2346.60546875,1.3913309872150421,0.00011297499999999998
1482,580.2574194856588,1,-0.00011719491521944292,1536.7800598144531,1.3915678560733795,0.00011295
1483,589.6292679797903,1,-0.0005174945094044148,2210.4058837890625,1.391851395368576,0.000112925
1484,586.4638617178185,1,-0.004666990119227332,1793.7469177246094,1.3921771943569183,0.00011289999999999999
1485,537.8054976804777,1,-0.005716118714883034,1113.8465270996094,1.3924249708652496,0.00011287499999999998
1486,586.868087416203,1,-0.00284916818847325,1729.6546936035156,1.3925518095493317,0.00011284999999999998
1487,596.5341547779327,1,0.002633768823120164,2479.5374755859375,1.3928296566009521,0.00011282499999999999
1488,584.2889346164332,1,-0.003279548115791897,1976.353759765625,1.393261581659317,0.00011279999999999999
1489,568.8199861587566,1,-0.013937887074929156,1549.499267578125,1.3935013711452484,0.00011277499999999999
1490,570.0252712565755,1,-0.008090420041187762,1229.4634094238281,1.3935658037662506,0.00011274999999999999
1491,589.9014512167835,1,-0.0007641729898750782,1898.5196838378906,1.393868863582611,0.000112725
1492,586.1559327896376,1,-0.00217367888918929,1749.6685791015625,1.394407719373703,0.00011269999999999999
1493,594.985513072534,1,-0.001737992573556113,2084.9547119140625,1.3951479196548462,0.00011267499999999999
1494,605.0635038130878,1,0.0006576458952625153,2244.391357421875,1.3956651091575623,0.00011264999999999999
1495,585.2683185084925,1,-0.004193369842167449,1679.8743591308594,1.3961832225322723,0.00011262499999999999
1496,592.5882504340786,1,-0.00046525342964187644,2006.1636657714844,1.3968240320682526,0.0001126
1497,481.9495029519687,1,-0.016747390603025547,1703.5360107421875,1.3975104093551636,0.00011257499999999999
1498,581.5724054201047,1,0.003997824013714624,2100.5936889648438,1.398427426815033,0.00011254999999999998
1499,600.6289834980029,1,0.0004397536560043491,2261.5999145507812,1.3993180394172668,0.00011252499999999998
1500,595.8251496751143,1,-0.009183411580536038,1567.5583190917969,1.4002562463283539,0.0001125
1501,569.2846280243612,1,-0.010400417867554967,1484.7216796875,1.4012578129768372,0.000112475
1502,559.1477318152591,1,-0.003690082114189863,1401.3515930175781,1.402300477027893,0.00011245
1503,565.4297170088371,1,0.0011524216377685192,1194.4361877441406,1.4034370183944702,0.000112425
1504,573.8859034514836,1,0.001132325048092575,1694.5780334472656,1.404521882534027,0.0001124
1505,557.0419064696059,1,-0.007205456319866244,1103.0977478027344,1.4054058194160461,0.000112375
1506,551.8571579883668,1,-0.012609832406466293,1108.5661010742188,1.406326562166214,0.00011235
1507,586.65556251471,1,-0.006830922796972061,1562.8492736816406,1.407258003950119,0.00011232499999999999
1508,595.5818726541299,1,0.00015995459143591795,1650.2453918457031,1.4081467390060425,0.00011229999999999998
1509,436.3016499614896,1,-0.0029461478996832824,2186.957275390625,1.4087235629558563,0.00011227499999999998
1510,494.61740121154276,1,-0.007287919207516591,1167.7086181640625,1.4087883830070496,0.00011224999999999999
1511,600.1626195221352,1,0.006154291333741568,2123.158935546875,1.4077473878860474,0.00011222499999999999
1512,605.2287492444198,1,0.004104437957661133,2199.6533203125,1.406983733177185,0.00011219999999999999
1513,590.3805122095307,1,-0.0008024732723566075,1774.0206909179688,1.406682401895523,0.00011217499999999999
1514,565.916266122361,1,-0.007159438105121652,1281.5954895019531,1.40670508146286,0.00011215
1515,548.583969558054,1,-0.014810365960770197,1144.4441731770833,1.406955321629842,0.000112125
1516,600.2249490873934,1,0.011295102521158285,2076.9722900390625,1.4071037471294403,0.0001121
1517,589.8921052282468,1,0.00019688457772648604,1655.9035949707031,1.4072876870632172,0.00011207499999999999
1518,580.063647742022,1,-0.0027264291420578957,1472.8379821777344,1.4075393676757812,0.00011204999999999999
1519,594.5863406464682,1,-0.0030500099040384754,1847.8713989257812,1.4077877402305603,0.000112025
1520,596.7962364300702,1,-0.0038926537363574987,1683.101318359375,1.408045083284378,0.00011199999999999998
1521,597.6973753370153,1,-0.0028595415503898103,1784.38525390625,1.4084482192993164,0.00011197499999999998
1522,595.5178141670634,1,-0.0042889424526482145,1755.3580017089844,1.4087944626808167,0.00011194999999999998
1523,597.726513890952,1,-0.0055938024375734585,2109.7218017578125,1.4093795120716095,0.00011192499999999998
1524,571.9508571155077,1,-0.003138488256167804,1213.7070617675781,1.4100132286548615,0.0001119
1525,532.7503269547258,1,-0.008225822567390129,1198.7020874023438,1.4105763733386993,0.000111875
1526,597.2953725732943,1,-0.0014309221878647804,1828.3836059570312,1.4108590185642242,0.00011185
1527,606.2646407257839,1,-0.002582199128198681,2037.5809020996094,1.4112656116485596,0.000111825
1528,603.4831567348348,1,-0.00025607739582866884,1955.3437194824219,1.4118633568286896,0.00011180000000000001
1529,-102.08437564187949,1,-0.003028956457273857,11369.8623046875,1.412573218345642,0.00011177499999999999
1530,582.7305525273265,1,-0.0015993848491859808,1520.6638793945312,1.4131015837192535,0.00011174999999999999
1531,585.5094027593473,1,-0.002452686456459574,1645.9804077148438,1.413683295249939,0.00011172499999999999
1532,548.2745463299009,1,-0.006692061591560439,1494.1666564941406,1.4141625761985779,0.00011169999999999998
1533,600.2794656116389,1,-0.002513614483177662,1781.8358154296875,1.4146763682365417,0.00011167499999999998
1534,585.2905012234044,1,-0.005260881935948092,1254.0652465820312,1.4150465726852417,0.00011164999999999999
1535,599.3831215981377,1,0.0009018515882388556,1910.9533081054688,1.4152809381484985,0.00011162499999999999
1536,585.8976738273129,1,-0.0036691040338663328,1541.8173217773438,1.4154504537582397,0.00011159999999999999
1537,598.7275699778164,1,-0.008850335609167814,1544.6371154785156,1.415446013212204,0.00011157499999999999
1538,611.8738660054296,1,-0.0029771836049832245,2656.618408203125,1.4155998528003693,0.00011155
1539,542.2737986927233,1,-0.0035414282781056627,2182.336669921875,1.4157978296279907,0.000111525
1540,561.5591201653194,1,-0.014662913321940696,1216.8949279785156,1.4159420132637024,0.0001115
1541,584.3828842286038,1,-0.002831519329145493,1612.6518249511719,1.4161042869091034,0.00011147499999999999
1542,500.5230075419654,1,-0.00788957669606638,1522.5213012695312,1.4164611995220184,0.00011144999999999998
1543,599.1578572459059,1,-0.0012116889702156186,1961.2008972167969,1.417041689157486,0.000111425
1544,558.0548942717994,1,0.0008641434944083315,1244.7431335449219,1.417517364025116,0.00011139999999999998
1545,577.5525380473139,1,-0.004125836775080494,1325.2127990722656,1.41804701089859,0.00011137499999999998
1546,548.542504733166,1,-0.008747631559556712,1033.1385192871094,1.418611764907837,0.00011134999999999998
1547,586.6277865885763,1,-0.0015731539357553004,1531.8986511230469,1.419004112482071,0.00011132499999999998
1548,597.6501963224343,1,-0.0028581646367431546,1766.6256713867188,1.4193191528320312,0.0001113
1549,599.1411002091438,1,2.5743619396223494e-06,1712.3794555664062,1.4195584058761597,0.000111275
1550,591.1152997869087,1,-0.007755897411118262,1484.9207458496094,1.4199095964431763,0.00011125
1551,600.257875283276,1,8.488342636780999e-06,2088.8187255859375,1.4202461540699005,0.00011122499999999999
1552,603.7703423152917,1,-0.005807573891019935,1901.4027099609375,1.4204494953155518,0.0001112
1553,589.3689240408,1,-0.004524600949518787,1368.864013671875,1.4206748604774475,0.00011117499999999999
1554,600.6809133654514,1,-0.0006137197383164761,1895.9041137695312,1.421020895242691,0.00011114999999999999
1555,606.488311805484,1,-0.002525464418859258,2106.1861572265625,1.4213043749332428,0.00011112499999999999
1556,587.2332507449794,1,-0.002552579036160907,1248.1921691894531,1.4214953780174255,0.00011109999999999998
1557,601.3350076838168,1,-0.0015815370988416788,1664.4356689453125,1.4216416776180267,0.00011107499999999998
1558,596.2807189104471,1,-0.007026453817482348,1292.5785827636719,1.4217438101768494,0.00011104999999999999
1559,588.7879996957581,1,-0.0010393828762325086,1634.4622802734375,1.4219137728214264,0.00011102499999999999
1560,606.5387950604152,1,-0.004869775863234338,2173.0399169921875,1.4221459329128265,0.00011099999999999999
1561,593.3621582080696,1,-0.001512040277556359,1638.7334594726562,1.4224206805229187,0.00011097499999999999
1562,604.5125109808793,1,-0.004932425595542078,2099.5516967773438,1.4227555692195892,0.00011095
1563,557.2686077710009,1,-0.01783556218324911,1107.9374694824219,1.4231073260307312,0.000110925
1564,596.7466183008878,1,0.00043550393535962684,1329.9204711914062,1.4239917397499084,0.0001109
1565,600.8709589167873,1,0.00431088423719217,1743.4628295898438,1.4250012338161469,0.000110875
1566,571.3334210585106,1,-0.007395980261767798,1215.9354248046875,1.4258839786052704,0.00011084999999999998
1567,579.1302471879454,1,-0.009091909172160406,1015.2766265869141,1.4268039464950562,0.000110825
1568,603.6201682078704,1,0.0027630486134917476,1777.841796875,1.4273155629634857,0.0001108
1569,568.0212219469364,1,-0.012993218487520775,1037.2164306640625,1.427759438753128,0.00011077499999999998
1570,578.9947334581626,1,-0.006355735115890937,1202.0743408203125,1.4283204674720764,0.00011074999999999998
1571,564.5572281209927,1,-0.005808125883858262,1226.6910705566406,1.4289324879646301,0.00011072499999999998
1572,596.9914729438053,1,0.0026726200083047047,1341.8770141601562,1.4295188188552856,0.0001107
1573,574.2619181732247,1,-0.0044208983513149835,1043.1337585449219,1.430366188287735,0.00011067499999999999
1574,573.1276045640222,1,-0.0022101116655264263,1127.062744140625,1.4312065541744232,0.00011064999999999999
1575,575.6063120376264,1,-0.0035645465936671172,948.5940093994141,1.4321496784687042,0.00011062499999999999
1576,567.977516938985,1,-0.005129459479769061,917.4266204833984,1.4330205619335175,0.0001106
1577,581.6347178132141,1,-0.007097531824175718,1192.9745178222656,1.4336901605129242,0.000110575
1578,540.9791789894902,1,-0.01406976217642845,1111.1551920572917,1.434127648671468,0.00011054999999999999
1579,598.150933679705,1,0.006545618955335897,1446.3006591796875,1.4345340132713318,0.00011052499999999999
1580,532.9345330592885,1,0.00026934195311056897,876.0577087402344,1.4349886178970337,0.00011049999999999999
1581,558.8653481301404,1,0.002575613765971596,910.6187438964844,1.4362297356128693,0.00011047499999999997
1582,590.8687161528276,1,-0.0006738458372033129,1125.4889831542969,1.4376472532749176,0.00011044999999999999
1583,579.581881361463,1,-0.0029714836723986338,1650.245849609375,1.4387082755565643,0.00011042499999999999
1584,598.4679219466036,1,-0.001957691453738697,1572.1411437988281,1.4394156634807587,0.00011039999999999999
1585,566.1097609111694,1,-0.00022770723444409668,1059.460205078125,1.4400537610054016,0.00011037499999999999
1586,552.8785624096233,1,-0.003653183508302238,1240.5845031738281,1.4404699504375458,0.00011035
1587,606.0626510110691,1,0.0007634726196883435,2088.5631713867188,1.440635621547699,0.000110325
1588,469.87734580034737,1,-0.004535344500954608,1534.5499267578125,1.4407862822214763,0.0001103
1589,516.020562878505,1,-0.005335770822635588,1311.2509765625,1.4408296048641205,0.000110275
1590,350.1420357171336,1,-0.00487815116354362,4372.0831298828125,1.4408049881458282,0.00011024999999999998
1591,591.6026855867988,1,-0.00030399701083005937,1140.7835693359375,1.4408758282661438,0.000110225
1592,581.6232091059559,1,-0.007387173581644646,1280.7257690429688,1.4409096539020538,0.0001102
1593,580.1370736467564,1,-0.0002487968805366947,1191.8467102050781,1.4404265582561493,0.00011017499999999998
1594,570.9359321805055,1,-0.0048120412368164445,936.9361114501953,1.4402279555797577,0.00011014999999999998
1595,594.3126926573777,1,-0.008388259138943255,1541.8524475097656,1.4403499364852905,0.00011012499999999998
1596,589.813329977854,1,6.185788103962864e-06,1431.5303344726562,1.4405262768268585,0.00011009999999999999
1597,569.2078357308999,1,-0.006828039614618753,952.5832977294922,1.4407821595668793,0.00011007499999999999
1598,595.6656089233348,1,0.003391609499453274,1453.4147644042969,1.4412510693073273,0.00011004999999999999
1599,576.4752913336414,1,-0.001437100044747286,1080.0845336914062,1.4416525065898895,0.00011002499999999999
1600,600.8114350446381,1,-0.004279970657080412,1444.7773742675781,1.4420547187328339,0.00011
1601,604.5917742312449,1,-0.0049441020985661055,1880.5875549316406,1.4424628615379333,0.000109975
1602,594.0081071517744,1,-0.0002938430960797156,1533.6505432128906,1.4428958296775818,0.00010994999999999999
1603,586.7634264967678,1,-0.0025785741445214505,1557.3181762695312,1.4433374404907227,0.00010992499999999999
1604,540.5232769848317,1,-0.01756758061809549,742.0557454427084,1.4436622460683186,0.00010989999999999999
1605,571.5967767021089,1,0.013245855576135668,1044.09375,1.4449122846126556,0.00010987499999999997
1606,583.0170520511343,1,0.0003692596533082515,1016.2875518798828,1.4462791979312897,0.00010984999999999999
1607,540.6724424717559,1,-0.008458878999261898,1259.5213012695312,1.4474069774150848,0.00010982499999999999
1608,602.325286580779,1,-0.0031187969473635,1364.8321838378906,1.4478481709957123,0.00010979999999999999
1609,509.7070818865792,1,-0.009847427480853987,1384.0831909179688,1.448060005903244,0.00010977499999999998
1610,603.8662233964725,1,-0.007809788204863111,1919.7665405273438,1.4482299983501434,0.00010975
1611,597.4620070207417,1,-0.007373233686291059,1441.7710266113281,1.4484971463680267,0.000109725
1612,591.3549082479794,1,-0.0025064987356824275,1068.2428283691406,1.4491444528102875,0.0001097
1613,570.7986820785109,1,-0.012837947561725294,970.4615631103516,1.4499696493148804,0.000109675
1614,609.3032207577126,1,-0.004019832375078386,1908.5180358886719,1.4508531391620636,0.00010964999999999998
1615,594.4448625490794,1,-0.0019807769516342333,1216.82470703125,1.4516108632087708,0.000109625
1616,591.7384115979362,1,-0.007648069186446671,1289.4422607421875,1.452183485031128,0.0001096
1617,585.1861678074877,1,-0.004169692736708086,1257.5243835449219,1.452697992324829,0.00010957499999999998
1618,545.4356851784387,1,-0.01022700026838319,783.4581298828125,1.4530663192272186,0.00010954999999999998
1619,593.4875292957472,1,-0.0022875824943184853,1129.2607421875,1.4531367421150208,0.00010952499999999998
1620,596.3778211677974,1,0.0012505194172263145,1344.4838562011719,1.4533277451992035,0.00010949999999999999
1621,606.9586928321633,1,-0.0048669569046158045,1913.4217834472656,1.453637719154358,0.00010947499999999999
1622,584.6665540624937,1,-0.0028266586882563782,1167.5565795898438,1.4539255499839783,0.00010944999999999999
1623,586.4109964894759,1,-0.004362152382133111,1124.0648193359375,1.454099416732788,0.00010942499999999999
1624,558.7782134450641,1,-0.004088146805688808,1278.647216796875,1.4540711641311646,0.0001094
1625,600.7638735764031,1,0.0008407131820038494,1490.4404296875,1.4537184238433838,0.000109375
1626,586.8580840204372,1,0.011424856031170568,1435.015380859375,1.4534869988759358,0.00010934999999999999
1627,571.2838634240437,1,0.00036228903131441115,846.8289947509766,1.4533848762512207,0.00010932499999999999
1628,585.8528938975076,1,-0.0021855318918824196,1292.3106079101562,1.4534198939800262,0.00010929999999999999
1629,-177.9537539917552,0,-0.0261185021372512,4595.873748779297,1.4535272121429443,0.00010927499999999997
1630,-175.1744812904673,0,-0.024364794488064945,4830.461578369141,1.4536093920469284,0.00010924999999999999
1631,-175.80584740862167,0,0.023909754818305373,3655.215087890625,1.4536540806293488,0.00010922499999999999
1632,-147.98181955990628,0,0.09364252886734903,2830.8497734069824,1.4536658078432083,0.00010919999999999998
1633,589.2532331170331,1,-0.000741057496703057,2377.0916137695312,1.4536421298980713,0.00010917499999999998
1634,604.2305189027451,1,-0.0020542133668310925,2867.0269775390625,1.4536103010177612,0.00010915
1635,523.2015668575933,1,-0.0019169442215458687,1580.4522399902344,1.453586608171463,0.000109125
1636,596.6483913235304,1,-0.0005358375844171093,1975.9597778320312,1.4535757005214691,0.0001091
1637,594.8730750127373,1,-0.0024023400126340633,1749.8984069824219,1.4536073207855225,0.000109075
1638,606.4156133654492,1,-0.002062792378378475,2173.860595703125,1.4536574184894562,0.00010904999999999998
1639,-162.609395226963,0,0.06412997259758413,4605.488250732422,1.4536326229572296,0.000109025
1640,576.8183452733487,1,-0.0015471167862415314,1017.1959686279297,1.4536155462265015,0.00010899999999999999
1641,583.9306832325963,1,-0.0021402629153293162,1422.6063232421875,1.4537134170532227,0.00010897499999999998
1642,595.9975391863678,1,-0.0019131481195255873,1434.263671875,1.4537582397460938,0.00010894999999999998
1643,-182.52714189115576,0,-0.05219171452336013,3308.7059631347656,1.4537071287631989,0.00010892499999999998
1644,567.2798842045423,1,-0.0039014978217890572,896.8059692382812,1.4536676704883575,0.00010889999999999999
1645,-81.49583867139577,0,-0.0006809062324464321,2904.7667236328125,1.4536587993303935,0.00010887499999999999
1646,589.849568559456,1,-0.005986265183533901,1217.7843017578125,1.4536608159542084,0.00010884999999999999
1647,-172.20119537809833,0,0.019810413010418415,2814.930704752604,1.453670601050059,0.00010882499999999999
1648,579.9803686949318,1,-0.0018450582903177803,1163.6676940917969,1.4536593854427338,0.0001088
1649,-170.98195594121813,0,0.051379062118940055,2659.5656242370605,1.4536330103874207,0.000108775
1650,602.1042439129719,1,-0.0014116034736630922,1653.7735900878906,1.45359468460083,0.00010874999999999999
1651,592.4484465642064,1,-0.0021267897558943094,1432.3374633789062,1.4535764455795288,0.00010872499999999999
1652,575.4612818626117,1,-0.003123554269187423,900.6876220703125,1.4536026418209076,0.0001087
1653,556.568258307678,1,-0.00536615535556928,1829.1822509765625,1.453658640384674,0.00010867499999999999
1654,580.3889917940406,1,-0.0021471215055930415,993.6097259521484,1.453614056110382,0.00010864999999999998
1655,499.499790895974,1,-0.001910445010123052,2122.1031494140625,1.453463762998581,0.00010862499999999998
1656,564.1445570901388,1,-0.005269930817986435,1095.5880737304688,1.4533231258392334,0.00010859999999999998
1657,605.1537028982227,1,-0.0031043007566342595,1597.9246826171875,1.4532212615013123,0.000108575
1658,596.8216592139252,1,0.00020533844927417277,1290.8347473144531,1.4532675445079803,0.00010855
1659,546.5906413395741,1,-0.007014198952260742,731.6508483886719,1.453337162733078,0.000108525
1660,559.5873632487082,1,0.003112928251115088,1602.6279907226562,1.4536344408988953,0.0001085
1661,583.6662969532383,1,-0.0037783535663038492,1355.4683227539062,1.4538848400115967,0.00010847500000000001
1662,559.5065405411902,1,-0.0028013670817017555,848.9253540039062,1.4540033340454102,0.00010845
1663,583.7958543047056,1,-0.0015812332534963502,1078.7539978027344,1.4539890885353088,0.00010842499999999999
1664,551.8871208759849,1,-0.0058264330989494795,833.7402496337891,1.4538922905921936,0.00010839999999999999
1665,590.4220443265797,1,0.0011568237096071243,1304.3789367675781,1.4533786177635193,0.00010837499999999998
1666,543.6440699277377,1,-0.0020616496965171205,690.2655334472656,1.453019231557846,0.00010834999999999998
1667,606.523612279811,1,-0.006113239299056161,1578.8048706054688,1.4526013135910034,0.00010832499999999999
1668,588.6140849024325,1,-0.005008929638591231,1021.0958099365234,1.4523627758026123,0.00010829999999999999
1669,570.350249455312,1,-0.010130642387020883,796.4747009277344,1.4524019658565521,0.00010827499999999999
1670,596.5982521632587,1,0.002528160013119063,1366.3123779296875,1.4525056779384613,0.00010824999999999999
1671,584.7164439985387,1,-0.002997975705809175,1263.4379272460938,1.4527725577354431,0.000108225
1672,592.7370129163764,1,-0.002478584014655505,1144.4411010742188,1.4530143737792969,0.0001082
1673,561.0976811003725,1,-0.007888755336513231,829.3098297119141,1.4531907439231873,0.000108175
1674,599.2791502711927,1,0.00047304880620968603,1390.8966064453125,1.4532945156097412,0.00010814999999999999
1675,611.1911172725638,1,-0.0012949078631887545,1564.3787536621094,1.4535072147846222,0.00010812499999999999
1676,556.914114905089,1,-0.008070313425826647,803.1612243652344,1.453763484954834,0.0001081
1677,589.5309822254426,1,-0.004380264318555316,1295.0133361816406,1.4539470076560974,0.00010807499999999998
1678,572.8064359546759,1,-0.003819144405544428,1133.2633361816406,1.4541370272636414,0.00010804999999999998
1679,602.0560200509025,1,-0.0003900705642561064,1512.6175231933594,1.4538827538490295,0.00010802499999999998
1680,605.3771447492346,1,0.00013491565443279896,1723.3554077148438,1.4536409080028534,0.00010799999999999998
1681,540.747597033731,1,-0.005272051157791946,687.5715637207031,1.453598439693451,0.000107975
1682,593.9360697205756,1,-0.005101687026520363,1113.3151550292969,1.4538336992263794,0.00010795
1683,589.1580763575579,1,-0.0007508538505049955,1111.9074401855469,1.4540914297103882,0.000107925
1684,557.3044289747625,1,-0.0012415366571598696,890.8458251953125,1.4543434381484985,0.0001079
1685,590.9759597450774,1,-0.0026065470167981886,1125.2759399414062,1.4547244012355804,0.000107875
1686,608.1423132382213,1,-0.00019778932452396703,1603.9633483886719,1.4550114572048187,0.00010784999999999999
1687,587.8110398389206,1,-0.005483532324433327,948.0676574707031,1.4553240537643433,0.00010782499999999999
1688,588.3664379679788,1,-0.004493283344588761,1111.0531921386719,1.4556544125080109,0.00010779999999999999
1689,590.1931040096691,1,0.0005842401319222645,1021.7821655273438,1.4559901356697083,0.00010777499999999999
1690,566.2518952601987,1,-0.007825900307147027,723.2291564941406,1.4561001062393188,0.00010774999999999998
1691,593.1089025088241,1,-0.0016115020111460154,1496.5028686523438,1.4554010033607483,0.00010772499999999999
1692,584.7829242483396,1,-0.0029191960809455963,1398.0007019042969,1.4548334777355194,0.00010769999999999999
1693,583.5484478950932,1,5.465409753213635e-05,944.597900390625,1.4545279443264008,0.00010767499999999999
1694,603.4238733906203,1,-0.0009152530744316323,1440.7406616210938,1.4544309973716736,0.00010764999999999999
1695,597.2593837773386,1,-0.0006786018863449428,1147.4181213378906,1.4545477032661438,0.000107625
1696,578.1768615387818,1,-0.0017614401854881834,747.3073120117188,1.4547846019268036,0.0001076
1697,596.8257849397056,1,-0.003766098737689738,1079.0311279296875,1.4550491273403168,0.000107575
1698,594.7672583921443,1,-0.00434078950978245,1131.2118530273438,1.4554080367088318,0.00010755
1699,568.8580428547378,1,-0.007254204302823641,1043.2752990722656,1.4557114839553833,0.00010752499999999998
1700,573.8718040929523,1,-0.017704058287691726,768.3353729248047,1.4558928310871124,0.0001075
1701,600.3466019855018,1,-0.002713782125194797,1047.0948181152344,1.4559112787246704,0.000107475
1702,578.5222137848623,1,-0.0016782925661793513,907.7212982177734,1.4560295343399048,0.00010744999999999998
1703,557.3120097762841,1,-0.007211561301567748,627.4124603271484,1.456328272819519,0.00010742499999999998
1704,576.7752784550706,1,-0.0033818585026672565,983.5423278808594,1.4567212760448456,0.00010739999999999998
1705,604.5303779863746,1,0.0006675678343626146,1298.278564453125,1.4569411277770996,0.000107375
1706,520.6737364775004,1,-0.005573284510807852,1177.8462524414062,1.4571387767791748,0.00010735
1707,595.9345630882667,1,-0.001330451228811147,1098.8355102539062,1.4573313295841217,0.00010732499999999999
1708,578.5594275179953,1,-0.004155066008904029,766.5347290039062,1.457647055387497,0.00010729999999999999
1709,555.8913897657659,1,-0.013112786077809524,923.2926788330078,1.4582768380641937,0.000107275
1710,606.5374296149985,1,-0.0005239181649550062,1523.3769836425781,1.459533303976059,0.00010725
1711,568.2791813010217,1,-0.012731219279683348,918.0241394042969,1.460536926984787,0.00010722499999999999
1712,586.6821713748452,1,-0.0015214484100418701,849.4455261230469,1.4609678387641907,0.00010719999999999999
1713,553.7653256274286,1,-0.0030711030430050634,693.3931274414062,1.4613921642303467,0.00010717499999999999
1714,547.4330191231757,1,-0.01467094528488816,709.3615570068359,1.462157815694809,0.00010714999999999998
1715,583.2638671442666,1,-0.0070130126058898234,821.8962554931641,1.4634239971637726,0.00010712499999999999
1716,576.1502194661954,1,-0.005923074584873955,765.5195922851562,1.4646233320236206,0.00010709999999999999
1717,575.208409297077,1,-0.004189097731741143,793.01123046875,1.4657338857650757,0.00010707499999999999
1718,598.83256575253,1,0.0007617703959112987,1010.2614898681641,1.4666931927204132,0.00010704999999999999
1719,574.1407957728146,1,-0.0007616507282364182,873.5237121582031,1.4674032330513,0.000107025
1720,578.983801248373,1,-0.007929447650287358,822.1689910888672,1.4679575264453888,0.000107
1721,585.296338140641,1,-0.003200557175849994,697.3136138916016,1.4683973789215088,0.000106975
1722,495.6188890030395,1,-0.005871088936045155,1756.4367370605469,1.4684891402721405,0.00010695
1723,571.8025711864935,1,-0.006883872375409439,722.3164672851562,1.468018114566803,0.00010692499999999998
1724,565.3651120930501,1,-0.012566382014192357,665.3248596191406,1.4676389396190643,0.0001069
1725,581.1747904919855,1,-0.0063184379866561,661.1564788818359,1.4672876596450806,0.000106875
1726,574.7829594754546,1,-0.004805993468590231,763.7474365234375,1.4671965837478638,0.00010684999999999998
1727,597.3098997772561,1,0.0016889946672300482,912.9295501708984,1.4673888087272644,0.00010682499999999998
1728,572.9195691416809,1,-0.005214270421663336,696.2910308837891,1.4677822887897491,0.00010679999999999998
1729,584.2928358796399,1,0.00034902345105924937,743.0981903076172,1.4686791002750397,0.000106775
1730,577.2468739936774,1,-0.0008455443629786785,785.2549743652344,1.469556838274002,0.00010674999999999999
1731,118.74851155226764,1,-0.0004068280259748036,8487.924560546875,1.4704420566558838,0.00010672499999999999
1732,594.4624706205768,1,-0.001338465086882401,955.8915710449219,1.4710943400859833,0.00010669999999999999
1733,583.0902688664557,1,-0.002125094396287608,684.0377807617188,1.4715634882450104,0.000106675
1734,603.7358805399342,1,-0.0020307088434172726,1198.374267578125,1.4719614684581757,0.00010665
1735,591.2734350040237,1,-0.0008379558507038976,816.8920745849609,1.4723144471645355,0.00010662499999999999
1736,594.0041847341358,1,0.00016954295875404313,890.0526123046875,1.4727255403995514,0.00010659999999999999
1737,595.4415291947751,1,-0.0032593609131339463,876.7939605712891,1.4730928540229797,0.00010657499999999999
1738,497.70812250416884,1,-0.0050731194665116774,1393.0384521484375,1.4735745191574097,0.00010654999999999997
1739,566.157555903497,1,-0.005371108860709128,658.2105560302734,1.4740438759326935,0.00010652499999999999
1740,579.6546013773562,1,-0.00015204361284670842,819.68017578125,1.4741621315479279,0.00010649999999999999
1741,578.9181600331872,1,-0.006632126703573604,730.0785217285156,1.4743717312812805,0.00010647499999999999
1742,587.817468996456,1,-0.003598944714758634,679.3742980957031,1.4746103882789612,0.00010644999999999999
1743,592.6043832528562,1,-0.0038541574974786386,755.3053894042969,1.4747908115386963,0.000106425
1744,586.0936195196966,1,-0.0037404041504487395,844.642578125,1.4751937687397003,0.0001064
1745,576.2325769818726,1,-0.013462447916113618,783.2273406982422,1.4753078520298004,0.000106375
1746,562.8202634640093,1,-0.014856684142722898,1089.7936706542969,1.4748071432113647,0.00010635
1747,538.5596986566853,1,-0.006744467470493509,644.1077575683594,1.4741422235965729,0.00010632499999999998
1748,588.6439420868098,1,-0.0027883357464482117,799.4559173583984,1.4735418856143951,0.0001063
1749,580.9838992954633,1,-0.011756436417695859,759.9057464599609,1.4731256663799286,0.000106275
1750,586.345477992387,1,0.0020680751205937042,1044.6239318847656,1.4727650880813599,0.00010624999999999998
1751,594.3059919759058,1,-0.00045356951838271264,856.7255249023438,1.4726565182209015,0.00010622499999999998
1752,540.1257682001254,1,-0.014253276571827511,580.3647766113281,1.4725881814956665,0.00010619999999999998
1753,607.5425843180744,1,0.004014932556957618,1295.3529663085938,1.4720831215381622,0.00010617499999999999
1754,549.0969622721209,1,-0.009818768057351157,581.4402770996094,1.4717400074005127,0.00010614999999999999
1755,587.4464986478947,1,0.0015061184115989779,820.4954071044922,1.4718184769153595,0.00010612499999999999
1756,545.258211830733,1,-0.007853439599393497,564.2294464111328,1.4718751311302185,0.00010609999999999999
1757,583.194114890445,1,-0.0057026746592696576,975.7830657958984,1.4719065427780151,0.000106075
1758,486.8651973061776,1,-0.0009946152851627588,1434.6015930175781,1.4719325602054596,0.00010605
1759,535.8284633444897,1,-0.0077557223683717424,697.9139099121094,1.472252517938614,0.00010602499999999999
1760,583.566902817551,1,-0.005890997959641986,535.8662567138672,1.4739486575126648,0.00010599999999999999
1761,602.903331245898,1,-0.001752744420283392,1150.4715576171875,1.4754294455051422,0.00010597499999999999
1762,606.4156948300205,1,-0.0032209486676508803,1145.5014343261719,1.476332038640976,0.00010594999999999997
1763,564.4140913493886,1,-0.009076799149625003,757.3543395996094,1.4769222438335419,0.00010592499999999999
1764,561.0031090754402,1,-0.007236202231803102,733.3765563964844,1.4773860275745392,0.00010589999999999999
1765,564.6695223988381,1,-0.003111662544376337,492.8285369873047,1.4779328405857086,0.00010587499999999998
1766,568.1127405097529,1,-0.0017241095598423684,599.6494903564453,1.4786943197250366,0.00010584999999999998
1767,587.7019240933284,1,-0.004120848708164981,859.1387634277344,1.4792823791503906,0.000105825
1768,584.4669224937716,1,-0.005200363528864216,594.9406890869141,1.4797024726867676,0.0001058
1769,570.90391778805,1,-0.011765844351914412,495.9182815551758,1.4802314043045044,0.000105775
1770,558.2475781512683,1,-0.01208251883657896,544.5328369140625,1.480790227651596,0.00010575
1771,550.17942806138,1,-0.006880690576508641,583.8083648681641,1.4809223413467407,0.00010572499999999998
1772,564.5791782871015,1,-0.0021066730167316194,627.3560180664062,1.4807190001010895,0.0001057
1773,575.7776173752087,1,-0.006037007551640272,635.3190765380859,1.4806402027606964,0.000105675
1774,547.2466487355127,1,-0.007081095644804858,633.974365234375,1.4806648790836334,0.00010564999999999998
1775,563.3385368633651,1,0.00037580052925134666,672.9293365478516,1.480636090040207,0.00010562499999999998
1776,485.72665200108975,1,-0.002843182178344783,1214.2704467773438,1.4807026982307434,0.00010559999999999998
1777,520.0973391326606,1,-0.0041378596031307335,797.4227294921875,1.480794072151184,0.00010557499999999999
1778,546.2240848485606,1,-0.008284078445285559,475.7143859863281,1.4811953902244568,0.00010554999999999999
1779,512.0635314357253,1,-0.006347655145491515,685.9005737304688,1.482349306344986,0.00010552499999999999
1780,553.8399352169283,1,-0.006692855889480986,703.9892883300781,1.483717143535614,0.00010549999999999999
1781,553.3890462906527,1,-0.004839198654273957,716.4811248779297,1.4850191473960876,0.000105475
1782,587.2175833116123,1,-0.0032008792693503096,736.7620544433594,1.4862273037433624,0.00010545
1783,488.3789064609362,1,-0.0011535476065342998,894.5933685302734,1.4869917333126068,0.00010542499999999999
1784,567.9092663461807,1,-0.007817136760179366,532.1078643798828,1.4874107837677002,0.00010539999999999999
1785,566.2765603807234,1,-0.008267266256734906,598.8922729492188,1.487553894519806,0.00010537499999999999
1786,578.4738850736017,1,0.0017980527654932743,641.4006805419922,1.487463802099228,0.00010534999999999997
1787,605.3187339499534,1,-0.0004889591313628205,1048.9153747558594,1.4873878955841064,0.00010532499999999999
1788,544.1152876015332,1,-0.008422903083742439,695.2622528076172,1.4874029457569122,0.00010529999999999998
1789,597.4647062719007,1,-0.0021231981311675696,745.8275146484375,1.4877525866031647,0.00010527499999999998
1790,542.0505871601965,1,-0.00584482521827645,784.2491455078125,1.488205075263977,0.00010524999999999998
1791,557.3251495995696,1,-0.006116423075951172,681.4931945800781,1.4888077974319458,0.000105225
1792,593.6998347406804,1,0.0014673228364436852,671.4930419921875,1.4892974197864532,0.0001052
1793,544.7948283183282,1,-0.00784650704049561,725.2559814453125,1.4897027909755707,0.000105175
1794,578.9009869146727,1,-0.0041940338150059375,780.8100433349609,1.490339308977127,0.00010515
1795,572.841972386882,1,-0.005815127771521489,601.9080352783203,1.4909582734107971,0.00010512499999999998
1796,572.6195509064135,1,-0.004704788867432086,540.8023681640625,1.4917616546154022,0.0001051
1797,534.8998702355489,1,-0.0032647847997333557,919.3480072021484,1.4925503134727478,0.00010507499999999999
1798,601.1122693970818,1,0.0014991011884681882,767.1321868896484,1.4932375252246857,0.00010504999999999998
1799,584.9783198306908,1,-0.00030232393624984866,644.9158325195312,1.493754506111145,0.00010502499999999998
1800,607.7363814876103,1,0.0009293401945207336,983.8627624511719,1.494067758321762,0.00010499999999999999
1801,576.3082876669557,1,-0.0029355249691591645,547.9647979736328,1.49440136551857,0.00010497499999999999
1802,584.1970111384344,1,-0.006551360841175136,517.0546722412109,1.4948842227458954,0.00010494999999999999
1803,559.7398830336078,1,-0.00429900529612226,733.6320190429688,1.4954047799110413,0.00010492499999999999
1804,577.0906621465901,1,-0.01203990425531043,555.5210113525391,1.4958109259605408,0.0001049
1805,592.5908594689353,1,-0.007317502010282695,733.8086090087891,1.4959242641925812,0.000104875
1806,607.0108716169576,1,-0.0027535176991184684,814.6935272216797,1.4959350526332855,0.00010485
1807,584.7605398993614,1,-0.005193572744782049,450.01446533203125,1.4960450530052185,0.00010482499999999999
1808,596.3041385918852,1,0.0005058934105433011,755.2291107177734,1.496374487876892,0.00010479999999999999
1809,591.3043836264104,1,-0.001115022133520327,627.3742523193359,1.4967465996742249,0.000104775
1810,588.2153853147554,1,-0.005534783807686627,473.44097900390625,1.497081607580185,0.00010474999999999998
1811,586.1919922241689,1,-0.0025854450875029134,562.4580841064453,1.4974998533725739,0.00010472499999999998
1812,606.4670271602846,1,-0.00011865435759528253,865.7058258056641,1.497755527496338,0.00010469999999999998
1813,580.377009423559,1,-0.0038652010720614527,512.1407852172852,1.49791020154953,0.00010467499999999998
1814,597.131088936055,1,-0.00305802342481698,711.5982208251953,1.4980223178863525,0.00010465
1815,602.1501126448367,1,-0.0017269456142980921,753.9899749755859,1.4982012212276459,0.000104625
1816,604.8461607235358,1,-0.0034642936351065856,803.8727569580078,1.4983074367046356,0.0001046
1817,595.4746860499522,1,-0.00317762847407721,603.5035247802734,1.4984134137630463,0.000104575
1818,558.4946047159867,1,-0.008768102400082967,490.5192565917969,1.4985311031341553,0.00010455000000000001
1819,603.9174807831835,1,-0.0021433966467157006,752.9156799316406,1.498365044593811,0.000104525
1820,562.0376235569718,1,-0.004656036849140843,679.6641693115234,1.498304933309555,0.00010449999999999999
1821,568.3067937394254,1,-0.006075762011684027,549.3577423095703,1.498598963022232,0.00010447499999999999
1822,582.7354064054623,1,-0.010700181323352709,499.76824951171875,1.4989619255065918,0.00010444999999999999
1823,573.9080840626498,1,-0.005491347167202676,705.2371520996094,1.499345600605011,0.00010442499999999998
1824,574.2691163828249,1,-0.0004038709739688784,510.3174591064453,1.499517023563385,0.00010439999999999999
1825,585.9124519413128,1,-0.0021190129623461784,465.00501251220703,1.4995953142642975,0.00010437499999999999
1826,602.9225428275623,1,-0.0029816686005761373,606.4758453369141,1.4998868703842163,0.00010434999999999999
1827,606.4113885361851,1,-0.0023787107427537535,748.6463470458984,1.5001024305820465,0.00010432499999999999
1828,596.0253591315732,1,-0.004177240496231249,486.99275970458984,1.5002939999103546,0.0001043
1829,586.0422271425759,1,-0.003133964493799102,501.25972747802734,1.5006994605064392,0.000104275
1830,592.4071210576366,1,-0.0007638911188312392,622.7126922607422,1.5011782050132751,0.00010425
1831,560.9116525612833,1,-0.018829323604170334,420.90787506103516,1.501580536365509,0.000104225
1832,598.582646768014,1,0.0039965450674150915,567.2982940673828,1.5019913017749786,0.00010419999999999998
1833,602.7420907082449,1,-0.005790294123363626,753.8973541259766,1.5023182928562164,0.000104175
1834,589.2510209234426,1,-0.004232695908285677,508.46742248535156,1.5026447474956512,0.00010415
1835,598.300239129271,1,-0.003931009842343514,670.4419403076172,1.503085196018219,0.00010412499999999998
1836,611.0079587084689,1,-0.003187403944696854,710.6951293945312,1.5034332871437073,0.00010409999999999998
1837,596.6098390017517,1,-0.006180658208904788,553.5259246826172,1.503771424293518,0.00010407499999999998
1838,580.1714251255696,1,-0.004038459155708551,595.5525207519531,1.5041416585445404,0.00010405
1839,493.06459482377954,1,0.001463047191131217,1480.7831115722656,1.50447279214859,0.000104025
1840,601.6980899926486,1,-0.007030466133889135,782.1893768310547,1.5045508742332458,0.000104
1841,595.6014275593085,1,-0.004548753967837271,541.6083374023438,1.5045737326145172,0.00010397499999999999
1842,599.0980738361047,1,-0.0065687040170483435,682.2932281494141,1.5047003030776978,0.00010395
1843,559.8869483519085,1,-0.009674474404289812,612.1722717285156,1.5048553049564362,0.000103925
1844,554.8570373994894,1,-0.004661496105836882,609.0018615722656,1.5050864517688751,0.00010389999999999999
1845,591.5021398554411,1,-0.0002796576527961392,501.706787109375,1.505705326795578,0.00010387499999999999
1846,601.4869977220645,1,-0.0008020466193556786,641.160888671875,1.5062245726585388,0.00010384999999999999
1847,588.6152316951255,1,-0.001193112920593542,506.8654022216797,1.5065398216247559,0.00010382499999999998
1848,600.4941495222364,1,-0.0015735253837192431,611.0435638427734,1.5067602097988129,0.00010379999999999999
1849,589.4075835068551,1,-0.003980166636338822,514.9585266113281,1.507005512714386,0.00010377499999999999
1850,598.199758717305,1,-0.0034935146301702247,558.507080078125,1.5072575211524963,0.00010374999999999999
1851,581.6579597097943,1,-0.00643953260566521,444.22760009765625,1.5073268711566925,0.00010372499999999999
1852,558.9096118297625,1,-0.004255891777575016,392.6487045288086,1.5071014761924744,0.0001037
1853,594.4936743935507,1,-0.003316986125668109,700.7884216308594,1.5070037245750427,0.000103675
1854,585.6026469990478,1,-0.00295980861393641,357.04016876220703,1.5068562924861908,0.00010365
1855,607.4748468058865,1,-0.0012817038118475566,825.7852478027344,1.5064976215362549,0.000103625
1856,575.0408834059144,1,-0.005921196610322532,337.00818634033203,1.5062681436538696,0.00010359999999999998
1857,595.1293188172197,1,-0.0034480112680124186,411.9081268310547,1.5062161684036255,0.000103575
1858,566.7549691646253,1,-0.006989837555801515,387.16675567626953,1.5061395168304443,0.00010355
1859,564.3918112501785,1,-0.0025888600858632316,453.4124298095703,1.5060046911239624,0.00010352499999999998
1860,615.2560744105072,1,-0.0060465812982446465,998.8752288818359,1.5059458315372467,0.00010349999999999998
1861,576.4186199827925,1,-0.009072097044231175,521.2814025878906,1.5058824717998505,0.00010347499999999998
1862,572.4058889914618,1,-0.006786091985893528,400.4862594604492,1.5058517456054688,0.00010345
1863,555.2678937956761,1,-0.009259785047744273,370.7779846191406,1.5064288079738617,0.00010342499999999999
1864,590.9016676863064,1,-0.004319498746875539,559.8824920654297,1.5080408453941345,0.00010339999999999999
1865,581.7123848251628,1,-0.005687964027192294,467.1626739501953,1.5093234479427338,0.00010337499999999999
1866,602.8150745158074,1,-0.002561620424968325,654.1547088623047,1.5099911987781525,0.00010335
1867,573.485936848989,1,-0.010342842407731645,352.44493865966797,1.510336458683014,0.000103325
1868,594.2779149714761,1,-0.007401492551625921,506.27054595947266,1.5103775262832642,0.00010329999999999999
1869,574.3492134122363,1,-0.013600073449811845,437.55989837646484,1.510383427143097,0.00010327499999999999
1870,593.3454316460953,1,-0.0028735656706562196,475.7041015625,1.510432779788971,0.00010324999999999999
1871,603.0416016108294,1,0.0015618178488997492,596.220458984375,1.5105693340301514,0.00010322499999999997
1872,423.58840844161995,1,0.001910539922501897,2166.7416381835938,1.5105761289596558,0.00010319999999999999
1873,573.6428174871919,1,-0.014236269053071737,382.7581481933594,1.5106938779354095,0.00010317499999999999
1874,597.4184765678309,1,-0.00660244457747261,568.1156005859375,1.5110981464385986,0.00010314999999999999
1875,596.4180150403672,1,-0.003938801414691717,457.4587631225586,1.511427491903305,0.00010312499999999999
1876,604.9481725154204,1,-0.0011406455151252715,631.3229827880859,1.5117066204547882,0.0001031
1877,601.0989046357046,1,-0.007642457543440395,485.14662170410156,1.5119401216506958,0.000103075
1878,589.5021462890016,1,-0.003514239393611618,531.514404296875,1.512230545282364,0.00010305
1879,588.8275197300693,1,0.0024352245214316337,564.6525726318359,1.51236492395401,0.000103025
1880,603.2675263617866,1,-0.003694840398088317,583.2004852294922,1.512450933456421,0.00010299999999999998
1881,580.1400195804297,1,-0.011679741101996877,377.4114074707031,1.5127167701721191,0.000102975
1882,588.6179031929801,1,0.0022634841640662984,464.38458251953125,1.5133254528045654,0.00010295
1883,587.3761697962527,1,-0.0033182779166276433,431.38655853271484,1.5138581991195679,0.00010292499999999998
1884,498.1087025915002,1,-0.004260478910952381,834.6676940917969,1.5143592357635498,0.00010289999999999998
1885,589.560586391583,1,-0.011406502173539224,399.2724151611328,1.5147826075553894,0.00010287499999999998
1886,593.8580176029207,1,-0.0007297784854332079,342.6604309082031,1.515392005443573,0.00010284999999999999
1887,601.8726371360283,1,-0.001995894150450539,524.3966064453125,1.516029804944992,0.00010282499999999999
1888,578.5620473432964,1,-0.008878904315507974,336.57276916503906,1.5165525376796722,0.00010279999999999999
1889,562.6876687276978,1,-0.0043404405137899005,402.7643737792969,1.5168504118919373,0.00010277499999999999
1890,580.5937026369471,1,-0.0067491595475601684,460.9060745239258,1.5170107185840607,0.00010275
1891,521.9917464261902,1,-0.002712752969625143,627.4004669189453,1.517130821943283,0.000102725
1892,576.2769536821961,1,-0.008301550726621199,354.63582611083984,1.517143875360489,0.00010269999999999999
1893,585.5438656875314,1,-0.0014173542310302878,371.0666275024414,1.5171250104904175,0.00010267499999999999
1894,580.1877647959827,1,-0.008268728663790359,396.38072204589844,1.5170619189739227,0.00010264999999999999
1895,601.595586351617,1,-0.002457959020651046,521.8663482666016,1.5169892311096191,0.00010262499999999997
1896,593.2640837584745,1,-0.001347147820366601,406.1132049560547,1.5168434977531433,0.00010259999999999999
1897,595.4756340486373,1,-2.351852915083441e-06,464.4612808227539,1.5166181027889252,0.00010257499999999999
1898,601.1588675015244,1,-0.0037868987286060474,513.4129180908203,1.5164542496204376,0.00010254999999999999
1899,590.7274642001013,1,-0.0007129408995307784,494.45333099365234,1.516465812921524,0.00010252499999999998
1900,563.8253051303091,1,-0.004019529823886536,345.3404541015625,1.516406387090683,0.0001025
1901,595.5355374742404,1,-0.004103614223780916,356.1342544555664,1.5162780582904816,0.000102475
1902,581.0727122568733,1,-0.005678036794697139,442.37596130371094,1.5164062976837158,0.00010245
1903,597.5945781778314,1,-0.00146245274591017,484.99847412109375,1.5166318714618683,0.000102425
1904,577.2282618732438,1,-0.0036613272915761996,314.93919372558594,1.5168131589889526,0.00010239999999999998
1905,608.2012417445965,1,0.00071259997323736,777.5083312988281,1.5168530642986298,0.000102375
1906,604.4716639212857,1,-0.0044206931232082525,570.330322265625,1.5168837904930115,0.00010235
1907,565.7015296885587,1,-0.006106805655446745,374.42860412597656,1.5169197916984558,0.00010232499999999998
1908,587.8486823944506,1,-0.0021518573773881555,378.18868255615234,1.517125517129898,0.00010229999999999998
1909,588.3794039781687,1,-0.008818849106319249,327.5864944458008,1.517362266778946,0.00010227499999999998
1910,562.8899859988908,1,-0.004567766582441735,368.30517578125,1.5177478194236755,0.00010224999999999999
1911,565.872874105032,1,-0.002866216305205005,397.5548324584961,1.5180566310882568,0.00010222499999999999
1912,584.8425039415108,1,-0.002229335717856884,407.1658935546875,1.5182523429393768,0.00010219999999999999
1913,589.3834523001069,1,-0.0020810583996163645,398.7831268310547,1.5185339450836182,0.00010217499999999999
1914,572.2581465779281,1,-0.005512655066299388,405.73362731933594,1.5190231204032898,0.00010215
1915,603.8133979311085,1,-0.004021402522369044,541.5049438476562,1.5195737779140472,0.000102125
1916,593.1946769270991,1,-0.002472877036780119,367.9250717163086,1.5200192034244537,0.00010209999999999999
1917,600.9002288690976,1,-0.0031635603983879435,476.250732421875,1.520346075296402,0.00010207499999999999
1918,550.21532640992,1,-0.004354582193107248,382.5334167480469,1.5204414427280426,0.00010204999999999999
1919,588.553675077337,1,-0.004031476682832658,305.54966735839844,1.5205310881137848,0.00010202499999999997
1920,578.0761818257017,1,-0.001559217825406467,319.0999221801758,1.5207865834236145,0.00010199999999999999
1921,585.7890847330368,1,-0.009174365910109117,322.5083541870117,1.5212667882442474,0.00010197499999999999
1922,600.5836957181265,1,-0.006984104104855504,395.3937301635742,1.5219533741474152,0.00010194999999999998
1923,601.1557790014433,1,0.0011961537108211573,501.31398010253906,1.5224712491035461,0.00010192499999999998
1924,569.7164573238691,1,-0.011079539312049747,328.71282958984375,1.5229354798793793,0.0001019
1925,576.6004326078654,1,-0.0044747817751426,259.23756408691406,1.5235356390476227,0.000101875
1926,597.4802272679323,1,-0.004878746969804393,341.1332473754883,1.5243545770645142,0.00010185
1927,604.2444484791803,1,-0.0053714412730183625,460.18033599853516,1.5250783264636993,0.000101825
1928,588.9769521948537,1,-0.002393764025390155,421.22108459472656,1.525645226240158,0.00010179999999999998
1929,586.4010082399896,1,-0.004994278022027565,271.2849578857422,1.5261272490024567,0.000101775
1930,590.7185159547487,1,-0.002186639124477807,386.5025405883789,1.5266088247299194,0.00010174999999999999
1931,588.9384730311951,1,-0.008518752928095452,261.74647521972656,1.5270348191261292,0.00010172499999999998
1932,555.4174638325035,1,-0.006728659187194452,593.4660949707031,1.5276543498039246,0.00010169999999999998
1933,601.0580043923054,1,-0.003860956960124895,425.61544036865234,1.5278823375701904,0.00010167499999999998
1934,587.1509885065786,1,-0.009867761132924202,328.46653747558594,1.528142899274826,0.00010164999999999999
1935,575.3188409049338,1,-0.01268276069448282,347.7863540649414,1.5287969410419464,0.00010162499999999999
1936,603.684025481105,1,0.0035052040475420654,581.8355102539062,1.5293081104755402,0.00010159999999999999
1937,565.25629890464,1,-0.006594184080533694,313.6685485839844,1.5296258926391602,0.00010157499999999999
1938,554.0132506406256,1,0.0010687805205886747,513.5687561035156,1.529710292816162,0.00010155
1939,590.6217152751414,1,-0.006471148514586744,328.3048858642578,1.5296266078948975,0.000101525
1940,572.2748919407696,1,-0.012523737813656233,257.435302734375,1.5294679701328278,0.0001015
1941,586.323978557738,1,-0.00220771629529537,258.1422576904297,1.5293518602848053,0.00010147499999999999
1942,586.2768086606889,1,-0.008226380166080238,313.8963165283203,1.5292896628379822,0.00010144999999999999
1943,577.0711850351964,1,-0.008836925276782814,568.8318634033203,1.5293974876403809,0.000101425
1944,594.5092575972787,1,-0.001044383454313902,268.26844024658203,1.5295796394348145,0.00010139999999999998
1945,601.7568790354317,1,-0.0014916015810619854,475.87030029296875,1.5297592282295227,0.00010137499999999998
1946,584.0117876096251,1,-0.004029804897153433,245.32896423339844,1.5299835801124573,0.00010134999999999998
1947,557.141867826474,1,-0.008752436482819093,331.04942321777344,1.5302355587482452,0.00010132499999999998
1948,588.190195048844,1,-0.00798778678290546,304.75606536865234,1.5306746661663055,0.0001013
1949,581.2442159206984,1,-0.00651007003168802,235.74131393432617,1.5311664640903473,0.000101275
1950,588.0888257992397,1,-0.006771962782444074,296.3863525390625,1.5316106081008911,0.00010125
1951,597.6520152580724,1,-0.00010526584641024073,408.9144821166992,1.5319985449314117,0.000101225
1952,602.4352154421437,1,-0.0017899587937311168,512.6520538330078,1.5323347747325897,0.00010120000000000001
1953,609.6165431079853,1,-0.009452764923161716,522.5018920898438,1.532658725976944,0.00010117499999999999
1954,583.3844963198773,1,-0.003374015975394329,295.5266876220703,1.532941073179245,0.00010114999999999999
1955,586.2324405298789,1,0.0013696902371602704,252.1263084411621,1.5331931710243225,0.00010112499999999999
1956,581.0070365759592,1,-0.016619434028765867,418.14717864990234,1.5334316790103912,0.00010109999999999998
1957,571.0990304438553,1,0.0013574037108234904,264.9336166381836,1.533914715051651,0.00010107499999999999
1958,600.7399497782754,1,-0.001274936816537675,529.5568389892578,1.5344118475914001,0.00010104999999999999
1959,588.4815702844476,1,-0.003698137857146122,292.5750961303711,1.5347451269626617,0.00010102499999999999
1960,598.7287837903075,1,-0.0031014702709697417,323.2933578491211,1.5349968075752258,0.00010099999999999999
1961,581.827654645822,1,-0.008622355222449585,373.25350189208984,1.5351677238941193,0.000100975
1962,603.2876981162187,1,0.006659255041317369,558.0238189697266,1.5353447794914246,0.00010095
1963,578.6061538281718,1,-0.003882032228700094,315.2938690185547,1.5355191826820374,0.000100925
1964,591.5887019302145,1,-0.005823560456967414,225.85248184204102,1.5355534553527832,0.0001009
1965,549.7547838989027,1,-0.003975024039391428,424.0515594482422,1.535552591085434,0.00010087499999999999
1966,600.0879313863809,1,-0.00782521891209198,358.30274200439453,1.535375326871872,0.00010085
1967,542.6775482231004,1,-0.002283109076088863,613.1443786621094,1.535313606262207,0.000100825
1968,596.6011590997001,1,-0.0002593608434620087,490.5588684082031,1.5351794958114624,0.00010079999999999998
1969,607.625377200716,1,-0.0017631911822313384,530.19140625,1.534997820854187,0.00010077499999999998
1970,566.329704277776,1,-0.0073463794542476535,239.97935104370117,1.5347523093223572,0.00010074999999999998
1971,583.7969999146397,1,-0.00786828698363859,316.7964630126953,1.5342693328857422,0.000100725
1972,605.4998173650887,1,0.00023122628185223704,478.6658630371094,1.5339320600032806,0.0001007
1973,588.3434714817993,1,-0.002599356544857656,229.71530532836914,1.5336552560329437,0.000100675
1974,604.7237396229699,1,0.002349504771970601,521.0002288818359,1.533423513174057,0.00010065
1975,563.9641496222811,1,-0.006774031044915141,253.54516220092773,1.5332610607147217,0.000100625
1976,579.8821260263024,1,-0.013244049629987487,390.148681640625,1.5329823195934296,0.0001006
1977,589.6859039587259,1,-0.007772135867092356,219.40415954589844,1.532961517572403,0.00010057499999999999
1978,583.5449067874498,1,-0.006459298440912642,175.5121612548828,1.5331971347332,0.00010054999999999999
1979,605.0769007211477,1,-0.0038588279818769777,376.0574188232422,1.5333891212940216,0.00010052499999999999
1980,599.5994037066582,1,-0.013117055393634836,292.80184173583984,1.5334784090518951,0.00010049999999999998
1981,585.4144870396073,1,-0.003494281806827537,262.54862213134766,1.5335173308849335,0.00010047499999999999
1982,559.4546107486057,1,0.0015460650824630218,504.6655807495117,1.53350231051445,0.00010044999999999999
1983,602.31688407626,1,-0.011901369611281964,299.6500015258789,1.533682405948639,0.00010042499999999999
1984,580.3701008320525,1,0.0015738323596057313,319.56541442871094,1.533813089132309,0.00010039999999999999
1985,593.833561919983,1,-0.0019083603686844697,305.02210235595703,1.5337379276752472,0.000100375
1986,589.2939577544627,1,-0.00247335460947129,259.78379821777344,1.533679485321045,0.00010035
1987,595.4976522429569,1,-0.004805818460105193,291.5061950683594,1.5337458550930023,0.000100325
1988,550.9054295996841,1,-0.005663872559312111,572.6828002929688,1.5339223444461823,0.0001003
1989,505.8609943082332,1,0.0015672315958132899,669.4476928710938,1.5340010821819305,0.00010027499999999998
1990,586.3631242913898,1,-0.004156040993590793,339.7605667114258,1.534169226884842,0.00010025
1991,598.9258121222714,1,-0.0004341486073524692,356.5712661743164,1.5343051850795746,0.000100225
1992,606.9544874152457,1,-0.005121325087433348,377.1466522216797,1.53439262509346,0.00010019999999999998
1993,545.2711987675286,1,-0.0029858005607663607,506.5406265258789,1.534455806016922,0.00010017499999999998
1994,584.4929362351215,1,0.00024311658143894022,261.17557525634766,1.5345648229122162,0.00010014999999999998
1995,596.7666870495915,1,-0.0032414835912923934,272.35559844970703,1.5345025956630707,0.000100125
1996,598.284870365251,1,-0.004298276394396894,326.0036926269531,1.5344208478927612,0.0001001
1997,605.4698733122171,1,-0.0019991601251856395,429.1753158569336,1.5343525409698486,0.00010007499999999999
1998,588.959036084049,1,-0.0022805483146974836,306.4075393676758,1.5343284010887146,0.00010004999999999999
1999,604.1204594136348,1,-0.003765056375414133,403.29747772216797,1.5344833731651306,0.000100025
2000,596.7006888897499,1,-0.002992809843068045,407.91036224365234,1.5347199141979218,0.0001
2001,582.689147726111,1,-0.004428375305500332,318.0766372680664,1.534773200750351,9.997499999999999e-05
2002,593.4028107319028,1,-0.003568286842589252,282.90272521972656,1.5348200500011444,9.994999999999999e-05
2003,600.8678327230062,1,-0.002554140240356162,351.1923141479492,1.5348036885261536,9.992499999999999e-05
2004,598.7556924688931,1,-0.0037169984541822743,320.4518585205078,1.5347967743873596,9.989999999999998e-05
2005,592.6463552412773,1,-0.005003773271212708,215.60421752929688,1.5348527431488037,9.987499999999999e-05
2006,564.0457021652747,1,-0.008616654766780307,220.04204559326172,1.535158485174179,9.984999999999999e-05
2007,568.2072623317655,1,-0.007223775987334147,312.9520797729492,1.5355455577373505,9.982499999999999e-05
2008,592.6576740865193,1,0.004866661857241716,295.5043640136719,1.5356860756874084,9.979999999999999e-05
2009,605.1479460774021,1,-0.0026674293039832264,489.8496627807617,1.5358685851097107,9.9775e-05
2010,598.0694156884715,1,-0.006752657377274929,329.35486602783203,1.5361291766166687,9.975e-05
2011,577.8878540237173,1,-0.009976437915457659,196.58405303955078,1.536396861076355,9.9725e-05
2012,596.8258112479859,1,-0.0011743366204459704,287.28780364990234,1.536546915769577,9.97e-05
2013,576.321767701515,1,-0.01834522917007053,300.69940185546875,1.536649763584137,9.967499999999998e-05
2014,603.764020738565,1,-0.0009495386248250526,358.5144271850586,1.5366815626621246,9.965e-05
2015,490.71033232711125,1,-0.004206221173517433,1128.7012329101562,1.5367806255817413,9.9625e-05
2016,587.1873524358584,1,-0.005285304208706876,276.5454864501953,1.5368703603744507,9.959999999999998e-05
2017,564.8675682757312,1,-0.0028189257261690415,382.7367858886719,1.5368281304836273,9.957499999999998e-05
2018,591.39744359865,1,-0.003021683723792634,243.13678359985352,1.5368224680423737,9.954999999999998e-05
2019,596.3163861858036,1,-0.00398456362534283,316.1378631591797,1.5366100370883942,9.9525e-05
2020,577.1689735299351,1,-0.005038600496633294,429.0280456542969,1.5363082587718964,9.949999999999999e-05
2021,575.0825085842198,1,-0.011525208885414528,254.55537033081055,1.536174327135086,9.947499999999999e-05
2022,581.1592890894182,1,-0.0038687028516566357,169.13596725463867,1.5361736118793488,9.944999999999999e-05
2023,585.3158711595491,1,-0.0074392335463158155,151.43504333496094,1.5363135635852814,9.9425e-05
2024,601.889574425242,1,0.002826129245061537,403.3213424682617,1.536323070526123,9.94e-05
2025,593.3159367511937,1,-0.00227086478844285,227.51501846313477,1.536323457956314,9.937499999999999e-05
2026,561.9828909222259,1,-0.00591378988431579,392.1670913696289,1.536329209804535,9.934999999999999e-05
2027,596.4575075262634,1,-0.005821071091597574,244.7709503173828,1.5367193818092346,9.932499999999999e-05
2028,584.7224806353889,1,-0.007065474445856257,300.7278823852539,1.5372624099254608,9.929999999999997e-05
2029,588.7915545359053,1,-0.010136057443629554,163.13702011108398,1.537870079278946,9.927499999999999e-05
2030,558.1445863660767,1,-0.006689284592592992,302.8007125854492,1.538765013217926,9.924999999999999e-05
2031,540.8199111014761,1,-0.0034999942937348205,382.96051025390625,1.5395578742027283,9.922499999999999e-05
2032,577.9737083655523,1,-0.005419185881585076,202.13425064086914,1.5402081608772278,9.919999999999999e-05
2033,598.0484475777362,1,-0.005994908696297152,296.9457473754883,1.5407271683216095,9.9175e-05
2034,597.6331058471815,1,-0.008663810789585114,184.91665267944336,1.541144222021103,9.915e-05
2035,593.2952731880275,1,-0.003441214522970526,197.7691764831543,1.541219025850296,9.9125e-05
2036,584.6691646433416,1,-0.005419456162084835,244.1029052734375,1.5410122275352478,9.91e-05
2037,587.824800029852,1,-0.008833845984192124,209.41733932495117,1.5407268702983856,9.907499999999998e-05
2038,597.9818117522325,1,0.0007491664233398865,348.9512176513672,1.5405965745449066,9.905e-05
2039,560.7712905522817,1,-0.010781499606386635,199.95118713378906,1.5406419932842255,9.9025e-05
2040,601.5846236755673,1,0.0052661503770981,367.5138244628906,1.540870189666748,9.899999999999998e-05
2041,562.8994670489869,1,-0.004776729410514324,153.30101013183594,1.5410293638706207,9.897499999999998e-05
2042,550.6091932112982,1,-0.0010850651419281876,201.02548217773438,1.5409978926181793,9.894999999999998e-05
2043,598.1327821635807,1,-0.005455013504252371,227.19670867919922,1.5411030948162079,9.892499999999999e-05
2044,600.0532534232897,1,0.0005631709195768053,400.93675994873047,1.5413698852062225,9.889999999999999e-05
2045,595.5005235741125,1,-0.004295181802218551,261.7525329589844,1.5415975153446198,9.887499999999999e-05
2046,565.4363897669523,1,-0.004636698428334363,231.02953338623047,1.5417105853557587,9.884999999999999e-05
2047,565.8458868001662,1,-0.0065391850203457835,383.5926055908203,1.541738510131836,9.8825e-05
2048,586.2146181703083,1,-0.0007617434234532539,236.44474029541016,1.5417037606239319,9.88e-05
2049,592.1897154325052,1,-0.0002382335946533587,255.56031036376953,1.5416025519371033,9.877499999999999e-05
2050,591.7574514617846,1,-0.004888973474347136,240.8068389892578,1.541526049375534,9.874999999999999e-05
2051,592.4077709965841,1,-0.007573496084660292,148.40024185180664,1.5415294170379639,9.872499999999999e-05
2052,596.8282608672204,1,-0.0008161502243595464,253.4141845703125,1.5416454672813416,9.869999999999997e-05
2053,570.5639792579991,1,-0.009340818905654302,733.1433715820312,1.5417657792568207,9.867499999999999e-05
2054,555.1952838398778,1,-0.009640971503653617,464.2063217163086,1.5417121946811676,9.864999999999999e-05
2055,599.349085366868,1,0.0020641937498719898,250.9614028930664,1.5415145456790924,9.862499999999998e-05
2056,588.979162161098,1,-0.009415646439954628,159.93696212768555,1.5413363575935364,9.859999999999998e-05
2057,597.9583349765028,1,-0.006135691066887716,149.26044845581055,1.5410429537296295,9.8575e-05
2058,604.5280441141267,1,-0.002672074229590038,330.17669677734375,1.5407409369945526,9.855e-05
2059,593.0638146136416,1,-0.002976016532965531,182.92947387695312,1.5406067371368408,9.8525e-05
2060,581.7762324875789,1,-0.013691814093297339,153.13866424560547,1.5406227707862854,9.85e-05
2061,571.7155254245647,1,-0.011117745276417068,520.1493377685547,1.540898859500885,9.847499999999998e-05
2062,592.9453663967615,1,-0.0023017027577556526,204.31655883789062,1.5410481691360474,9.845e-05
2063,570.4573420631733,1,-0.004628572699525657,246.92803573608398,1.5411134660243988,9.8425e-05
2064,581.3216684844723,1,-0.006218347409074898,237.1656265258789,1.5409933626651764,9.839999999999999e-05
2065,599.0429207353459,1,-0.001528399543941461,206.43341827392578,1.5407752394676208,9.837499999999998e-05
2066,574.9897375335103,1,-0.007222614315448794,377.5331726074219,1.5404545366764069,9.834999999999998e-05
2067,598.0415292319884,1,-0.0024819925074250904,260.29016876220703,1.5401164293289185,9.832499999999999e-05
2068,596.9565949706105,1,-0.005641897418535713,184.80588150024414,1.5399075150489807,9.829999999999999e-05
2069,592.8693246726207,1,-0.007758638422908248,168.37080764770508,1.5397985875606537,9.827499999999999e-05
2070,576.2987477218803,1,-0.009363966599727824,262.5703582763672,1.5396999716758728,9.824999999999999e-05
2071,593.3126741821163,1,-0.008863313764821967,176.22668838500977,1.5397855341434479,9.8225e-05
2072,601.138474232023,1,-0.004366985286420544,213.1378402709961,1.5398775935173035,9.82e-05
2073,566.8284110226899,1,-0.0046099367971308425,187.27957916259766,1.5398584604263306,9.8175e-05
2074,565.1222152446759,1,-0.0048668474252604454,313.2650451660156,1.5394405126571655,9.814999999999999e-05
2075,590.142341393284,1,-0.007397518840690065,223.35581588745117,1.5389795899391174,9.812499999999999e-05
2076,603.2677579155198,1,6.963974926676997e-05,377.5959701538086,1.5387438535690308,9.81e-05
2077,598.2591203116012,1,-0.004997648977500546,238.1402244567871,1.538530319929123,9.807499999999999e-05
2078,602.1941684240275,1,-0.0028633837335894086,214.16559219360352,1.5383550226688385,9.804999999999998e-05
2079,599.6051158956437,1,-0.0005086132437179813,244.96018981933594,1.5384618937969208,9.802499999999998e-05
2080,606.0518672777469,1,-0.0042488035137964175,341.01183319091797,1.5385091304779053,9.799999999999998e-05
2081,591.094397432447,1,-0.006521776765731957,201.65959548950195,1.5386748313903809,9.7975e-05
2082,557.3209459720231,1,-0.0010305596515536308,449.77528381347656,1.5390007197856903,9.795e-05
2083,580.2431964983306,1,-0.006348665803670883,173.51332473754883,1.5395207107067108,9.7925e-05
2084,587.8395272363923,1,-0.0065826295409352475,197.33570098876953,1.540208488702774,9.79e-05
2085,604.1947617574173,1,-0.0005335650181885754,338.75634002685547,1.5407198369503021,9.787500000000001e-05
2086,557.6611872655251,1,-0.00357562210000939,269.82393646240234,1.5410570800304413,9.784999999999999e-05
2087,594.9646597667887,1,-0.004827776283491403,203.4650650024414,1.541391283273697,9.782499999999999e-05
2088,564.442979057824,1,-0.003201197967619862,231.58225631713867,1.541883409023285,9.779999999999999e-05
2089,573.5172158991938,1,-0.00804866669589982,248.14418411254883,1.5421369075775146,9.777499999999998e-05
2090,596.6297950803078,1,0.00035786471770293815,227.99811935424805,1.5424187779426575,9.774999999999998e-05
2091,575.9164108209848,1,-0.0030137239869487686,233.91902923583984,1.542684406042099,9.772499999999999e-05
2092,573.2308968646598,1,-0.0044701057486236095,221.39278411865234,1.5430035889148712,9.769999999999999e-05
2093,591.5638389357218,1,-0.0029174982187067933,153.51866912841797,1.543044239282608,9.767499999999999e-05
2094,601.9190632469197,1,-0.004497174536652437,190.71391677856445,1.5430831611156464,9.764999999999999e-05
2095,600.8187315244381,1,-0.0064861376323914754,229.5398826599121,1.5432571172714233,9.7625e-05
2096,599.501436597372,1,-0.004278330786461559,176.87664031982422,1.5432977080345154,9.76e-05
2097,599.8255102074284,1,-0.001748011960924778,311.0352096557617,1.543201893568039,9.7575e-05
2098,567.9549345867501,1,-0.0016467355569340647,271.1384048461914,1.5432165563106537,9.754999999999999e-05
2099,589.8916734689562,1,-0.0025189519590220755,205.5993423461914,1.5430715382099152,9.752499999999999e-05
2100,603.8786798477354,1,-0.0020663468920311123,251.36895370483398,1.5427320003509521,9.75e-05
2101,603.0172909014881,1,-0.003966583659348544,217.04728317260742,1.5424445271492004,9.747499999999998e-05
2102,542.826652286082,1,-0.001038906611938728,352.15909576416016,1.5421854555606842,9.744999999999998e-05
2103,553.9345373272233,1,-0.0027827536858453517,235.63423919677734,1.5419758260250092,9.742499999999998e-05
2104,601.3247022498293,1,-0.0009925545186733054,231.24510192871094,1.541822373867035,9.74e-05
2105,592.1473856039452,1,-0.00442070814014528,169.1084327697754,1.541791409254074,9.7375e-05
2106,577.93572251619,1,-0.010090299416333437,156.78152084350586,1.5418313145637512,9.735e-05
2107,593.0458430919742,1,-0.007063803901415255,172.31562423706055,1.542008489370346,9.7325e-05
2108,592.3430810786756,1,-0.007978194061729837,176.38801193237305,1.5421635210514069,9.730000000000001e-05
2109,555.4220920079936,1,-0.00334894098341465,332.32875061035156,1.5423536598682404,9.7275e-05
2110,600.1412040317879,1,-0.004696695485332025,230.81370544433594,1.542786031961441,9.724999999999999e-05
2111,596.2272737043878,1,0.0011374829994341695,190.97251510620117,1.5431556701660156,9.722499999999999e-05
2112,582.6078147268828,1,-0.007119323066233196,144.21083450317383,1.543408840894699,9.719999999999999e-05
2113,594.8888098834267,1,-0.0020328499386641496,200.25210189819336,1.5436250865459442,9.717499999999998e-05
2114,586.9356903385756,1,-0.005030334515259582,219.1239013671875,1.5436931848526,9.714999999999999e-05
2115,592.106680555181,1,-0.007235593546473851,195.04751205444336,1.543649286031723,9.712499999999999e-05
2116,571.8122270162175,1,-0.006801350005106066,156.4345359802246,1.5441970229148865,9.709999999999999e-05
2117,552.8722686445118,1,-0.005156936626521613,339.31883239746094,1.5447725057601929,9.707499999999999e-05
2118,592.8620881274016,1,-0.003670912607407928,196.96535110473633,1.5451118052005768,9.705e-05
2119,578.5038212366688,1,-0.0058199396105962364,332.6947708129883,1.5452438592910767,9.7025e-05
2120,566.8260040030001,1,-0.004444702751690954,154.97943115234375,1.5452247560024261,9.7e-05
2121,568.6862535987991,1,-0.0032889613050168798,194.2394905090332,1.5452662408351898,9.6975e-05
2122,579.7170325258604,1,-0.0009097138705111973,199.53800201416016,1.545234054327011,9.694999999999998e-05
2123,588.8016888010598,1,-0.008723734878003597,180.6794662475586,1.5452038943767548,9.6925e-05
2124,602.2068679466211,1,0.002001868170015797,297.7680435180664,1.5453312397003174,9.69e-05
2125,586.141255012012,1,-0.0014869950646847485,172.12861251831055,1.5453802049160004,9.687499999999998e-05
2126,590.4802714761187,1,-0.007687307705293467,124.75286293029785,1.5453671514987946,9.684999999999998e-05
2127,543.112746161341,1,-0.0031712771044105637,510.9674530029297,1.5452398657798767,9.682499999999998e-05
2128,570.1716413754203,1,-0.003921323014176359,210.23163223266602,1.544987142086029,9.68e-05
2129,583.908863082454,1,-0.0043073296546936035,156.75505828857422,1.5446820259094238,9.6775e-05
2130,585.5312351234552,1,0.0010770027750233169,227.66165161132812,1.54452782869339,9.675e-05
2131,543.4156004938587,1,-0.0034651662089988378,229.3245964050293,1.5444504916667938,9.672499999999999e-05
2132,599.7263732182977,1,-0.0025509974378614686,164.88796997070312,1.5444582998752594,9.67e-05
2133,602.7330673487346,1,-0.010300296782091323,269.6579284667969,1.544375330209732,9.6675e-05
2134,595.9117769337913,1,0.0009343268524899528,201.67788314819336,1.5443217754364014,9.664999999999999e-05
2135,541.2505995843466,1,-0.009302205338094893,463.58924865722656,1.544354647397995,9.662499999999999e-05
2136,596.0268494477452,1,-0.012286291265025229,168.79366302490234,1.5444248616695404,9.659999999999999e-05
2137,558.7587611478322,1,0.0022638675174668776,259.64476776123047,1.5444488227367401,9.657499999999998e-05
2138,596.6914172977533,1,-0.00549144550684133,166.66109466552734,1.5444861352443695,9.654999999999999e-05
2139,606.4635215675055,1,-0.005812843133115919,218.73927688598633,1.5446169674396515,9.652499999999999e-05
2140,588.1110385236288,1,-0.006133428091505744,94.62606239318848,1.544831395149231,9.649999999999999e-05
2141,592.4016197407652,1,-0.002474060063092587,132.00479888916016,1.5453290939331055,9.647499999999999e-05
2142,600.9184953355673,1,-0.002761664978915057,161.79935836791992,1.5457108616828918,9.645e-05
2143,582.7965511203988,1,-0.009113489295398125,115.95189476013184,1.5460025370121002,9.6425e-05
2144,592.2032421532566,1,-0.006927921264876957,137.19355392456055,1.5462088286876678,9.64e-05
2145,591.9327591539799,1,-0.002661519342412655,134.57844161987305,1.546340137720108,9.6375e-05
2146,610.5009842491647,1,-8.685913509687282e-05,253.93135452270508,1.5463639795780182,9.634999999999998e-05
2147,598.2200079988785,1,-0.00570739194835479,182.50049591064453,1.5464246571063995,9.6325e-05
2148,500.9796739423441,1,0.0008228591239092253,747.5631103515625,1.5466108620166779,9.63e-05
2149,580.3775417129611,1,-0.005003753145380541,126.38230895996094,1.546733558177948,9.627499999999998e-05
2150,570.6587267361907,1,-0.007080648274671475,115.76901626586914,1.5467041730880737,9.624999999999998e-05
2151,597.3127072809837,1,-0.009826539695957814,141.4111671447754,1.546524465084076,9.622499999999998e-05
2152,603.7287567264985,1,0.01231693441945092,269.73738861083984,1.545996069908142,9.62e-05
2153,477.61009548596314,1,-0.00047763692864055685,1454.8969116210938,1.5455486178398132,9.617499999999999e-05
2154,573.1094398352809,1,-0.007683074101805687,117.62777519226074,1.5453781485557556,9.614999999999999e-05
2155,577.8262000341264,1,-0.0035695363557517457,97.30711555480957,1.5457865297794342,9.612499999999999e-05
2156,588.4558374319482,1,-0.004931853065037961,192.9426498413086,1.5462767481803894,9.61e-05
2157,600.5158976012048,1,-0.0011752681153183175,175.9470558166504,1.5462753474712372,9.6075e-05
2158,597.0094945627238,1,-0.009538512588639136,141.80477905273438,1.5461797416210175,9.604999999999999e-05
2159,596.9682538768641,1,-0.008321251244987948,119.36078071594238,1.546213150024414,9.602499999999999e-05
2160,545.1633527639159,1,0.00029405735543086564,433.78504943847656,1.5462009906768799,9.599999999999999e-05
2161,602.3294790957966,1,-0.0034330261491790637,229.97341918945312,1.5462373495101929,9.597499999999997e-05
2162,577.4689362892021,1,-0.013767303260523889,104.33697509765625,1.5464360117912292,9.594999999999999e-05
2163,586.799204248136,1,-0.011283552072322678,117.99958610534668,1.5472497940063477,9.592499999999999e-05
2164,558.8232846375384,1,0.0065440577281110635,142.03931427001953,1.5481963157653809,9.589999999999999e-05
2165,596.1874961642932,1,-0.01224216701577241,127.27017021179199,1.548885703086853,9.587499999999999e-05
2166,588.6540459459359,1,-0.006751015035928454,132.46194076538086,1.5494627952575684,9.585e-05
2167,568.5035183360327,1,-0.008775776425009596,128.6867446899414,1.5496328175067902,9.5825e-05
2168,574.837173298042,1,-0.0018286283832189554,167.65711212158203,1.549836426973343,9.58e-05
2169,587.203119020418,1,-0.002089258037637265,114.03904151916504,1.5499133169651031,9.5775e-05
2170,585.1482587558344,1,-0.00274190960456977,86.10128784179688,1.5499022603034973,9.574999999999998e-05
2171,592.0434298351788,1,0.00032787958831015374,188.37420654296875,1.5499041080474854,9.5725e-05
2172,588.398750420886,1,-0.011946060590177332,94.34354972839355,1.5498206317424774,9.57e-05
2173,587.5556438486956,1,-0.011898358628722017,112.70691871643066,1.5497592091560364,9.567499999999998e-05
2174,591.5983383812132,1,-0.0012645217860551838,121.92098045349121,1.5495901107788086,9.564999999999998e-05
2175,584.1433854824445,1,-0.007335049232273239,128.35860633850098,1.54914990067482,9.562499999999998e-05
2176,590.5017448580797,1,-0.009090882658986388,89.14696884155273,1.5487033426761627,9.559999999999999e-05
2177,598.6003663819096,1,-0.0042868836277065725,127.82125663757324,1.5483152568340302,9.557499999999999e-05
2178,580.7177095620723,1,-0.007263790816068649,86.56862449645996,1.5482144057750702,9.554999999999999e-05
2179,597.194926207173,1,-0.0032034554174282803,117.06169509887695,1.5483311116695404,9.552499999999999e-05
2180,584.4225264923034,1,-0.004398247548300649,167.5667266845703,1.5485123097896576,9.55e-05
2181,595.9897675592365,1,0.0025777940252993403,144.18193435668945,1.548581749200821,9.5475e-05
2182,601.1674238179132,1,-0.004537104101231648,157.42898178100586,1.5486279129981995,9.544999999999999e-05
2183,579.9114872499451,1,-0.0017179973964474016,131.1236114501953,1.5485174357891083,9.542499999999999e-05
2184,605.2674626041317,1,-0.002527260006580434,201.19133377075195,1.5482115745544434,9.539999999999999e-05
2185,584.7696032889423,1,-0.005555020604608885,85.10580253601074,1.5480137765407562,9.537499999999997e-05
2186,599.9667588774041,1,-0.008423311207744533,96.26141548156738,1.5479347705841064,9.534999999999999e-05
2187,548.4062779181105,1,-0.0003504257183521986,539.5786743164062,1.5479739904403687,9.532499999999999e-05
2188,580.275210118512,1,-0.002266651714116108,288.10157775878906,1.547971934080124,9.529999999999999e-05
2189,586.4010259726717,1,-0.0058519069875520024,71.62078094482422,1.5477036833763123,9.527499999999998e-05
2190,594.6917399621518,1,-0.004935327482719742,100.12113571166992,1.5469237864017487,9.525e-05
2191,563.6323755112198,1,-0.004212664901850793,246.10572814941406,1.5462573170661926,9.5225e-05
2192,592.8575101633094,1,-0.0029242721813780292,120.16742324829102,1.546117126941681,9.52e-05
2193,563.7088533857363,1,-0.003923148085511752,349.3441619873047,1.546149104833603,9.5175e-05
2194,504.6333823978602,1,-2.5912668868421918e-05,704.4088592529297,1.5460322797298431,9.515000000000001e-05
2195,596.9550530080943,1,-0.004357850184709022,107.73983383178711,1.5459397435188293,9.5125e-05
2196,550.7521222709225,1,-0.002808386700288157,266.90416717529297,1.5458674132823944,9.51e-05
2197,603.3633719962485,1,-0.0033342107748257632,211.88468170166016,1.5457968413829803,9.5075e-05
2198,598.5444255991251,1,-0.006491735893566997,129.3585147857666,1.545724093914032,9.504999999999998e-05
2199,600.7385063303491,1,-0.007634790606218189,147.43686294555664,1.545632779598236,9.502499999999998e-05
2200,594.5541843838658,1,-0.0013127531487668875,144.4041862487793,1.5456838309764862,9.499999999999999e-05
2201,574.75755609899,1,-0.00788597505277,747.6759185791016,1.545859694480896,9.497499999999999e-05
2202,601.9303666486499,1,-0.003691712642563516,207.17706680297852,1.545845091342926,9.494999999999999e-05
2203,596.9792325995123,1,0.00025990442161205607,148.8897933959961,1.5457935631275177,9.492499999999999e-05
2204,600.027328186623,1,-0.0068014949127763735,149.60011672973633,1.5456764101982117,9.49e-05
2205,587.1064869910174,1,-0.006188755389302969,140.60518264770508,1.5456386506557465,9.4875e-05
2206,584.1318461088538,1,0.00012492910476158414,175.87260818481445,1.5456040799617767,9.485e-05
2207,603.8851838140987,1,-0.007657333272854672,193.71542739868164,1.545436680316925,9.482499999999999e-05
2208,589.5705575774057,1,-0.0072347959947021145,93.53133583068848,1.5453119575977325,9.479999999999999e-05
2209,581.3743964231611,1,-0.003253829114040485,145.71436309814453,1.5452235341072083,9.4775e-05
2210,598.2116134068897,1,-0.004920112318359315,89.07566833496094,1.5449247062206268,9.474999999999999e-05
2211,575.3096921645226,1,-0.004578063484384831,196.00594329833984,1.5443717539310455,9.472499999999998e-05
2212,596.6318818506788,1,-0.00777146297282183,96.5789623260498,1.5439828932285309,9.469999999999998e-05
2213,591.1788255368028,1,-0.00667157769203186,114.50671195983887,1.543792724609375,9.467499999999998e-05
2214,599.27256215785,1,-0.0014979172242959304,86.25663185119629,1.543690711259842,9.465e-05
2215,600.8034892906389,1,-0.004976150328790396,117.99263572692871,1.543649673461914,9.4625e-05
2216,602.5129322141545,1,-0.005636936872625675,130.1470603942871,1.5435195863246918,9.46e-05
2217,590.983036281961,1,-0.004866908137662662,103.89804077148438,1.5435754656791687,9.4575e-05
2218,607.427650587377,1,-0.005625092131257503,214.65584182739258,1.5439409017562866,9.455000000000001e-05
2219,596.4726502873345,1,-0.007427488453686237,102.44313430786133,1.544322669506073,9.4525e-05
2220,580.5162892151712,1,-0.0053993431511560885,130.94998168945312,1.544787436723709,9.449999999999999e-05
2221,516.0196527090764,1,-0.0006266866532054216,819.3275146484375,1.5451584458351135,9.447499999999999e-05
2222,600.6472957980998,1,-0.0019913798647142045,148.21022415161133,1.5453822016716003,9.444999999999998e-05
2223,537.9782707531876,1,0.0018440119721079284,647.8473052978516,1.5453580915927887,9.442499999999998e-05
2224,597.2518127821196,1,-0.006345965773076223,99.24281692504883,1.5452421009540558,9.439999999999999e-05
2225,509.68035683439473,1,0.0004450825792341462,984.1158294677734,1.5451919734477997,9.437499999999999e-05
2226,599.1677275666846,1,-0.005117672208520219,109.1522445678711,1.5451583564281464,9.434999999999999e-05
2227,586.2279454139848,1,-0.0023518797557153803,74.99991798400879,1.5449540317058563,9.432499999999999e-05
2228,590.2884576011297,1,-0.006512492886566523,150.62705612182617,1.544544130563736,9.43e-05
2229,572.6162594822804,1,-0.003852088578534918,128.71638107299805,1.5440451204776764,9.4275e-05
2230,598.7279961078526,1,-0.00889019172735006,96.58480834960938,1.5434194505214691,9.425e-05
2231,584.9589609531492,1,-0.004979184070025511,110.50381660461426,1.543029010295868,9.422499999999999e-05
2232,595.1025500354212,1,-0.011105765080934749,61.72152614593506,1.5425100326538086,9.419999999999999e-05
2233,505.6985827536199,1,0.0012260364862903828,980.029296875,1.5419860482215881,9.4175e-05
2234,576.6730913860782,1,-0.00478506751034935,96.92707443237305,1.5417051315307617,9.414999999999998e-05
2235,582.5645975401285,1,-0.003962139251008967,171.15868759155273,1.5417195856571198,9.412499999999998e-05
2236,594.7548075604801,1,-0.005251611606611917,85.20404815673828,1.5418890416622162,9.409999999999998e-05
2237,432.7305781577126,1,0.003958463310263838,2554.7017822265625,1.5421790480613708,9.407499999999998e-05
2238,601.4026574554352,1,0.00033109218498772464,142.05821990966797,1.5423968732357025,9.405e-05
2239,573.3227493125967,1,-0.0034818080603145063,112.51331329345703,1.5426258146762848,9.4025e-05
2240,588.6060880269497,1,-0.008274563148828129,118.90277671813965,1.542894721031189,9.4e-05
2241,550.6631589146108,1,0.0008134958625305444,259.71402740478516,1.543040543794632,9.3975e-05
2242,581.322978830329,1,-0.005967766166467214,110.06609725952148,1.5431368052959442,9.395000000000001e-05
2243,604.3019081889643,1,0.0013036478337298263,211.16929626464844,1.543333262205124,9.392499999999999e-05
2244,596.90419106648,1,-0.003994655496246002,66.33685493469238,1.5434618592262268,9.389999999999999e-05
2245,583.2626521672515,1,-0.007351739910628652,77.55173873901367,1.5434750616550446,9.387499999999999e-05
2246,579.7253740915774,1,-0.007552644883793036,65.66947174072266,1.543445497751236,9.384999999999998e-05
2247,577.530570897931,1,-0.012489401846407233,91.72039794921875,1.5437943935394287,9.382499999999999e-05
2248,598.2721264321458,1,0.0020279489868819667,76.96349143981934,1.5441953837871552,9.379999999999999e-05
2249,510.3878999792895,1,-0.00036331540889555924,552.2298583984375,1.544526994228363,9.377499999999999e-05
2250,564.8816001490968,1,-0.0006152069970357665,222.22354888916016,1.5447862148284912,9.374999999999999e-05
2251,602.2501752048221,1,-0.0008578959248297657,122.82369804382324,1.5450088381767273,9.372499999999999e-05
2252,601.9088075206539,1,-0.003767354453692917,121.53496551513672,1.5451103150844574,9.37e-05
2253,600.6010652252687,1,2.338174613925048e-06,102.69031143188477,1.545186072587967,9.3675e-05
2254,601.4508770775492,1,-0.004220321458936027,100.20800399780273,1.5452367067337036,9.365e-05
2255,603.2264171220928,1,-0.006208447638851311,79.52322959899902,1.5453014373779297,9.362499999999999e-05
2256,563.1585779760248,1,-0.0002272083891128318,221.06737899780273,1.5454412698745728,9.36e-05
2257,576.4585150329299,1,-0.0032130439692275026,125.71911239624023,1.545500934123993,9.3575e-05
2258,602.2357723333344,1,-0.010282604728327982,100.35052680969238,1.5454995334148407,9.354999999999998e-05
2259,590.6668023022416,1,-0.008360759366393467,70.84293174743652,1.5457080602645874,9.352499999999998e-05
2260,598.2865173352154,1,-0.0011843080952536056,92.92691993713379,1.5462685525417328,9.349999999999998e-05
2261,566.6513368490541,1,-0.009117353086073976,115.59983253479004,1.546783983707428,9.3475e-05
2262,600.8445487134334,1,-0.0005473782366607338,117.17525672912598,1.5472352504730225,9.345e-05
2263,594.8015913084727,1,-0.006333998645303041,77.06401824951172,1.547589749097824,9.3425e-05
2264,575.2578023529462,1,-0.007842271821573377,87.02429580688477,1.5478850305080414,9.34e-05
2265,582.9298009924952,1,-0.0034175172370837226,144.7875518798828,1.54808908700943,9.3375e-05
2266,596.1011330196764,1,-0.005639881262236024,173.5005111694336,1.547916203737259,9.335e-05
2267,595.8315967246333,1,-0.01637664344161749,75.17374420166016,1.5471797287464142,9.332499999999999e-05
2268,594.5180220474987,1,0.0024822531423223104,76.9799690246582,1.5466677248477936,9.329999999999999e-05
2269,596.7797908172115,1,-0.013153133529520744,158.51419576009116,1.546322504679362,9.327499999999999e-05
2270,600.2699848990067,1,-8.47722080052904e-05,96.16468620300293,1.5460276007652283,9.324999999999998e-05
2271,596.5051319419417,1,-0.0048878150293600875,79.93192291259766,1.5457177758216858,9.322499999999999e-05
2272,598.615201804919,1,-0.007613755576313608,69.93325996398926,1.5455017983913422,9.319999999999999e-05
2273,561.5368079321479,1,-0.001176819670945406,135.55157852172852,1.5452148020267487,9.317499999999999e-05
2274,574.1074806087552,1,-0.0038550636076939426,205.2708282470703,1.5449733138084412,9.314999999999999e-05
2275,593.2985936141223,1,-0.014548349535712823,67.89482879638672,1.5448377430438995,9.3125e-05
2276,578.6099580739149,1,0.002557228299943759,127.95945167541504,1.5450670719146729,9.31e-05
2277,594.1282280771511,1,-0.007593117706509722,81.86522483825684,1.5451931953430176,9.3075e-05
2278,595.0559726842436,1,-0.008404699736274779,114.9594554901123,1.5449734330177307,9.305e-05
2279,584.3717382284838,1,-0.0083767558926795,191.02190399169922,1.5447133779525757,9.302499999999998e-05
2280,599.5464620305489,1,-0.0026812746660302977,98.14573669433594,1.5443872511386871,9.3e-05
2281,594.6672853463153,1,-0.012602271847585556,61.3490571975708,1.5441219210624695,9.2975e-05
2282,599.0320275253604,1,-0.0005693600937117793,115.21880912780762,1.544131189584732,9.294999999999998e-05
2283,598.8915326250951,1,-0.003079528939244458,84.89627265930176,1.5442019999027252,9.292499999999998e-05
2284,558.4921700136164,1,-9.257509373084005e-06,431.7734603881836,1.5442334115505219,9.289999999999998e-05
2285,591.8977199352032,1,-0.007514842310692771,69.47040367126465,1.5443446636199951,9.2875e-05
2286,573.4341445734885,1,0.0020081108654954605,179.90495681762695,1.5447303652763367,9.285e-05
2287,593.0082154119148,1,-0.007320925992937433,59.82273769378662,1.5451350510120392,9.282499999999999e-05
2288,575.8891606839524,1,0.0005542755270235844,82.1853084564209,1.545546144247055,9.279999999999999e-05
2289,605.1961714594279,1,-0.006701827700773322,95.76668930053711,1.5459408462047577,9.2775e-05
2290,599.7679604915506,1,-0.006296559630347254,72.9212703704834,1.5462583303451538,9.275e-05
2291,601.4761712332504,1,-0.005299507001039316,94.21635055541992,1.5463743209838867,9.272499999999999e-05
2292,562.8083261377918,1,-0.004731828190326581,448.7858657836914,1.546341747045517,9.269999999999999e-05
2293,593.4887656988858,1,-0.004850728065979748,92.55648994445801,1.546180099248886,9.267499999999999e-05
2294,599.9629930308845,1,-0.010962859727442265,82.78353500366211,1.5460176765918732,9.264999999999998e-05
2295,604.7069295334359,1,-0.002559377512643124,97.7090072631836,1.546163260936737,9.262499999999999e-05
2296,587.0747503218232,1,-0.007109799470974565,93.62624168395996,1.5466330349445343,9.259999999999999e-05
2297,564.3399481120157,1,0.0014150403439998627,148.43477249145508,1.547104924917221,9.257499999999999e-05
2298,586.3418981293489,1,-0.011093312698889246,70.64297294616699,1.547636091709137,9.254999999999999e-05
2299,598.0981049267789,1,-0.010788567356323497,59.82550525665283,1.5484910607337952,9.2525e-05
2300,591.3399106085647,1,0.0014508120751295372,62.75869560241699,1.5493597388267517,9.25e-05
2301,589.9216496914339,1,-0.006141801628594623,61.91852855682373,1.550119549036026,9.2475e-05
2302,601.083402348647,1,-0.003783588406932159,68.83789443969727,1.550258070230484,9.245e-05
2303,587.6521933995639,1,-0.005672592035073976,42.71413040161133,1.5501860082149506,9.242499999999998e-05
2304,596.1118188029991,1,-0.007125788755141915,68.74014472961426,1.5499414205551147,9.24e-05
2305,588.6179144256885,1,-0.012813355308026075,103.61473274230957,1.5494234561920166,9.2375e-05
2306,601.5547499490513,1,-0.004510856932029128,71.33523368835449,1.5492665469646454,9.234999999999998e-05
2307,576.643911584146,1,-0.009477644873019386,127.43397521972656,1.5492724478244781,9.232499999999998e-05
2308,588.6100943100496,1,-0.0015123380852548607,62.629608154296875,1.5492969155311584,9.229999999999998e-05
2309,561.8933238630214,1,0.0007566133405019215,255.90000534057617,1.5494283437728882,9.227499999999999e-05
2310,606.0309789934013,1,-0.0007887247494586802,108.78968620300293,1.549536406993866,9.224999999999999e-05
2311,596.6748740076961,1,-0.002761819281470679,60.354105949401855,1.5495732724666595,9.222499999999999e-05
2312,480.23439921365394,1,-0.0005926960431295036,1294.4438171386719,1.5495991110801697,9.219999999999999e-05
2313,410.6469402066051,1,-0.00010763592520035559,2605.3943481445312,1.549644649028778,9.2175e-05
2314,598.5836623396989,1,-0.002199263438875221,57.321635246276855,1.549574077129364,9.215e-05
2315,594.3458469411564,1,-0.0032961141851988174,48.66604042053223,1.5491170585155487,9.2125e-05
2316,595.7841655943624,1,-0.0049585697473952806,68.43994522094727,1.5487080514431,9.209999999999999e-05
2317,599.7110220802556,1,-0.0053923318829305344,105.20126152038574,1.5481498837471008,9.207499999999999e-05
2318,518.3563578156949,1,-0.0010353323096570222,545.0562133789062,1.5477195382118225,9.205e-05
2319,591.0000901113623,1,-0.011495703303564753,50.021507263183594,1.5474373400211334,9.202499999999999e-05
2320,597.5986776332791,1,0.0007592200501158608,76.51512718200684,1.547006756067276,9.199999999999999e-05
2321,576.4013257753311,1,-0.003342049264126956,115.95947265625,1.5465815663337708,9.197499999999999e-05
2322,585.4153332820017,1,-0.0037036454305052757,60.12284851074219,1.5461616516113281,9.194999999999999e-05
2323,573.2489671646925,1,0.0009101931937038898,162.20748138427734,1.5457404553890228,9.1925e-05
2324,601.9037202790635,1,-0.0030976222270879816,94.66630744934082,1.5453800559043884,9.19e-05
2325,593.7191196470998,1,-0.0008038219757349196,57.129783630371094,1.5450425446033478,9.1875e-05
2326,521.3892154536608,1,-0.0010555587900791252,504.1713409423828,1.5447750687599182,9.185e-05
2327,585.7720954461356,1,-0.0031518001091299652,77.92995262145996,1.5445712208747864,9.182500000000001e-05
2328,589.0914353599475,1,-0.011620239423729473,97.48843193054199,1.5443800687789917,9.18e-05
2329,566.3353056108535,1,-0.006815223680884941,288.8353500366211,1.544103354215622,9.1775e-05
2330,604.2290255654093,1,0.0008753621223149821,125.90789794921875,1.5438517332077026,9.175e-05
2331,460.2518896386884,1,0.00040687111858872527,1430.9776000976562,1.543551355600357,9.172499999999998e-05
2332,586.3484267605113,1,-0.01208163427997988,76.48688316345215,1.543306976556778,9.169999999999998e-05
2333,529.7682263117193,1,-0.004753230385379226,882.1496887207031,1.5430195033550262,9.167499999999999e-05
2334,570.5102503191447,1,0.00017907967752206488,68.69450759887695,1.5427604615688324,9.164999999999999e-05
2335,591.9916545947311,1,-0.0007279294190212227,105.05384635925293,1.5423494577407837,9.162499999999999e-05
2336,597.8215207223188,1,-0.00750335008238423,76.59734153747559,1.5418289601802826,9.159999999999999e-05
2337,584.8619341390431,1,-0.0018054596296459557,68.80425834655762,1.541470229625702,9.1575e-05
2338,598.98467617259,1,0.0032854655873961747,88.05307197570801,1.5414855182170868,9.155e-05
2339,557.6983423324426,1,-0.005639580189294335,503.1467056274414,1.5415228605270386,9.1525e-05
2340,539.1472831057042,1,-0.0019962459919042885,722.1255798339844,1.5414985716342926,9.149999999999999e-05
2341,577.6091673772407,1,-0.011798889841884375,81.2520866394043,1.5415395498275757,9.147499999999999e-05
2342,604.3421367484179,1,-0.0006705833765656699,151.6160545349121,1.5416978001594543,9.145e-05
2343,533.0835007581537,1,0.0013327605556696653,715.9295959472656,1.5417921543121338,9.142499999999999e-05
2344,591.517233906409,1,-0.00566931124623915,42.03087520599365,1.5417579114437103,9.139999999999999e-05
2345,565.2845724109429,1,-0.0011748568452625285,129.03343200683594,1.5414994955062866,9.137499999999998e-05
2346,599.8213049918422,1,-0.000860874003686618,65.48323345184326,1.5413075387477875,9.134999999999998e-05
2347,584.7513813113197,1,0.0006371800643272252,97.35255241394043,1.5410256385803223,9.1325e-05
2348,555.0488834832825,1,-0.0021597937414545854,124.3569164276123,1.5407172441482544,9.13e-05
2349,595.7584574454669,1,-0.0016785951270090749,81.44611549377441,1.5405053794384003,9.1275e-05
2350,598.4919576839261,1,-0.001344183031489976,86.48858833312988,1.5402593910694122,9.125e-05
2351,603.7833274209445,1,-0.001320050818591767,108.94222450256348,1.539942979812622,9.122500000000001e-05
2352,566.73296926206,1,-0.008166770450770855,96.49151992797852,1.539655327796936,9.12e-05
2353,595.3633243998685,1,-0.00811351681246375,40.32090473175049,1.5395470261573792,9.1175e-05
2354,590.6243271814067,1,0.0017860814199979202,111.99260520935059,1.5398097336292267,9.114999999999999e-05
2355,591.4328285412736,1,-0.004928097120839414,42.32927703857422,1.5398823022842407,9.112499999999998e-05
2356,528.2544265081091,1,-0.0012386212201018765,1009.1853790283203,1.5401296317577362,9.109999999999998e-05
2357,592.4454299929272,1,-0.006364337778427931,68.8047103881836,1.5402903258800507,9.107499999999999e-05
2358,605.2399859246257,1,0.0028419626770508355,80.42572975158691,1.5402615368366241,9.104999999999999e-05
2359,546.5619714450975,1,-0.00019650688855410436,318.1139907836914,1.5402080714702606,9.102499999999999e-05
2360,586.7547181120718,1,-0.011840842912594685,50.576958656311035,1.5401942133903503,9.099999999999999e-05
2361,561.6775123526063,1,-0.002410545339807335,76.20657348632812,1.540161371231079,9.0975e-05
2362,602.7016208783857,1,0.00034111110774937003,74.8780460357666,1.5400439500808716,9.095e-05
2363,600.6171657482547,1,0.0006639006891857591,81.55293273925781,1.5399127304553986,9.0925e-05
2364,533.5167840455615,1,-0.0026097771807158665,584.4862365722656,1.5398439466953278,9.089999999999999e-05
2365,594.5696530793348,1,-0.007120722796146062,43.55568599700928,1.5397658050060272,9.087499999999999e-05
2366,563.325900416833,1,-0.005281208908366253,363.54730224609375,1.5395824313163757,9.085e-05
2367,593.5379076666999,1,-0.010145505641897312,35.15417003631592,1.5393109023571014,9.082499999999999e-05
2368,596.6882803441588,1,-0.009809286434514064,31.39565420150757,1.5392669439315796,9.079999999999998e-05
2369,587.0071406593174,1,-7.250230954625181e-05,57.037540435791016,1.5392337441444397,9.077499999999998e-05
2370,593.6842384766057,1,-0.0055220467038452625,105.0843334197998,1.5390565991401672,9.074999999999998e-05
2371,591.776711303944,1,-0.00847148778097262,62.8054780960083,1.5389341413974762,9.0725e-05
2372,599.3314912851022,1,-0.013083593919873238,120.15507507324219,1.5387875437736511,9.07e-05
2373,592.7148562322416,1,-0.0011009910478350093,44.84925174713135,1.5387710928916931,9.0675e-05
2374,602.7735293504617,1,-0.00690846172929227,65.02163124084473,1.5389426052570343,9.065e-05
2375,597.3001217180272,1,-0.018755958100118875,32.87881660461426,1.5393502712249756,9.062500000000001e-05
2376,591.4812679923098,1,-0.007163064758508253,52.030282974243164,1.5402787923812866,9.059999999999999e-05
2377,594.0326790474237,1,-0.001840611919760704,41.42572498321533,1.5409518480300903,9.057499999999999e-05
2378,568.8003312235629,1,-0.008826404358618534,283.5492477416992,1.541571944952011,9.054999999999999e-05
2379,582.2318576230714,1,-0.007835498211094194,64.61794567108154,1.5419272184371948,9.052499999999998e-05
2380,591.052588471789,1,-0.0032349578104913235,89.02095603942871,1.5420584678649902,9.049999999999998e-05
2381,593.405246790283,1,-0.005466879865589913,43.901164054870605,1.542162448167801,9.047499999999999e-05
2382,595.0649009843104,1,-0.001677034292034918,54.95703125,1.5421666204929352,9.044999999999999e-05
2383,599.8958699655097,1,-0.0003448966095236372,92.96774101257324,1.5421971380710602,9.042499999999999e-05
2384,594.831592726438,1,-0.004176490361604834,124.82561111450195,1.5421972870826721,9.039999999999999e-05
2385,587.9053503537548,1,-0.010611788405844091,68.6162338256836,1.5420960187911987,9.0375e-05
2386,579.7185444276645,1,0.004736520808584999,166.87797927856445,1.5420185327529907,9.035e-05
2387,607.655880040842,1,0.0009279626548845954,133.68869018554688,1.5419533252716064,9.0325e-05
2388,594.7077225835438,1,-0.002234334547618566,55.87761878967285,1.5418941974639893,9.029999999999999e-05
2389,594.0844715513925,1,-0.0061899002138812165,52.19582176208496,1.5416122078895569,9.027499999999999e-05
2390,604.0514397489138,1,-0.000555311374212053,64.04384231567383,1.541395515203476,9.025e-05
2391,591.2530535026602,1,-0.0070817013916375515,58.26889705657959,1.5411761105060577,9.022499999999998e-05
2392,458.2023435266647,1,0.0014560835214165735,1888.2769775390625,1.5408037900924683,9.019999999999998e-05
2393,596.9422036753472,1,-0.006723460539094006,57.40736484527588,1.5404744148254395,9.017499999999998e-05
2394,582.0418379911068,1,0.0027338265283631813,97.39351654052734,1.540124386548996,9.014999999999998e-05
2395,594.4825652876316,1,-0.009517160425378535,41.05855083465576,1.5399955213069916,9.0125e-05
2396,591.9016365563227,1,-0.008794727620597076,118.20015525817871,1.5401402711868286,9.01e-05
2397,578.1673528250799,1,-0.006736019554908879,150.06126022338867,1.5403349697589874,9.0075e-05
2398,598.4309175026608,1,-0.004741252837049181,52.15904426574707,1.54059499502182,9.005e-05
2399,566.7697256542808,1,-0.0016044096555560827,202.4636688232422,1.540766716003418,9.0025e-05
2400,595.5779675424888,1,-0.0011906304892459474,69.33667182922363,1.5407452285289764,8.999999999999999e-05
2401,593.9211533593494,1,-0.0041861816642851934,71.5311508178711,1.5405267477035522,8.997499999999999e-05
2402,601.398743213557,1,-0.0013786275947609283,89.25547409057617,1.5402631163597107,8.994999999999999e-05
2403,600.4631801068354,1,-0.00964505277714478,61.33523654937744,1.5400834381580353,8.992499999999998e-05
2404,600.5362729362871,1,-0.0001971095974360182,114.02097511291504,1.5399113595485687,8.989999999999999e-05
2405,581.2955730411117,1,-0.006032883494998309,129.11630058288574,1.5397119522094727,8.987499999999999e-05
2406,601.7253025002213,1,-0.0027922914866520543,71.29489707946777,1.5395845770835876,8.984999999999999e-05
2407,596.1910092698017,1,-0.009001650862515476,90.08346748352051,1.5394833981990814,8.982499999999999e-05
2408,601.0878952819306,1,-0.005050331570341626,66.75321388244629,1.539397656917572,8.98e-05
2409,586.0200978230417,1,-0.0049506532054230945,87.24913597106934,1.5392090380191803,8.9775e-05
2410,599.3914188923866,1,-0.007303618809341272,66.30063247680664,1.5390397906303406,8.975e-05
2411,572.3716503884891,1,0.0030359869078173674,288.55777740478516,1.538979858160019,8.9725e-05
2412,591.8372779533587,1,-0.005491222533565265,56.085609436035156,1.5389606356620789,8.969999999999998e-05
2413,585.7673563589425,1,-0.0013134931157825491,61.08188819885254,1.5391261875629425,8.9675e-05
2414,599.5331428169118,1,-0.0008219456919995594,66.58634567260742,1.5390802025794983,8.965e-05
2415,586.2607044655883,1,-0.00305845071423283,45.53983020782471,1.5388038158416748,8.962499999999998e-05
2416,598.9316254103536,1,-0.0063925761186207075,44.12506294250488,1.5385050177574158,8.959999999999998e-05
2417,604.1100675466557,1,0.0017331942957774515,76.21461486816406,1.538133680820465,8.957499999999998e-05
2418,530.3137159145359,1,0.00025497726164758205,662.2157440185547,1.537889301776886,8.955e-05
2419,599.0164492204129,1,-0.004022270683587514,46.437856674194336,1.5377245545387268,8.9525e-05
2420,563.7200005585775,1,-0.0037629820985038975,371.59666442871094,1.5375163853168488,8.95e-05
2421,595.9759596159315,1,-0.003231711835335105,61.58625411987305,1.5373075008392334,8.947499999999999e-05
2422,608.3333184663595,1,-0.0024164431977418133,97.14007186889648,1.5371126234531403,8.945e-05
2423,585.2976014084261,1,-0.005270330921811173,38.27163219451904,1.5369704961776733,8.9425e-05
2424,606.0420492973324,1,0.006373536045979122,100.35796737670898,1.536751240491867,8.939999999999999e-05
2425,599.2357013106865,1,-0.0057324181061941815,52.95549201965332,1.5366395115852356,8.937499999999999e-05
2426,546.7159070188849,1,-0.0010201146326247468,737.4700622558594,1.5365993976593018,8.934999999999999e-05
2427,587.8102164509937,1,-0.005868668110704078,42.959832191467285,1.536589652299881,8.932499999999998e-05
2428,606.3010977715975,1,-0.006140999766949817,82.5802001953125,1.5366778075695038,8.929999999999999e-05
2429,603.6166448199083,1,0.0021042713649670475,71.63157844543457,1.5367363095283508,8.927499999999999e-05
2430,561.0882796464551,1,0.0007214477368284733,254.56381225585938,1.53677698969841,8.924999999999999e-05
2431,601.3162684057859,1,-0.0029318830227182957,93.48129653930664,1.5368434488773346,8.922499999999999e-05
2432,603.5442488355294,1,-0.009534558083988287,54.143778800964355,1.53677898645401,8.92e-05
2433,592.8423960479267,1,-0.010147887282073498,68.50284957885742,1.5367743968963623,8.9175e-05
2434,577.8274632216718,1,0.004170934929368819,104.93814086914062,1.5366540551185608,8.915e-05
2435,601.2878126413956,1,-0.002698782444765069,101.92635536193848,1.5364940762519836,8.9125e-05
2436,598.8075557889817,1,-0.007091335719451308,54.0595006942749,1.5363316237926483,8.909999999999998e-05
2437,587.742482829092,1,-0.004075382517732873,98.89221572875977,1.5363779366016388,8.9075e-05
2438,597.9897176529188,1,-0.008665076232162505,54.61531352996826,1.5364594757556915,8.905e-05
2439,572.7473436494861,1,-0.005020076408982277,94.69233512878418,1.536406546831131,8.9025e-05
2440,589.5666923283597,1,-0.0026809108455601027,116.932373046875,1.5361602902412415,8.899999999999998e-05
2441,598.0673869123946,1,-0.008022124255409047,58.05508327484131,1.535951554775238,8.897499999999998e-05
2442,597.8727736380058,1,-0.0040956502863478406,56.39417743682861,1.5357857942581177,8.895e-05
2443,600.6638931146558,1,-0.006523654530091072,70.32129669189453,1.5357812345027924,8.892499999999999e-05
2444,597.7942359870611,1,-0.013279319668574097,32.63300800323486,1.5355895161628723,8.889999999999999e-05
2445,518.0287564513031,1,0.002586882426550474,1051.6441650390625,1.5352880656719208,8.887499999999999e-05
2446,533.4741180611957,1,-0.00017411835061942327,677.6305084228516,1.5350773632526398,8.885e-05
2447,562.1805994640332,1,-0.00046626238192670755,436.9009017944336,1.5349400043487549,8.8825e-05
2448,610.8306048788414,1,-0.003813271152987241,85.29631423950195,1.5348804295063019,8.88e-05
2449,597.9321268226483,1,-0.026645188095668848,33.20288372039795,1.5347513854503632,8.877499999999999e-05
2450,589.2603830173426,1,-0.017057467810809746,38.836421966552734,1.5346320271492004,8.874999999999999e-05
2451,559.9368316671707,1,0.0014954913283977689,512.8798522949219,1.534636229276657,8.8725e-05
2452,581.7689802974985,1,0.011129132175359047,140.39665985107422,1.5346648395061493,8.869999999999999e-05
2453,597.987334046159,1,-0.000677076710978497,52.42753887176514,1.534664362668991,8.867499999999999e-05
2454,569.6084516739625,1,0.003334099700783799,174.74298477172852,1.5346259474754333,8.864999999999999e-05
2455,595.2933509740683,1,-0.011105738635475149,21.5608491897583,1.534604549407959,8.862499999999999e-05
2456,566.983539207421,1,0.0123568135939216,107.87649536132812,1.5346329510211945,8.86e-05
2457,590.1347659970731,1,-0.004503164440393448,168.24796676635742,1.5345953702926636,8.8575e-05
2458,567.588747193844,1,-0.0012867556389188906,136.89757537841797,1.5345390141010284,8.855e-05
2459,583.9707308095019,1,-0.012820230331271887,36.89925575256348,1.534551054239273,8.8525e-05
2460,593.0758980834007,1,-0.006272138922750692,44.67688274383545,1.5344816148281097,8.850000000000001e-05
2461,597.2685626210391,1,-0.0030474657181862597,66.09062957763672,1.5340951085090637,8.8475e-05
2462,568.5397948241105,1,-0.0030765340770952943,159.06145477294922,1.5336514115333557,8.845e-05
2463,568.9721359003545,1,-0.0035814375759084527,166.6583480834961,1.533339112997055,8.8425e-05
2464,578.0975685871952,1,-0.0014919603780692015,91.48893928527832,1.5331693589687347,8.839999999999998e-05
2465,598.8585719598022,1,-0.00035326290753801004,78.89878273010254,1.5331807136535645,8.837499999999998e-05
2466,595.3203080636904,1,-0.002647793537672527,49.320528984069824,1.5331633388996124,8.834999999999999e-05
2467,282.7133442096878,1,-0.0008557042786958569,6413.4124755859375,1.533031940460205,8.832499999999999e-05
2468,602.7303045067115,1,-0.00014991376576922733,65.33973503112793,1.5329092144966125,8.829999999999999e-05
2469,600.6940086503396,1,-0.0021155194140431988,124.17813491821289,1.532745122909546,8.827499999999999e-05
2470,593.4769312135961,1,0.0001858935255114602,62.64414691925049,1.5325444638729095,8.825e-05
2471,599.9434681836325,1,-0.0018747610387244151,52.71386909484863,1.5322948396205902,8.8225e-05
2472,563.6337639865834,1,-6.632041186094284e-05,104.42319107055664,1.5320749580860138,8.82e-05
2473,566.0529121672839,1,0.0004412169715997116,240.78109741210938,1.5318942368030548,8.817499999999999e-05
2474,600.1712050164997,1,-0.002466446285972701,54.672383308410645,1.5317876040935516,8.814999999999999e-05
2475,590.8497502667371,1,-0.0028478367230651003,58.58841419219971,1.5316587090492249,8.8125e-05
2476,597.2155983079036,1,-0.006670845219081123,34.62009143829346,1.5316197276115417,8.809999999999999e-05
2477,597.4535265764273,1,0.00019555081094591031,31.432770252227783,1.5313528776168823,8.807499999999999e-05
2478,597.9601165174902,1,-0.008370114752853652,49.045427322387695,1.5309661328792572,8.804999999999999e-05
2479,562.9203299086153,1,0.00016743419859466258,155.49417877197266,1.5307621955871582,8.802499999999998e-05
2480,593.7106512597742,1,-0.009537052609799979,69.89826965332031,1.5306724309921265,8.8e-05
2481,583.6939856103618,1,-0.006180809789053221,62.92554569244385,1.5306350886821747,8.7975e-05
2482,584.9555747906669,1,-0.006425291066989303,78.83337211608887,1.5304379165172577,8.795e-05
2483,588.0364813450165,1,-0.003642788368979688,53.94172191619873,1.5301286280155182,8.7925e-05
2484,565.2786586100442,1,-0.003746125922948096,148.39884567260742,1.5295705199241638,8.790000000000001e-05
2485,593.8190206530791,1,-0.00405269761380378,68.4506950378418,1.5290081799030304,8.7875e-05
2486,590.5185080191118,1,0.0008489700257054977,73.62835311889648,1.5281768441200256,8.785e-05
2487,589.3695870028783,1,-0.0034199478418850404,60.61824607849121,1.5274167656898499,8.7825e-05
2488,602.2309775346849,1,0.00016626603370184512,95.45058822631836,1.5267764627933502,8.779999999999998e-05
2489,599.095129770792,1,-0.0016598611556251086,64.99935913085938,1.5263169407844543,8.777499999999998e-05
2490,597.474442518314,1,-0.008431776878580877,32.218441009521484,1.5260320901870728,8.774999999999999e-05
2491,576.1026409487984,1,-0.0063397320186435735,84.29012870788574,1.5257705450057983,8.772499999999999e-05
2492,583.5225542221505,1,-0.002166825329587896,108.5423583984375,1.525621473789215,8.769999999999999e-05
2493,598.0603715062323,1,-0.010979738095085345,62.09334850311279,1.525540441274643,8.767499999999999e-05
2494,591.9188625501905,1,-0.0028155547217463273,73.65925216674805,1.525485634803772,8.765e-05
2495,586.8120629369413,1,-0.01030998956412077,69.60677528381348,1.5253393352031708,8.7625e-05
2496,587.8973110377224,1,-0.0040146882710014875,29.9035005569458,1.525220900774002,8.76e-05
2497,580.8579101267056,1,-0.002810139469534789,93.78303146362305,1.5252072215080261,8.757499999999999e-05
2498,578.876587678012,1,-0.012559197766623065,73.73294448852539,1.5252332985401154,8.754999999999999e-05
2499,598.9100467900254,1,0.0009944256765912485,70.5648193359375,1.525231510400772,8.7525e-05
2500,596.5956642086359,1,-0.006245087668822258,41.71741771697998,1.525231808423996,8.749999999999999e-05
2501,590.329140983057,1,-0.008777611969231547,53.545358657836914,1.5251413881778717,8.747499999999998e-05
2502,579.4461485764485,1,0.0013316076824054779,105.14312362670898,1.5248386859893799,8.744999999999998e-05
2503,471.6817350610679,1,-0.0007413204969934917,1918.1673889160156,1.5245575308799744,8.742499999999998e-05
2504,591.5052395569269,1,-0.007239555971781719,86.75286102294922,1.5243231654167175,8.74e-05
2505,593.4282763543184,1,0.0006885471987612135,31.21590805053711,1.5239223539829254,8.7375e-05
2506,602.1308375842126,1,-0.0017124999484856573,77.77485466003418,1.5233255624771118,8.735e-05
2507,600.9401185040176,1,-0.0026112098488990654,45.718491554260254,1.5228338241577148,8.7325e-05
2508,569.0501234899658,1,-0.001768424001429847,371.0176467895508,1.5224531292915344,8.730000000000001e-05
2509,580.4505988751756,1,-0.00454049134399348,92.76402473449707,1.5221782326698303,8.7275e-05
2510,571.3635206575796,1,-0.0060062821623461105,628.2671203613281,1.5220154225826263,8.724999999999999e-05
2511,599.9988859115283,1,-0.0035909672300782347,72.1322135925293,1.5219174921512604,8.722499999999999e-05
2512,593.5007249548977,1,-0.005625685310786999,74.980224609375,1.5218980312347412,8.719999999999998e-05
2513,599.6058697906685,1,-0.006004839429053277,63.67263221740723,1.5216481387615204,8.717499999999998e-05
2514,604.233664067941,1,0.0037061693685789265,85.81702041625977,1.521141916513443,8.714999999999999e-05
2515,532.9502592206685,1,4.4411025094781564e-05,664.0422058105469,1.520725280046463,8.712499999999999e-05
2516,532.3546756376355,1,-0.0025617612733705997,950.0103912353516,1.520476758480072,8.709999999999999e-05
2517,599.4803974042429,1,-0.0021894487033767285,78.06650161743164,1.5203695595264435,8.707499999999999e-05
2518,598.71943947108,1,-0.0040214234281208405,48.14532279968262,1.5202993750572205,8.705e-05
2519,594.1692224844056,1,-0.010663605794044573,53.266408920288086,1.5200543999671936,8.7025e-05
2520,595.4596998637081,1,-0.006400525533786894,38.923516273498535,1.519800454378128,8.7e-05
2521,601.6005425828604,1,-0.006366076400841969,83.57175827026367,1.5196854174137115,8.697499999999999e-05
2522,586.738169765237,1,-0.005078148298995444,33.812456130981445,1.519650548696518,8.694999999999999e-05
2523,544.114740836298,1,0.0012893961760234163,651.0529327392578,1.5196901261806488,8.6925e-05
2524,586.6983020541967,1,-0.010548365614140187,58.354804039001465,1.5197778940200806,8.689999999999998e-05
2525,592.8518202868914,1,-0.00918561956939934,39.989463806152344,1.5200815200805664,8.687499999999998e-05
2526,599.5673698270086,1,-0.0024454197460066496,65.55133724212646,1.5204448699951172,8.684999999999998e-05
2527,542.0266398693068,1,-0.0008956244008988534,771.4922180175781,1.5205799341201782,8.682499999999998e-05
2528,575.9749293132552,1,-0.002471078925797343,138.4037322998047,1.5205788314342499,8.68e-05
2529,556.087111701979,1,0.0015158626307369971,428.1162872314453,1.5204139649868011,8.6775e-05
2530,499.55274722034324,1,-0.0007905017130935832,932.1052093505859,1.5202730000019073,8.675e-05
2531,591.95692883586,1,-0.0071073334483018336,114.77655982971191,1.5201877355575562,8.6725e-05
2532,577.9599585980264,1,-0.006343008199557687,212.88344192504883,1.5201981961727142,8.67e-05
2533,503.5002186965209,1,-0.00277439043548533,808.7298583984375,1.5203253328800201,8.667499999999999e-05
2534,598.4248472168764,1,-0.00383072109202498,52.28810501098633,1.520458072423935,8.664999999999999e-05
2535,595.2511723302841,1,-0.0017221007514791609,80.55505752563477,1.520536720752716,8.662499999999999e-05
2536,454.97074321658806,1,0.0005220336214679655,2283.3999633789062,1.5206314325332642,8.659999999999998e-05
2537,589.7253550942588,1,-0.007638618275599196,30.019307613372803,1.5207922160625458,8.657499999999998e-05
2538,595.0284923058375,1,-0.00595961854968774,29.807551383972168,1.5211374759674072,8.654999999999999e-05
2539,603.6425465189284,1,-0.005377036788162148,66.42666149139404,1.5213873386383057,8.652499999999999e-05
2540,598.0797158901903,1,-0.002193396707298234,70.95070266723633,1.5215449929237366,8.649999999999999e-05
2541,599.1011941147701,1,-0.007996529170002376,28.23904275894165,1.5216524004936218,8.647499999999999e-05
2542,565.8034601837751,1,0.0023959710896535036,251.70169830322266,1.521895945072174,8.645e-05
2543,510.73834845703647,1,-0.007634782847476984,1051.6083374023438,1.5221215784549713,8.6425e-05
2544,598.4559689953679,1,-0.00491878698411341,43.78688716888428,1.5222710967063904,8.64e-05
2545,593.739592802009,1,-0.01055881120428026,29.82350730895996,1.5223723649978638,8.637499999999999e-05
2546,585.634818566715,1,-0.0006358603309539745,63.05968952178955,1.5223283469676971,8.634999999999998e-05
2547,597.5115121541985,1,-0.0046744534047320485,46.85766124725342,1.5221949815750122,8.6325e-05
2548,577.8001908347944,1,-0.007676554378122091,105.72505378723145,1.5220193564891815,8.629999999999998e-05
2549,602.7290641697471,1,-0.004277547650074709,89.55059051513672,1.5218537747859955,8.627499999999998e-05
2550,587.9659286637619,1,-0.010109846566158875,46.72114658355713,1.5216890573501587,8.624999999999998e-05
2551,592.9706675741688,1,-0.0021765686648551608,40.098459243774414,1.5214855670928955,8.6225e-05
2552,583.7492150447358,1,-0.009114618453802237,69.99117279052734,1.5209787786006927,8.62e-05
2553,555.0453231840239,1,-0.004491020322417327,388.1364059448242,1.5205458998680115,8.6175e-05
2554,601.1361569562561,1,-0.008054795283748195,22.885334014892578,1.5198768079280853,8.615e-05
2555,566.8682936125754,1,-0.0008245306089520454,138.41514587402344,1.5181618332862854,8.612499999999999e-05
2556,608.432101295227,1,-0.0015766028238672902,138.96107482910156,1.5168073773384094,8.61e-05
2557,587.1009270470722,1,-0.001421879268794779,92.33950233459473,1.5159160196781158,8.607499999999999e-05
2558,580.0635211198014,1,-0.009023616478467833,131.56573104858398,1.5152516961097717,8.604999999999999e-05
2559,585.1484231244954,1,-0.0022526056575680187,26.90066432952881,1.5147678852081299,8.602499999999999e-05
2560,595.2351331522934,1,-0.007927613027779223,28.721089839935303,1.514139711856842,8.599999999999998e-05
2561,497.45624825840787,1,-0.0019620627568608384,791.3067016601562,1.513712078332901,8.597499999999999e-05
2562,495.2737196848543,1,-0.0011968764080217964,1383.1996154785156,1.5134449303150177,8.594999999999999e-05
2563,558.2571390611876,1,-0.004736483706316186,208.08792114257812,1.513269454240799,8.592499999999999e-05
2564,600.1767097547473,1,-0.010771835364906224,54.897823333740234,1.5131663978099823,8.589999999999999e-05
2565,598.3777547635295,1,-0.0013958885053089176,78.84633255004883,1.5130417346954346,8.5875e-05
2566,276.8477419553518,1,0.001188285735632455,6814.1988525390625,1.5129532217979431,8.585e-05
2567,581.5830799109201,1,-0.003588725888496569,56.09125995635986,1.5129371583461761,8.5825e-05
2568,537.3917839096663,1,-0.002760095651416883,501.7003936767578,1.5130716264247894,8.58e-05
2569,601.55658633968,1,0.0032906533285439465,116.55862236022949,1.5132119059562683,8.577500000000001e-05
2570,592.0683029942714,1,-0.004984703207755459,154.12756729125977,1.513365924358368,8.575e-05
2571,581.0331755468814,1,-0.005095771780253333,63.6055383682251,1.5134944021701813,8.5725e-05
2572,594.5667267151889,1,-0.0025978517408162816,37.308077812194824,1.5134926438331604,8.57e-05
2573,591.6885594537657,1,-0.006595631277499514,23.08475637435913,1.5135744214057922,8.567499999999998e-05
2574,591.7351372056446,1,-0.0018627305408562833,43.14188098907471,1.513660728931427,8.564999999999998e-05
2575,578.8525907459289,1,-0.004989799112081528,57.06562614440918,1.513597458600998,8.5625e-05
2576,577.3491952827892,1,-0.0032992232424602363,81.40899467468262,1.5133668184280396,8.56e-05
2577,582.5903578985994,1,-0.003744213997075807,35.63158893585205,1.5131478309631348,8.557499999999999e-05
2578,601.2985831557346,1,0.0009834724145807439,64.28479957580566,1.5129514634609222,8.554999999999999e-05
2579,574.0129901180158,1,-0.009119043381707437,96.3545970916748,1.5127907395362854,8.5525e-05
2580,572.9162939157507,1,-0.0024847504100762308,57.813035011291504,1.51266747713089,8.55e-05
2581,586.7955084281466,1,-0.009451689717711709,40.125762939453125,1.512590378522873,8.5475e-05
2582,604.4407996393343,1,-0.00644120678340121,113.44556427001953,1.512270599603653,8.544999999999999e-05
2583,583.6272754986625,1,-0.0122533069694164,79.82354736328125,1.5119673609733582,8.542499999999999e-05
2584,587.0791426660287,1,0.005514604814180757,89.05278396606445,1.5117218494415283,8.54e-05
2585,559.4068117084277,1,-0.002836819339011587,309.26464080810547,1.511495292186737,8.537499999999999e-05
2586,598.1691096712324,1,0.0003408946640615085,68.54482650756836,1.5112887620925903,8.534999999999999e-05
2587,599.6262236565267,1,-0.00914707252402458,33.450839042663574,1.51109179854393,8.532499999999999e-05
2588,591.3671765247874,1,-0.002962011843919754,79.67969512939453,1.510854333639145,8.529999999999999e-05
2589,608.3025529136237,1,0.000141306885645065,112.94990921020508,1.5105924606323242,8.5275e-05
2590,588.7706108328132,1,-0.0009047389581340326,51.795265197753906,1.5103257596492767,8.525e-05
2591,599.636255261915,1,1.802731878441932e-05,34.705801010131836,1.510037213563919,8.5225e-05
2592,585.067504437382,1,-0.005722408885107555,42.18161201477051,1.5097336173057556,8.52e-05
2593,605.1737146591083,1,-0.004304304878503196,96.40265464782715,1.50930455327034,8.517500000000001e-05
2594,600.0320410335985,1,-0.004186251107402228,36.90941905975342,1.508899837732315,8.515e-05
2595,600.0009325688757,1,-0.006395342679501592,31.074854850769043,1.5084870159626007,8.5125e-05
2596,590.7801849241923,1,-0.010941933351174882,29.42451524734497,1.5083175897598267,8.51e-05
2597,595.6829984957407,1,-0.004011146108604091,37.96333980560303,1.5082785487174988,8.507499999999998e-05
2598,599.7038536353116,1,-0.002391483745103784,42.432395935058594,1.5081639885902405,8.504999999999998e-05
2599,595.2181559364436,1,-0.009142950551248585,37.11038589477539,1.5080568492412567,8.502499999999999e-05
2600,602.5082151645624,1,-0.008817784454940636,41.262051582336426,1.5078194737434387,8.499999999999999e-05
2601,591.5405170675959,1,-0.008012521138880402,38.66433334350586,1.5077864229679108,8.497499999999999e-05
2602,580.9965825917831,1,-0.0017968090408402304,367.3765869140625,1.507995754480362,8.494999999999999e-05
2603,594.5498509707927,1,-0.009966929725631068,150.5583724975586,1.5081355571746826,8.4925e-05
2604,590.4780390769153,1,-0.00332116899796997,88.15025329589844,1.508189857006073,8.49e-05
2605,566.9495586785395,1,-0.0007340813498366572,208.76456832885742,1.5081573724746704,8.4875e-05
2606,591.0682013742401,1,-0.0036182841244487562,58.6456823348999,1.5081161856651306,8.484999999999999e-05
2607,584.4550280215099,1,-0.0005968119005653749,65.56437301635742,1.508042722940445,8.482499999999999e-05
2608,600.5522298939595,1,-0.01111108365725677,26.53825616836548,1.5078161358833313,8.48e-05
2609,595.7742903631206,1,-0.005842729897768351,21.425278186798096,1.5076305866241455,8.477499999999999e-05
2610,601.1290683294606,1,0.0011719577762825395,42.15438461303711,1.5074726045131683,8.474999999999999e-05
2611,578.0950826173018,1,-0.00339909173745756,150.88354110717773,1.5072015821933746,8.472499999999999e-05
2612,604.89368499971,1,0.0018554936025552138,77.42795753479004,1.5069755017757416,8.469999999999999e-05
2613,598.0846288638738,1,-0.020283891203797477,35.071434020996094,1.5068726241588593,8.4675e-05
2614,539.8408589971967,1,0.0031875864179991,510.6485366821289,1.5072166919708252,8.465e-05
2615,584.4064035099125,1,-0.0038821003555011835,36.82496166229248,1.5075145661830902,8.4625e-05
2616,572.5012757080668,1,0.00034955911941025875,314.48793029785156,1.5076377987861633,8.46e-05
2617,583.2705110129532,1,0.0008469565471411755,119.10331726074219,1.5076912939548492,8.457500000000001e-05
2618,597.2286828331906,1,-0.006999758270906042,35.85402774810791,1.5076958537101746,8.455e-05
2619,598.1808402851552,1,-0.006313686724752188,45.33064842224121,1.5075731873512268,8.4525e-05
2620,601.3809346426281,1,-0.009553617431914851,39.303056716918945,1.5074236690998077,8.45e-05
2621,609.9627033235395,1,-0.0010395950438812918,125.71957397460938,1.5073254108428955,8.447499999999998e-05
2622,285.3376306132468,1,0.0006485482041291846,6417.0565185546875,1.5072494745254517,8.444999999999998e-05
2623,604.726593467646,1,-0.001472668693432766,61.931071281433105,1.5072047710418701,8.442499999999999e-05
2624,585.4153306833296,1,-0.005191946873486231,41.43070983886719,1.5071018934249878,8.439999999999999e-05
2625,602.2797327144826,1,-0.011793159613652016,33.16890239715576,1.5067616403102875,8.437499999999999e-05
2626,600.6466078163883,1,-0.01781955789774603,21.19430685043335,1.5064764022827148,8.434999999999999e-05
2627,599.2617983599783,1,-0.014257545823809892,28.749699115753174,1.5059815347194672,8.4325e-05
2628,601.0300283314432,1,-0.0029852053655003985,25.58102035522461,1.505643218755722,8.43e-05
2629,369.1027181536145,1,0.0036576081308989927,4555.1854248046875,1.5051365494728088,8.4275e-05
2630,574.5017813032915,1,0.0005311537180272552,180.83616256713867,1.5047414898872375,8.424999999999999e-05
2631,553.8511566991426,1,0.000356181561073754,240.03318405151367,1.5045208036899567,8.422499999999999e-05
2632,607.9846024161609,1,0.0016210902593392085,94.25597763061523,1.5043783485889435,8.42e-05
2633,599.1575954043135,1,-0.004578878580675294,33.728370666503906,1.504274308681488,8.417499999999999e-05
2634,558.8838704480238,1,-0.0018540909257542815,304.18177032470703,1.5040506422519684,8.414999999999999e-05
2635,611.832467746025,1,-0.0018236382904319726,104.42272567749023,1.5037889778614044,8.412499999999998e-05
2636,603.8826840055951,1,0.0007551892059964871,48.802828788757324,1.5035291612148285,8.409999999999998e-05
2637,521.6928269343789,1,-0.000545347298832155,522.3945617675781,1.5032636523246765,8.4075e-05
2638,595.2910288064754,1,-0.006433610226248554,66.66744995117188,1.5030604898929596,8.405e-05
2639,605.3641903401107,1,-0.000732993449094721,49.54785919189453,1.5028486549854279,8.4025e-05
2640,593.9771673909574,1,-0.0034339133326586335,60.18978977203369,1.5026466846466064,8.4e-05
2641,601.4708989179064,1,-0.0001648690593898383,38.09715938568115,1.5023700892925262,8.397500000000001e-05
2642,601.9332828860008,1,-0.006175662871347853,26.390788078308105,1.5019735991954803,8.395e-05
2643,599.0111014408778,1,-0.002205817985425962,71.3994312286377,1.5013982355594635,8.3925e-05
2644,608.2011001818785,1,-0.015445429379260744,84.08527755737305,1.5009211599826813,8.389999999999999e-05
2645,604.1834035836598,1,-0.010741431830897596,50.74998092651367,1.5006864070892334,8.387499999999998e-05
2646,598.1785710832576,1,-0.014185392898262705,59.43874740600586,1.5005831718444824,8.384999999999998e-05
2647,600.2400325269205,1,-0.004759375375431141,25.641767024993896,1.5005420446395874,8.382499999999999e-05
2648,600.6061525932156,1,-0.011827056292085025,34.50888252258301,1.5003882050514221,8.379999999999999e-05
2649,597.8336366335163,1,-0.012041713115187314,41.556965827941895,1.4998773634433746,8.377499999999999e-05
2650,601.1414870813744,1,0.005892100475298756,76.33468627929688,1.499377965927124,8.374999999999999e-05
2651,607.9574097972952,1,-0.0019904594186561653,38.63515377044678,1.4990106225013733,8.3725e-05
2652,579.5321234130233,1,0.0008155454320259992,171.6888313293457,1.4988325834274292,8.37e-05
2653,605.383939037765,1,-0.005529577856099088,63.21616744995117,1.4987108409404755,8.3675e-05
2654,592.7362205244672,1,-0.00391584521275945,97.42764854431152,1.4985032677650452,8.364999999999999e-05
2655,580.6464873065422,1,-0.0016505611761070682,339.6681213378906,1.4982081055641174,8.362499999999999e-05
2656,591.2716011898133,1,-0.0016690598718895888,106.51222229003906,1.497886449098587,8.36e-05
2657,605.825223093743,1,-0.011649071175435566,46.59689712524414,1.4976597726345062,8.357499999999999e-05
2658,534.9340811977643,1,0.0036538929113052454,878.0269470214844,1.4976122677326202,8.354999999999998e-05
2659,598.086601203462,1,-0.007187596991750311,44.67756938934326,1.497577428817749,8.352499999999998e-05
2660,589.5543281912882,1,-0.010485933367710754,247.95042419433594,1.4974154233932495,8.349999999999998e-05
2661,593.4231992234036,1,-0.0017347447574138641,217.51172256469727,1.497184157371521,8.3475e-05
2662,604.2040531150506,1,-0.008381923802922131,54.500349044799805,1.4969051778316498,8.345e-05
2663,607.3855831314258,1,-0.003790829729966916,38.788331031799316,1.4966527819633484,8.3425e-05
2664,591.3380710691724,1,-0.003005574749865403,33.777381896972656,1.4963975250720978,8.34e-05
2665,569.219011525622,1,-0.0019246859574746367,256.2526741027832,1.496302843093872,8.337500000000001e-05
2666,567.1122648619471,1,-0.00305232111713849,609.4380035400391,1.4962701201438904,8.334999999999999e-05
2667,586.9684333420673,1,-0.0032609564950689673,92.4630012512207,1.4961588084697723,8.332499999999999e-05
2668,479.8089529070463,1,-0.0007718654606962971,2187.0360107421875,1.495918482542038,8.329999999999999e-05
2669,597.8536280189866,1,-0.012796851620079153,41.26003646850586,1.4956971406936646,8.327499999999998e-05
2670,600.6352481085637,1,-0.0039947690149286785,50.778486251831055,1.4955342411994934,8.324999999999998e-05
2671,605.1833986802776,1,-0.007268969934166591,69.47785758972168,1.4954719245433807,8.322499999999999e-05
2672,393.6772546987095,1,0.002009486514143566,3596.1145629882812,1.4954633712768555,8.319999999999999e-05
2673,601.849510800573,1,-0.0035258679244289937,38.21837329864502,1.4954399466514587,8.317499999999999e-05
2674,585.6598012859454,1,-0.004952551347155776,43.071553230285645,1.4952227473258972,8.314999999999999e-05
2675,592.3992984508346,1,-0.013987093601889655,39.50473403930664,1.494740903377533,8.3125e-05
2676,593.4877047833613,1,-0.0010030859991356778,71.72272872924805,1.494834154844284,8.31e-05
2677,607.3921013533966,1,0.0010433866376615697,72.82589530944824,1.4951844811439514,8.3075e-05
2678,594.4371043645225,1,-0.008903127879898776,26.43418598175049,1.4952970743179321,8.304999999999999e-05
2679,598.6464347708013,1,-0.0038867439253753577,24.445956230163574,1.4947015047073364,8.302499999999999e-05
2680,570.1583596461979,1,-0.004119354230351924,283.0936965942383,1.494101196527481,8.3e-05
2681,569.7772002746341,1,-0.0022183649549738504,123.98969078063965,1.4936799108982086,8.297499999999998e-05
2682,605.3550637049482,1,-0.009149758990756318,37.70789051055908,1.4931372702121735,8.294999999999998e-05
2683,592.6722312652399,1,-0.004915945970549673,40.143914222717285,1.492559552192688,8.292499999999998e-05
2684,563.7306924156435,1,-0.0029270287910057036,326.7136459350586,1.4920342862606049,8.289999999999998e-05
2685,591.3828297783135,1,-0.01530510769225657,46.56778335571289,1.4916598200798035,8.2875e-05
2686,542.9355932053851,1,-0.004030590322577687,465.5976104736328,1.4913077354431152,8.285e-05
2687,592.3055307322073,1,-0.010538434747746331,158.7293497721354,1.4910718202590942,8.2825e-05
2688,596.6816695187608,1,-0.002473550136120828,34.983882904052734,1.4907973110675812,8.28e-05
2689,598.5022939407581,1,-0.009789465043436696,30.356241703033447,1.4904690086841583,8.2775e-05
2690,592.5101133214042,1,-0.006623502621160959,37.12190532684326,1.4905202090740204,8.275e-05
2691,601.5033981567196,1,-0.0003989600377840574,34.19266223907471,1.4906254410743713,8.272499999999999e-05
2692,608.0016865752241,1,-0.003104932390755266,78.59158515930176,1.4905166029930115,8.269999999999999e-05
2693,553.8845429386749,1,-0.0033501749858260155,255.91351318359375,1.4904260337352753,8.267499999999999e-05
2694,562.585653374334,1,-0.0002524424344301224,529.4776916503906,1.4903676807880402,8.264999999999999e-05
2695,607.1692302741625,1,-0.017090240738501628,43.25593566894531,1.4902937710285187,8.262499999999999e-05
2696,538.7383604116059,1,0.0018390661527085683,879.5431365966797,1.4901887774467468,8.259999999999999e-05
2697,590.2947580225947,1,-0.010376382619142532,47.36818790435791,1.4901553094387054,8.257499999999999e-05
2698,399.3461780671356,1,7.67204646408004e-05,3478.2832641601562,1.4902544021606445,8.254999999999999e-05
2699,595.4975852026955,1,-0.0018651052378118038,50.35237216949463,1.4903739094734192,8.2525e-05
2700,606.3671446632691,1,-0.005694250420978264,66.64871120452881,1.4905700385570526,8.25e-05
2701,591.578939206016,1,-0.0034238583117263133,36.19221115112305,1.490761637687683,8.2475e-05
2702,604.8196605546893,1,0.0031465728489612488,92.47855186462402,1.4909966886043549,8.245e-05
2703,603.1719449446531,1,-0.0006152711492308782,62.8960657119751,1.491115152835846,8.2425e-05
2704,586.8279969088908,1,-0.0007952421330656989,51.21518516540527,1.4911035597324371,8.24e-05
2705,591.2384672517696,1,-0.004082722934604988,42.04508876800537,1.4909647405147552,8.2375e-05
2706,607.1868055051401,1,-0.009359098496759088,47.39609909057617,1.490695595741272,8.234999999999998e-05
2707,595.6265374029016,1,-0.008786345516064387,26.05985450744629,1.4904806017875671,8.232499999999998e-05
2708,597.8694538557568,1,-0.00025638087494650463,39.35202217102051,1.490188091993332,8.23e-05
2709,601.2778532199958,1,-0.0035466649985327336,40.659812927246094,1.4898014068603516,8.2275e-05
2710,591.7104959315503,1,-0.0062244574240010175,59.785813331604004,1.4894275069236755,8.225e-05
2711,585.1604116107811,1,-0.0005026290241874065,74.96650695800781,1.4890745282173157,8.222499999999999e-05
2712,600.1398250348639,1,-0.007736025378108025,51.91410446166992,1.488779217004776,8.22e-05
2713,591.6895681632177,1,-0.0027456618563821422,61.86390495300293,1.4885887205600739,8.2175e-05
2714,603.9644968669297,1,-0.009297198254023087,38.574280738830566,1.4883951246738434,8.215e-05
2715,606.360825875002,1,-0.011576663208471949,29.46393632888794,1.4884044528007507,8.212499999999999e-05
2716,595.4211676739986,1,-0.001784104456808322,49.84459209442139,1.4883683919906616,8.209999999999999e-05
2717,588.2003801974327,1,0.001346020395246228,116.59681510925293,1.4883240461349487,8.2075e-05
2718,594.6916448867821,1,-0.018185803413456547,29.95994281768799,1.4882832467556,8.204999999999999e-05
2719,610.3760819433955,1,-0.004274287428284396,44.35851001739502,1.48838672041893,8.202499999999999e-05
2720,584.0017596855437,1,-0.004538984465428442,43.31525421142578,1.4883721470832825,8.199999999999999e-05
2721,594.1666672235856,1,-0.002795485981782253,26.417398929595947,1.4879593551158905,8.197499999999999e-05
2722,581.6388318140155,1,0.0005824704732795283,115.26079368591309,1.4877002835273743,8.195e-05
2723,596.2768919646257,1,-0.003745494888529599,34.778517723083496,1.4875364303588867,8.1925e-05
2724,600.6286042602164,1,0.0015608544927090406,41.850831031799316,1.487259864807129,8.19e-05
2725,589.2517970805073,1,-0.005841182945374612,32.390758991241455,1.4869564175605774,8.1875e-05
2726,603.3823893184021,1,-0.0022754366925390457,52.1941499710083,1.4865897297859192,8.185000000000001e-05
2727,597.0948270018198,1,-0.005644805132495989,22.128475666046143,1.4862833619117737,8.1825e-05
2728,606.9852954458619,1,-0.008799388071268233,56.332130432128906,1.485732614994049,8.18e-05
2729,575.8151510543794,1,-0.001031486626446032,283.42051696777344,1.4852907955646515,8.1775e-05
2730,593.5317250895408,1,-0.0034169544844679933,40.84095859527588,1.4849345088005066,8.174999999999998e-05
2731,527.3172267072518,1,0.0010478237481024166,478.42413330078125,1.4847026467323303,8.172499999999998e-05
2732,601.1058299751329,1,-0.0010037835880346568,33.08340883255005,1.4845875203609467,8.17e-05
2733,601.0217069448704,1,-0.0013162356127782715,25.091275691986084,1.4845339953899384,8.167499999999999e-05
2734,602.8443604099074,1,-0.006826987942784246,40.17995738983154,1.4843117892742157,8.164999999999999e-05
2735,492.68447343581784,1,0.00033963996674302166,1820.3273620605469,1.4840721487998962,8.162499999999999e-05
2736,605.1494541735829,1,-0.0021914673906628934,39.804012298583984,1.483877569437027,8.16e-05
2737,569.4676983917473,1,-0.0025694551567863044,394.9402084350586,1.4836595952510834,8.1575e-05
2738,552.9423319873173,1,0.00047108315651200883,503.54906463623047,1.4834911525249481,8.155e-05
2739,554.1363821814707,1,-0.0013635851598836624,234.20748901367188,1.4833860993385315,8.152499999999999e-05
2740,604.2197683056653,1,-0.006745637822049844,38.97311973571777,1.483323723077774,8.149999999999999e-05
2741,601.866425780101,1,-0.007500489142589828,29.32025671005249,1.4832709431648254,8.1475e-05
2742,530.4694925551369,1,0.009411065869011637,1095.3307189941406,1.4832341074943542,8.144999999999999e-05
2743,561.1972977876643,1,-0.0010079599220680358,471.52928161621094,1.4831983149051666,8.142499999999999e-05
2744,598.282975804851,1,-0.0023045258350542497,44.030415534973145,1.4831910133361816,8.139999999999999e-05
2745,598.0352365353142,1,-0.00496677042358018,42.28939914703369,1.4831950664520264,8.137499999999999e-05
2746,599.3697016958318,1,-0.004887773320405575,40.782127380371094,1.483034610748291,8.135e-05
2747,598.7998129438349,1,-0.004505284620265115,23.23571538925171,1.4828447997570038,8.1325e-05
2748,596.2602089701769,1,-0.008620641697498321,58.809597969055176,1.4823809266090393,8.13e-05
2749,610.2414474722308,1,-0.0003348296850855803,69.13354682922363,1.4819723665714264,8.1275e-05
2750,586.8075480494252,1,-0.0037916000788644766,162.13744735717773,1.481578528881073,8.125000000000001e-05
2751,601.9548481656218,1,-0.004638741700908611,34.24235248565674,1.48121178150177,8.1225e-05
2752,601.6664628298838,1,-0.005619180096568144,62.92780590057373,1.480819970369339,8.12e-05
2753,604.5546235022726,1,-0.002612282036212221,51.372310638427734,1.480539232492447,8.1175e-05
2754,580.9337020262378,1,0.00028844896813362553,218.16693115234375,1.480352371931076,8.114999999999998e-05
2755,596.0735031039139,1,-0.008595596075776868,34.37942409515381,1.4802609086036682,8.112499999999998e-05
2756,586.4378362666776,1,0.005420127759375504,62.467002868652344,1.4801932573318481,8.109999999999999e-05
2757,607.9160382406143,1,-0.0006265515368961139,49.339030265808105,1.4800576865673065,8.107499999999999e-05
2758,602.6830388652108,1,-0.004970126068464253,34.47832489013672,1.479753017425537,8.104999999999999e-05
2759,601.1110329964192,1,-0.006112858240323593,34.89756488800049,1.479217767715454,8.102499999999999e-05
2760,583.712911699901,1,0.000780517775422318,99.03042411804199,1.4788506627082825,8.1e-05
2761,592.4925607996411,1,-0.003419345828849174,44.624576568603516,1.4786212742328644,8.0975e-05
2762,512.2425701159176,1,-0.001486089835608606,811.6307830810547,1.4784956872463226,8.095e-05
2763,580.2942045796008,1,-0.004352813621871121,171.4691619873047,1.4783841669559479,8.092499999999999e-05
2764,602.1788679387419,1,-0.007526459866775248,39.106462478637695,1.478219985961914,8.089999999999999e-05
2765,571.5069387447522,1,0.002139149063022039,169.65261840820312,1.4780859649181366,8.0875e-05
2766,596.5135804543163,1,-0.004968433046055765,15.918507814407349,1.4779614210128784,8.084999999999999e-05
2767,592.9126711440144,1,-0.0009121428337408588,31.655012130737305,1.4776051938533783,8.082499999999999e-05
2768,590.0845906180293,1,-0.00882315332250272,72.85846519470215,1.4772488474845886,8.079999999999999e-05
2769,469.03484160968253,1,-0.0012052987402828563,1733.9518127441406,1.4769338369369507,8.077499999999998e-05
2770,582.9000483634842,1,-0.0017880920364907738,87.20398902893066,1.4766961634159088,8.075e-05
2771,607.8828494746831,1,-0.0063154225628636596,67.72467994689941,1.4764468669891357,8.0725e-05
2772,599.5354028435836,1,-0.012383026360909932,17.624939441680908,1.4762709438800812,8.07e-05
2773,611.4404346056584,1,-0.009137869529824982,61.240671157836914,1.4762193858623505,8.0675e-05
2774,572.3630269358677,1,-0.007973373337235135,99.4917163848877,1.4761018455028534,8.065000000000001e-05
2775,606.7979598745787,1,-0.0005733944875565555,45.380085945129395,1.4760269820690155,8.0625e-05
2776,595.0451349921955,1,-0.006727117401632121,40.7246789932251,1.475921481847763,8.06e-05
2777,594.1552213124887,1,0.0006747596231884145,62.271379470825195,1.4757296741008759,8.0575e-05
2778,591.957589561877,1,-0.0014971511360881706,46.56888484954834,1.475582629442215,8.054999999999998e-05
2779,587.5145469369224,1,-0.0018910380092549417,73.47683334350586,1.4752934277057648,8.052499999999998e-05
2780,599.6538091991897,1,-0.007723931989890076,24.424405097961426,1.474921554327011,8.049999999999999e-05
2781,530.5350324389811,1,-0.0058109525371421444,874.5170745849609,1.4743781089782715,8.047499999999999e-05
2782,593.7348151245585,1,-0.009462476040546619,19.146118640899658,1.4739797115325928,8.044999999999999e-05
2783,511.36956736756366,1,-0.00014146227976397086,1168.770263671875,1.4737360179424286,8.042499999999999e-05
2784,604.1517537829361,1,-0.014327999437227845,32.90712785720825,1.4735764265060425,8.04e-05
2785,597.5961604401175,1,-0.00498111111932964,19.276762008666992,1.4733836948871613,8.0375e-05
2786,598.5834602377238,1,-0.007016526850855964,17.66944122314453,1.4728384017944336,8.035e-05
2787,603.240029933625,1,0.00241136500762984,19.799110889434814,1.4720040559768677,8.032499999999999e-05
2788,605.2300670389336,1,-0.0038578051516147127,25.431156635284424,1.4712676107883453,8.029999999999999e-05
2789,586.4382678049716,1,-0.0047160606559677465,19.259435653686523,1.4704146087169647,8.0275e-05
2790,592.3498187076993,1,-0.002178518392611295,20.704472064971924,1.4690972864627838,8.024999999999999e-05
2791,575.4358078122509,1,-0.00460087239930651,124.2965202331543,1.4680002927780151,8.022499999999998e-05
2792,590.0219076577328,1,-0.012878154388122454,27.728671073913574,1.467312604188919,8.019999999999998e-05
2793,592.00148427,1,-0.004708741791546345,93.72916984558105,1.466854751110077,8.017499999999998e-05
2794,603.3126797555036,1,-0.005651009252428452,18.69350528717041,1.4664348363876343,8.015e-05
2795,551.2053462439006,1,-0.0020888861140182513,732.3984222412109,1.4661065936088562,8.0125e-05
2796,608.3434520410245,1,-0.014171949741516698,62.179932594299316,1.4659073650836945,8.01e-05
2797,566.0135374955058,1,-0.0019150620004824148,184.8031997680664,1.4658001065254211,8.0075e-05
2798,601.017112452277,1,-0.010414963104075525,28.761924266815186,1.4656643867492676,8.005000000000001e-05
2799,569.7362034964214,1,-0.0005679420929354251,121.76169967651367,1.4654616713523865,8.0025e-05
2800,604.8779431958989,1,-0.005301593852907516,40.325819969177246,1.4652698934078217,7.999999999999999e-05
2801,597.1937239482809,1,0.0004812155857507605,57.7741117477417,1.4650480151176453,7.997499999999999e-05
2802,578.462180810305,1,-0.001903592454819858,74.74153518676758,1.464665561914444,7.994999999999998e-05
2803,602.3693704974108,1,-3.2687631270178485e-05,36.68348789215088,1.4643747508525848,7.992499999999998e-05
2804,566.2754205297316,1,-0.003010701053639764,246.28531646728516,1.4642245471477509,7.989999999999999e-05
2805,588.5756353973443,1,-0.004131076546370238,76.01873779296875,1.4640757143497467,7.987499999999999e-05
2806,602.9491070318552,1,-0.005343048309441656,39.03294658660889,1.463847428560257,7.984999999999999e-05
2807,554.1707435589506,1,-0.0005413468170445412,229.1647186279297,1.4636536836624146,7.982499999999999e-05
2808,587.7431045098183,1,-0.00997262265938792,37.4553861618042,1.4634318053722382,7.98e-05
2809,602.4525446165495,1,-0.0006706871378066026,33.48577117919922,1.463113009929657,7.9775e-05
2810,595.7340115057187,1,-0.0042861115982901765,15.897856712341309,1.4627312421798706,7.975e-05
2811,604.4281719377226,1,-0.0015515738858336015,21.397257804870605,1.462184488773346,7.972499999999999e-05
2812,586.993110262123,1,-0.0032651802466716617,26.236811637878418,1.4616926908493042,7.969999999999999e-05
2813,588.7363299117435,1,-0.005281412104640282,24.510191440582275,1.4613963663578033,7.9675e-05
2814,586.280728469038,1,-0.003906951823216431,92.34182167053223,1.4610311388969421,7.965e-05
2815,562.5340197538226,1,-1.629571297812049e-05,126.4544906616211,1.4607144594192505,7.962499999999998e-05
2816,455.5374244641685,1,0.0003228536661481485,2502.1700439453125,1.4604975283145905,7.959999999999998e-05
2817,601.4623929880997,1,-0.0031873689490726775,36.006062507629395,1.4603677988052368,7.957499999999998e-05
2818,600.3660452320813,1,-0.0031746861641295254,54.21582794189453,1.4602714776992798,7.955e-05
2819,604.0959167408785,1,-0.004084074911329338,86.4776496887207,1.460112452507019,7.9525e-05
2820,472.9290843397323,1,-0.002684581535694619,1989.0447998046875,1.4599047005176544,7.95e-05
2821,556.4117864626718,1,-0.0034275746772629567,451.70215606689453,1.4597368240356445,7.9475e-05
2822,593.4777803307605,1,-0.009937695181760686,12.120790004730225,1.4594490826129913,7.945e-05
2823,548.072976763266,1,-0.00889579655931283,372.5663757324219,1.4589826464653015,7.9425e-05
2824,599.8086848500527,1,0.0010764799025592131,26.629839420318604,1.4585810601711273,7.939999999999999e-05
2825,466.6798472059809,1,-0.0035281675944800472,2096.4186401367188,1.4582170248031616,7.937499999999999e-05
2826,581.4583388619408,1,-0.0015128646045923233,115.22858428955078,1.4579543471336365,7.934999999999999e-05
2827,601.8250995066605,1,-0.0019729619838841916,24.07662343978882,1.4577334523200989,7.932499999999998e-05
2828,599.8222495093042,1,-0.0011186404127272453,73.26121711730957,1.4575647115707397,7.929999999999999e-05
2829,600.921770501247,1,-0.0016288485589690538,41.83763122558594,1.457423746585846,7.927499999999999e-05
2830,600.8823947765295,1,-0.0028417921020533754,32.22189235687256,1.4572419822216034,7.924999999999999e-05
2831,593.2696593559122,1,-0.004782522097229958,36.14557933807373,1.4569312036037445,7.922499999999999e-05
2832,602.6653102869743,1,-0.013996421027409056,38.47281742095947,1.4566735625267029,7.92e-05
2833,605.1759609185463,1,0.00016445818221022535,70.92973709106445,1.456435889005661,7.9175e-05
2834,601.020204057305,1,-9.514366128371421e-05,44.15579032897949,1.4562945663928986,7.915e-05
2835,587.3715730037479,1,-0.003927763140679552,30.114931106567383,1.4560987949371338,7.9125e-05
2836,576.9688549862781,1,-0.0031387266588414064,93.17229843139648,1.4558066427707672,7.909999999999998e-05
2837,601.7824386297417,1,-0.011026241473461429,22.173348903656006,1.4555695354938507,7.9075e-05
2838,602.2571502429723,1,-0.009886183060293874,7.273878216743469,1.4553079307079315,7.905e-05
2839,593.7865365393103,1,-0.0019530095160007477,121.33654594421387,1.4544891715049744,7.902499999999998e-05
2840,600.9333688340639,1,-0.0012208504620438987,46.02674388885498,1.4537447094917297,7.899999999999998e-05
2841,600.6236332486599,1,-0.012163504900966293,24.683098316192627,1.4531552195549011,7.897499999999998e-05
2842,581.9213810888641,1,-0.0017868583836069263,61.08418941497803,1.4527519345283508,7.895e-05
2843,581.1683143613581,1,-0.002239132996603388,55.90343189239502,1.4524504840373993,7.8925e-05
2844,600.200631059582,1,-0.011690697664844762,13.415489912033081,1.4522295594215393,7.89e-05
2845,599.4505136207277,1,-0.0039811618023617434,44.7971248626709,1.4519963562488556,7.887499999999999e-05
2846,606.7553139518338,1,-0.002345065287061132,29.631213188171387,1.4518084228038788,7.885e-05
2847,598.6006196105977,1,-0.0025582282430285375,116.58006286621094,1.4515272378921509,7.8825e-05
2848,604.9823061713241,1,-0.004844511555145203,42.925482749938965,1.4512487649917603,7.879999999999999e-05
2849,609.5524524416048,1,-0.006233265748825545,62.58725166320801,1.4510514736175537,7.877499999999999e-05
2850,604.8150917187519,1,-0.0015732094618456927,32.398513317108154,1.4508499503135681,7.874999999999999e-05
2851,594.5126216363083,1,-0.00549846129225795,62.30715084075928,1.4506990015506744,7.872499999999999e-05
2852,605.3044621174847,1,-0.003192877129715388,40.853702545166016,1.450831413269043,7.869999999999999e-05
2853,595.2307248703108,1,0.0011856094389521843,74.75865173339844,1.4508825242519379,7.867499999999999e-05
2854,609.2202618620029,1,-0.011497040891468302,42.7817497253418,1.4508642852306366,7.864999999999999e-05
2855,608.3573221924654,1,-0.0025942132471956647,37.85698890686035,1.4509460031986237,7.8625e-05
2856,607.1683135408286,1,-0.009645767915235082,42.43702220916748,1.4512657225131989,7.86e-05
2857,516.6952408627988,1,0.003269013456660197,931.8709106445312,1.4517784714698792,7.8575e-05
2858,575.4730348032683,1,2.773634740549369e-05,258.8258171081543,1.4521853625774384,7.855e-05
2859,569.4802858064753,1,-0.005974662809392406,180.97465896606445,1.4524722397327423,7.852500000000001e-05
2860,602.6979787155094,1,-0.012609857666705526,29.02444553375244,1.452645719051361,7.85e-05
2861,598.73995136697,1,-0.0044870837674757524,44.73154258728027,1.4527026116847992,7.8475e-05
2862,595.0620916426216,1,-0.015298724934262653,47.056443214416504,1.4526937007904053,7.845e-05
2863,606.4509699080323,1,-0.006167195069052056,34.04122352600098,1.4527768194675446,7.842499999999998e-05
2864,580.8200725517848,1,-0.0009523907516770791,63.181772232055664,1.4530293941497803,7.839999999999998e-05
2865,573.4808395780863,1,-0.0008960305796975598,140.06168746948242,1.4532718658447266,7.8375e-05
2866,605.1693102176367,1,-0.005841833593203116,48.65541172027588,1.4534094631671906,7.835e-05
2867,608.9111202524647,1,0.0029471528922346835,51.084028244018555,1.453451544046402,7.832499999999999e-05
2868,592.9616799134452,1,-0.0023789395749069797,122.6396541595459,1.4534367322921753,7.829999999999999e-05
2869,590.843287969545,1,-0.011282400223998401,29.960675716400146,1.4533690214157104,7.8275e-05
2870,584.3281098666164,1,0.002300276253897948,179.83246994018555,1.4533180892467499,7.825e-05
2871,592.0688482967016,1,-0.0006631200760076617,70.13734436035156,1.4532509446144104,7.8225e-05
2872,594.714507890381,1,-0.0016561546129603144,19.624948501586914,1.453017383813858,7.819999999999999e-05
2873,604.0412995525592,1,-0.007214341728415619,23.877793788909912,1.4525963068008423,7.817499999999999e-05
2874,611.222503673803,1,-0.0009510949625681775,56.486623764038086,1.4523256123065948,7.815e-05
2875,603.6705367323303,1,-0.0023202410606986135,22.889543056488037,1.4521729946136475,7.812499999999999e-05
2876,603.3898933218959,1,-0.013798877498198081,35.5681734085083,1.4521338939666748,7.809999999999999e-05
2877,562.7702302320732,1,-0.001445776669160459,431.34080505371094,1.4519456028938293,7.807499999999999e-05
2878,290.35032982024063,1,-0.0035011179388284575,6067.88330078125,1.4518175423145294,7.804999999999999e-05
2879,583.8389626315313,1,-0.002623006452854071,174.2878189086914,1.451740950345993,7.8025e-05
2880,595.280206214583,1,-0.007177068550638044,48.09061622619629,1.4516160190105438,7.8e-05
2881,606.0670395874305,1,-0.0067563972776190084,49.95395565032959,1.4512819647789001,7.7975e-05
2882,591.5727990880147,1,-0.0036664045845355986,25.860053062438965,1.4509723484516144,7.795e-05
2883,594.981965441953,1,-0.0020836634413257116,18.29591131210327,1.4507646560668945,7.792500000000001e-05
2884,608.3617499059519,1,-0.0017022592682280901,32.127766132354736,1.4506789445877075,7.79e-05
2885,586.2711759859108,1,0.002098867429108253,80.95388793945312,1.4504946768283844,7.7875e-05
2886,605.3237133054556,1,-0.005874861182679325,47.16420936584473,1.4503319263458252,7.785e-05
2887,573.1755217824102,1,-0.0027092621941502415,178.46663665771484,1.4501989781856537,7.782499999999998e-05
2888,555.9743031138432,1,-0.0011748501992909777,544.3738250732422,1.4500934779644012,7.779999999999998e-05
2889,610.4792682514743,1,-0.001869970492553108,99.82126998901367,1.4500545859336853,7.777499999999999e-05
2890,598.9613093762034,1,-0.0024792704581546587,49.91763687133789,1.450064331293106,7.774999999999999e-05
2891,605.2112382532844,1,-0.004377424512183037,35.44993877410889,1.4500121474266052,7.772499999999999e-05
2892,588.5640401262242,1,-0.004211644606072151,82.99983024597168,1.4498951137065887,7.769999999999999e-05
2893,504.290765938223,1,0.0020288230471567914,1340.783203125,1.4498070180416107,7.7675e-05
2894,595.7333005838642,1,0.0008525429169552456,48.351717948913574,1.4497904181480408,7.765e-05
2895,601.5210414445492,1,-0.003744906041539764,32.0235595703125,1.449896514415741,7.7625e-05
2896,602.9349114022373,1,-0.002079870924784899,30.216193199157715,1.4498041272163391,7.759999999999999e-05
2897,592.4711922326229,1,-0.0020401582459861345,46.832374572753906,1.4495606124401093,7.757499999999999e-05
2898,608.8887296031367,1,-0.0062604270730481915,50.66551971435547,1.4492602050304413,7.755e-05
2899,586.9690283504234,1,-0.0024286629632115364,103.61147117614746,1.448860913515091,7.752499999999999e-05
2900,581.8419619082915,1,-0.0018747548960769134,82.8827075958252,1.4485837817192078,7.749999999999999e-05
2901,596.7608992828042,1,-0.01652554963029118,14.807340383529663,1.4484039843082428,7.747499999999999e-05
2902,583.8374155073948,1,-0.007981375840751426,135.213623046875,1.4482656121253967,7.744999999999999e-05
2903,591.334003844225,1,-0.0013333758958780084,26.962210655212402,1.4481452107429504,7.7425e-05
2904,602.5094059465087,1,-0.001850308923707189,29.017874717712402,1.4480152428150177,7.74e-05
2905,593.664403024971,1,-0.0021445781799385166,36.20071983337402,1.4479360580444336,7.7375e-05
2906,515.8313622176456,1,0.0008957624354826166,488.2963562011719,1.4479137063026428,7.735e-05
2907,597.5119086920552,1,-0.005977959435416791,27.636722087860107,1.4477355480194092,7.732500000000001e-05
2908,599.6489445260667,1,0.005992190718340229,91.57887077331543,1.4468690156936646,7.73e-05
2909,591.3604572287677,1,-0.00905166007578373,51.169684410095215,1.446072369813919,7.7275e-05
2910,597.355038877848,1,-0.0007014606401298806,102.45756530761719,1.4454887211322784,7.725e-05
2911,541.4400356608725,1,-0.0015080603153556638,552.4825897216797,1.4450490772724152,7.722499999999998e-05
2912,590.8860043015056,1,-0.005276368168214418,18.655559062957764,1.4447502791881561,7.719999999999998e-05
2913,601.1460916816726,1,0.00043193675559916045,27.306296825408936,1.4444840848445892,7.717499999999999e-05
2914,600.7548139065453,1,-0.006986372911053418,44.72482204437256,1.4440779089927673,7.714999999999999e-05
2915,593.6053556493555,1,-0.00702356093900347,22.41831350326538,1.4437958598136902,7.712499999999999e-05
2916,604.3707942986965,1,0.00022655833242524182,39.07995319366455,1.4438181221485138,7.709999999999999e-05
2917,594.3189516551006,1,-0.006981084162059226,30.502782821655273,1.4437586069107056,7.7075e-05
2918,452.07392579860436,1,0.0001116637712570423,2063.396484375,1.443502813577652,7.705e-05
2919,592.3131019507607,1,-0.00449393041118773,23.73049020767212,1.4432355761528015,7.7025e-05
2920,603.8644295286191,1,-0.0054324634870601685,42.7889461517334,1.4427889585494995,7.699999999999999e-05
2921,599.4540902464992,1,-0.010730963990428055,18.929762363433838,1.4423799514770508,7.697499999999999e-05
2922,608.3224039152266,1,0.0032769375335739426,58.20761585235596,1.441883385181427,7.695e-05
2923,599.5864369289807,1,-0.007250169459808831,19.12824773788452,1.4413754045963287,7.692499999999999e-05
2924,600.9764417376017,1,-0.002987613815264467,69.59701156616211,1.4407143294811249,7.689999999999999e-05
2925,604.5973936133892,1,-0.0028660507825275516,41.108330726623535,1.4401793777942657,7.687499999999998e-05
2926,600.8173586626325,1,-0.00042325149087529823,30.61964988708496,1.4396616518497467,7.684999999999998e-05
2927,586.6794326865681,1,-0.0015843177250776108,35.03752136230469,1.4389790892601013,7.6825e-05
2928,602.1599092312741,1,-0.0012835980585230722,16.49089550971985,1.4383123815059662,7.68e-05
2929,603.7465218273812,1,-0.009539726356576406,13.2020103931427,1.437568724155426,7.6775e-05
2930,572.273456562396,1,0.002415865792885441,324.84529876708984,1.4370830953121185,7.675e-05
2931,608.3217388596147,1,-0.0012701949918911826,40.45449447631836,1.436707317829132,7.672500000000001e-05
2932,601.8562574119719,1,-0.002895082260523374,35.82933807373047,1.4362257421016693,7.67e-05
2933,602.6785390732327,1,-0.006162181541069733,36.18089485168457,1.4357278048992157,7.6675e-05
2934,610.3028410159227,1,0.0022161738048662727,54.48685264587402,1.4351808428764343,7.664999999999999e-05
2935,605.0443322391366,1,-0.008344481919745128,29.46076202392578,1.4347118437290192,7.662499999999998e-05
2936,527.1770129738065,1,-0.001001266054767136,1163.1949768066406,1.434127300977707,7.659999999999998e-05
2937,598.9759321270963,1,-0.00026616667230627833,46.70362949371338,1.433685839176178,7.657499999999999e-05
2938,600.6097499961932,1,-0.0052478975807648265,25.757818698883057,1.4333711862564087,7.654999999999999e-05
2939,578.0469011677908,1,0.004160114846724738,82.06584930419922,1.4327975511550903,7.652499999999999e-05
2940,603.4925887120862,1,-0.0035206586804363837,23.77658700942993,1.4323132932186127,7.649999999999999e-05
2941,610.1068367679538,1,-0.004784070162308751,40.06874942779541,1.4317907392978668,7.6475e-05
2942,600.3953271063364,1,-0.006837890027302507,29.941571712493896,1.431351214647293,7.645e-05
2943,538.4723773440071,1,0.0006316141785429608,546.3204956054688,1.4307447671890259,7.6425e-05
2944,604.0558296641564,1,-0.002747583227963979,18.362720489501953,1.4302537441253662,7.64e-05
2945,604.1944603574881,1,-0.015547503107066873,23.553229331970215,1.4297650158405304,7.637499999999999e-05
2946,593.4819171996343,1,-0.005179710413232952,21.119141101837158,1.4291332364082336,7.635e-05
2947,604.6716905584569,1,-0.007279805080354862,15.490373611450195,1.4279129207134247,7.6325e-05
2948,586.910364982289,1,-0.0005871438407947238,114.60052108764648,1.426862120628357,7.629999999999998e-05
2949,591.1928028018721,1,-0.010052729607165745,35.169617652893066,1.4262018203735352,7.627499999999998e-05
2950,576.7402616124186,1,-0.0015469492296693588,155.031494140625,1.4257021248340607,7.624999999999998e-05
2951,579.4499193071755,1,-0.008464516556561996,127.22379493713379,1.4253323078155518,7.6225e-05
2952,603.9694613517979,1,-0.0003896866720165537,47.22183132171631,1.425086259841919,7.62e-05
2953,572.2996634859884,1,-0.004503415620350282,198.67800521850586,1.4249308109283447,7.6175e-05
2954,611.9830170823406,1,-0.0008612018205411687,90.09626197814941,1.4248082637786865,7.615e-05
2955,599.9317553936669,1,-0.003867076651658863,19.41489839553833,1.4246785938739777,7.612500000000001e-05
2956,589.5492885929726,1,-0.0037224395742541105,38.50040531158447,1.424378752708435,7.61e-05
2957,566.1472791276905,1,0.00135741115833099,252.37076568603516,1.4240786135196686,7.607499999999999e-05
2958,477.68770782157014,1,0.0008313447238421645,1932.4142150878906,1.4238953292369843,7.604999999999999e-05
2959,604.2063674224818,1,-0.0008706450466968718,40.805166244506836,1.4237726926803589,7.602499999999999e-05
2960,592.7080662520941,1,-0.008426250369907962,30.392683029174805,1.4236400723457336,7.599999999999998e-05
2961,605.4475719072157,1,-0.0008396095042275675,20.90371084213257,1.423545390367508,7.597499999999999e-05
2962,588.5170784006644,1,-0.001997521063905161,61.85493183135986,1.4234085083007812,7.594999999999999e-05
2963,572.9113795865966,1,-0.004832742562529191,174.3814582824707,1.423279345035553,7.592499999999999e-05
2964,607.4275658046482,1,-0.0023827000363132456,65.74659729003906,1.4231555759906769,7.589999999999999e-05
2965,598.8844215425802,1,-0.0021658362820744514,204.04313278198242,1.4229984283447266,7.5875e-05
2966,586.9327531397638,1,-0.004085056836937717,33.458977699279785,1.422809898853302,7.585e-05
2967,603.4125062718044,1,0.0015462890691455566,23.496921062469482,1.4227069914340973,7.5825e-05
2968,598.8271607292974,1,-0.003857479522340501,197.27378845214844,1.4226162731647491,7.58e-05
2969,608.3689967845723,1,0.0010547090417016847,29.973571300506592,1.4225496053695679,7.577499999999999e-05
2970,595.2059870983048,1,-0.006502751170451404,420.90380096435547,1.4224507510662079,7.575e-05
2971,605.4944487899767,1,-0.0014158723081396651,25.486639499664307,1.4223203361034393,7.5725e-05
2972,604.7387417714745,1,-0.0006920652914622072,36.315717697143555,1.4220700860023499,7.569999999999998e-05
2973,601.3916856084202,1,-0.00591563303378706,52.85673713684082,1.4216734170913696,7.567499999999998e-05
2974,599.6897112741166,1,-0.001643295690882951,47.56056785583496,1.421327382326126,7.564999999999998e-05
2975,598.7035682869916,1,-0.007398472259019684,31.055057048797607,1.4210220575332642,7.5625e-05
2976,523.6844309392143,1,-0.0005576934747617557,1028.4794311523438,1.4207585752010345,7.56e-05
2977,602.8906251639452,1,-0.003603127749333801,45.193931579589844,1.4205641746520996,7.5575e-05
2978,608.3484169149298,1,-0.0003559610820627057,31.7227725982666,1.4203845262527466,7.555e-05
2979,598.3544673862629,1,-0.015295842004810822,15.678677320480347,1.420300155878067,7.5525e-05
2980,602.9071185629556,1,-0.002758455119529213,33.56632900238037,1.420477956533432,7.55e-05
2981,605.9451213071002,1,0.0006512769048745426,44.276700019836426,1.4203581809997559,7.547499999999999e-05
2982,585.2114172331144,1,-0.007550607176924018,78.1601390838623,1.4201383590698242,7.544999999999999e-05
2983,599.9197389073396,1,-0.010930630161933408,16.85833168029785,1.4200710356235504,7.542499999999999e-05
2984,574.6939854621435,1,-0.006243393141694753,125.10359764099121,1.4200928509235382,7.539999999999998e-05
2985,598.3017863722392,1,0.002490260499802499,32.4523811340332,1.4201390743255615,7.537499999999999e-05
2986,607.1315737571737,1,-0.0008880046126158447,67.62864875793457,1.4200719892978668,7.534999999999999e-05
2987,603.5961944374478,1,-0.005407396583308355,15.860296964645386,1.4199853837490082,7.532499999999999e-05
2988,593.8104590627044,1,-0.0028803483583033085,82.7321834564209,1.4200061559677124,7.529999999999999e-05
2989,593.9995815715544,1,-0.007612839925031256,229.38815307617188,1.4200193285942078,7.5275e-05
2990,598.5488084940628,1,-0.01017873415097209,7.822374939918518,1.4197767078876495,7.525e-05
2991,599.3089990302781,1,-0.00014207726781023666,25.42735719680786,1.41886767745018,7.5225e-05
2992,608.5769914381738,1,-0.006472319052065245,20.888976573944092,1.418058156967163,7.52e-05
2993,597.794649792389,1,-0.012288102913381893,9.928927421569824,1.4174780547618866,7.517499999999998e-05
2994,604.9818071561035,1,-0.003747132829423183,14.692634105682373,1.4171247482299805,7.515e-05
2995,598.447773328837,1,-0.00570545017326296,16.815813064575195,1.4167247712612152,7.5125e-05
2996,600.3772292803197,1,-0.010768235677147686,24.816854000091553,1.4164530634880066,7.509999999999998e-05
2997,608.0507224996343,1,-0.009042610558257724,35.63946723937988,1.416272610425949,7.507499999999998e-05
2998,592.8252018983154,1,-0.007082222877459188,30.57698345184326,1.4162025451660156,7.505e-05
2999,598.5601282733362,1,-0.013157643501957361,15.796008825302124,1.416274756193161,7.5025e-05
3000,588.5472840095863,1,-0.001828837608974121,56.20888805389404,1.4163227379322052,7.5e-05
3001,592.0654794590143,1,-0.008109313862708856,37.59208965301514,1.4163457453250885,7.497499999999999e-05
3002,599.9087042700301,1,0.003796289043120016,32.688100814819336,1.416192889213562,7.494999999999999e-05
3003,608.5890889026282,1,0.00031147760111593925,46.68105888366699,1.4160231351852417,7.4925e-05
3004,584.3159031571736,1,-0.007836956965056707,90.29652214050293,1.4158239364624023,7.489999999999999e-05
3005,591.4914478810069,1,-0.0036647490536174665,28.08754873275757,1.4155663549900055,7.487499999999999e-05
3006,594.8147748914861,1,-0.0027631202619726736,31.823631286621094,1.4152697324752808,7.484999999999999e-05
3007,573.4169247747033,1,0.000344250351190567,197.6507911682129,1.415136843919754,7.4825e-05
3008,593.1304354186403,1,-0.007831782343177274,13.267279386520386,1.4150174856185913,7.48e-05
3009,597.7658086143887,1,-0.00486119597713186,20.92348337173462,1.4147136211395264,7.4775e-05
3010,597.4231206663964,1,-0.005530149895460745,13.926461458206177,1.4141788184642792,7.474999999999999e-05
3011,590.8760686890334,1,-0.0018930087140436314,54.893388748168945,1.4133106172084808,7.472499999999999e-05
3012,598.2673486792714,1,-0.004566671326756477,26.558533191680908,1.412441223859787,7.47e-05
3013,602.0623777219363,1,-0.0027846860731584044,29.80672025680542,1.4115367233753204,7.4675e-05
3014,584.0810162698749,1,0.0007898863005433299,106.28527641296387,1.410776525735855,7.465e-05
3015,600.7759942377028,1,-0.002010183735235316,16.166394472122192,1.4102452993392944,7.4625e-05
3016,605.6262160599738,1,3.0011478421521076e-05,28.939576625823975,1.4098906815052032,7.459999999999998e-05
3017,594.7070574159369,1,-0.00390476353053959,28.023829460144043,1.4095521569252014,7.4575e-05
3018,605.2259367900315,1,-0.003504701600071769,21.99231767654419,1.408944547176361,7.455e-05
3019,569.0483940540765,1,0.0011101244017481804,292.58233642578125,1.4084263741970062,7.4525e-05
3020,590.951544245974,1,-0.010262159232590662,67.58525276184082,1.4080930948257446,7.45e-05
3021,587.5263725166534,1,0.0026358789281593076,68.49074172973633,1.4079504311084747,7.447500000000001e-05
3022,584.6130246649642,1,-0.006233371202606364,147.7078971862793,1.4078354239463806,7.445e-05
3023,599.7864177467495,1,-0.013544461943143737,8.89868974685669,1.4077127277851105,7.442499999999999e-05
3024,606.553232839095,1,0.0020756526373908457,24.41775941848755,1.407446801662445,7.439999999999999e-05
3025,603.2496106999215,1,-0.003755312497113472,27.245217323303223,1.4071480929851532,7.437499999999999e-05
3026,601.3122794435908,1,-0.009539635597590745,17.85733461380005,1.4068068265914917,7.435e-05
3027,547.4795347507452,1,-0.003675892518554491,359.67864990234375,1.406557410955429,7.4325e-05
3028,598.0835885248105,1,-0.004453144668051134,21.39227867126465,1.4063487946987152,7.429999999999999e-05
3029,474.4235213253136,1,7.195874118259837e-05,2032.1052856445312,1.4059876799583435,7.427499999999999e-05
3030,594.4476673819762,1,-0.010043120161364216,24.08787727355957,1.4056690037250519,7.424999999999999e-05
3031,585.8415747606442,1,-0.003442601551987945,22.53527545928955,1.4052474200725555,7.4225e-05
3032,596.0025346529783,1,-0.006179485461887069,21.035993576049805,1.404701977968216,7.42e-05
3033,603.8731123489089,1,-0.0066893322604961725,21.96534252166748,1.4041568636894226,7.4175e-05
3034,600.669511210009,1,-0.010593819113349667,17.903955459594727,1.4035894870758057,7.414999999999999e-05
3035,600.3111377624216,1,-0.004253160959446944,25.619243144989014,1.4029887914657593,7.412499999999999e-05
3036,593.8773002103711,1,-0.0021576842316375355,25.41590118408203,1.4020974040031433,7.41e-05
3037,479.55210159464684,1,0.0015824598225133713,1344.5395812988281,1.4013087749481201,7.4075e-05
3038,596.0976534084256,1,-0.008839862637928242,28.721752643585205,1.4007455110549927,7.405e-05
3039,511.0237041523992,1,-0.0002538408936310077,997.4732971191406,1.4002414345741272,7.4025e-05
3040,585.7204920702125,1,-0.004548585963096485,113.91008758544922,1.3998920023441315,7.399999999999998e-05
3041,593.8144045950266,1,-0.004477913495374075,17.803758144378662,1.3996064364910126,7.3975e-05
3042,589.684270494553,1,-0.0050525666584313456,127.17804336547852,1.399234026670456,7.395e-05
3043,553.6809413505785,1,-0.0015276712316971697,362.2222366333008,1.3988978862762451,7.3925e-05
3044,598.7099450493406,1,-0.015277594954160811,25.3759446144104,1.3986231684684753,7.39e-05
3045,577.4127431390018,1,-0.005326636725289546,96.13411331176758,1.3983655869960785,7.3875e-05
3046,592.5965253692725,1,0.0006709046551565123,32.04615545272827,1.398159682750702,7.384999999999999e-05
3047,588.6024704699845,1,-0.00479331237672298,41.3793306350708,1.3978976011276245,7.382499999999999e-05
3048,600.8958708617292,1,-0.00807610881747678,19.83269214630127,1.3974815011024475,7.379999999999999e-05
3049,600.0433214710092,1,0.00034815018284861665,27.601055145263672,1.3970465064048767,7.377499999999999e-05
3050,581.4943434406297,1,-0.003110206460764431,56.55601978302002,1.396741896867752,7.375e-05
3051,566.5551022636625,1,-0.00037879881694458106,198.6180305480957,1.396540254354477,7.3725e-05
3052,606.0824277911283,1,-0.00205587020199971,58.62766361236572,1.3964112997055054,7.369999999999999e-05
3053,603.2752510562057,1,-0.003309665448227861,52.43968868255615,1.3962819576263428,7.367499999999999e-05
3054,586.4135830524353,1,-0.0027502718315064456,52.4611120223999,1.3961886167526245,7.364999999999999e-05
3055,561.4026097396336,1,-0.0035878959882618133,139.20235443115234,1.3962306380271912,7.3625e-05
3056,594.5065159636981,1,-0.0088512726360932,34.533287048339844,1.3963098227977753,7.36e-05
3057,602.849558857986,1,-0.0034357930477386667,16.72222137451172,1.3962896168231964,7.3575e-05
3058,600.9211897256087,1,-0.01628733733974297,13.388685941696167,1.3961791396141052,7.354999999999999e-05
3059,608.1518326288855,1,-0.003046886017436634,64.6970100402832,1.3958666920661926,7.352499999999998e-05
3060,594.7949164855337,1,-0.009015877530991645,26.138217449188232,1.395540326833725,7.35e-05
3061,595.7293846270748,1,-0.003506391110557061,82.36154365539551,1.3950506448745728,7.3475e-05
3062,606.3441955950987,1,-0.00380601904869593,25.944896697998047,1.3946292698383331,7.345e-05
3063,601.7259196913162,1,-0.005747619260695558,23.574397563934326,1.3942010402679443,7.3425e-05
3064,602.3167372908829,1,-0.006809274099719431,47.91150188446045,1.3937395513057709,7.339999999999998e-05
3065,592.7311339215512,1,-0.0003740066008743881,76.46368026733398,1.3932468891143799,7.3375e-05
3066,603.6185553462034,1,-0.002417945535853505,27.785880088806152,1.3927570283412933,7.335e-05
3067,559.9233966052601,1,-0.001033667597177157,435.3747253417969,1.3920381367206573,7.3325e-05
3068,600.7024867579535,1,-0.008981468437827544,27.875813961029053,1.3914186358451843,7.329999999999999e-05
3069,590.7329015827041,1,-0.001250420081598591,31.683555603027344,1.3907437026500702,7.3275e-05
3070,597.6086220761694,1,-0.013195058900926426,15.51975131034851,1.390070915222168,7.324999999999999e-05
3071,572.2108846247186,1,0.004198314727714703,256.7955131530762,1.389504224061966,7.322499999999999e-05
3072,603.0659518612529,1,-0.01294410754926556,42.01509666442871,1.3890694081783295,7.319999999999999e-05
3073,597.7817185373654,1,-0.008213433087803423,15.295444011688232,1.3884007930755615,7.317499999999999e-05
3074,580.3596027143623,1,-0.003923702451622546,111.18769454956055,1.387362539768219,7.315e-05
3075,589.713638723433,1,-0.005076263366861067,41.332298278808594,1.3866033852100372,7.3125e-05
3076,587.5067710501983,1,-0.00816892972591532,18.852604866027832,1.3861297369003296,7.309999999999999e-05
3077,550.4236046596235,1,0.0034564056589246883,590.6521148681641,1.3857325315475464,7.307499999999999e-05
3078,605.6717089310522,1,0.00038395955760472944,41.20469379425049,1.3854416906833649,7.304999999999999e-05
3079,600.9476796343447,1,-0.0006524296936900598,88.92582511901855,1.385206013917923,7.3025e-05
3080,608.5883232138717,1,-0.011428226708787292,31.477875232696533,1.3849868178367615,7.3e-05
3081,602.557370156309,1,-0.004158765783845553,17.751830101013184,1.3848129212856293,7.2975e-05
3082,592.7052277697438,1,-0.006875436084585296,23.989514350891113,1.3845224380493164,7.294999999999998e-05
3083,579.7164091284515,1,-0.00031027539166750273,137.91524124145508,1.3842810988426208,7.292499999999998e-05
3084,606.2810316970699,1,-0.001001724071720389,59.86342906951904,1.384090542793274,7.29e-05
3085,608.8503001331039,1,-0.0011713637152084289,71.51568222045898,1.3839233219623566,7.2875e-05
3086,613.0221977329599,1,-0.0010393311628540403,58.48812294006348,1.3838161826133728,7.285e-05
3087,594.0701265232042,1,-0.004922751771906597,47.43125629425049,1.3837217390537262,7.2825e-05
3088,588.8793500956288,1,-0.0016168386603663265,48.54145812988281,1.3835884928703308,7.279999999999998e-05
3089,584.6622840242105,1,-0.0031533922526918445,110.01879119873047,1.3834929168224335,7.2775e-05
3090,593.3550170117267,1,-0.009143646994960175,136.91093063354492,1.3834205865859985,7.274999999999999e-05
3091,595.5832616840044,1,-0.005769587378745555,9.53919792175293,1.3832971155643463,7.272499999999999e-05
3092,605.6214679993184,1,0.00481166320584947,70.20777320861816,1.3828838765621185,7.269999999999999e-05
3093,595.3532040722614,1,0.0007234486409950502,27.812756061553955,1.3824918866157532,7.2675e-05
3094,606.1493932759533,1,-6.857408464355785e-05,26.0375714302063,1.382181465625763,7.264999999999999e-05
3095,601.2136589794162,1,-0.014057927630778622,8.142977833747864,1.3818388879299164,7.262499999999999e-05
3096,593.8729854381035,1,-0.0011633598031741688,23.352724075317383,1.3812202215194702,7.259999999999999e-05
3097,598.8428873893624,1,-0.0006820985145168379,37.117363929748535,1.3806776702404022,7.257499999999999e-05
3098,596.8666817851816,1,-0.005133376248911858,38.16263675689697,1.3803159892559052,7.255e-05
3099,604.9062604956162,1,0.0030096215778030455,22.569232940673828,1.3800504803657532,7.2525e-05
3100,594.3724100711498,1,-0.0001431289322884055,64.7838020324707,1.3798299431800842,7.249999999999999e-05
3101,582.8071935786265,1,-0.0039216560868888806,127.89794158935547,1.3796241879463196,7.247499999999999e-05
3102,590.3514774564134,1,-0.004406466178853208,36.493292808532715,1.3794906735420227,7.244999999999999e-05
3103,606.3493145190747,1,-0.0008736713192014633,20.33080768585205,1.3792769014835358,7.2425e-05
3104,611.3194967114479,1,-0.006911630585201056,52.08202362060547,1.3789304196834564,7.24e-05
3105,592.5684872296789,1,-0.008111407289590034,40.59187030792236,1.3786576092243195,7.2375e-05
3106,605.8260474011538,1,-0.0019092324306804187,51.21238136291504,1.3783870935440063,7.234999999999998e-05
3107,590.1687699549993,1,-0.00550735127180868,102.90791702270508,1.378160834312439,7.232499999999998e-05
3108,605.3758411982601,1,-0.0028073400940880067,38.76398944854736,1.377925544977188,7.23e-05
3109,605.5812381912617,1,-0.006113717666352159,40.06111240386963,1.377606749534607,7.2275e-05
3110,580.9744726696157,1,-0.014892706238054387,44.294334411621094,1.3773517608642578,7.225e-05
3111,592.5147346773156,1,-0.0018553329486636905,95.2983455657959,1.3770929276943207,7.2225e-05
3112,579.2998748765951,1,-0.0009633444138232861,163.80295944213867,1.3768350183963776,7.219999999999998e-05
3113,599.3698118103349,1,-0.007369624912379358,44.58128070831299,1.3766021430492401,7.217499999999999e-05
3114,605.3763692930994,1,-0.0012751365082728228,43.99046993255615,1.37628972530365,7.214999999999999e-05
3115,584.0152732276906,1,-0.0006985523362170731,62.35188293457031,1.3759843111038208,7.212499999999999e-05
3116,592.2752472547162,1,-0.002242089388585722,29.71430778503418,1.3756815195083618,7.209999999999999e-05
3117,578.5807923208247,1,-0.005093195148096363,164.38272094726562,1.375511884689331,7.2075e-05
3118,602.0108868593401,1,-0.010153937818749625,18.150691986083984,1.3753909170627594,7.204999999999999e-05
3119,602.2393168118858,1,-0.02347738559133017,11.58930516242981,1.3751645684242249,7.202499999999999e-05
3120,609.8284090352912,1,0.009615492869031073,37.37315845489502,1.3749933242797852,7.199999999999999e-05
3121,599.8937178673747,1,-0.0024598246964160353,49.66101551055908,1.374872773885727,7.197499999999999e-05
3122,605.9112901194479,1,0.001058287489683063,33.46403694152832,1.374699056148529,7.195e-05
3123,603.44626260456,1,-0.0044151172041893005,33.63561248779297,1.3745459020137787,7.1925e-05
3124,586.1964092618036,1,0.0007887996307824885,89.11968612670898,1.3742916882038116,7.189999999999999e-05
3125,606.5625764035726,1,-0.0029591592319775373,40.79375457763672,1.3740665912628174,7.187499999999999e-05
3126,602.7195948195562,1,-0.011007944401353331,34.33984184265137,1.3738773465156555,7.184999999999998e-05
3127,600.1699761370962,1,-0.011302043372070636,32.72807502746582,1.3736422955989838,7.1825e-05
3128,601.2717817027539,1,-0.0030342176102968743,48.948790550231934,1.373380571603775,7.18e-05
3129,583.6780557598938,1,6.144701174193301e-05,83.90959167480469,1.3733106851577759,7.1775e-05
3130,592.9195545197513,1,0.0020017335191369057,47.32329845428467,1.3732520043849945,7.175e-05
3131,610.1502932584544,1,-0.008450645516348665,32.19666242599487,1.3731533586978912,7.172499999999998e-05
3132,590.5566125526024,1,-0.005900656015185746,75.75444793701172,1.3729953467845917,7.17e-05
3133,609.2952950347525,1,-0.002501958026021267,31.707901000976562,1.3728461265563965,7.1675e-05
3134,585.640533669053,1,-0.0015884110252315509,67.45537185668945,1.3727053105831146,7.165e-05
3135,605.1261904711492,1,-0.009775180586107268,11.197209596633911,1.3727097511291504,7.162499999999999e-05
3136,611.0340558389678,1,0.0014381695471925582,47.60591983795166,1.372712790966034,7.16e-05
3137,595.1508729143334,1,-0.006298348955786182,58.853623390197754,1.372737318277359,7.157499999999999e-05
3138,611.3612910070059,1,-0.0006496900805001982,70.33281898498535,1.372688502073288,7.154999999999999e-05
3139,605.0253470506991,1,-0.0016090700508879507,17.90533971786499,1.372635543346405,7.152499999999999e-05
3140,605.6917457683304,1,-0.00027058766372967114,31.100447177886963,1.3726731538772583,7.149999999999999e-05
3141,548.2682708798409,1,0.0014738156513143252,479.0304946899414,1.3726649582386017,7.1475e-05
3142,587.3509556033591,1,-0.007371059745888253,26.605336666107178,1.3726746439933777,7.145e-05
3143,609.7140055506597,1,-0.005792023044907779,47.731950759887695,1.3727150857448578,7.142499999999999e-05
3144,563.4250176781363,1,0.002615502844834694,409.8754196166992,1.3726684749126434,7.139999999999999e-05
3145,607.9746647488325,1,-0.005816384675671138,28.072431087493896,1.3726362884044647,7.137499999999999e-05
3146,601.4136644251457,1,-0.0035485105153405527,105.39996147155762,1.3726563453674316,7.135e-05
3147,611.7843748813837,1,-0.0020026688404684023,48.98671817779541,1.3727034628391266,7.1325e-05
3148,612.8561409335268,1,-0.004459957594345809,43.30007266998291,1.3727371990680695,7.13e-05
3149,600.0830901245237,1,-0.01310639875888242,35.59192752838135,1.3727178275585175,7.127499999999998e-05
3150,594.9404528138823,1,-0.0035596313066652563,429.289794921875,1.3729017674922943,7.125e-05
3151,598.1903615487762,1,-0.006621040229219943,37.503000259399414,1.3730294704437256,7.1225e-05
3152,585.328640162964,1,-0.0023228980840848124,617.4727020263672,1.3730963170528412,7.12e-05
3153,599.103567397976,1,-0.0032517057477008393,23.583481788635254,1.373138576745987,7.1175e-05
3154,606.1514294863016,1,-0.005033101828303188,21.533010482788086,1.3732774257659912,7.115e-05
3155,543.3861085277066,1,0.003391087648369151,210.2554473876953,1.373429298400879,7.1125e-05
3156,592.466605773796,1,-0.0009201174648376664,62.268869400024414,1.3735580742359161,7.11e-05
3157,591.9382633049488,1,-6.45353834560769e-05,92.99046897888184,1.373670071363449,7.107499999999999e-05
3158,561.4376235086776,1,-0.0014811256383744364,378.75970458984375,1.3737501204013824,7.104999999999999e-05
3159,604.2680321371206,1,-0.009533441024409228,19.928187370300293,1.373729258775711,7.1025e-05
3160,585.4296099858338,1,-0.002199366229088895,116.3969497680664,1.373502403497696,7.1e-05
3161,605.8733865001589,1,0.003638342979478182,41.6677770614624,1.373283475637436,7.097499999999999e-05
3162,577.8943364029637,1,-0.0006330321434149244,148.70858764648438,1.3730392456054688,7.094999999999999e-05
3163,599.7695479216277,1,-0.005698512274433298,14.435871362686157,1.3728051483631134,7.092499999999999e-05
3164,612.1173998887997,1,-0.0014136343909409987,39.86351776123047,1.372462660074234,7.09e-05
3165,575.1248997962026,1,-0.001294507437537007,250.76307678222656,1.3721460402011871,7.0875e-05
3166,598.8758017483485,1,-0.0008522171772545328,24.795612335205078,1.3719099760055542,7.085e-05
3167,580.5562063096936,1,-0.003376093746514819,75.00421524047852,1.37166428565979,7.082499999999999e-05
3168,567.2398547034838,1,-0.0003957812488861734,377.4164581298828,1.3712869882583618,7.079999999999999e-05
3169,605.556053310162,1,-0.002231954455894858,45.79678535461426,1.371008276939392,7.0775e-05
3170,608.3560562793717,1,-0.004913794922388526,23.358367919921875,1.3708341419696808,7.075e-05
3171,611.8694762197126,1,-0.005149223203599007,35.85216808319092,1.3706674873828888,7.0725e-05
3172,592.4717472519112,1,-0.006842868922589673,72.72834587097168,1.3705807030200958,7.07e-05
3173,578.6498928644122,1,-0.006006710797858528,41.12234592437744,1.3704820573329926,7.067499999999998e-05
3174,599.2602726108404,1,0.0005178277917203822,47.91227340698242,1.3703119456768036,7.065e-05
3175,603.038751705796,1,-0.0034887416501696578,15.968936920166016,1.370181143283844,7.0625e-05
3176,600.17330437364,1,-0.0029569464784704458,53.3050651550293,1.3700364530086517,7.06e-05
3177,606.7919681348018,1,-0.00548138718087543,11.917083978652954,1.3698344230651855,7.0575e-05
3178,553.3036998716548,1,0.0023928500671424047,378.27110290527344,1.3695835173130035,7.055000000000001e-05
3179,606.5189956263996,1,-0.002538681603395432,34.48291015625,1.3693791925907135,7.052499999999999e-05
3180,594.8381202702374,1,0.0007071753633982603,67.37916946411133,1.3691867589950562,7.049999999999999e-05
3181,611.266283164063,1,-0.006797310189103456,27.893754482269287,1.3689913153648376,7.047499999999999e-05
3182,578.0738755448217,1,-0.002414289671772707,208.15553665161133,1.3687738180160522,7.044999999999999e-05
3183,605.4087628951779,1,-0.008349816617556183,43.80292892456055,1.3685899078845978,7.0425e-05
3184,584.4249204006122,1,-0.003406106662084074,155.60498046875,1.3685107231140137,7.04e-05
3185,594.5483514825025,1,0.0005930816192192268,40.38601303100586,1.3684802651405334,7.037499999999999e-05
3186,607.3361730217033,1,-0.004706489462737551,24.284494400024414,1.3684204816818237,7.034999999999999e-05
3187,605.7150199216388,1,-0.008977145446758428,9.990869522094727,1.368210256099701,7.032499999999999e-05
3188,596.9995054713957,1,-0.005433282897213676,12.02436351776123,1.3679249584674835,7.03e-05
3189,605.5843953828262,1,0.0016247440346472963,36.11236763000488,1.3675521910190582,7.0275e-05
3190,606.7545218038928,1,-0.006753132359504144,29.313183307647705,1.3672565817832947,7.025e-05
3191,599.4307466617207,1,-0.002756809716595754,20.391737461090088,1.3669650554656982,7.022499999999999e-05
3192,603.7428906804781,1,-0.004180010420417268,22.021883964538574,1.3662368059158325,7.019999999999999e-05
3193,600.8063327468492,1,-0.00659307607981785,36.77940082550049,1.3652696907520294,7.0175e-05
3194,606.8617219223728,1,-0.004516785501883724,17.888210773468018,1.3643254339694977,7.015e-05
3195,609.3968176035066,1,-0.010717848083004355,49.07726192474365,1.3635892271995544,7.0125e-05
3196,608.1210889483973,1,0.00044653261984706205,21.650441646575928,1.3630062937736511,7.01e-05
3197,597.8540038633305,1,-0.0020604928783418686,264.8119125366211,1.3623817563056946,7.007499999999998e-05
3198,600.9160670825665,1,-0.007388592065711741,27.46545171737671,1.3618854582309723,7.005e-05
3199,605.1533536680276,1,-0.0061102583517573805,21.043871879577637,1.3613863587379456,7.0025e-05
3200,596.8712494480026,1,-0.009932472916380775,78.5854663848877,1.3609432876110077,7e-05
3201,614.7597745231792,1,-0.006738477232778095,33.54226779937744,1.3605458438396454,6.9975e-05
3202,586.2562476807885,1,-0.0018026163366426928,147.11981201171875,1.3602399230003357,6.995e-05
3203,606.1672703833001,1,-0.0012176492595212807,23.543753147125244,1.3600349426269531,6.992499999999999e-05
3204,611.0066223973461,1,-0.0010260171844633792,35.41870975494385,1.3598907589912415,6.989999999999999e-05
3205,548.1965734548306,1,-0.0006429129937330913,634.9812469482422,1.3597272634506226,6.987499999999999e-05
3206,597.9379407021906,1,-0.0030235327706162884,54.96207618713379,1.359610229730606,6.984999999999999e-05
3207,603.9054469456258,1,-0.004476646360071612,15.919596910476685,1.359558790922165,6.9825e-05
3208,596.2727303058252,1,0.0006842798575874554,39.84693622589111,1.3594951927661896,6.98e-05
3209,601.4754499878882,1,-0.007635655230842531,37.28931713104248,1.359477937221527,6.977499999999999e-05
3210,609.2948298605149,1,-0.0013381400126917242,25.923818588256836,1.3594538271427155,6.974999999999999e-05
3211,423.24742313081435,1,-0.0005303968623309174,3323.7468872070312,1.3594392240047455,6.972499999999999e-05
3212,539.2721273684049,1,0.001213967844236663,488.74141693115234,1.3594309985637665,6.97e-05
3213,592.9869958792449,1,-0.0074116100856498335,13.65883469581604,1.3594004213809967,6.9675e-05
3214,602.6474739603647,1,-0.0074977429604834445,31.55187177658081,1.3592590689659119,6.965e-05
3215,606.6191985560984,1,-0.002331385689892329,28.51902151107788,1.3591069281101227,6.962499999999998e-05
3216,590.7553419779697,1,-0.004836513353179583,73.02348709106445,1.35890394449234,6.959999999999998e-05
3217,573.2392583291092,1,-0.004328320995626633,71.86933898925781,1.3587385714054108,6.9575e-05
3218,582.3437829021325,1,-0.004285021568648517,39.3425350189209,1.3586426973342896,6.955e-05
3219,605.8506064424969,1,-0.0093882191076613,11.713041305541992,1.3585445880889893,6.9525e-05
3220,606.7450908681366,1,-0.00047890532595395996,40.952110290527344,1.3583131432533264,6.95e-05
3221,610.2530162398369,1,0.0007814237883749797,37.2591667175293,1.358078122138977,6.947499999999998e-05
3222,607.7263341821861,1,-0.0025651691638515217,23.11344623565674,1.3579502999782562,6.945e-05
3223,601.0746388172123,1,-0.005560056706112704,20.200249195098877,1.357870727777481,6.9425e-05
3224,588.5897064572325,1,-0.007389291921364505,45.7364444732666,1.3577837944030762,6.939999999999999e-05
3225,605.2744507468501,1,0.00017612510823195038,30.71570634841919,1.3577003180980682,6.937499999999999e-05
3226,608.8118346965714,1,-0.005768169800504985,44.16439914703369,1.3575919568538666,6.935e-05
3227,605.0561636118123,1,-0.0010325401263227008,25.72284746170044,1.3574884831905365,6.932499999999999e-05
3228,603.2655560422618,1,-0.008495171303983806,13.748133420944214,1.3573636412620544,6.929999999999999e-05
3229,607.5646724246601,1,0.0008578471550002575,20.156877994537354,1.357125610113144,6.927499999999999e-05
3230,606.2935118430865,1,-0.013265393832522676,19.15068483352661,1.356907457113266,6.924999999999999e-05
3231,573.4565549858921,1,-0.0032325569274185284,95.75172424316406,1.3567415475845337,6.9225e-05
3232,612.3319457066252,1,0.006139315199106932,31.395501136779785,1.3566026985645294,6.92e-05
3233,602.871579527542,1,-0.005664288191058464,24.611548900604248,1.3564239144325256,6.917499999999999e-05
3234,602.7558861577993,1,-0.007677361728079646,14.64184856414795,1.3558973371982574,6.914999999999999e-05
3235,585.6137623260032,1,0.005766823460332304,112.99202728271484,1.355329990386963,6.912499999999999e-05
3236,609.2789637324965,1,-0.00038824894978795044,39.88471794128418,1.3548509180545807,6.91e-05
3237,610.8881952547381,1,-0.00985780962095717,67.44613838195801,1.3542666137218475,6.9075e-05
3238,595.7240590168642,1,-0.004212552125018476,24.873769760131836,1.353727549314499,6.905e-05
3239,525.4343735815564,1,-0.0015144781994447243,611.3285980224609,1.3533057570457458,6.902499999999998e-05
3240,609.3539852912706,1,-0.0066762543699177,21.39579963684082,1.3530594110488892,6.899999999999998e-05
3241,564.8498805348484,1,-0.0031545083639059612,373.49178314208984,1.3529789447784424,6.8975e-05
3242,609.1870264591448,1,-0.013875570015184024,18.39461088180542,1.3528688848018646,6.895e-05
3243,614.3914315600916,1,0.0037551610299422222,43.21949863433838,1.3525640666484833,6.8925e-05
3244,578.3393799769741,1,-0.0028737768560880284,228.52368927001953,1.3522498905658722,6.89e-05
3245,590.9183658169256,1,-0.007524734953351597,15.774329900741577,1.3520740866661072,6.887499999999998e-05
3246,593.8706397248791,1,-0.0025385241659883206,42.37226104736328,1.3521273136138916,6.884999999999999e-05
3247,599.9605944688485,1,-0.0036089717910203767,23.89528226852417,1.3521545827388763,6.882499999999999e-05
3248,603.3017079066975,1,-0.0027945000412210597,34.4907169342041,1.3519836068153381,6.879999999999999e-05
3249,583.0113467799072,1,0.0009207556872903311,101.74448204040527,1.3518056571483612,6.877499999999999e-05
3250,606.2293632009713,1,-0.0025662696113748495,33.32115173339844,1.351653814315796,6.875e-05
3251,607.4368743603593,1,-0.002934295380890184,20.489407539367676,1.3515090942382812,6.8725e-05
3252,597.3160530594128,1,-0.0037288354942575097,18.85516357421875,1.3513166904449463,6.869999999999999e-05
3253,605.0797495606001,1,-0.005926220585463771,18.26166820526123,1.3509258031845093,6.867499999999999e-05
3254,601.9178864272156,1,-0.003111602110688949,18.82550621032715,1.3501639366149902,6.864999999999999e-05
3255,611.6618610261835,1,-0.004421423469601393,36.61531352996826,1.349195510149002,6.8625e-05
3256,603.2909377730689,1,-0.00811901278370497,15.606401443481445,1.3484070897102356,6.86e-05
3257,607.5910705787044,1,-0.003896728818389761,13.444158554077148,1.347632110118866,6.8575e-05
3258,572.2222965215867,1,-0.002617266405529506,149.38904190063477,1.3470361828804016,6.854999999999999e-05
3259,602.6726045635846,1,-0.0066259795868841564,17.221643447875977,1.3466441929340363,6.852499999999999e-05
3260,602.5310313161185,1,-0.009684531471545021,11.033656120300293,1.3462459743022919,6.85e-05
3261,593.5771114593782,1,0.00578614903585617,141.50955200195312,1.3454493582248688,6.8475e-05
3262,558.279247759031,1,-0.0022740936779861443,250.99429321289062,1.3448034524917603,6.845e-05
3263,609.11879385068,1,5.1415352993799956e-05,33.46922302246094,1.3443650007247925,6.8425e-05
3264,604.2738931600679,1,-0.006110369025687401,34.82372856140137,1.3440210223197937,6.839999999999998e-05
3265,601.4433494101065,1,-0.004901113819020253,49.711042404174805,1.3436685800552368,6.8375e-05
3266,600.7105512400301,1,-0.0030403724852173797,43.85167980194092,1.3432848751544952,6.835e-05
3267,610.1460357239584,1,-0.0009642278803543292,55.21833801269531,1.3429783880710602,6.8325e-05
3268,603.6392284356284,1,-0.003267323240066844,26.500493049621582,1.3427489399909973,6.829999999999999e-05
3269,577.9934410712915,1,-0.003198579190155648,260.7226333618164,1.3425190150737762,6.8275e-05
3270,608.5240282380153,1,-0.005983353572347028,24.37131977081299,1.342264324426651,6.824999999999999e-05
3271,611.2230934822849,1,0.002253435890587241,30.47545623779297,1.341903567314148,6.822499999999999e-05
3272,610.5993062950184,1,-0.0019852920578635747,36.402100563049316,1.3416482508182526,6.819999999999999e-05
3273,577.440852927721,1,-1.4143804748734112e-05,379.70877838134766,1.3414503335952759,6.817499999999999e-05
3274,613.9205932706745,1,-0.0016897312754977634,48.3713493347168,1.3413209915161133,6.815e-05
3275,557.4014601756699,1,-0.0009551181652540652,641.7012023925781,1.3411894142627716,6.8125e-05
3276,603.9431281299451,1,-0.0091728846648369,17.068048000335693,1.3410618901252747,6.809999999999999e-05
3277,603.6973160777616,1,0.0009464914406196456,30.170475959777832,1.3408661186695099,6.807499999999999e-05
3278,588.4590669354029,1,-0.0029030144325024043,83.35218811035156,1.3406602442264557,6.804999999999999e-05
3279,609.8556890278925,1,-0.0066607699867482495,24.82668685913086,1.3405620753765106,6.8025e-05
3280,569.8456141286861,1,0.001995507162064314,98.4411849975586,1.3404722213745117,6.8e-05
3281,598.1230549373316,1,-0.015577611649620238,22.926496505737305,1.3403339385986328,6.7975e-05
3282,578.1414474061247,1,-0.003092308042067282,124.2333984375,1.340163767337799,6.794999999999998e-05
3283,592.8781146782136,1,0.0007136525746318512,17.993262767791748,1.3399678766727448,6.792499999999998e-05
3284,605.7501454347123,1,-0.004920491144399186,22.707305908203125,1.3397662937641144,6.79e-05
3285,606.8697414674879,1,-0.0037392382181931083,26.14762544631958,1.3395066559314728,6.7875e-05
3286,482.5267336658858,1,-0.0005412855385137361,2036.9821166992188,1.339201033115387,6.785e-05
3287,609.7522891668556,1,-0.004392241799415331,36.60484313964844,1.338964581489563,6.7825e-05
3288,603.2753919695231,1,-0.0033968956802379324,28.054980278015137,1.3387533724308014,6.779999999999998e-05
3289,594.7150756516095,1,-0.0013668002658082656,49.17247200012207,1.3385434746742249,6.7775e-05
3290,596.4993379790445,1,-0.005033083218190626,18.579336166381836,1.3383449614048004,6.775e-05
3291,594.8679068722164,1,-0.0053470377601554375,17.814752101898193,1.3381224274635315,6.772499999999999e-05
3292,572.1917337742349,1,-0.004077456817544345,93.84518814086914,1.337904006242752,6.769999999999999e-05
3293,608.9862748150794,1,0.0007851604763375875,23.29137134552002,1.337750107049942,6.7675e-05
3294,595.7816741310384,1,-0.009335411738177868,53.65150833129883,1.3375039100646973,6.764999999999999e-05
3295,605.4926348049598,1,-0.002456430299736745,23.739026069641113,1.3371641635894775,6.762499999999999e-05
3296,608.9679862653279,1,0.0014471511907796497,55.128581047058105,1.3369473814964294,6.759999999999999e-05
3297,505.0604851070722,1,8.474484845955033e-05,883.0215454101562,1.336776614189148,6.757499999999999e-05
3298,615.3371433014504,1,-0.0016736719079304407,39.51945400238037,1.3366469740867615,6.755e-05
3299,568.8402322716636,1,-0.0006551819257563096,198.2649040222168,1.3364968001842499,6.7525e-05
3300,610.0187125171653,1,-0.0011190494768404946,66.70734214782715,1.3363335728645325,6.749999999999999e-05
3301,603.7783253790835,1,-0.003504191837876647,15.227809429168701,1.3361666798591614,6.747499999999999e-05
3302,606.2994919219523,1,-0.0013798748316316,19.509844303131104,1.3360255658626556,6.745e-05
3303,586.4308270738591,1,-0.0009241551422736194,90.74546241760254,1.3359315097332,6.7425e-05
3304,568.2828218301042,1,-0.0035324441269040108,292.7875213623047,1.3358915746212006,6.74e-05
3305,592.773455939923,1,-0.0015271002318928417,55.22826099395752,1.335828959941864,6.7375e-05
3306,591.2915069159654,1,-0.0014552467328030616,123.13804817199707,1.335702359676361,6.734999999999998e-05
3307,609.9156753539838,1,-0.00463252702512662,32.6006875038147,1.3355921804904938,6.7325e-05
3308,606.497003186294,1,-0.001901831262720144,15.042397022247314,1.3355168402194977,6.73e-05
3309,594.9613968903391,1,0.00020231134458548183,57.16776752471924,1.3353165984153748,6.7275e-05
3310,598.8116867171741,1,-0.0018744474701399838,18.547616481781006,1.3351337313652039,6.725e-05
3311,597.549364419639,1,-0.007676701643504202,9.057665586471558,1.334932655096054,6.722500000000001e-05
3312,602.5016263678772,1,-0.015678769515149904,16.283231496810913,1.3345784842967987,6.72e-05
3313,612.4297811676527,1,-0.00782261761980152,53.40926551818848,1.3339262306690216,6.717499999999999e-05
3314,609.6756065929778,1,-0.002295389193697872,16.3770911693573,1.3333859145641327,6.714999999999999e-05
3315,603.3766608060907,1,-0.00928617628025119,6.892728686332703,1.3328392207622528,6.712499999999999e-05
3316,607.9261952844472,1,0.00034204857250053067,13.412109375,1.3318817615509033,6.71e-05
3317,611.3329950690511,1,-0.0026460345969034904,18.547970294952393,1.330684781074524,6.7075e-05
3318,605.7789112187485,1,-0.007559334520217842,13.44620418548584,1.329682320356369,6.704999999999999e-05
3319,610.0230609647185,1,-0.008370645250307618,8.603232383728027,1.3286303579807281,6.702499999999999e-05
3320,604.5272136288726,1,-0.011976604104381394,9.864832401275635,1.327582061290741,6.699999999999999e-05
3321,599.7933791411,1,-0.006489672180233441,35.78730297088623,1.3268299996852875,6.6975e-05
3322,585.6525085190025,1,-0.00547737967378481,78.62671661376953,1.3262103199958801,6.695e-05
3323,586.6444796298916,1,0.0004880460536305087,48.12975025177002,1.3257488012313843,6.6925e-05
3324,611.2648930425692,1,-0.005985025324465987,41.65486526489258,1.3253549635410309,6.689999999999999e-05
3325,609.0337227458725,1,-0.008462610746002186,7.863504528999329,1.3250699639320374,6.687499999999999e-05
3326,612.2904914009384,1,0.005117130902911882,43.554443359375,1.3248209059238434,6.685e-05
3327,600.0881392569343,1,-0.007054383445277201,14.216228723526001,1.3246470391750336,6.6825e-05
3328,612.2491908857832,1,-0.009379078836731836,24.85471200942993,1.3243533670902252,6.68e-05
3329,609.9142326876572,1,-0.0142115918160588,13.472718238830566,1.3240531384944916,6.6775e-05
3330,564.8995437971009,1,0.0010955245234072208,375.86283111572266,1.3238700032234192,6.674999999999998e-05
3331,609.4577686869046,1,-0.004544772701972732,14.66898250579834,1.323716014623642,6.6725e-05
3332,600.5959727424545,1,-0.003910118014972319,45.608482360839844,1.3234112560749054,6.67e-05
3333,590.441353901607,1,-0.0040431313596469565,78.59308624267578,1.3231354355812073,6.6675e-05
3334,614.622249517389,1,0.002452309456442592,30.35762071609497,1.3229633271694183,6.665e-05
3335,608.7201705816149,1,-0.006643846805673093,19.266648292541504,1.3227757215499878,6.6625e-05
3336,614.0493856834973,1,-0.004925345782910151,19.066416263580322,1.3224790692329407,6.659999999999999e-05
3337,606.4213643708617,1,-0.00012641397604196136,9.516883134841919,1.3223276734352112,6.657499999999999e-05
3338,366.72087844516915,1,0.0025954213451401253,4692.5032958984375,1.3221782445907593,6.654999999999999e-05
3339,573.0584812962602,1,0.0004854977136492522,231.61089706420898,1.3220751881599426,6.652499999999999e-05
3340,606.7178487309694,1,-0.005669798993039876,20.033058643341064,1.3219665586948395,6.65e-05
3341,590.0149734750714,1,-0.005563520884606987,37.332021713256836,1.321766197681427,6.6475e-05
3342,605.15741157113,1,-0.007420992439923779,64.33463954925537,1.321654051542282,6.644999999999999e-05
3343,591.559921480265,1,-0.0025567072400263235,69.53942108154297,1.3214828968048096,6.642499999999999e-05
3344,605.1151275206107,1,-0.007259274921803449,14.562710762023926,1.3213472962379456,6.639999999999999e-05
3345,612.2085590840434,1,-0.005021406383272087,44.6845760345459,1.321385145187378,6.6375e-05
3346,605.9038679199813,1,-0.016301686609430988,25.094797134399414,1.321416586637497,6.635e-05
3347,603.8783287061468,1,-0.0009466435004794604,22.919850826263428,1.3213496804237366,6.6325e-05
3348,610.0041587329785,1,0.0020641767107152376,40.20867729187012,1.3211244940757751,6.629999999999999e-05
3349,602.4172908388823,1,-0.007008542592468192,32.31749677658081,1.3208982944488525,6.627499999999998e-05
3350,602.7184069961054,1,-0.0010442825883290041,25.754092693328857,1.3206228017807007,6.625e-05
3351,583.6180900221214,1,-0.0007306112321181502,119.36205673217773,1.320237010717392,6.6225e-05
3352,591.3185963527619,1,-0.005985900143380629,390.24861907958984,1.3199459910392761,6.62e-05
3353,611.0060149280473,1,-0.0036416925003075473,33.554137229919434,1.3197391033172607,6.6175e-05
3354,600.6798375298916,1,-0.004044736254807724,18.1934814453125,1.319449096918106,6.614999999999998e-05
3355,598.2264910618031,1,-0.0018079908554103907,37.03880977630615,1.319171667098999,6.6125e-05
3356,595.1917430741864,1,-0.008762351403544866,16.20870804786682,1.3189390897750854,6.61e-05
3357,594.6528325104426,1,-0.0011400123268172635,23.409952640533447,1.3188784718513489,6.6075e-05
3358,609.9038391489535,1,-0.004289539690404354,17.489882946014404,1.3188509345054626,6.604999999999999e-05
3359,601.037319289452,1,-0.0011672229130841316,12.821138620376587,1.3187614977359772,6.6025e-05
3360,593.726373441765,1,-0.003212538322382663,101.24129486083984,1.3184166550636292,6.599999999999999e-05
3361,603.5476974145793,1,-0.003449095813135017,21.93222427368164,1.3179765343666077,6.597499999999999e-05
3362,588.8296936947363,1,-0.006467045402910543,376.5489273071289,1.3174977600574493,6.594999999999999e-05
3363,613.0902468093925,1,-0.0033354606151725363,37.26700496673584,1.3171064257621765,6.592499999999999e-05
3364,585.0192601613048,1,-0.0004045725128287714,81.4199390411377,1.3167981505393982,6.59e-05
3365,608.6326537169241,1,-0.002783103029063927,41.448822021484375,1.3165437579154968,6.5875e-05
3366,611.9130048216496,1,-0.0009548235689926798,24.333134651184082,1.3162852227687836,6.584999999999999e-05
3367,610.3850090723415,1,-0.003875444643199444,62.46778678894043,1.3160368204116821,6.582499999999999e-05
3368,609.3974366354682,1,-0.002294488371782366,19.56069803237915,1.315764993429184,6.579999999999999e-05
3369,602.5125075605572,1,-0.0006978107871224992,22.3428053855896,1.3153690099716187,6.5775e-05
3370,589.2882078718476,1,-0.002135202046917861,61.81813335418701,1.3148826956748962,6.575e-05
3371,605.3033847475792,1,-0.0048834438059937035,16.151265382766724,1.3144248723983765,6.5725e-05
3372,610.5408915324515,1,-0.0011181996794924487,16.281100034713745,1.313661903142929,6.569999999999998e-05
3373,602.1087432822916,1,-0.0030104641999315618,14.80463695526123,1.313027799129486,6.567499999999998e-05
3374,610.8399615320698,1,-0.0006464319804866392,18.144994258880615,1.312526524066925,6.565e-05
3375,579.1873726855774,1,-0.0014341268688440323,250.3053855895996,1.3121070861816406,6.5625e-05
3376,600.3068613893165,1,-0.0005169106689209002,62.537567138671875,1.3117813766002655,6.56e-05
3377,557.324244985061,1,0.0006625668611377478,603.1927947998047,1.3115755915641785,6.5575e-05
3378,608.0243180428572,1,-0.005027008812727551,20.204871654510498,1.3113828301429749,6.555000000000001e-05
3379,611.8721859495787,1,0.00015599225722939813,40.631442070007324,1.3109947741031647,6.5525e-05
3380,584.7031291068745,1,-0.0014887668155765255,122.1726016998291,1.3106872141361237,6.549999999999999e-05
3381,606.3631216286678,1,-0.0028360541823699847,17.27205753326416,1.3104821145534515,6.547499999999999e-05
3382,562.1875118349715,1,0.001299935333708202,464.1017761230469,1.3103714287281036,6.544999999999999e-05
3383,607.22550915401,1,-0.0010844248422978708,22.957470417022705,1.3102973699569702,6.5425e-05
3384,585.2320640130695,1,0.00029690409453531075,96.46462821960449,1.3102297186851501,6.54e-05
3385,608.7114570127218,1,-0.009930613936134591,26.006022453308105,1.310211032629013,6.537499999999999e-05
3386,604.5495966358492,1,-0.004535601707175374,43.780418395996094,1.3102069199085236,6.534999999999999e-05
3387,611.4341071948265,1,-0.002652726973776609,22.465393543243408,1.3101419806480408,6.532499999999999e-05
3388,610.8521362780334,1,-0.006427402823014461,34.905741691589355,1.3100159168243408,6.53e-05
3389,608.3551780578103,1,-0.01902635315699186,13.786357164382935,1.3097957372665405,6.5275e-05
3390,603.480886767526,1,-0.006422875208061285,12.443638801574707,1.3094437718391418,6.525e-05
3391,608.5308000678848,1,0.004682682637994873,14.361544609069824,1.308857649564743,6.522499999999999e-05
3392,609.1214803898088,1,-0.002268257089077963,18.563321113586426,1.3083065450191498,6.519999999999999e-05
3393,433.87680186592615,1,-0.00048194173322890776,3115.218994140625,1.3078429102897644,6.5175e-05
3394,605.9570870251283,1,-0.01059385077623709,16.98687219619751,1.307544082403183,6.515e-05
3395,601.370674033777,1,-0.0033567516797559094,28.62097978591919,1.3073976039886475,6.5125e-05
3396,609.968191287203,1,-0.0005347396279544725,28.308651447296143,1.3072855472564697,6.51e-05
3397,605.2439188136321,1,-0.01273803785443306,16.602832794189453,1.307191401720047,6.507499999999998e-05
3398,598.0499430452575,1,-0.010265339316139155,91.44749641418457,1.3070867955684662,6.505e-05
3399,556.8405387139143,1,-0.0013697258294440573,174.5214958190918,1.3069522082805634,6.5025e-05
3400,605.6561209603541,1,-0.01047806100445392,13.703491926193237,1.3068165481090546,6.5e-05
3401,603.7615386347047,1,-0.00803993638156797,17.77486515045166,1.306725800037384,6.4975e-05
3402,602.9936385149339,1,0.002708115340542605,25.65718412399292,1.306686818599701,6.495e-05
3403,606.6790886318155,1,-0.002445279445964843,15.226051330566406,1.3066158294677734,6.492499999999999e-05
3404,602.3694080130205,1,-0.005016247460030598,41.25783348083496,1.306447684764862,6.489999999999999e-05
3405,597.3681706600041,1,-0.008816213812679052,30.558693408966064,1.3062310814857483,6.487499999999999e-05
3406,610.390362075212,1,-0.009203323165134503,8.561781883239746,1.306167095899582,6.484999999999999e-05
3407,609.2023010089018,1,-0.00263754382289072,27.042845249176025,1.3061684370040894,6.4825e-05
3408,555.4243280761697,1,-0.001380990531582249,604.4355316162109,1.306073248386383,6.48e-05
3409,605.1367909143981,1,-0.004734822461614385,20.833096027374268,1.30596062541008,6.477499999999999e-05
3410,590.1172799142176,1,-0.00316611032030778,115.57743072509766,1.3057632148265839,6.474999999999999e-05
3411,594.6730562277249,1,0.0008354440486968429,45.89507293701172,1.3055855333805084,6.472499999999999e-05
3412,606.432710333221,1,-0.0052257066029905985,23.325056076049805,1.3054295480251312,6.47e-05
3413,609.2693166053518,1,-0.010515253691533388,10.650866746902466,1.3051699697971344,6.4675e-05
3414,612.0048214555965,1,0.0031421869730206,26.48134708404541,1.3046989142894745,6.465e-05
3415,616.9509887258434,1,-0.0035122358498886896,34.642364501953125,1.3042629957199097,6.462499999999999e-05
3416,612.9783207660523,1,-0.0068400040706002585,22.749374866485596,1.3039250671863556,6.459999999999998e-05
3417,616.4542381137946,1,-0.0068901737178244105,19.819503784179688,1.3036543726921082,6.4575e-05
3418,568.2200501516293,1,0.003169701434671879,311.5185012817383,1.3033621609210968,6.455e-05
3419,599.2921413335222,1,-0.00031207005846667357,28.93325710296631,1.3031030893325806,6.4525e-05
3420,542.6890210508461,1,-0.0002922575782688952,875.8363342285156,1.302771806716919,6.45e-05
3421,588.6112815590161,1,-0.0077064601917236075,98.04223442077637,1.3025295734405518,6.447499999999998e-05
3422,606.1963052672749,1,-0.0023334192228503525,20.6678786277771,1.3023163378238678,6.445e-05
3423,605.0101158734891,1,-0.004842281444789265,16.922006130218506,1.3019417524337769,6.4425e-05
3424,610.1055400702065,1,-0.0020512438880331274,18.1418776512146,1.3015046417713165,6.44e-05
3425,586.2383406100766,1,0.002073823371251393,143.42357635498047,1.3010390102863312,6.437499999999999e-05
3426,609.1061823569498,1,-0.0030973449045430534,12.031689882278442,1.3006505072116852,6.435e-05
3427,599.5297310381322,1,-0.016634623330362253,13.206732511520386,1.300261378288269,6.432499999999999e-05
3428,587.9275608693753,1,0.00789189099755383,260.24869537353516,1.2999741435050964,6.429999999999999e-05
3429,589.2096651972985,1,-0.0013104759574193992,145.82670974731445,1.2997606992721558,6.427499999999999e-05
3430,583.0451176729474,1,-0.0009994910046042804,154.0941505432129,1.2996390759944916,6.424999999999999e-05
3431,604.2881740932139,1,-0.007727125841896054,32.76602077484131,1.2995309233665466,6.4225e-05
3432,610.6912233843991,1,-0.003608451562914894,26.512753009796143,1.2993828654289246,6.42e-05
3433,578.8438220500093,1,0.0012894385676944786,236.93921279907227,1.299277126789093,6.417499999999999e-05
3434,571.7425195496213,1,-0.001379081530131998,364.50286865234375,1.299202173948288,6.414999999999999e-05
3435,608.6616773740607,1,-0.0026814628271729646,15.18547248840332,1.2991372644901276,6.412499999999999e-05
3436,593.5836595049487,1,0.0012161113039343974,93.24827194213867,1.2990515232086182,6.41e-05
3437,609.761261323614,1,-0.0012546104631780963,28.846050262451172,1.2989495992660522,6.4075e-05
3438,603.5359653095036,1,-0.0014559286521814707,22.697490215301514,1.2987979650497437,6.405e-05
3439,600.1720190722665,1,-0.004925460463190312,45.69856929779053,1.2985538840293884,6.402499999999998e-05
3440,611.1140025836633,1,-0.0006089394177841712,33.37289905548096,1.2982162237167358,6.399999999999998e-05
3441,603.2434183527288,1,-0.005051410347544305,21.988260746002197,1.2978875935077667,6.3975e-05
3442,612.0867705996623,1,-0.0026144662223046566,29.032526969909668,1.2975931763648987,6.395e-05
3443,610.2612441163834,1,-0.0030237352310784615,35.04613018035889,1.297303557395935,6.3925e-05
3444,608.0607903542622,1,5.159984553237962e-05,37.1892786026001,1.2970210015773773,6.39e-05
3445,579.1252149778858,1,0.001555888809200212,161.2001724243164,1.2966850996017456,6.3875e-05
3446,587.7628654797886,1,-0.0014879294641074736,116.94134521484375,1.2964064180850983,6.385e-05
3447,610.3531118088306,1,-0.011529691911048578,11.915217399597168,1.296200454235077,6.382499999999999e-05
3448,607.7810891997881,1,-0.004699107943707315,20.727731227874756,1.2959918975830078,6.379999999999999e-05
3449,614.580664163116,1,-0.005555730770100631,22.45535182952881,1.2957194447517395,6.377499999999999e-05
3450,581.6117809755389,1,-0.0012942925697050356,135.4422721862793,1.295510172843933,6.375e-05
3451,606.0523779406992,1,-0.005544816702604649,14.829077243804932,1.2953121960163116,6.372499999999999e-05
3452,597.8665413595056,1,-0.005834638455620933,16.00447726249695,1.2951199114322662,6.369999999999999e-05
3453,604.2992217893436,1,-0.015644891653209925,4.721833109855652,1.2951579689979553,6.367499999999999e-05
3454,593.0895448542933,1,-0.0010720799668781922,93.30705642700195,1.295766919851303,6.365e-05
3455,603.2916460071906,1,-0.008438641394103108,6.0927828550338745,1.2962228059768677,6.3625e-05
3456,586.4681966985721,1,-0.00443340412115667,84.96659278869629,1.2962500751018524,6.36e-05
3457,595.7098458558005,1,-0.00359790975738683,45.980319023132324,1.2961990535259247,6.357499999999999e-05
3458,607.4457733868043,1,-0.01531411996776555,8.405738115310669,1.2961615920066833,6.354999999999999e-05
3459,595.2518045168474,1,0.0011572623625397682,130.59039688110352,1.2960724830627441,6.3525e-05
3460,597.5373776935236,1,0.0017299511809758528,48.363266944885254,1.2959306836128235,6.35e-05
3461,602.4260513571135,1,-0.0058499217165861594,11.54213809967041,1.295578122138977,6.3475e-05
3462,586.2558810879361,1,-0.0023409287619875485,67.82234382629395,1.2949649691581726,6.345e-05
3463,582.3943172973707,1,0.0004741755118597979,68.93100547790527,1.294383466243744,6.342499999999998e-05
3464,610.1966212408284,1,-0.0017550911870785058,51.32371807098389,1.2939018905162811,6.34e-05
3465,589.8263672550936,1,-0.0068316309609341985,119.2474422454834,1.2935104966163635,6.3375e-05
3466,605.5474483762833,1,-0.0005348335421420103,23.1011905670166,1.2931250035762787,6.335e-05
3467,604.9621059376668,1,-0.00865654750919731,56.56768035888672,1.2927595674991608,6.3325e-05
3468,608.842493896672,1,-0.004974377472800384,16.553995609283447,1.2924120128154755,6.330000000000001e-05
3469,603.637723202835,1,0.0005731279658398591,20.090740203857422,1.2921172976493835,6.327499999999999e-05
3470,600.7354635427312,1,-0.018954064014874206,10.748114347457886,1.291805386543274,6.324999999999999e-05
3471,607.72457621555,1,-0.002186756676695545,11.962143898010254,1.291654646396637,6.322499999999999e-05
3472,604.8637259590066,1,-0.00014018253018832638,21.36476421356201,1.2914629876613617,6.319999999999999e-05
3473,602.4969001888511,1,-0.0016765362514856719,45.102341651916504,1.2912174463272095,6.3175e-05
3474,608.8414718065208,1,-0.00760560343042016,19.219536304473877,1.2910076081752777,6.315e-05
3475,607.4896607611312,1,-0.007110628948014508,14.941318988800049,1.2908049821853638,6.312499999999999e-05
3476,605.5712047221272,1,-0.006228464685211321,10.826017618179321,1.2904742658138275,6.309999999999999e-05
3477,612.5433164002118,1,-0.004865334967792734,23.74054718017578,1.2902703285217285,6.307499999999999e-05
3478,569.6084511471631,1,-0.007595602966224746,312.6626968383789,1.2901071906089783,6.305e-05
3479,592.2939139677856,1,0.0005123780397948696,53.763553619384766,1.2899328470230103,6.3025e-05
3480,576.2974936398514,1,-0.00034398835462923216,129.07517051696777,1.2896594107151031,6.3e-05
3481,595.6837930977752,1,-0.0005524646483792139,56.49787902832031,1.28945392370224,6.297499999999999e-05
3482,549.6182488385577,1,-0.0020295478005074585,707.1671447753906,1.289303958415985,6.294999999999999e-05
3483,611.8407856325153,1,-0.0008320681652662643,21.279219150543213,1.2891856133937836,6.2925e-05
3484,607.5993133301145,1,-0.0006022513603403112,28.05273962020874,1.289017677307129,6.29e-05
3485,612.8276563043539,1,-0.003074979016134627,21.054014682769775,1.2888264656066895,6.2875e-05
3486,608.2044000856532,1,-0.002589542019579838,25.88388442993164,1.288680523633957,6.285e-05
3487,592.5246260001582,1,-0.009560337755829096,222.95171356201172,1.2884854972362518,6.282499999999998e-05
3488,579.926941026356,1,-0.0007034419528491043,493.46239471435547,1.2883417904376984,6.28e-05
3489,606.3984649741309,1,-0.00825792007984738,9.914293050765991,1.2882266342639923,6.2775e-05
3490,604.3421160288026,1,-0.005823726464736723,31.165250778198242,1.2880384624004364,6.275e-05
3491,589.5804175489316,1,-0.0014760126826138809,118.19381141662598,1.287745624780655,6.272499999999999e-05
3492,591.8730529541335,1,-0.0013553299841575495,19.799256801605225,1.2874571084976196,6.27e-05
3493,610.6806773346538,1,0.0003338118208020546,36.41232395172119,1.2870731055736542,6.267499999999999e-05
3494,607.7569479347487,1,-0.012035341218247453,13.022180557250977,1.2865347862243652,6.264999999999999e-05
3495,522.8987408713552,1,0.0032649327431624187,1115.2117919921875,1.285753607749939,6.262499999999999e-05
3496,600.105149874895,1,-0.0036533648003169716,33.1681547164917,1.2851344645023346,6.259999999999999e-05
3497,602.0410907008722,1,0.0016561548162079553,16.719453811645508,1.284582406282425,6.2575e-05
3498,598.5296584357537,1,-0.004701893315008476,90.79617691040039,1.2841629683971405,6.255e-05
3499,574.8091833318623,1,-0.001017696933448775,422.947021484375,1.2838487029075623,6.252499999999999e-05
3500,599.0460290847884,1,-0.00184094595571338,49.32592296600342,1.2835684716701508,6.249999999999999e-05
3501,540.6717096143391,1,-0.001249475949213874,760.4828948974609,1.283232569694519,6.247499999999999e-05
3502,607.5927503493335,1,5.7075779279713856e-05,23.87522554397583,1.2829315066337585,6.245e-05
3503,588.6896401740992,1,-0.003740328664144754,25.278512477874756,1.2825831472873688,6.2425e-05
3504,601.2224908238081,1,-0.007515057485381504,27.45270347595215,1.282300353050232,6.24e-05
3505,607.2661618863237,1,-0.017319375673602977,34.77175331115723,1.2820485532283783,6.2375e-05
3506,607.2254337894168,1,0.0009866419016546502,25.50511646270752,1.2816683948040009,6.234999999999998e-05
3507,577.5928336363143,1,-0.004862350684686989,175.1813621520996,1.2813441455364227,6.2325e-05
3508,595.5044790985986,1,-0.0034660533170347563,31.391186237335205,1.2811143696308136,6.23e-05
3509,586.486107103968,1,0.0017208817265119691,63.334893226623535,1.2808311879634857,6.2275e-05
3510,591.291223960495,1,-0.004446332029418798,44.20563983917236,1.2805554270744324,6.225e-05
3511,566.5209600464034,1,-0.0006922753527760506,546.2142639160156,1.2802691161632538,6.222500000000001e-05
3512,601.2706575466894,1,-0.01327219585374273,9.112512111663818,1.2800188958644867,6.22e-05
3513,581.5581139909284,1,-0.004747360155491265,109.10673141479492,1.2796824276447296,6.2175e-05
3514,601.903573965749,1,-0.005310852142875966,11.576967239379883,1.2792664468288422,6.214999999999999e-05
3515,596.1660326235319,1,-0.0008444876308750793,62.02265739440918,1.2784346044063568,6.212499999999999e-05
3516,608.1027937165663,1,-0.004248643889232184,37.999359130859375,1.2777553796768188,6.21e-05
3517,611.4820691945665,1,-0.00010918998053277562,44.37001419067383,1.2773044109344482,6.2075e-05
3518,559.3485132118242,1,-0.0004059056817844464,240.29895782470703,1.2770113945007324,6.204999999999999e-05
3519,554.0286201127344,1,-0.0003984629226820857,591.4382171630859,1.2768127024173737,6.202499999999999e-05
3520,598.754488035665,1,-0.001632695672717066,21.7108211517334,1.2766488194465637,6.199999999999999e-05
3521,609.3376360378624,1,-0.003405592379360556,17.669142246246338,1.2764188051223755,6.1975e-05
3522,601.672361206642,1,-0.012420573432383897,25.372017860412598,1.276226967573166,6.195e-05
3523,588.8401692692776,1,0.004876686135373287,124.02181816101074,1.2761425971984863,6.1925e-05
3524,605.7833529210458,1,-0.0017220366744030713,23.05061626434326,1.2760835886001587,6.189999999999999e-05
3525,607.8642378072241,1,-0.00097516011518195,21.592892169952393,1.2759829461574554,6.187499999999999e-05
3526,597.2414357058248,1,-0.0007572255028045483,24.70654821395874,1.275831162929535,6.185e-05
3527,595.278917642174,1,-0.00403151720679773,80.11817932128906,1.2755996882915497,6.1825e-05
3528,609.9030859454851,1,-0.00018701564532364046,41.566627502441406,1.2754130959510803,6.18e-05
3529,591.376914744806,1,-0.002085660127800537,86.06184196472168,1.275211364030838,6.1775e-05
3530,612.2509434262979,1,-0.003855099721443267,33.07307052612305,1.275073915719986,6.174999999999998e-05
3531,620.847985388156,1,0.00034439205424852126,105.83299446105957,1.2750127017498016,6.1725e-05
3532,604.5941407629297,1,-0.0049414096230813165,24.003602981567383,1.2749422490596771,6.17e-05
3533,603.0885213574771,1,-0.007534110017500595,23.06716823577881,1.274728000164032,6.1675e-05
3534,606.926139144412,1,-0.0006724471314960567,23.078238010406494,1.2743536829948425,6.165e-05
3535,608.266397280051,1,-0.007551477451554822,22.99423360824585,1.27390518784523,6.162500000000001e-05
3536,589.3881775945463,1,-0.0011113542603755633,72.69681930541992,1.2733962833881378,6.159999999999999e-05
3537,606.8349979055862,1,-0.0018338505572135233,20.836913108825684,1.2729454934597015,6.157499999999999e-05
3538,607.0238448640002,1,-0.0010727518788451462,23.739652156829834,1.2724862694740295,6.154999999999999e-05
3539,602.0190342880444,1,-0.0013877032310489756,56.669572830200195,1.272116780281067,6.152499999999999e-05
3540,602.5468614366498,1,-0.008340907416172882,7.381779193878174,1.2718322575092316,6.15e-05
3541,608.8879831504175,1,0.002396037820361574,44.30517578125,1.271610289812088,6.1475e-05
3542,604.3686698284066,1,-0.0066036285349611035,13.824389219284058,1.271422117948532,6.144999999999999e-05
3543,571.5343504211346,1,0.0002585411463265075,482.7004165649414,1.2712033689022064,6.142499999999999e-05
3544,609.9296385356281,1,-0.0019963334147838907,8.986604928970337,1.2710027694702148,6.139999999999999e-05
3545,593.1779809508132,1,-0.0009538899004333246,54.57971382141113,1.2706893682479858,6.1375e-05
3546,614.2367517843018,1,-0.004461281794917227,15.090332984924316,1.2703465223312378,6.135e-05
3547,614.9634083810133,1,-0.002179526488550465,20.45884609222412,1.2699190974235535,6.1325e-05
3548,607.487926595632,1,-0.007492449579382665,13.476435422897339,1.26963409781456,6.129999999999999e-05
3549,604.4336876516289,1,-0.007149379517483734,33.83872127532959,1.2694023847579956,6.127499999999999e-05
3550,605.02326662378,1,-0.002474338710141133,11.161620140075684,1.2691011726856232,6.125e-05
3551,606.387301281173,1,-0.010421756396277182,11.81317663192749,1.2687118649482727,6.1225e-05
3552,609.9748780962198,1,-0.007572811403035118,14.31099534034729,1.2684647738933563,6.12e-05
3553,595.2923077498704,1,-0.00011165287780734445,70.7701187133789,1.2683304846286774,6.1175e-05
3554,597.0709062759419,1,-0.0026254925219211245,63.13386631011963,1.2681902945041656,6.114999999999998e-05
3555,610.3925300904914,1,-0.007225002190751617,10.139694929122925,1.2679839432239532,6.1125e-05
3556,608.1148331011711,1,-0.004966122540251305,19.841585636138916,1.267346441745758,6.11e-05
3557,608.0982187972677,1,-0.010739787973257364,9.228118658065796,1.2665955424308777,6.1075e-05
3558,592.3337515023054,1,0.0010287126102150879,23.541121006011963,1.2659977674484253,6.104999999999999e-05
3559,585.9804776094596,1,-0.001466117857251703,151.79796600341797,1.2655010223388672,6.1025e-05
3560,613.9097817505098,1,-0.00809498887127802,15.704123973846436,1.2651152312755585,6.0999999999999985e-05
3561,613.5939227142073,1,-0.0054945535151880165,29.24889898300171,1.264763742685318,6.097499999999999e-05
3562,605.5878217057859,1,-0.0029875077571805964,18.313072204589844,1.2644518613815308,6.094999999999999e-05
3563,608.7359895467856,1,-0.01114694437231023,29.207988262176514,1.2640417218208313,6.0925e-05
3564,609.8455336027173,1,-0.01004548486406831,14.927405595779419,1.263682782649994,6.0899999999999996e-05
3565,613.3032442528411,1,-0.0020587750735807653,33.31417655944824,1.2632674276828766,6.0875e-05
3566,598.1719130593465,1,-0.0012869865202418396,51.31627941131592,1.2629109919071198,6.084999999999999e-05
3567,604.510545301247,1,-0.010798128830543874,12.354137659072876,1.2626321613788605,6.082499999999999e-05
3568,598.6756657603642,1,-0.008859967580065131,43.5365571975708,1.262401968240738,6.0799999999999994e-05
3569,605.0451602584614,1,-0.0036752195838332113,22.605314254760742,1.2622053921222687,6.077499999999999e-05
3570,547.3510567109538,1,0.0005247770334655399,1046.7250671386719,1.2618545591831207,6.075e-05
3571,544.4941772711397,1,-0.001548946390483641,944.6660919189453,1.2615753710269928,6.0725e-05
3572,606.5565559355441,1,-0.0074629918111626115,13.502410650253296,1.261284053325653,6.0699999999999985e-05
3573,608.4820053146248,1,-0.005949453230607915,14.057844161987305,1.2607248425483704,6.067499999999999e-05
3574,610.3714236120929,1,0.0037826050104872166,28.117588996887207,1.260147750377655,6.064999999999999e-05
3575,603.5296373037994,1,-0.010122356436323088,168.89502334594727,1.2597406506538391,6.0624999999999996e-05
3576,554.2072851621064,1,-0.0063512978197719505,644.5195770263672,1.2594208717346191,6.0599999999999996e-05
3577,606.2191988668353,1,-0.007231834111735225,16.919066429138184,1.2590590119361877,6.0575e-05
3578,570.5659207379338,1,0.0016443161678783014,332.6549530029297,1.2582549750804901,6.054999999999999e-05
3579,597.8570844702997,1,-9.605487963604276e-05,65.70916557312012,1.2576030492782593,6.052499999999999e-05
3580,603.4170452769373,1,-0.0062829399766002325,6.383230924606323,1.2571321427822113,6.049999999999999e-05
3581,612.3860062947595,1,-0.006314339626651844,23.905314922332764,1.2567400336265564,6.047499999999999e-05
3582,587.5160821356632,1,-0.002528623639767247,67.00567054748535,1.2564427554607391,6.045e-05
3583,609.7969922153993,1,-0.005376151213163816,18.138306617736816,1.256236970424652,6.0425e-05
3584,597.7194093104922,1,-0.0031397591599002794,25.995680332183838,1.2561587989330292,6.0399999999999984e-05
3585,605.7102266856367,1,-0.008771879003486749,24.00424098968506,1.2561003863811493,6.037499999999999e-05
3586,591.1267718602544,1,-0.0027922133923019565,83.12746238708496,1.255971759557724,6.034999999999999e-05
3587,608.8785531130792,1,-0.0015345841373068936,19.239286422729492,1.2558794617652893,6.0324999999999996e-05
3588,607.836828296722,1,-0.003971358283359372,10.24476933479309,1.255756288766861,6.0299999999999995e-05
3589,607.6405246388986,1,-0.004287124824864819,12.97364091873169,1.255453884601593,6.0275e-05
3590,594.7296800945011,1,-0.0024494153717320444,46.716270446777344,1.2551731169223785,6.024999999999999e-05
3591,602.5020162978391,1,-0.007014621281995481,14.281923055648804,1.2548564970493317,6.022499999999999e-05
3592,586.6544721005101,1,0.00043612513676105635,145.17933654785156,1.2545581459999084,6.019999999999999e-05
3593,613.7785958679254,1,-0.005009081197419718,23.217894554138184,1.2543312013149261,6.017499999999999e-05
3594,610.5623493111204,1,-0.006934116363819243,10.963021039962769,1.2541429102420807,6.015e-05
3595,612.6560806174331,1,-0.006465771831294376,31.090881824493408,1.2539477050304413,6.0125e-05
3596,607.27755113841,1,-0.0050267864900988,12.870000839233398,1.2537800073623657,6.009999999999999e-05
3597,607.4730061746993,1,-0.0026359145857648425,18.919750213623047,1.253522902727127,6.007499999999999e-05
3598,609.9185762096226,1,-0.013344964622096445,6.277364253997803,1.2531144618988037,6.004999999999999e-05
3599,602.3975643053242,1,-0.00035343309259960876,113.59988212585449,1.252394676208496,6.0024999999999995e-05
3600,607.2341364047521,1,-0.013448244587264346,8.104649782180786,1.2518603801727295,5.9999999999999995e-05
3601,607.8646095624638,1,-0.006259656757012788,20.458614349365234,1.2516185641288757,5.9975e-05
3602,602.6071271577945,1,-0.006604005632250498,74.91384506225586,1.2514497935771942,5.994999999999999e-05
3603,611.3172505451091,1,-0.007610507049744086,23.298951625823975,1.2513143122196198,5.992499999999999e-05
3604,610.7660058258889,1,-0.0043593914597295225,17.067696571350098,1.2511663138866425,5.989999999999999e-05
3605,610.8763719138536,1,-0.007266810595023543,11.300095558166504,1.2509881258010864,5.9875e-05
3606,546.561241611571,1,-0.003109607323583674,383.21988677978516,1.2508860528469086,5.985e-05
3607,606.5027307857647,1,-0.008329739799751934,32.089195251464844,1.2507895529270172,5.9825000000000004e-05
3608,602.5912197857076,1,-0.011589607863165874,33.91873550415039,1.250583529472351,5.979999999999999e-05
3609,538.5304768059995,1,-0.0008828928674722292,695.6492614746094,1.2503811120986938,5.977499999999999e-05
3610,604.6960055149057,1,-0.00021427006231533596,9.380153894424438,1.2501617670059204,5.9749999999999995e-05
3611,605.4226903173806,1,-0.0034227769183754475,11.26325249671936,1.2496110200881958,5.9724999999999995e-05
3612,610.0731867571003,1,-0.0028176676087934283,18.240610599517822,1.2491562962532043,5.97e-05
3613,610.6459741151832,1,-0.006204058645174371,15.785355567932129,1.2488261759281158,5.9675e-05
3614,609.6066966715492,1,0.0011870063608512282,11.895891189575195,1.248576134443283,5.9649999999999986e-05
3615,612.7639658808696,1,-0.0017056735036682369,11.694366216659546,1.2483658492565155,5.962499999999999e-05
3616,488.97362635670333,1,-0.0011584669470590114,2003.2677001953125,1.2481012642383575,5.959999999999999e-05
3617,609.7214908105732,1,-0.0005492579418024945,13.36081051826477,1.2478430569171906,5.9575e-05
3618,588.7764435193507,1,-0.004465329286176711,136.32098388671875,1.2474382817745209,5.955e-05
3619,612.7834669693353,1,-0.006643980935526983,27.916847229003906,1.2470941245555878,5.9525000000000004e-05
3620,595.0230292950714,1,-0.0012318345535524688,104.7931957244873,1.246845006942749,5.949999999999999e-05
3621,609.0651547689672,1,-0.00829946454528141,18.30140733718872,1.2466170191764832,5.947499999999999e-05
3622,608.0001514262915,1,-0.001595924721466635,17.306377410888672,1.2463525235652924,5.9449999999999995e-05
3623,593.7654326723672,1,-0.0002513251279854245,129.4880142211914,1.2461030781269073,5.9424999999999994e-05
3624,589.0804051284433,1,0.0012455046642578793,147.53721618652344,1.2458990812301636,5.94e-05
3625,570.9484627102768,1,-0.0003213574656308893,388.81583404541016,1.2457245588302612,5.9375e-05
3626,613.2895603795496,1,-0.0048690107112907555,22.455923080444336,1.2455514967441559,5.9350000000000006e-05
3627,582.031295858166,1,-0.0019665739945917693,246.74473571777344,1.245236575603485,5.932499999999999e-05
3628,611.5937954022723,1,-0.006377972578981428,17.752990245819092,1.2450070977210999,5.929999999999999e-05
3629,586.5048867732788,1,-0.005745612867878336,417.4883804321289,1.2448410391807556,5.9275e-05
3630,605.0471375908287,1,-0.012619797493917062,10.675627946853638,1.2446913123130798,5.925e-05
3631,544.0566998505458,1,-0.000809619653233451,1003.6202545166016,1.2445354759693146,5.9225e-05
3632,578.4292147452619,1,4.789916456005017e-05,144.26653671264648,1.2443967759609222,5.92e-05
3633,546.5163174382911,1,-0.0001546236705853854,1107.0928955078125,1.244301438331604,5.917499999999999e-05
3634,589.4199362539633,1,-0.0015403495864525496,186.02713775634766,1.244256317615509,5.9149999999999994e-05
3635,596.7264437328872,1,-0.0011409020909183276,48.43065547943115,1.244236022233963,5.9124999999999994e-05
3636,551.9986212594804,1,-0.00014337392763419388,726.9722442626953,1.2441985309123993,5.91e-05
3637,600.0532557336885,1,-0.0006101607096002937,20.492586612701416,1.2441298365592957,5.9075e-05
3638,601.0195837370545,1,-0.0003804514917984392,33.61535453796387,1.243934988975525,5.9050000000000006e-05
3639,560.8966083267213,1,0.0001090566329331466,422.01866149902344,1.243687778711319,5.902499999999999e-05
3640,610.4846928760369,1,-0.0038043139825783,29.05167055130005,1.2435033023357391,5.899999999999999e-05
3641,604.5386265205038,1,-0.0051480050561791835,59.64957046508789,1.2433398962020874,5.8975e-05
3642,567.5553849894198,1,-0.007281351766056154,337.7936553955078,1.2431751787662506,5.8949999999999996e-05
3643,605.1136831998026,1,-0.007189280465590198,14.85045838356018,1.2430062592029572,5.8925e-05
3644,492.6690114567385,1,-0.005338029388804344,1752.5595397949219,1.2427876889705658,5.89e-05
3645,441.3851051078256,1,-3.1535470389698617e-05,3168.8597412109375,1.2426210939884186,5.887499999999999e-05
3646,553.9858330497786,1,0.000454402204979068,305.98814392089844,1.2425150573253632,5.8849999999999994e-05
3647,606.9780187956991,1,-0.0022856170096634543,38.69199085235596,1.2424492835998535,5.882499999999999e-05
3648,610.4141526326252,1,-0.00045460800806118584,36.47217082977295,1.2423832416534424,5.88e-05
3649,588.7172040146841,1,-0.0024727687896781703,59.89614200592041,1.242282897233963,5.8775e-05
3650,613.034960723719,1,-0.0009365346283267684,39.91850185394287,1.2421827912330627,5.8750000000000005e-05
3651,602.9689502445939,1,-0.00582220669755662,104.38582992553711,1.242097795009613,5.872499999999999e-05
3652,586.2293087792918,1,-0.004161937237259439,156.11757278442383,1.2419800460338593,5.869999999999999e-05
3653,607.7260963781725,1,0.0010459263763289428,28.92923641204834,1.2418780028820038,5.8674999999999996e-05
3654,609.9838832550372,1,-0.00025466703183774086,40.138132095336914,1.2417973577976227,5.8649999999999996e-05
3655,568.346552847388,1,-0.001928412042826011,375.0189208984375,1.241726666688919,5.8625e-05
3656,470.1561541561383,1,0.00014274217006970957,1942.1702270507812,1.2416633665561676,5.86e-05
3657,598.4571630944522,1,-0.0026350909310135506,49.51302146911621,1.2416063249111176,5.857499999999999e-05
3658,609.3952211780845,1,-0.0007188794951176192,23.946056365966797,1.2414903342723846,5.854999999999999e-05
3659,576.0899684204965,1,-0.0001967907024669202,226.23011779785156,1.2413350939750671,5.852499999999999e-05
3660,599.5626670445738,1,-0.0024215559185964963,257.9295196533203,1.241239309310913,5.85e-05
3661,581.1713544923757,1,0.000331511127297901,185.8254165649414,1.241168588399887,5.8475e-05
3662,604.1523363603093,1,-0.006807891958118262,34.68478202819824,1.2410733699798584,5.8450000000000005e-05
3663,517.7230762153337,1,-0.004646819273364633,1218.1962280273438,1.2409553229808807,5.842499999999999e-05
3664,606.8326502507471,1,-0.0026768598406796684,29.343246459960938,1.2408765852451324,5.839999999999999e-05
3665,611.6121567898394,1,-0.0012557316202386204,32.97566223144531,1.240801990032196,5.8374999999999996e-05
3666,606.5122355680347,1,-0.0015547602139669436,21.108043670654297,1.240644484758377,5.8349999999999995e-05
3667,597.7441385026568,1,-0.0009906119263627389,40.43894577026367,1.2404335737228394,5.8325e-05
3668,599.2175620714041,1,-0.005108894680494913,19.458112716674805,1.240221381187439,5.83e-05
3669,611.2630727300221,1,-0.0013565009504930003,50.567955017089844,1.2399292588233948,5.827499999999999e-05
3670,607.8052713464295,1,-0.005337299246872984,23.737642288208008,1.2397112250328064,5.824999999999999e-05
3671,611.2566740336821,1,-0.003171641296761507,37.15273571014404,1.2394575774669647,5.822499999999999e-05
3672,602.8925716163045,1,-0.006249330073063053,14.604625701904297,1.2392175197601318,5.82e-05
3673,589.9211308911439,1,-0.005078240190844241,24.53805112838745,1.2389006316661835,5.8175e-05
3674,606.7040810289843,1,0.00118024117106863,16.708256721496582,1.238579511642456,5.8150000000000004e-05
3675,571.0919465117173,1,-0.003391148770848673,242.9454574584961,1.2382675409317017,5.812499999999999e-05
3676,552.490328340155,1,0.00012946791459045315,658.3226623535156,1.2380477488040924,5.809999999999999e-05
3677,606.9889034283754,1,-0.003613489106230716,26.525756359100342,1.237892985343933,5.8074999999999995e-05
3678,607.9025725344579,1,-0.0015556677596046953,21.7538480758667,1.2377138137817383,5.8049999999999995e-05
3679,582.4020872262167,1,-0.0009550224630539006,133.00466537475586,1.2375934720039368,5.8025e-05
3680,552.9166558242767,1,-0.0004820171006794105,365.54041290283203,1.2375309765338898,5.8e-05
3681,572.0779592481387,1,-0.0009459704299974447,526.8153076171875,1.237485647201538,5.7974999999999986e-05
3682,610.83505235236,1,-0.001634426400414668,33.129825592041016,1.2374360859394073,5.794999999999999e-05
3683,599.5468275512227,1,-0.0037936827542984775,25.737752437591553,1.2373388707637787,5.792499999999999e-05
3684,593.6255221848767,1,-0.004085322721193663,14.495943307876587,1.2371326386928558,5.79e-05
3685,604.4543673755077,1,-0.0006309018000170141,36.65197563171387,1.236806869506836,5.7875e-05
3686,597.6489080464779,1,-0.0024297035648492837,71.3365421295166,1.2366365790367126,5.7850000000000003e-05
3687,603.1748964808929,1,-0.0030928087944630533,29.184264183044434,1.236463874578476,5.782499999999999e-05
3688,597.1574767386658,1,-0.0026856551687655106,22.872031211853027,1.236079454421997,5.779999999999999e-05
3689,609.9299147856059,1,0.0010124956427155496,50.34647178649902,1.2356377243995667,5.7774999999999995e-05
3690,592.6160177995048,1,-0.0011669298222392044,43.5224084854126,1.2352947890758514,5.7749999999999994e-05
3691,607.6313079957793,1,0.00042883633577872615,42.96107292175293,1.2351049780845642,5.7725e-05
3692,546.2046343748732,1,-0.0022933558436974977,356.58689880371094,1.2349839806556702,5.77e-05
3693,600.3954550412964,1,-0.008668578359195322,6.5188599824905396,1.2348870933055878,5.7674999999999986e-05
3694,611.3163497141636,1,-0.0023193142573916248,31.6614089012146,1.2346594631671906,5.764999999999999e-05
3695,568.298615322848,1,-0.0006805312079976034,336.68963623046875,1.23443204164505,5.762499999999999e-05
3696,610.2251376957631,1,-0.002432451816275716,21.289381504058838,1.234268605709076,5.76e-05
3697,607.446548348966,1,-0.004429269767435073,14.17827296257019,1.234138309955597,5.7575e-05
3698,597.6982821992503,1,-0.0029114454186389693,91.45737648010254,1.2339347302913666,5.755e-05
3699,605.8326472497188,1,0.0003399584036540837,27.032921314239502,1.233699232339859,5.752499999999999e-05
3700,605.591654864862,1,-0.01222248721335717,9.19512391090393,1.2333740293979645,5.749999999999999e-05
3701,606.7953150558342,1,0.0009916165611318917,9.94423794746399,1.233050674200058,5.7474999999999994e-05
3702,605.2875792686888,1,-0.0003975784368073221,8.284888744354248,1.2327346801757812,5.7449999999999994e-05
3703,603.4331628293056,1,-0.0063520554905616144,16.404959201812744,1.2324772477149963,5.7425e-05
3704,600.6778945601981,1,-0.008260751574892922,8.724812746047974,1.2324548065662384,5.74e-05
3705,607.4757552005394,1,-0.010380093935369095,8.803130388259888,1.2327654659748077,5.7374999999999985e-05
3706,616.2401175526077,1,0.001321114478338714,25.30204439163208,1.233081966638565,5.734999999999999e-05
3707,565.0233739199708,1,-0.0001491185972621878,502.768798828125,1.2333232462406158,5.732499999999999e-05
3708,610.8271129904855,1,-0.0035646082865747886,13.181439876556396,1.2334965765476227,5.73e-05
3709,601.3898847441582,1,-0.006864897787302482,19.470277786254883,1.2336248457431793,5.7274999999999996e-05
3710,594.7124621686683,1,-0.00022832291130647775,71.38822937011719,1.2337207198143005,5.725e-05
3711,605.455503310361,1,-0.005954256780180245,8.688674211502075,1.2337243258953094,5.722499999999999e-05
3712,603.7807575289255,1,-0.009425886374497594,19.668184757232666,1.2334255576133728,5.719999999999999e-05
3713,570.0617056329952,1,0.0016073213811331755,323.9070739746094,1.2331168055534363,5.7174999999999994e-05
3714,602.919243555352,1,-0.005139902545833741,44.43834590911865,1.2329078316688538,5.714999999999999e-05
3715,603.5412897477188,1,-0.005808490194828764,30.036524772644043,1.2327656149864197,5.7125e-05
3716,589.5980901990258,1,-0.002933450828109363,238.7704200744629,1.232697755098343,5.71e-05
3717,509.9440407007939,1,0.004193183620159857,917.7173156738281,1.2326031625270844,5.7074999999999985e-05
3718,603.2752685275843,1,-0.006262382547455481,10.522854804992676,1.2325148582458496,5.704999999999999e-05
3719,555.9799768518118,1,-0.002176925539970398,265.1607666015625,1.23240327835083,5.702499999999999e-05
3720,609.7119109263928,1,-0.003008027208467823,21.2314395904541,1.2323009371757507,5.6999999999999996e-05
3721,607.7487412600514,1,-0.0015269799205590573,12.828824281692505,1.2321729362010956,5.6974999999999996e-05
3722,606.8078559053583,1,-0.001724007929971627,19.217923164367676,1.2319909930229187,5.695e-05
3723,593.3834724579608,1,-0.0006251832242334388,56.875359535217285,1.2317971587181091,5.692499999999999e-05
3724,601.231203097004,1,-0.005228159770475749,18.9317684173584,1.2316058576107025,5.689999999999999e-05
3725,572.7394987154847,1,0.0005003247382333598,254.09721755981445,1.2313812673091888,5.687499999999999e-05
3726,596.1928302373908,1,-0.006966750411185885,63.185343742370605,1.231218308210373,5.684999999999999e-05
3727,610.2674044178262,1,-0.005642192296429371,14.257311344146729,1.2310855388641357,5.6825e-05
3728,608.9279339646838,1,0.002161452211747239,22.52237844467163,1.2309805750846863,5.68e-05
3729,593.994508731653,1,-0.0011482458200924306,37.427489280700684,1.2308908998966217,5.6774999999999984e-05
3730,598.3116603704702,1,-0.0026300163545185384,59.227561950683594,1.2307969331741333,5.674999999999999e-05
3731,587.0594348258736,1,-0.0007415137432484897,60.46127700805664,1.2306972742080688,5.672499999999999e-05
3732,607.3034481487092,1,1.1047313748235865e-05,34.025784492492676,1.2306650876998901,5.6699999999999996e-05
3733,607.2638808210202,1,-0.004543219764645556,27.64249277114868,1.230648934841156,5.6674999999999995e-05
3734,572.4835822790533,1,-0.0005056730657138075,375.24403381347656,1.2306260466575623,5.665e-05
3735,559.1591959687262,1,-0.001268457705513093,581.0401916503906,1.230592131614685,5.662499999999999e-05
3736,609.7345017862667,1,-0.000930278406976015,40.51090145111084,1.2305495738983154,5.659999999999999e-05
3737,586.6798658689936,1,-0.0031478071094692694,40.92339038848877,1.2304388880729675,5.657499999999999e-05
3738,594.674577428852,1,0.0005584909739484445,42.24050807952881,1.2302746772766113,5.654999999999999e-05
3739,607.979044530218,1,-0.000842311980669308,50.760573387145996,1.2301057875156403,5.6525e-05
3740,591.272103685817,1,-0.0001981817840714939,62.793219566345215,1.2299613952636719,5.65e-05
3741,601.1860766524615,1,-0.007386245997622609,6.233708739280701,1.2297990918159485,5.6474999999999984e-05
3742,605.9556796377994,1,-0.0020417780634254257,9.97268533706665,1.2293740808963776,5.644999999999999e-05
3743,607.1025612670476,1,-0.0047317257310539595,17.05836272239685,1.2289815545082092,5.642499999999999e-05
3744,609.1685585074168,1,-0.007948686023222962,12.574289798736572,1.2286806106567383,5.6399999999999995e-05
3745,610.2138018527596,1,0.0014408929336990894,8.826807737350464,1.228388100862503,5.6374999999999995e-05
3746,603.7757635947212,1,-0.00689074285630209,12.05657172203064,1.2279691100120544,5.635e-05
3747,601.1572027442421,1,-0.0022233073541428894,28.133676052093506,1.227392166852951,5.632499999999999e-05
3748,602.0974669118398,1,-0.0029432516081593363,30.929238319396973,1.2269408106803894,5.629999999999999e-05
3749,605.5885593614637,1,-0.009710389638150296,11.62093472480774,1.2264297008514404,5.627499999999999e-05
3750,603.8925702078031,1,-0.006829917951571396,20.791175842285156,1.2256575524806976,5.625e-05
3751,590.1887240436023,1,0.0016140988490236374,163.17111587524414,1.2250292301177979,5.6225e-05
3752,603.5032090555742,1,-0.00195843333795942,19.05220651626587,1.2246034145355225,5.62e-05
3753,596.9729901370104,1,0.0012085705495366028,56.41717529296875,1.224317491054535,5.6175000000000003e-05
3754,611.224515944388,1,-9.305833331207936e-05,27.253644943237305,1.2241057753562927,5.614999999999999e-05
3755,461.0251115640518,1,-0.0005125280170301671,2652.488037109375,1.2239288091659546,5.6124999999999995e-05
3756,606.3494016371772,1,-0.00017033839211699764,25.660377502441406,1.2238044738769531,5.6099999999999995e-05
3757,594.4913290985289,1,-0.005135582497038271,83.76250839233398,1.223714530467987,5.6075e-05
3758,609.2474195169001,1,-0.00038208967830755114,19.791725158691406,1.2236230671405792,5.605e-05
3759,611.8848336786087,1,-0.0026975825280795007,10.765419006347656,1.22347953915596,5.6025000000000007e-05
3760,612.3822251526497,1,-0.0058196271226442775,16.1931734085083,1.223284900188446,5.599999999999999e-05
3761,596.5949595869819,1,0.0002555277813884871,19.58563995361328,1.2231005430221558,5.597499999999999e-05
3762,514.0267397440165,1,-0.002102119603659247,1258.1986694335938,1.222905158996582,5.595e-05
3763,578.8838702238105,1,-0.0008580773686395204,62.00270462036133,1.2227073907852173,5.5925e-05
3764,583.6512873585461,1,-0.001003295697732387,60.7623176574707,1.2223522365093231,5.5900000000000004e-05
3765,607.6774888280502,1,-0.00301553237744967,23.306199550628662,1.2220231592655182,5.5875e-05
3766,583.696646437976,1,0.0013658447590257916,90.01811599731445,1.22172212600708,5.584999999999999e-05
3767,611.3305282240399,1,-0.004461154641521858,20.84352970123291,1.2214855253696442,5.5824999999999995e-05
3768,610.3789333673299,1,-0.0014573380634956834,13.689471006393433,1.2212482392787933,5.5799999999999994e-05
3769,592.5155948775516,1,0.0014593072701245546,66.5158462524414,1.220964103937149,5.5775e-05
3770,602.3714442113658,1,-0.00966605509800722,13.262465238571167,1.2207438349723816,5.575e-05
3771,611.5852252587522,1,0.0029310685536332315,21.500895023345947,1.2204793095588684,5.5725000000000006e-05
3772,597.154620466634,1,-0.0019910274489323143,38.42484474182129,1.2202644348144531,5.569999999999999e-05
3773,595.3914856910504,1,-0.000695875204525187,47.38621807098389,1.2201104164123535,5.567499999999999e-05
3774,593.2492172828179,1,-0.0037299444957170635,45.91237831115723,1.2199821770191193,5.565e-05
3775,612.4682841679019,1,-0.0020228246475415546,29.385196208953857,1.2197987735271454,5.5625e-05
3776,605.2455965924189,1,-0.0062096615314299886,119.55838203430176,1.219640702009201,5.56e-05
3777,601.4852515783846,1,-0.011669085041999594,38.46869087219238,1.2195025086402893,5.5575e-05
3778,613.7808703881914,1,0.002579905177789499,39.51068305969238,1.2193562984466553,5.554999999999999e-05
3779,608.2110397321669,1,-0.0020478196449715824,20.60250473022461,1.2191961705684662,5.5524999999999994e-05
3780,599.4020504089615,1,-0.008048588376153631,10.075974464416504,1.2189691066741943,5.5499999999999994e-05
3781,574.417362009014,1,-0.006579191193095468,112.47602462768555,1.2188394665718079,5.5475e-05
3782,582.5116682455281,1,-0.0025154840065333417,89.8054428100586,1.2187531888484955,5.545e-05
3783,602.6579338829574,1,-0.005025668764978342,10.308538913726807,1.2187335789203644,5.5425000000000006e-05
3784,606.2748042053375,1,-0.0028141410838102843,25.862963676452637,1.2187548577785492,5.539999999999999e-05
3785,566.4258907529403,1,0.0031068988610059023,446.3339614868164,1.2186921536922455,5.537499999999999e-05
3786,609.2140644173652,1,-0.003560062372483408,23.898555755615234,1.2186191082000732,5.535e-05
3787,603.9650771929014,1,-0.0012543350280287413,12.404760599136353,1.2184624075889587,5.5324999999999996e-05
3788,605.1462227688378,1,-0.007309425732289654,12.111878633499146,1.218113362789154,5.53e-05
3789,599.2791625870008,1,-0.003949200994842972,19.836551666259766,1.2175619006156921,5.5275e-05
3790,602.0131993757,1,-0.0007282244348765232,30.856484413146973,1.2170509099960327,5.524999999999999e-05
3791,606.6983659051383,1,-0.0020896847288689457,8.424258589744568,1.2166424095630646,5.5224999999999994e-05
3792,602.3080579136204,1,-0.004924211347113516,19.26266860961914,1.2162527740001678,5.519999999999999e-05
3793,592.706338415468,1,-0.00482696284470574,124.11489295959473,1.215922623872757,5.5175e-05
3794,609.2269014494251,1,-0.003416265017255782,23.925597667694092,1.2157107293605804,5.515e-05
3795,596.971025329222,1,0.000657433989353251,43.29975891113281,1.215573012828827,5.5125000000000005e-05
3796,591.3902689338017,1,-0.0017350257180319684,122.4631404876709,1.2154009640216827,5.509999999999999e-05
3797,596.7105449374695,1,-0.0005946074454961092,35.635480880737305,1.2152535021305084,5.507499999999999e-05
3798,609.3005420670295,1,-0.006255082001811019,12.190660238265991,1.2150256931781769,5.5049999999999996e-05
3799,602.4500405856099,1,-0.006324954265306104,11.21903395652771,1.2146442830562592,5.5024999999999996e-05
3800,603.7601192563995,1,-0.007662367486310551,11.367669343948364,1.2143181264400482,5.5e-05
3801,605.8782472210512,1,-0.008133750391954742,7.985343098640442,1.2140427827835083,5.4975e-05
3802,604.3312031132765,1,0.0009945733127771916,5.017528414726257,1.213683009147644,5.494999999999999e-05
3803,593.7628623512169,1,-0.0010858140259983884,32.36604928970337,1.213342934846878,5.492499999999999e-05
3804,608.1683331716833,1,-0.00775275911603579,24.364248752593994,1.2130649387836456,5.489999999999999e-05
3805,537.9131397971507,1,0.005518117960873425,754.6036376953125,1.2128002047538757,5.4875e-05
3806,586.5318686246251,1,-0.0028951829707803967,83.42526054382324,1.2126077711582184,5.485e-05
3807,605.7471273802134,1,-0.005036680260673165,40.38394260406494,1.2124435603618622,5.4825000000000004e-05
3808,603.463837527334,1,-0.0060882461928146725,14.758699417114258,1.2122010290622711,5.479999999999999e-05
3809,610.1778866525127,1,-0.00818494157699412,7.209279894828796,1.2119061648845673,5.477499999999999e-05
3810,588.0269981140448,1,0.0023574677567612667,71.9512996673584,1.2115670144557953,5.4749999999999996e-05
3811,538.2924439005642,1,-0.0008167301944452809,797.7898712158203,1.2112813293933868,5.4724999999999995e-05
3812,597.0662653465179,1,-0.0035541400466829742,29.20702600479126,1.2110836803913116,5.47e-05
3813,605.2210611067998,1,-0.010611573699861765,9.646769523620605,1.2109909653663635,5.4675e-05
3814,612.0054276488157,1,-0.0031847453534492587,25.852375984191895,1.2110413014888763,5.464999999999999e-05
3815,611.9381884585646,1,-0.0053031778795862294,42.249361991882324,1.2110416889190674,5.462499999999999e-05
3816,556.8430910107763,1,0.0007467212121667899,342.56842041015625,1.2110013961791992,5.459999999999999e-05
3817,609.1996228484508,1,-0.0020984139450854755,19.75179386138916,1.2109572291374207,5.4575e-05
3818,574.5099529619205,1,0.0006794505404847939,164.72990798950195,1.2108533382415771,5.455e-05
3819,607.7491856167135,1,-0.00395220186712919,42.91447830200195,1.2107311189174652,5.4525000000000004e-05
3820,595.7172033094762,1,-0.003162528337931292,42.15681743621826,1.2105908393859863,5.449999999999999e-05
3821,606.8302409539976,1,-0.0040072191644604516,10.513092517852783,1.2104558944702148,5.447499999999999e-05
3822,609.4643978209222,1,0.0012958210897444644,23.577600479125977,1.2101216316223145,5.4449999999999995e-05
3823,502.75320314517194,1,0.00046341100959867987,1479.8788757324219,1.2098238468170166,5.4424999999999995e-05
3824,586.0544677416221,1,-0.0034711654332539865,179.21916580200195,1.2096177339553833,5.44e-05
3825,596.4470238935276,1,-4.274280415828002e-06,65.59121894836426,1.209472507238388,5.4375e-05
3826,610.8845709509999,1,-0.003069575730478391,21.370417594909668,1.2093197107315063,5.4349999999999986e-05
3827,612.6529956207512,1,-0.0034292025658828607,13.35180950164795,1.2091282904148102,5.432499999999999e-05
3828,614.0676223470142,1,-0.001285405974037701,20.11941385269165,1.2089150846004486,5.429999999999999e-05
3829,576.7474395335721,1,-0.0009955023982408662,164.34967803955078,1.2087218761444092,5.4275e-05
3830,596.6950699473884,1,-0.00678521429654122,31.869935989379883,1.208585262298584,5.425e-05
3831,610.1449855825324,1,0.0014522496625715142,39.33116340637207,1.2085074186325073,5.4225000000000003e-05
3832,612.3147620059417,1,-0.005022951168939471,24.127092838287354,1.2084404230117798,5.419999999999999e-05
3833,585.1698982274884,1,-0.0007251674298789368,97.9519100189209,1.2084073722362518,5.417499999999999e-05
3834,605.6331346736144,1,-0.00581462774425745,20.550784587860107,1.2084181904792786,5.4149999999999995e-05
3835,594.884089044377,1,0.003306185078274737,50.19887638092041,1.2083540558815002,5.4124999999999994e-05
3836,604.8032219097248,1,-0.006162546539249303,16.512001037597656,1.208234041929245,5.41e-05
3837,612.1602243247481,1,-0.0015109440532548035,22.905444622039795,1.208049327135086,5.4075e-05
3838,591.9697358198291,1,0.0016966082129616922,115.24120903015137,1.20783731341362,5.4049999999999986e-05
3839,596.3066188933632,1,-0.0027237495989531624,39.13802909851074,1.2076497972011566,5.402499999999999e-05
3840,585.1482145248913,1,-0.0032559035882204768,87.4828109741211,1.2074223458766937,5.399999999999999e-05
3841,612.0113973658238,1,-0.004077416469169037,28.374533653259277,1.207257717847824,5.3975e-05
3842,598.9131210823089,1,-0.0017787902555110868,11.988239288330078,1.2071431577205658,5.395e-05
3843,609.6989182795724,1,-0.004162401922936265,13.389498472213745,1.2070589661598206,5.3925e-05
3844,610.1737601543975,1,-0.0005136642631931587,18.907278537750244,1.2068960964679718,5.389999999999999e-05
3845,591.7201537598146,1,-0.005380824987650357,48.60657596588135,1.206691861152649,5.387499999999999e-05
3846,607.1323932624236,1,-0.0086856949600147,15.700126647949219,1.206524521112442,5.3849999999999994e-05
3847,607.9375340050051,1,-0.00033634528491788274,21.160601139068604,1.2064147293567657,5.3824999999999994e-05
3848,439.64563429413096,1,0.0013460621502545678,2854.766845703125,1.2062536478042603,5.38e-05
3849,606.49062583826,1,-0.005548419364020951,38.815080642700195,1.2061143517494202,5.3775e-05
3850,594.3118564894228,1,-6.519095206236614e-05,42.937249183654785,1.2059557139873505,5.3749999999999985e-05
3851,600.1027114085451,1,-0.010051245962015676,9.01407527923584,1.2057510316371918,5.372499999999999e-05
3852,547.6783163996145,1,0.0013869595247832933,718.4536590576172,1.2054120600223541,5.369999999999999e-05
3853,581.8489111847955,1,0.0018557993266679063,82.58136940002441,1.2051612436771393,5.3675e-05
3854,609.7057454729709,1,-0.00615676290948286,36.76158046722412,1.2050140798091888,5.3649999999999996e-05
3855,559.903454462527,1,-0.001065345258826511,513.4983215332031,1.2048927247524261,5.3625e-05
3856,603.453781803848,1,-0.010111214015369185,25.06025218963623,1.2047865390777588,5.359999999999999e-05
3857,601.5558008072632,1,-0.0030031549508828803,7.587859392166138,1.2046213448047638,5.357499999999999e-05
3858,607.4515348683154,1,-0.004007625337302478,51.83498191833496,1.2042504251003265,5.3549999999999994e-05
3859,610.3993213041764,1,-0.0032345247581240244,25.695202827453613,1.2038928270339966,5.352499999999999e-05
3860,607.3611181000655,1,-0.0038754126009798995,12.469803094863892,1.203607827425003,5.35e-05
3861,572.0231540718718,1,-0.0019440049723868924,121.11324310302734,1.2033662497997284,5.3475e-05
3862,129.9650884809073,1,-0.0009327457020731345,10367.915771484375,1.2031923532485962,5.3449999999999985e-05
3863,552.453728205332,1,-0.001127341447863195,516.0642013549805,1.2030738294124603,5.342499999999999e-05
3864,598.733263421819,1,-0.00610096405060645,35.073469161987305,1.202972173690796,5.339999999999999e-05
3865,542.5915363713109,1,-0.0028963630177369915,561.3025665283203,1.2028717398643494,5.3374999999999996e-05
3866,606.3802518909,1,-0.002970822114290783,23.580076217651367,1.2027906477451324,5.3349999999999996e-05
3867,610.0644436678334,1,-0.004712367231166414,13.486844301223755,1.2027019262313843,5.3325e-05
3868,585.961479071872,1,-0.0028517461307768777,55.33147430419922,1.2026574313640594,5.329999999999999e-05
3869,593.6910787707676,1,-0.0005170729932366669,49.08379554748535,1.202581912279129,5.327499999999999e-05
3870,602.214589163738,1,9.138550942422441e-05,40.22425651550293,1.2025302946567535,5.324999999999999e-05
3871,608.5401568502002,1,-0.0020566364891472233,15.069490671157837,1.2025092244148254,5.322499999999999e-05
3872,566.9155142377408,1,-0.00598735048339627,361.32376861572266,1.2024822533130646,5.32e-05
3873,593.7881775868524,1,-0.003382605474650191,72.88768768310547,1.2024394273757935,5.3175e-05
3874,586.4174558877824,1,-0.004017291305554949,45.51502227783203,1.2023314833641052,5.3149999999999984e-05
3875,586.2056881210897,1,-0.006906321673685767,63.74123764038086,1.2022381126880646,5.312499999999999e-05
3876,605.1479330412832,1,-6.241599772627282e-05,37.23330307006836,1.2021032571792603,5.309999999999999e-05
3877,609.8491329944238,1,-0.002870113273203856,43.6082878112793,1.2019573748111725,5.3074999999999996e-05
3878,608.0858178407495,1,-0.003037330177765085,29.758132457733154,1.2018367648124695,5.3049999999999995e-05
3879,609.3134698897059,1,-0.002261072157685007,47.892730712890625,1.2017623484134674,5.3025e-05
3880,604.5562802063876,1,-0.005035525340248204,10.022860288619995,1.2017335891723633,5.3e-05
3881,601.2289001723734,1,0.0004500454340572446,15.188423156738281,1.2018182575702667,5.297499999999999e-05
3882,577.5497079768601,1,1.2788177450318017e-06,142.11806869506836,1.2018924355506897,5.294999999999999e-05
3883,421.4204823054935,1,-0.00044258108852091027,3553.373291015625,1.2019154131412506,5.292499999999999e-05
3884,610.3791259022969,1,-0.0019331006821956542,46.122737884521484,1.2019151151180267,5.29e-05
3885,603.0102471705277,1,-0.0020126330660952263,15.444071769714355,1.2018816769123077,5.2875e-05
3886,611.7300770303514,1,0.0003185583994955721,14.99017858505249,1.2018360793590546,5.2850000000000004e-05
3887,590.5033568051574,1,-0.006620177259372362,19.551886081695557,1.2017614841461182,5.282499999999999e-05
3888,602.2040788318106,1,0.0015982378555357002,35.206172943115234,1.2016183733940125,5.279999999999999e-05
3889,612.7067746895123,1,-0.0009801851394715122,31.465893745422363,1.2013816237449646,5.2774999999999995e-05
3890,611.1316552365785,1,-0.0012259968897718743,32.84153938293457,1.2011087536811829,5.2749999999999995e-05
3891,582.9453486306187,1,-0.0024167309015394878,173.92880249023438,1.2008872330188751,5.2725e-05
3892,129.43162693150015,1,-0.0002761535250153102,10264.28662109375,1.2007335424423218,5.27e-05
3893,597.501976355376,1,-0.0010218162954380716,21.393025398254395,1.2006261050701141,5.2674999999999986e-05
3894,595.4289582490783,1,-0.0016891164915904255,76.13061904907227,1.2005214393138885,5.264999999999999e-05
3895,592.8747322448182,1,-0.002639559933284019,29.877580165863037,1.2004167437553406,5.262499999999999e-05
3896,94.36439194975156,1,0.000979204910646292,10262.973388671875,1.200357735157013,5.26e-05
3897,578.0666189760678,1,0.0003915914107199825,215.7312889099121,1.2003261744976044,5.2575e-05
3898,-57.98614148047983,1,5.710525854851767e-06,13230.46142578125,1.200320988893509,5.2550000000000003e-05
3899,588.2806212098459,1,-0.002699499216195278,111.19240951538086,1.2003201246261597,5.252499999999999e-05
3900,611.4534955993586,1,-0.0009883862367132679,68.51981925964355,1.2003187537193298,5.2499999999999995e-05
3901,608.5627694909732,1,-0.0020156756014344523,14.372372388839722,1.2003364861011505,5.2474999999999995e-05
3902,600.2211510575172,1,-0.0026592082305185727,42.84865951538086,1.2003957033157349,5.245e-05
3903,556.1928226354567,1,-0.0015297907580658077,458.5142517089844,1.2003778517246246,5.2425e-05
3904,569.6068279406987,1,-0.007526509636646139,212.1882209777832,1.2003677487373352,5.24e-05
3905,598.3267943725817,1,-0.0015123976814450657,45.088669776916504,1.200347125530243,5.237499999999999e-05
3906,601.7717002967072,1,-0.002196283283410594,10.511446237564087,1.2002418339252472,5.234999999999999e-05
3907,604.4157672124909,1,-0.003233124888522454,69.97171401977539,1.2000045478343964,5.2325e-05
3908,594.2859787313214,1,-0.0015688698217828367,31.267752170562744,1.1997953057289124,5.23e-05
3909,609.0605336427207,1,-0.005239826707672535,42.18548774719238,1.1996252536773682,5.2275000000000003e-05
3910,613.600639371151,1,-0.001549876281345064,56.108659744262695,1.1994920372962952,5.225e-05
3911,606.9573322410821,1,-0.00021183490752996192,15.546239137649536,1.1994169056415558,5.222499999999999e-05
3912,558.9830291511596,1,-0.00034092643274608037,431.0327835083008,1.1992937922477722,5.2199999999999995e-05
3913,598.5532853164915,1,-0.0015954897701574433,48.22439765930176,1.19919353723526,5.2174999999999994e-05
3914,596.184244060093,1,-0.007074113513728442,46.64561367034912,1.1991496980190277,5.215e-05
3915,612.5743575332094,1,-0.0019398006306090565,44.09882068634033,1.1991639137268066,5.2125e-05
3916,603.5307227711528,1,-0.003222732505528292,57.272979736328125,1.1991966366767883,5.2100000000000006e-05
3917,597.5691991260289,1,-0.0034398035802456484,13.742953062057495,1.1992232501506805,5.207499999999999e-05
3918,611.0530766365222,1,-0.0010945960801143073,47.72288227081299,1.1993336379528046,5.204999999999999e-05
3919,596.0232794328863,1,-0.0032307006851102216,60.212870597839355,1.1994162797927856,5.2025e-05
3920,611.0162703422707,1,-0.00039535488239472727,24.610287189483643,1.199467271566391,5.2e-05
3921,572.5667602839867,1,-0.002102962250845053,146.77032852172852,1.1993822753429413,5.1975e-05
3922,606.8516918953383,1,-0.0038943995187885605,14.543108940124512,1.1992807984352112,5.195e-05
3923,586.0448821375974,1,-0.0021359889776378926,115.40827178955078,1.1990844905376434,5.192499999999999e-05
3924,597.956778773738,1,-0.001983268412274697,25.5712628364563,1.1988769471645355,5.1899999999999994e-05
3925,598.3400690147066,1,-0.007864004496864752,23.67136859893799,1.1986281275749207,5.1874999999999994e-05
3926,602.1656736260422,1,-0.01613525048780673,4.78085720539093,1.198360949754715,5.185e-05
3927,606.2453690288654,1,0.0008504933398656433,14.330145120620728,1.1981728672981262,5.1825e-05
3928,585.1278244193805,1,-0.0005684485025874153,134.2633285522461,1.1979378163814545,5.1800000000000005e-05
3929,600.9606301986844,1,-0.013599818718999401,6.146644115447998,1.1977154314517975,5.177499999999999e-05
3930,604.7863727130114,1,-0.006276709992172558,14.337105751037598,1.1975306868553162,5.174999999999999e-05
3931,597.5329531812415,1,-0.0071264565784208145,23.133509159088135,1.1971626281738281,5.1725e-05
3932,608.9345245055049,1,-0.0009780065039528552,34.95574951171875,1.1967915892601013,5.1699999999999996e-05
3933,585.0374307539872,1,-0.00011044355849065823,191.11756134033203,1.1965178847312927,5.1675e-05
3934,604.5828035921819,1,-0.0007553332416811998,17.880041122436523,1.1962896883487701,5.165e-05
3935,615.7638875967317,1,-0.0015350866821002285,33.9741325378418,1.1960184872150421,5.162499999999999e-05
3936,599.2080124810866,1,-0.013490460280860983,10.181375980377197,1.1957422196865082,5.1599999999999994e-05
3937,559.1307483382783,1,0.00500851277689307,525.9365844726562,1.1955223679542542,5.157499999999999e-05
3938,581.2851754232415,1,0.001022250032594485,120.00026512145996,1.1953613460063934,5.155e-05
3939,590.1834525446199,1,-0.0024870006949644363,106.43721771240234,1.1952073574066162,5.1525e-05
3940,610.5921263115075,1,-0.002040321936128464,35.89522743225098,1.195104569196701,5.1500000000000005e-05
3941,554.1235541258571,1,-0.0004843248973287473,580.2371520996094,1.1950567364692688,5.147499999999999e-05
3942,590.144918441771,1,-0.002761446680365154,162.02631378173828,1.1950209438800812,5.144999999999999e-05
3943,607.8765485338621,1,-0.0005322812839771984,23.204708099365234,1.1949483752250671,5.1424999999999996e-05
3944,603.1839553215339,1,-0.0023025208564435573,14.434876680374146,1.1948361992835999,5.1399999999999996e-05
3945,609.1301807408655,1,-0.0001280542744019897,33.00247526168823,1.1947035193443298,5.1375e-05
3946,612.8683613159391,1,-0.0007923807486522882,30.79168128967285,1.1945851743221283,5.135e-05
3947,600.6271364117058,1,-0.0037161060501134102,34.74081325531006,1.1945123970508575,5.132499999999999e-05
3948,604.8797561547049,1,-0.0042438120796788326,7.025428533554077,1.1944332122802734,5.129999999999999e-05
3949,613.8381710350552,1,0.0026113030549943517,33.333003520965576,1.1941600441932678,5.127499999999999e-05
3950,604.6671582620758,1,-0.008379022773127076,10.44913911819458,1.1939332485198975,5.125e-05
3951,610.8500976789703,1,0.0002092862375260296,24.593688488006592,1.1937376260757446,5.1225e-05
3952,612.1969559725327,1,-0.0009786011483257084,20.587939739227295,1.193591982126236,5.1200000000000004e-05
3953,605.884671531331,1,-0.011529785641296586,9.158692836761475,1.1933982074260712,5.117499999999999e-05
3954,597.1798995504594,1,-0.0004409445349924379,28.79708433151245,1.1930200457572937,5.114999999999999e-05
3955,583.2368679233398,1,0.005092595238238573,198.33014297485352,1.1926498711109161,5.1124999999999996e-05
3956,604.9073525968588,1,-0.01013964569816972,87.57707214355469,1.1923657059669495,5.1099999999999995e-05
3957,609.4735199893473,1,-0.009189295385462648,19.81093406677246,1.1921372413635254,5.1075e-05
3958,603.8094589491398,1,-0.009070772611137201,11.411606311798096,1.1919350624084473,5.105e-05
3959,609.5225087299334,1,-0.0012947937833489576,9.530990839004517,1.1917392015457153,5.102499999999999e-05
3960,567.9498626897514,1,-0.006038773750574933,322.17504119873047,1.1913019716739655,5.099999999999999e-05
3961,535.8235264837864,1,-0.0011552151254898835,1143.8470153808594,1.1909405887126923,5.097499999999999e-05
3962,609.8594430952246,1,-0.0056506498405966,18.05021095275879,1.1906956732273102,5.095e-05
3963,604.4508916324857,1,-0.00738494487331165,9.90638017654419,1.1904665529727936,5.0925e-05
3964,606.3506993481539,1,-0.007317443428789261,11.525305986404419,1.190013974905014,5.0900000000000004e-05
3965,605.7183435374868,1,-0.0043504266607299336,14.736146688461304,1.189401000738144,5.087499999999999e-05
3966,592.8358805067968,1,0.0005105680964851977,43.70628356933594,1.188820093870163,5.084999999999999e-05
3967,600.7457168429415,1,0.0005237767818178085,185.26208877563477,1.1883997321128845,5.0824999999999995e-05
3968,613.9131204336514,1,-0.007901963234568044,19.478511810302734,1.1880780458450317,5.0799999999999995e-05
3969,603.7728340644148,1,-0.010145335513251474,7.813797235488892,1.1877450048923492,5.0775e-05
3970,609.5881976999985,1,0.0004912620732717699,23.412149906158447,1.187274694442749,5.075e-05
3971,574.2754883052515,1,0.0023303696681011843,250.33438110351562,1.1868838369846344,5.0724999999999986e-05
3972,611.7461753910186,1,-0.0050197164978360576,18.94706153869629,1.186627835035324,5.069999999999999e-05
3973,607.7912921645544,1,-0.0005546802654272653,13.02808666229248,1.1864345073699951,5.067499999999999e-05
3974,604.9875091579768,1,-0.00778251556231524,7.788553714752197,1.186316817998886,5.065e-05
3975,605.4144201246828,1,-0.007836114472916544,18.886940479278564,1.1861109733581543,5.0625e-05
3976,595.9771372919055,1,-0.0064993838812892335,29.5402250289917,1.185768187046051,5.0600000000000003e-05
3977,612.9568713773244,1,-0.00261956054600887,25.806625366210938,1.185477077960968,5.057499999999999e-05
3978,603.2662944204864,1,-0.006030203486708352,16.547724723815918,1.1851755678653717,5.054999999999999e-05
3979,596.1293395751954,1,-0.0017599176649980564,34.76240348815918,1.1848600208759308,5.0524999999999995e-05
3980,600.595180543114,1,-0.004410587545399913,23.9512300491333,1.1846534609794617,5.0499999999999994e-05
3981,603.1279940079713,1,-0.0100891619721164,18.056321620941162,1.1845648288726807,5.0475e-05
3982,613.0286259155705,1,-0.0038740495648461604,8.082803130149841,1.1845987141132355,5.045e-05
3983,600.8972048012142,1,-0.012586665650209383,15.639822483062744,1.1846288442611694,5.0424999999999986e-05
3984,595.4659635412879,1,0.0006757723795569603,50.67860126495361,1.1847173273563385,5.039999999999999e-05
3985,600.5642890004776,1,-0.004988764038055038,4.97929310798645,1.184760868549347,5.037499999999999e-05
3986,609.0054768058085,1,0.002382283016626463,13.306987047195435,1.1846355199813843,5.035e-05
3987,601.8104422729142,1,-0.014236558067866278,3.254875361919403,1.18449267745018,5.0325e-05
3988,601.9366571634669,1,-0.005678931666937448,12.720170021057129,1.1843544244766235,5.03e-05
3989,606.1338727720042,1,-0.0017233619645207199,10.769269943237305,1.1840915977954865,5.027499999999999e-05
3990,608.3276072731173,1,7.703326599972637e-05,37.6174430847168,1.1837424635887146,5.024999999999999e-05
3991,598.269889778018,1,-0.008436328265815973,45.4241304397583,1.1834388375282288,5.0224999999999994e-05
3992,591.8326614368721,1,-0.0012864424029515042,66.34857940673828,1.183201551437378,5.0199999999999994e-05
3993,589.0892753134132,1,-0.0017428181810577037,118.71955299377441,1.1830076277256012,5.0175e-05
3994,612.510012757497,1,-0.00616982264141086,24.772616863250732,1.182868778705597,5.015e-05
3995,598.7462745934968,1,-4.033041548012761e-05,41.05499267578125,1.1827676594257355,5.0124999999999985e-05
3996,597.9722779178885,1,-0.003807094020630064,26.57860517501831,1.1826465129852295,5.009999999999999e-05
3997,597.8192931973088,1,-0.0017231793920338134,21.82111358642578,1.1824494302272797,5.007499999999999e-05
3998,608.879586363264,1,-0.0014297771385649582,29.17496633529663,1.182297170162201,5.005e-05
3999,571.8205864125092,1,0.0004091536156032305,262.04418182373047,1.18220654129982,5.0024999999999996e-05
4000,605.4500460164854,1,-0.006300309190659603,10.517616510391235,1.1821027994155884,5e-05
4001,588.2694558031264,1,-0.004634420690890151,160.4501495361328,1.1818749904632568,4.9975e-05
4002,610.3584994614907,1,-0.0039022296147699365,26.04022455215454,1.181668907403946,4.994999999999999e-05
4003,606.3425771915666,1,-0.0039122591519520356,17.45835256576538,1.1814584136009216,4.9924999999999994e-05
4004,607.2849563395226,1,-0.003543683962526245,17.58206820487976,1.1812296509742737,4.989999999999999e-05
4005,608.3908075512757,1,-0.0012916345850264577,16.20119833946228,1.181002527475357,4.9875e-05
4006,575.0751072663896,1,-0.0006965006716455058,244.38389587402344,1.1807798147201538,4.985e-05
4007,592.5814521152071,1,-0.0009302347940061129,33.62178039550781,1.180610716342926,4.9825000000000005e-05
4008,607.7260809525436,1,-0.005566352549337239,10.415919303894043,1.1803465485572815,4.979999999999999e-05
4009,593.186764552807,1,-0.0007897714799343092,88.74118041992188,1.1798087656497955,4.977499999999999e-05
4010,592.8908588607892,1,0.0010702455705349223,74.07356262207031,1.1794005632400513,4.9749999999999996e-05
4011,558.926594260904,1,0.0012255637588260981,498.76696014404297,1.1791492104530334,4.9724999999999996e-05
4012,612.1816579801075,1,-0.0012204489687941411,12.666205644607544,1.1789648234844208,4.97e-05
4013,593.668249364419,1,-0.005351595735092474,26.000983715057373,1.178758591413498,4.9675e-05
4014,606.6396836043028,1,-0.0014004923530261948,27.494654178619385,1.1785933375358582,4.964999999999999e-05
4015,611.2721049918046,1,-0.004936642886605114,35.74514865875244,1.1784492433071136,4.962499999999999e-05
4016,583.3380109146301,1,5.794564931393964e-05,68.71441078186035,1.1783133149147034,4.959999999999999e-05
4017,610.8936736160223,1,-0.00079276748785162,37.40071105957031,1.1781777739524841,4.9575e-05
4018,549.6803389649981,1,-0.0003757567637725501,139.60941314697266,1.178037315607071,4.955e-05
4019,581.4366318312525,1,-0.0005479660662315311,167.76283264160156,1.1778805255889893,4.9525000000000004e-05
4020,605.9965125496592,1,-0.00614624027277344,8.786951541900635,1.1777335405349731,4.949999999999999e-05
4021,604.6455621058685,1,-0.012260612854102959,31.612992763519287,1.177496314048767,4.947499999999999e-05
4022,592.2954961683678,1,-6.518383979070563e-05,34.964322090148926,1.1773037612438202,4.9449999999999996e-05
4023,594.9086400576591,1,-0.0022861700492975423,62.47757530212402,1.1771425604820251,4.9424999999999995e-05
4024,604.7597199201269,1,-0.0016325926387388279,16.381297826766968,1.176994949579239,4.94e-05
4025,601.786588439142,1,-0.004759847181399879,49.82144069671631,1.1768763959407806,4.9375e-05
4026,606.7190417934161,1,-0.002256506330532204,5.881596207618713,1.176676094532013,4.9349999999999987e-05
4027,593.4536765283747,1,-0.0008626431574931814,22.89400863647461,1.1763551533222198,4.932499999999999e-05
4028,596.0879205527071,1,-0.008640513484451162,20.186293125152588,1.1761220693588257,4.929999999999999e-05
4029,608.9298214268839,1,-0.0016264320114509623,17.58728837966919,1.1759933531284332,4.9275e-05
4030,592.545233178415,1,-0.002211697555494385,41.8778600692749,1.1758568584918976,4.925e-05
4031,604.2022872728155,1,-0.003126661759928595,14.333260774612427,1.1756661236286163,4.9225000000000004e-05
4032,609.3323830813487,1,-0.0029890920191490977,18.43326997756958,1.1754217147827148,4.919999999999999e-05
4033,608.5361474405925,1,-0.0008190297415300307,26.178560256958008,1.1751819550991058,4.917499999999999e-05
4034,600.699623324604,1,-0.005491277623352442,11.567115783691406,1.1749430298805237,4.9149999999999995e-05
4035,598.0190446650506,1,-0.0033781897448199594,28.438937664031982,1.1745959222316742,4.9124999999999995e-05
4036,612.802392287176,1,0.00018486521662008926,38.550543785095215,1.174288123846054,4.91e-05
4037,608.0077872645314,1,-0.0031777766263323404,14.167104721069336,1.1740486025810242,4.9075e-05
4038,554.4755655603057,1,-4.982118110063993e-06,625.0093383789062,1.1737986505031586,4.9049999999999986e-05
4039,558.7342631845978,1,0.0011707274243235588,376.27540588378906,1.1736217737197876,4.902499999999999e-05
4040,592.3236866208903,1,-0.003209949221595565,21.347659587860107,1.173512578010559,4.899999999999999e-05
4041,561.8393797594915,1,0.0010801042854176046,396.9386672973633,1.1734248101711273,4.8975e-05
4042,603.9508418492516,1,3.916081459465204e-05,20.56782579421997,1.1733477711677551,4.895e-05
4043,610.8987842831186,1,-0.00015707595300895605,25.852330684661865,1.1732675731182098,4.8925e-05
4044,609.8896638940068,1,-0.0017798690233163939,28.451068878173828,1.173173427581787,4.889999999999999e-05
4045,578.4878586341576,1,0.0002653265446035391,199.32488632202148,1.1730944216251373,4.887499999999999e-05
4046,584.468528379357,1,-0.0007621972757512196,156.46827697753906,1.1730342209339142,4.8849999999999995e-05
4047,583.2312691208376,1,-0.0008335661008338491,203.0454978942871,1.1729679703712463,4.8824999999999994e-05
4048,583.8592242844204,1,-0.001900630750180099,56.92152786254883,1.172916203737259,4.88e-05
4049,600.3271051154068,1,-0.0057009537741254945,214.6174545288086,1.17286616563797,4.8775e-05
4050,607.4950248753661,1,-0.001300630184546625,21.77320432662964,1.1728128790855408,4.874999999999999e-05
4051,608.0340719953771,1,-0.000828482931504837,16.228291988372803,1.1727356612682343,4.872499999999999e-05
4052,572.8211958327288,1,-0.0015484929589248964,275.9059753417969,1.1726498305797577,4.87e-05
4053,594.9944183986578,1,-0.0032845887048118527,31.99958896636963,1.1725760102272034,4.8675e-05
4054,599.3843887124744,1,-0.004143983588172695,38.576215744018555,1.172485202550888,4.8650000000000003e-05
4055,599.4245337822665,1,-0.012444138659962745,15.393426895141602,1.1722642183303833,4.8625e-05
4056,610.8777940077953,1,-0.005373249118300727,14.914630651473999,1.171877920627594,4.859999999999999e-05
4057,607.0184895182002,1,-0.004033328562164318,13.96839690208435,1.1715565621852875,4.8574999999999995e-05
4058,612.4305896527849,1,-0.0016228368869359855,39.06918239593506,1.171314388513565,4.8549999999999994e-05
4059,607.5609177137337,1,-0.004845249891623826,19.883315086364746,1.1710822880268097,4.8525e-05
4060,606.1887562050022,1,-0.003921644182321771,25.988429069519043,1.1707330644130707,4.85e-05
4061,612.1258099782665,1,-0.00160679516781137,27.944868087768555,1.1704038381576538,4.8475000000000006e-05
4062,607.2435369044262,1,-0.009345749358384836,8.180236577987671,1.1700931191444397,4.844999999999999e-05
4063,599.6046220756922,1,0.0008329367208821381,22.923824310302734,1.1697660386562347,4.842499999999999e-05
4064,609.4994220905397,1,-0.006542454688594934,22.57528829574585,1.1695392429828644,4.84e-05
4065,603.5313895046503,1,-0.008014420185376014,12.24855089187622,1.1693966388702393,4.8375e-05
4066,614.3321127731106,1,-0.004214866319671273,26.401516914367676,1.1692385971546173,4.835e-05
4067,605.7297823395588,1,-0.002460458420243228,27.117849826812744,1.1691190898418427,4.8325e-05
4068,598.8240508328385,1,-0.004927865781198193,24.541573524475098,1.1690177619457245,4.829999999999999e-05
4069,564.4422299087582,1,-0.0010190801474201372,293.9006042480469,1.1690025627613068,4.8274999999999994e-05
4070,586.5513201756412,1,-0.0035519239000993963,220.75366973876953,1.1689970791339874,4.8249999999999994e-05
4071,606.2128335148286,1,-0.005933678305909851,12.606553792953491,1.1689794957637787,4.8225e-05
4072,580.1847495557683,1,0.0017001866111412411,195.43676376342773,1.1689507961273193,4.82e-05
4073,592.5004022310136,1,-0.0031690585367805113,78.66989707946777,1.1689223945140839,4.8175000000000005e-05
4074,605.8112752126036,1,-0.003765332540073718,11.538990259170532,1.1688706278800964,4.814999999999999e-05
4075,608.4927473212074,1,-0.0001655209294000315,25.59649896621704,1.1687195301055908,4.812499999999999e-05
4076,612.1549950123284,1,-0.0016153799761688958,22.912565231323242,1.1685689985752106,4.81e-05
4077,598.0666045700967,1,-0.0010126133558383543,20.20442247390747,1.1683625280857086,4.8074999999999996e-05
4078,596.5513207686195,1,-0.0039042527164463436,49.54882526397705,1.1680833399295807,4.805e-05
4079,606.239952891654,1,-0.006181658459784245,8.996409893035889,1.1678998172283173,4.8025e-05
4080,604.5056322746417,1,-0.014172266110439757,3.0114105343818665,1.1678963005542755,4.799999999999999e-05
4081,608.405834734529,1,-0.0038594385356791605,5.88433563709259,1.1681902706623077,4.7974999999999994e-05
4082,595.9878235719622,1,-0.0020405064961366293,82.83777618408203,1.168448954820633,4.794999999999999e-05
4083,581.8714234092633,1,-0.00194925330385054,156.0025749206543,1.168684959411621,4.7925e-05
4084,611.4056180505892,1,-0.002660167750568654,22.084714889526367,1.1688312590122223,4.79e-05
4085,609.315595631119,1,-0.006195065981176029,10.995192050933838,1.168777585029602,4.7875000000000005e-05
4086,601.1512320002959,1,-0.009740214312873974,71.97825241088867,1.1684389114379883,4.784999999999999e-05
4087,608.504146270034,1,-0.00196834319089767,16.908977508544922,1.168121188879013,4.782499999999999e-05
4088,596.7242636879406,1,-0.0017559837339966577,44.08048439025879,1.1679198741912842,4.7799999999999996e-05
4089,595.5504680917019,1,-0.0021946963799504005,39.31203556060791,1.1678538620471954,4.7774999999999996e-05
4090,603.8029835118134,1,-0.008034578140790671,9.623080015182495,1.1678535640239716,4.775e-05
4091,598.2936407366367,1,0.0013946489420000319,186.39058303833008,1.1678714752197266,4.7725e-05
4092,607.1963609488527,1,-0.011505690009587122,7.235168814659119,1.1678102910518646,4.769999999999999e-05
4093,612.5085650225366,1,1.05483350640867e-05,18.978923320770264,1.167525202035904,4.767499999999999e-05
4094,554.2333728155477,1,0.003860413063003554,1119.3651733398438,1.1672178506851196,4.764999999999999e-05
4095,605.2656737781095,1,-0.00447045386271494,30.30726385116577,1.1669699549674988,4.7625e-05
4096,609.5338884443408,1,0.0009869944522780116,16.342886924743652,1.1667076647281647,4.76e-05
4097,612.2695790449523,1,-0.005325619596987963,17.57033395767212,1.1664867401123047,4.7575000000000004e-05
4098,611.9668087450161,1,0.0006035549532086293,13.779046535491943,1.1663450300693512,4.754999999999999e-05
4099,497.17281466860254,1,-0.00288585092035909,1505.3249816894531,1.1662682890892029,4.752499999999999e-05
4100,602.0911553626096,1,-0.001963604166927979,26.375730991363525,1.1661952137947083,4.7499999999999996e-05
4101,599.7768963119354,1,-0.005507178441620297,79.08556938171387,1.1660361289978027,4.7474999999999995e-05
4102,601.5508568286142,1,-0.0027723768476530797,31.850075244903564,1.165869563817978,4.745e-05
4103,603.5468492294553,1,-0.0017564175855282471,26.591060161590576,1.16566801071167,4.7425e-05
4104,609.5845541951696,1,-0.007593710904522766,23.996535778045654,1.1654213070869446,4.739999999999999e-05
4105,606.659092134568,1,-0.005618413378083886,68.8611888885498,1.165198802947998,4.737499999999999e-05
4106,603.249662927985,1,-0.0010391445472264227,15.056272029876709,1.1650106608867645,4.734999999999999e-05
4107,586.4600970760021,1,-0.0029141101333842734,64.67999458312988,1.1647488176822662,4.7325e-05
4108,603.6708446223352,1,-0.006920326286682155,30.48530387878418,1.164526104927063,4.73e-05
4109,579.8025626480473,1,-0.0006978218308226758,197.52836990356445,1.1644013822078705,4.7275000000000004e-05
4110,607.7644616141765,1,-0.007780862674634514,14.421575546264648,1.1643164157867432,4.724999999999999e-05
4111,612.6589581656986,1,-0.005871213320203239,19.89795207977295,1.1642670631408691,4.722499999999999e-05
4112,599.7117103895739,1,-0.0053263859590515494,43.24489879608154,1.1642281711101532,4.7199999999999995e-05
4113,607.9517047307745,1,-0.013974997869534711,7.920102000236511,1.1642734706401825,4.7174999999999995e-05
4114,605.113376129829,1,0.0004141566792243978,9.422219514846802,1.1643255352973938,4.715e-05
4115,603.3086143963956,1,-0.010009255419534568,55.8184814453125,1.164308100938797,4.7125e-05
4116,600.2816475983644,1,-0.0005235927684617003,25.186222076416016,1.1643057465553284,4.7099999999999986e-05
4117,591.3581532010603,1,-0.006122577833092002,43.48325252532959,1.1642434895038605,4.707499999999999e-05
4118,611.6546173647645,1,0.002075823015926126,28.15962028503418,1.1640684008598328,4.704999999999999e-05
4119,613.2629863907633,1,3.6379293591792816e-05,24.511637210845947,1.1639549732208252,4.7025e-05
4120,605.5049201282943,1,-7.369483990693482e-05,16.28766965866089,1.1638818383216858,4.7e-05
4121,599.7610557621712,1,-0.00525550520978868,17.759562015533447,1.163847655057907,4.6975000000000003e-05
4122,597.9156305954095,1,-0.002671177444632633,15.072688341140747,1.163884162902832,4.694999999999999e-05
4123,576.854220357539,1,-0.0022954481292369877,176.13611602783203,1.163933426141739,4.692499999999999e-05
4124,612.2956649358159,1,0.0018212520539808708,20.41026496887207,1.1639613509178162,4.6899999999999995e-05
4125,597.4581393223618,1,-0.002643878508886033,55.073954582214355,1.1639012098312378,4.6874999999999994e-05
4126,602.0393950894936,1,-0.005975222353937326,12.504780530929565,1.163804978132248,4.685e-05
4127,597.8314291607203,1,-0.005920024840937899,35.208879470825195,1.1637450754642487,4.6825e-05
4128,604.3765718829995,1,-0.003166348059202573,22.667304039001465,1.1637402176856995,4.6800000000000006e-05
4129,599.4063274822806,1,0.00023195787175023241,39.25201225280762,1.1637196838855743,4.677499999999999e-05
4130,602.5715801718337,1,-0.0032324768771003765,33.84125328063965,1.1636707484722137,4.674999999999999e-05
4131,598.6901694059034,1,-0.0008406011745272224,34.432003021240234,1.1635579466819763,4.6725e-05
4132,606.1195139816688,1,-0.005699687533908371,10.638148546218872,1.1634463667869568,4.67e-05
4133,611.3940203339162,1,-0.0029963628538611786,21.11025094985962,1.1633195281028748,4.6675e-05
4134,608.5966365131046,1,-0.0008852785580319988,14.460331201553345,1.163188874721527,4.665e-05
4135,591.4249224145744,1,0.00022944232873811643,31.524402618408203,1.1630712747573853,4.662499999999999e-05
4136,587.8396276960539,1,0.0007558888497891658,89.08267021179199,1.1629901826381683,4.6599999999999994e-05
4137,598.7624147958061,1,-0.0075072571719911885,9.563769578933716,1.1629309356212616,4.6574999999999994e-05
4138,602.7460300945477,1,-0.004911608623972441,12.76012110710144,1.1629484593868256,4.655e-05
4139,609.312382979991,1,-0.002296817464340961,23.32224416732788,1.1628157496452332,4.6525e-05
4140,597.5845186497264,1,-0.0012058500017904095,100.59193801879883,1.1626566350460052,4.6500000000000005e-05
4141,600.6766702231325,1,-0.00129130433924729,17.806193351745605,1.1625808477401733,4.647499999999999e-05
4142,603.0563147522472,1,-0.004116304662872494,9.213593006134033,1.1625531911849976,4.644999999999999e-05
4143,595.0480941664093,1,-0.0055802476299167125,16.189976453781128,1.162662148475647,4.6425e-05
4144,591.1010424486924,1,-0.0016974179535673706,95.73078346252441,1.1628408432006836,4.6399999999999996e-05
4145,567.9085557716137,1,0.0018983008340001106,340.2386932373047,1.1629981696605682,4.6375e-05
4146,610.3356748773809,1,-0.008041426950049946,37.112056732177734,1.1630501449108124,4.635e-05
4147,608.2757365402008,1,-0.0007404291619028669,19.296770095825195,1.162861406803131,4.632499999999999e-05
4148,612.5724983546465,1,-0.0007683239541975695,47.10549354553223,1.1626629531383514,4.6299999999999994e-05
4149,607.5793883139337,1,-0.0035903243546338004,15.32742166519165,1.1625048518180847,4.627499999999999e-05
4150,592.9291002222994,1,-0.00787120216460746,23.661000728607178,1.1623488664627075,4.625e-05
4151,597.308175734268,1,-0.004217273090034723,23.282368183135986,1.162248581647873,4.6225e-05
4152,609.639892444226,1,-0.011233970324543208,11.217900037765503,1.1622167527675629,4.6200000000000005e-05
4153,615.8495180885642,1,-0.001651559456476548,46.360405921936035,1.162121742963791,4.617499999999999e-05
4154,610.4332333331433,1,-0.0015964974997402237,12.023717403411865,1.162003219127655,4.614999999999999e-05
4155,599.3288304311835,1,-0.005291973673073436,34.682573318481445,1.1617990136146545,4.6124999999999996e-05
4156,590.8078050808131,1,-0.002114867807318177,72.8779468536377,1.1616073846817017,4.6099999999999996e-05
4157,605.5812033619139,1,-0.009992763740857225,9.99578332901001,1.1614075601100922,4.6075e-05
4158,606.1038699129476,1,0.0016219777177219896,19.905588626861572,1.1611629128456116,4.605e-05
4159,602.2816317147807,1,-0.017610944519666383,6.6093679666519165,1.1608007848262787,4.602499999999999e-05
4160,611.4410454732317,1,-0.0057171555773281035,22.02186393737793,1.1601139903068542,4.599999999999999e-05
4161,610.1043598308802,1,-0.0032813949748580207,11.42044186592102,1.1594732701778412,4.597499999999999e-05
4162,611.9379802475335,1,-0.003241779862526606,19.69024658203125,1.1589051485061646,4.595e-05
4163,598.9788831533656,1,-0.0020991002986967544,19.195375442504883,1.158436119556427,4.5925e-05
4164,608.2842752626761,1,-0.0056479739877488555,12.824010133743286,1.1579798460006714,4.5900000000000004e-05
4165,588.8038753524706,1,-0.0016372831480104821,93.71880340576172,1.1575643420219421,4.587499999999999e-05
4166,605.6997536373491,1,-0.009449510485865176,7.41177773475647,1.1572485566139221,4.584999999999999e-05
4167,575.0297041508863,1,0.0002789237894766927,170.49778366088867,1.1569712162017822,4.5824999999999996e-05
4168,602.8627373674951,1,-0.00392753154651615,21.143235206604004,1.156761258840561,4.5799999999999995e-05
4169,592.6532959759897,1,-0.006070011079178372,16.157593965530396,1.1565662920475006,4.5775e-05
4170,593.454459896778,1,-0.0014916051532729568,23.135175228118896,1.15632826089859,4.575e-05
4171,610.0341307378935,1,-0.0030378162993267566,32.69563293457031,1.156173288822174,4.5724999999999987e-05
4172,577.0243959618488,1,0.0012979906469672287,194.78334426879883,1.1560742855072021,4.569999999999999e-05
4173,554.142751154797,1,-0.001018792949615488,330.5307846069336,1.156009316444397,4.567499999999999e-05
4174,609.9656995035424,1,-0.002439053131428892,22.969871520996094,1.1559435725212097,4.565e-05
4175,604.2508472762711,1,-0.001446899393124923,24.58890390396118,1.1558192372322083,4.5625e-05
4176,602.0669764684055,1,-0.004874111011824667,32.760125160217285,1.155668467283249,4.5600000000000004e-05
4177,604.4075463849082,1,-0.0004075148740652068,56.48379611968994,1.1554981768131256,4.557499999999999e-05
4178,588.1286775093785,1,0.0007758219060058913,113.35131454467773,1.1553112268447876,4.554999999999999e-05
4179,604.2791796971701,1,-0.0022665200211910985,18.16898250579834,1.1551584899425507,4.5524999999999995e-05
4180,601.8701184204749,1,-0.002358300178904038,35.96279811859131,1.1550116539001465,4.5499999999999995e-05
4181,604.5435881099679,1,-0.0034394138536573138,20.072267055511475,1.1547785997390747,4.5475e-05
4182,604.2117241204205,1,-0.0035777126075391408,8.609454154968262,1.1545189321041107,4.545e-05
4183,601.5386707233268,1,-0.007477720151655376,10.081716537475586,1.154304414987564,4.5424999999999986e-05
4184,602.3419956577005,1,0.00320961987433499,27.482149124145508,1.1540623903274536,4.539999999999999e-05
4185,575.8568645219857,1,-0.0016586840928844993,223.8976058959961,1.1538151800632477,4.537499999999999e-05
4186,605.9500416122232,1,-0.0053044451185702,17.712690830230713,1.1535975337028503,4.535e-05
4187,597.4083777698962,1,3.636363336578796e-05,29.357531547546387,1.1532537937164307,4.5325e-05
4188,588.2527289225404,1,-0.0003897449353527094,101.34309196472168,1.1529701352119446,4.53e-05
4189,586.2868900888391,1,-0.0012989156767027055,96.8609390258789,1.152802586555481,4.527499999999999e-05
4190,609.6607132896813,1,-0.0014219983590564311,32.96797752380371,1.1526885032653809,4.524999999999999e-05
4191,603.4937912015878,1,-0.0023113210309357868,11.312201261520386,1.1525215208530426,4.5224999999999995e-05
4192,609.4345391686513,1,-0.0012074437108662295,16.97822618484497,1.1522583961486816,4.5199999999999994e-05
4193,598.2079842833997,1,-0.007285804122734163,44.03509712219238,1.1519598066806793,4.5175e-05
4194,590.1054994405572,1,-0.0010842728138023006,81.51145553588867,1.1517151296138763,4.515e-05
4195,596.1742370734427,1,-0.0003977438891045182,51.99154853820801,1.1514979004859924,4.512499999999999e-05
4196,581.9099488909818,1,-0.0006120806128979694,76.38151741027832,1.1513331234455109,4.509999999999999e-05
4197,611.4952123832247,1,-0.005341088589290166,21.072945594787598,1.1512239277362823,4.507499999999999e-05
4198,616.7677304280862,1,-0.0025949028911753658,50.89496898651123,1.151100993156433,4.505e-05
4199,575.3090363049448,1,-0.0050451896273884245,228.78995895385742,1.1510210633277893,4.5025e-05
4200,604.0957574080903,1,-0.009372255897947213,6.245113372802734,1.1510147750377655,4.5e-05
4201,603.0910143095558,1,-0.005171673855295822,11.103872060775757,1.151109516620636,4.497499999999999e-05
4202,609.8989992693122,1,-0.0006230743544257678,15.468177795410156,1.1511590480804443,4.4949999999999995e-05
4203,608.6959360475507,1,-0.011858393157901048,7.116350889205933,1.151107907295227,4.4924999999999994e-05
4204,601.4624582138805,1,-0.002107326529637632,15.100810050964355,1.1509141027927399,4.49e-05
4205,606.7980126042687,1,-0.010202442561942249,4.633737087249756,1.1504461169242859,4.4875e-05
4206,592.0513925401901,1,-0.0006623201188631356,30.5014386177063,1.149651050567627,4.4850000000000006e-05
4207,606.2041103108359,1,-0.0083690122525506,9.777387857437134,1.148969054222107,4.482499999999999e-05
4208,607.2084538297486,1,-0.008276785301320366,16.40334939956665,1.148443877696991,4.479999999999999e-05
4209,597.9512185666487,1,-0.0050886650343373585,14.378813982009888,1.1480874717235565,4.4775e-05
4210,593.1973055003828,1,0.0015453069026349908,56.48126029968262,1.1478921175003052,4.475e-05
4211,596.2698871799855,1,0.003485136440889214,32.024935245513916,1.1477346420288086,4.4725e-05
4212,607.9829558712136,1,-0.0041420550353574725,23.016374588012695,1.1475749909877777,4.47e-05
4213,609.0798130182725,1,-0.006556366606114139,24.01838493347168,1.1474502384662628,4.467499999999999e-05
4214,590.1088830822855,1,-0.0015782421161709692,67.53226470947266,1.147372454404831,4.4649999999999994e-05
4215,608.3759748163625,1,-0.005644680287486992,17.51103687286377,1.1473095118999481,4.4624999999999994e-05
4216,607.1269478935105,1,-0.012670684873160809,9.321470975875854,1.1472291052341461,4.46e-05
4217,602.3383977084192,1,-0.0052551899338135755,13.747438907623291,1.1471594870090485,4.4575e-05
4218,601.9442650532527,1,-0.0015789560983527906,11.75419020652771,1.147091954946518,4.4550000000000005e-05
4219,602.2042485616752,1,-0.004173629885454888,35.640286445617676,1.1468688547611237,4.452499999999999e-05
4220,592.1206712013244,1,-0.0032099599133097456,65.96539497375488,1.1466510593891144,4.449999999999999e-05
4221,605.7148644135516,1,-0.016099870492788604,4.471756935119629,1.1464198231697083,4.4475e-05
4222,600.4684335175149,1,-0.008830508938608261,95.38402557373047,1.1461502313613892,4.4449999999999996e-05
4223,597.6281131888728,1,0.0005009347901001604,10.258595943450928,1.1459753513336182,4.4425e-05
4224,607.1810435829136,1,-0.0005578067707752155,5.408687114715576,1.145819514989853,4.44e-05
4225,612.114826893696,1,-0.004234247198329655,35.37098979949951,1.1455733478069305,4.437499999999999e-05
4226,606.6274846849174,1,-0.005888687571445672,13.022196531295776,1.145321100950241,4.4349999999999994e-05
4227,602.2309295364664,1,-0.0011124827154245231,12.937297105789185,1.1450005173683167,4.432499999999999e-05
4228,595.7308699510504,1,0.0020013042750570698,54.25075817108154,1.1444398760795593,4.43e-05
4229,609.548942035967,1,-0.0012467025414295563,23.658082962036133,1.1439831852912903,4.4275e-05
4230,565.2488430526573,1,0.0007991056103477945,264.34864807128906,1.143663614988327,4.4250000000000005e-05
4231,604.4632518335527,1,-6.588505564053548e-05,21.695303440093994,1.1434370577335358,4.422499999999999e-05
4232,592.8046897688421,1,-0.0027509060082753223,34.59395408630371,1.1432321071624756,4.419999999999999e-05
4233,610.8433619551605,1,-0.0005712895146245955,30.999842166900635,1.1430606245994568,4.4174999999999996e-05
4234,609.6643793147526,1,-0.0016581582839059195,20.880149841308594,1.142911821603775,4.4149999999999996e-05
4235,605.6720243763076,1,-0.002729290579599475,8.476990580558777,1.1428035199642181,4.4125e-05
4236,597.90494778484,1,-0.0007608960245910623,17.98303508758545,1.1427046358585358,4.41e-05
4237,604.740068020707,1,-0.010856219763425656,54.570722579956055,1.1425575613975525,4.407499999999999e-05
4238,615.2909971094085,1,-0.00048522882472923357,28.626850128173828,1.142449676990509,4.404999999999999e-05
4239,587.3313493085194,1,-0.004273441266910538,125.41626358032227,1.1423571705818176,4.402499999999999e-05
4240,612.1370588649645,1,-0.00249006205278679,28.57589817047119,1.1422504782676697,4.4e-05
4241,597.5268790102407,1,-0.00369969615928345,12.56179928779602,1.142068237066269,4.3975e-05
4242,610.6703924301127,1,-0.0022099195542431005,13.040645360946655,1.1418916881084442,4.3950000000000004e-05
4243,601.762800754316,1,0.0020420331903121536,15.19381833076477,1.1416656374931335,4.392499999999999e-05
4244,607.794873904022,1,-0.006790763349272311,11.921573638916016,1.1414496898651123,4.389999999999999e-05
4245,602.3749093404358,1,-0.008749567643231426,18.363496780395508,1.1411926746368408,4.3874999999999996e-05
4246,579.3223929575013,1,-0.0036924939719007455,189.27276992797852,1.1409468352794647,4.3849999999999995e-05
4247,613.2578445665266,1,-0.0006906283213972131,14.825752973556519,1.1407312750816345,4.3825e-05
4248,597.4873459420387,1,-0.0033131832861457156,22.95154047012329,1.1404878199100494,4.38e-05
4249,600.8371388261033,1,-0.004948487555208381,16.91711950302124,1.1402983665466309,4.3774999999999987e-05
4250,609.033831851948,1,-0.0025970064571421148,9.205472469329834,1.140171229839325,4.374999999999999e-05
4251,607.1748244482391,1,-0.0022375134996330814,11.422792196273804,1.1399639546871185,4.372499999999999e-05
4252,602.1278201627501,1,-0.00745494773145694,20.5630464553833,1.1398377120494843,4.37e-05
4253,601.4575753115183,1,-0.00457753493789248,17.94932460784912,1.139731079339981,4.3675e-05
4254,607.1542655577028,1,-0.0005883437016880322,22.289459228515625,1.1396105885505676,4.3650000000000004e-05
4255,606.2629844396114,1,-0.009576766825789562,8.101093888282776,1.1394889652729034,4.3625e-05
4256,602.2291709612647,1,-0.006705488050779973,10.478522777557373,1.1392744779586792,4.359999999999999e-05
4257,605.8892072131624,1,-0.0022289221556013317,6.579069256782532,1.1389983296394348,4.3574999999999995e-05
4258,608.2669438521972,1,-0.006432004137472802,7.3200541734695435,1.1384786069393158,4.3549999999999995e-05
4259,606.9298234458165,1,-0.0019554094030223013,17.73778772354126,1.1377155482769012,4.3525e-05
4260,581.5923359666469,1,0.0020209771633572515,194.32727813720703,1.1371135413646698,4.35e-05
4261,605.3749746143985,1,-7.656044657089467e-05,18.601765155792236,1.1366975605487823,4.3475000000000006e-05
4262,599.408494743267,1,-0.0015858872854019879,19.28966236114502,1.1363363862037659,4.344999999999999e-05
4263,583.5831515171797,1,-0.007122848877932242,344.1685028076172,1.1359662413597107,4.342499999999999e-05
4264,571.0804964421875,1,-0.00037397419793583353,355.8441696166992,1.1356898546218872,4.34e-05
4265,508.4366334277894,1,-0.0003461756863024634,1322.7739562988281,1.1355083286762238,4.3375e-05
4266,610.9103568444439,1,-0.0008064963068383779,29.92836284637451,1.1353780627250671,4.335e-05
4267,492.2980120300881,1,-0.00011137893257817666,2048.706085205078,1.1352432072162628,4.3325e-05
4268,585.0908243619997,1,-0.0007695589189822272,113.97710609436035,1.135139286518097,4.329999999999999e-05
4269,606.6511079600143,1,-0.003059374038869578,10.375514268875122,1.135048270225525,4.3274999999999995e-05
4270,607.7495534878228,1,9.262900020301501e-05,16.94371223449707,1.1349697709083557,4.3249999999999994e-05
4271,594.4871095346059,1,-0.00024131045798281292,62.63976192474365,1.134886771440506,4.3225e-05
4272,605.294494596398,1,-0.0024694885695044633,8.280432224273682,1.1348116397857666,4.32e-05
4273,594.6870022981814,1,-0.002186360528114051,44.38182544708252,1.1347296833992004,4.3175000000000006e-05
4274,599.223500811172,1,-0.0022114419812249153,21.505462169647217,1.1346106231212616,4.314999999999999e-05
4275,556.9996023610422,1,-0.002220009861496064,531.2679595947266,1.1344664692878723,4.312499999999999e-05
4276,606.0502395865248,1,-0.00298320322911394,21.853516101837158,1.134365737438202,4.31e-05
4277,592.7894783238148,1,0.0011013057775350887,58.464680671691895,1.1343386769294739,4.3075e-05
4278,581.4620595015497,1,-0.0025262034947193257,149.0964813232422,1.1343317031860352,4.305e-05
4279,609.9908259935764,1,-0.0015778064534632819,16.921093463897705,1.1343078911304474,4.3025e-05
4280,610.4109520701039,1,0.00015011489677974055,36.804283142089844,1.1342245936393738,4.299999999999999e-05
4281,548.595508175727,1,0.0008334633894264698,683.6635894775391,1.1341370344161987,4.2974999999999994e-05
4282,598.1869029413485,1,-0.00279518915438981,31.449728965759277,1.1340760290622711,4.2949999999999994e-05
4283,603.9112574280964,1,-0.0012314334643463987,17.445395469665527,1.1340235471725464,4.2925e-05
4284,609.3623187237916,1,-0.0012093743299494975,21.814696311950684,1.1339174807071686,4.29e-05
4285,604.4637595925797,1,-0.0019322543823037108,14.299174308776855,1.1337945461273193,4.2875000000000005e-05
4286,614.5751286418533,1,-0.00010439724848376741,37.42784309387207,1.1336442530155182,4.284999999999999e-05
4287,599.9021941334163,1,-0.0029174712089696797,15.341899633407593,1.13349848985672,4.282499999999999e-05
4288,614.6429122798354,1,0.000875644568997469,39.851136207580566,1.133262574672699,4.28e-05
4289,597.7850820721321,1,0.00018617510795593262,35.57448673248291,1.1330244839191437,4.2774999999999996e-05
4290,610.8123365672548,1,0.0002282507310020776,39.18867778778076,1.1327688097953796,4.275e-05
4291,583.6270672194851,1,-0.0018218729319254834,165.12543487548828,1.1325592994689941,4.2725e-05
4292,579.5292139210374,1,2.0645171421307396e-05,166.25954818725586,1.1324089467525482,4.269999999999999e-05
4293,603.5996944832125,1,-0.003422145111611208,15.690804243087769,1.1322952806949615,4.2674999999999994e-05
4294,603.0987487898775,1,-0.00683276478334216,8.311799049377441,1.1321756839752197,4.264999999999999e-05
4295,599.8398579553434,1,-0.0034821154549717903,32.88694190979004,1.1319567561149597,4.2625e-05
4296,611.497351073299,1,-0.0036710743179533267,17.02457857131958,1.1317153871059418,4.26e-05
4297,606.1966141068553,1,-0.009337491123005748,9.979864120483398,1.131553739309311,4.2575000000000005e-05
4298,596.1712079824908,1,-0.0017129845143273315,35.104148864746094,1.1314879059791565,4.254999999999999e-05
4299,600.9605485691234,1,-0.003266640368059903,15.677791833877563,1.1314188539981842,4.252499999999999e-05
4300,607.253925475329,1,-0.003224363810236497,17.24565839767456,1.131370723247528,4.2499999999999996e-05
4301,604.7595689589996,1,-0.0038072318420745432,7.93349015712738,1.1313235461711884,4.2474999999999996e-05
4302,588.4211795999986,1,-0.005898151971928556,147.2452850341797,1.131235271692276,4.245e-05
4303,609.040842489273,1,-0.012510912864582835,6.89097797870636,1.1311069428920746,4.2425e-05
4304,609.7655021572779,1,0.0006512010064776419,20.056416511535645,1.1308700442314148,4.239999999999999e-05
4305,600.5304101956374,1,0.0017211581078555582,19.392269611358643,1.1306609213352203,4.237499999999999e-05
4306,613.4261509287221,1,-0.0011195978871665346,37.89461421966553,1.1304776668548584,4.234999999999999e-05
4307,595.6258261925359,1,-0.010030036559328437,9.218666791915894,1.1302998661994934,4.2325e-05
4308,569.003032260947,1,-0.00020634052463286423,354.3407669067383,1.1300936937332153,4.23e-05
4309,610.5219598086518,1,-0.006687843227618728,14.87568187713623,1.1299498081207275,4.2275000000000004e-05
4310,607.6217966737561,1,-0.0013021311354428633,14.572622776031494,1.129847228527069,4.224999999999999e-05
4311,516.7429514077129,1,3.399722532826388e-05,442.75760650634766,1.1297487616539001,4.222499999999999e-05
4312,579.817635425182,1,-0.0005404408191687082,306.13037109375,1.129661202430725,4.2199999999999996e-05
4313,604.2153425113237,1,-0.004246255990842163,7.949803590774536,1.129536747932434,4.2174999999999995e-05
4314,610.0259553317331,1,-0.0016911040176630365,5.885900020599365,1.129200965166092,4.215e-05
4315,610.6334612790995,1,-0.003016609078018817,18.268025398254395,1.1287382543087006,4.2125e-05
4316,604.9160402994762,1,-0.0016251092191932326,14.853300333023071,1.1283198595046997,4.2099999999999987e-05
4317,594.2290010745854,1,-0.004654194289734015,29.452728271484375,1.1279146075248718,4.207499999999999e-05
4318,582.5541145726633,1,-0.0009990204408742986,65.52688598632812,1.1275863945484161,4.204999999999999e-05
4319,593.0456470161955,1,-0.0022138539186151718,71.77889251708984,1.1273236572742462,4.2025e-05
4320,608.4888934865821,1,7.249499407713245e-05,11.967660665512085,1.1271407008171082,4.2e-05
4321,568.300371671462,1,-0.0015653470226255628,252.36713790893555,1.1269417703151703,4.1975000000000004e-05
4322,608.4994059367748,1,-0.003187905315792605,10.155633449554443,1.1267911493778229,4.194999999999999e-05
4323,598.1280838456739,1,-0.007534010657532786,15.914844751358032,1.1266669631004333,4.192499999999999e-05
4324,601.0581763452342,1,-0.008371974252873393,147.6613655090332,1.126609444618225,4.1899999999999995e-05
4325,608.790037828671,1,-0.0010422030121421955,28.830088138580322,1.1265451908111572,4.1874999999999995e-05
4326,614.3214079742869,1,2.8351359517841956e-05,37.295331954956055,1.1264574825763702,4.185e-05
4327,612.6588980933382,1,5.560547433347551e-05,48.71391773223877,1.1263610422611237,4.1825e-05
4328,605.1296974850512,1,-0.00219257430937958,13.135298013687134,1.126279503107071,4.1799999999999986e-05
4329,590.5392095580464,1,-0.00024284016762976535,104.84792709350586,1.126132756471634,4.177499999999999e-05
4330,611.2136792561662,1,-0.0033714721906150658,15.129151582717896,1.1259869635105133,4.174999999999999e-05
4331,578.429400288659,1,-0.0016464824214370566,194.72839736938477,1.1258647441864014,4.1725e-05
4332,593.7938986915913,1,-0.001565773873484666,22.75410747528076,1.1257844865322113,4.17e-05
4333,589.2541132012855,1,-0.0024413327778818328,70.60941886901855,1.1257369816303253,4.1675e-05
4334,594.1845236248548,1,-0.0027321165807423498,37.19478893280029,1.1257023215293884,4.164999999999999e-05
4335,589.7817469459103,1,-0.0026334472670992426,94.92732238769531,1.125698059797287,4.162499999999999e-05
4336,607.262654764306,1,-0.002184540591805728,22.887943744659424,1.1256710290908813,4.1599999999999995e-05
4337,606.5603726062866,1,-0.0022560249045702196,8.982567071914673,1.1255878508090973,4.1574999999999994e-05
4338,613.1946515083375,1,-0.0008925232789436244,13.529796600341797,1.1254916191101074,4.155e-05
4339,608.7256636143941,1,-0.00038981056729681107,10.335182428359985,1.125341922044754,4.1525e-05
4340,597.689564990714,1,-0.007818651984928593,7.3742436170578,1.12513467669487,4.1499999999999986e-05
4341,611.8351150312569,1,-0.0010902668263774729,14.192386150360107,1.1249789595603943,4.147499999999999e-05
4342,608.2853381826401,1,-0.008621205253380282,13.693471670150757,1.1248303353786469,4.144999999999999e-05
4343,586.062926092008,1,0.0009419588532821876,98.1887378692627,1.1247017979621887,4.1425e-05
4344,611.6110753466915,1,-0.007754398521941042,14.101064443588257,1.1245978474617004,4.14e-05
4345,608.8285990152792,1,0.0019743283135964518,12.833190441131592,1.1245373785495758,4.1375e-05
4346,605.4616619148164,1,-0.007513209843551749,5.954742193222046,1.1244145929813385,4.134999999999999e-05
4347,607.3379510641391,1,-0.00028571655041886856,6.9809592962265015,1.1242076754570007,4.1324999999999995e-05
4348,594.1342007725583,1,0.0029290297674826604,54.087525367736816,1.1237745583057404,4.1299999999999994e-05
4349,600.7488872861525,1,-0.00035692474328374857,25.2650465965271,1.1233773529529572,4.1274999999999994e-05
4350,601.2804168298437,1,-0.005294318452731872,8.562037706375122,1.1230140626430511,4.125e-05
4351,610.193716682373,1,-0.0064362019502546275,9.62315058708191,1.1226556599140167,4.1225e-05
4352,607.183850865282,1,-0.006303610307612395,16.157888174057007,1.1223741471767426,4.119999999999999e-05
4353,606.1689925349202,1,-0.004996027778057854,9.165136814117432,1.1221673786640167,4.117499999999999e-05
4354,607.2750156109214,1,-0.008497896552382755,5.140143871307373,1.121963083744049,4.115e-05
4355,608.1152636024483,1,-0.002135398978516889,13.074559211730957,1.1217857003211975,4.1125e-05
4356,603.318581322037,1,-0.013977858125818532,8.601518392562866,1.121623545885086,4.11e-05
4357,607.8139389663179,1,4.9395599043045024e-05,15.962923765182495,1.1214055120944977,4.1075e-05
4358,606.2353042689605,1,-0.005438581203904391,19.376144409179688,1.1211507022380829,4.104999999999999e-05
4359,572.09683445562,1,0.0026734137125963287,254.85922241210938,1.1209058165550232,4.1024999999999994e-05
4360,601.3277824928913,1,-0.0024801017184872265,34.783915519714355,1.1207369565963745,4.0999999999999994e-05
4361,613.3961843075398,1,0.0019427180523052812,23.103643894195557,1.1206333339214325,4.0975e-05
4362,595.9725930816434,1,-0.0019539321957244837,39.839640617370605,1.1205414533615112,4.095e-05
4363,611.3744099332889,1,-0.005986223628968723,13.352663278579712,1.1204375326633453,4.0925000000000005e-05
4364,580.0843895001112,1,-0.000567287726449095,186.27114868164062,1.1203274428844452,4.089999999999999e-05
4365,588.5277827368891,1,-0.0007886046400276125,61.23451042175293,1.1202403008937836,4.087499999999999e-05
4366,606.3888896893694,1,-0.00512645725283889,10.814214706420898,1.1201773881912231,4.085e-05
4367,603.381861581108,1,0.00036782652682232353,18.526498317718506,1.120102345943451,4.0824999999999996e-05
4368,608.4455661396771,1,-0.005007782450842768,13.98771595954895,1.1199870705604553,4.08e-05
4369,604.8217926153998,1,-0.010443386531228005,9.096890926361084,1.1198391020298004,4.0775e-05
4370,608.9680622393815,1,-0.00027795897479343523,8.086052894592285,1.119786024093628,4.074999999999999e-05
4371,521.1627802802216,1,-0.000989246530465504,571.7009887695312,1.119706004858017,4.0724999999999994e-05
4372,600.4627339938414,1,0.00013468558845275425,35.83817768096924,1.1196282505989075,4.069999999999999e-05
4373,590.6743681276346,1,-0.0017786802383947808,55.52095890045166,1.11956125497818,4.0675e-05
4374,609.6967037696196,1,-0.0007159249023214187,14.122602939605713,1.1195050179958344,4.065e-05
4375,606.6246660221889,1,-0.005639450040392013,10.587693214416504,1.119379073381424,4.0625000000000005e-05
4376,603.6185677397077,1,-0.002747632041369741,10.692512035369873,1.1191741824150085,4.0600000000000004e-05
4377,608.8209050536565,1,-0.003227040847051832,23.294033527374268,1.1188699901103973,4.057499999999999e-05
4378,606.180787943413,1,-0.0007830852749810546,17.0722599029541,1.1185829639434814,4.0549999999999996e-05
4379,599.8230779100529,1,-0.0009068277169055339,52.14449596405029,1.1182150542736053,4.0524999999999996e-05
4380,595.3290703239924,1,-0.00864373651522854,14.776176452636719,1.117872953414917,4.05e-05
4381,602.5551559940801,1,0.0009366916780759738,36.73676872253418,1.1176382303237915,4.0475e-05
4382,607.0314496872802,1,-0.007431857671623021,3.3797909021377563,1.117409586906433,4.045000000000001e-05
4383,581.9591683527093,1,-0.0023716872787868937,100.58424186706543,1.1169005334377289,4.042499999999999e-05
4384,609.1995875250626,1,-0.0032127972100290947,8.539912223815918,1.1164406538009644,4.039999999999999e-05
4385,604.4759255949195,1,-0.001976135626054143,19.176377296447754,1.1160379350185394,4.0375e-05
4386,606.4486759989134,1,-0.004163645396801474,16.995126724243164,1.1157142519950867,4.035e-05
4387,610.6125125122935,1,0.00024020848842809528,18.850112915039062,1.1154945194721222,4.0325000000000004e-05
4388,610.4517786992277,1,-0.0014200098164609543,7.772195935249329,1.115312546491623,4.0300000000000004e-05
4389,609.7126663793057,1,-0.004538137000054121,6.670097231864929,1.115117460489273,4.027499999999999e-05
4390,598.3035014180861,1,-0.00662421632247856,57.86446952819824,1.114958941936493,4.0249999999999996e-05
4391,594.5567557757204,1,-0.0007414326310186681,45.92183971405029,1.1148358583450317,4.0224999999999995e-05
4392,609.133337358298,1,-0.005286383707261422,8.620073080062866,1.114697277545929,4.02e-05
4393,611.2479851531409,1,-0.002081953604759601,13.273653745651245,1.1145427525043488,4.0175e-05
4394,596.7953500068161,1,0.0004490027426022891,83.21234130859375,1.1144272983074188,4.015000000000001e-05
4395,605.4028401157275,1,-0.0009522090637161806,35.91023063659668,1.114319920539856,4.012499999999999e-05
4396,593.1464249009642,1,-0.002242376910434274,39.55806922912598,1.1141902208328247,4.009999999999999e-05
4397,597.8747880570558,1,-0.001330164317782323,36.539377212524414,1.1140337586402893,4.0075e-05
4398,602.945593050006,1,-0.006207867887698892,11.386862993240356,1.1138391494750977,4.005e-05
4399,596.9740386032355,1,-0.0020497591592310016,21.196398735046387,1.1135945320129395,4.0025000000000004e-05
4400,602.3265646570046,1,-0.0038184528059156952,19.173288822174072,1.1133674383163452,4e-05
4401,605.9269675281174,1,-0.0003383131543159834,18.363079071044922,1.113157957792282,3.997499999999999e-05
4402,605.0271805468491,1,-0.0031292315480246913,7.559181332588196,1.1129845678806305,3.9949999999999995e-05
4403,607.5272121410218,1,-0.00219556696785439,15.91393756866455,1.112853318452835,3.9924999999999995e-05
4404,598.0897476597495,1,-0.001624265719093021,18.729681491851807,1.1127740144729614,3.99e-05
4405,609.6068111958734,1,-0.0028731599367057825,5.8187867403030396,1.1126221716403961,3.9875e-05
4406,610.266674669471,1,0.00023197735998081725,10.844555377960205,1.1123583316802979,3.9850000000000006e-05
4407,604.0330077312442,1,-0.008388049135516606,5.788883447647095,1.1121121942996979,3.982499999999999e-05
4408,600.3359444418576,1,-0.01191933950493862,7.815325379371643,1.1117108464241028,3.979999999999999e-05
4409,592.1270256208007,1,-0.00074492053785713,11.924022436141968,1.1113350689411163,3.9775e-05
4410,604.143545892978,1,-0.004922204232902239,13.082583665847778,1.110930621623993,3.975e-05
4411,586.4783487483567,1,-0.004502006783152268,116.1785717010498,1.1105073392391205,3.9725e-05
4412,592.2817695557732,1,0.000896518077031061,33.3955454826355,1.110210508108139,3.97e-05
4413,597.9085622560912,1,-0.002882853350390846,13.829982995986938,1.1100217401981354,3.967499999999999e-05
4414,596.0093997153227,1,-0.002044204674478245,20.3171124458313,1.1098730266094208,3.9649999999999995e-05
4415,575.0245081099607,1,-0.0003069096523435899,178.00786972045898,1.1097298562526703,3.9624999999999994e-05
4416,608.1571889809898,1,0.00030162593090032885,17.860839366912842,1.1096040904521942,3.96e-05
4417,598.957928399637,1,-0.006003302804726551,4.202461063861847,1.1094574630260468,3.9575e-05
4418,608.7986207006919,1,0.0036537874300308637,16.039305448532104,1.1093001067638397,3.9550000000000006e-05
4419,603.364287279218,1,-0.013270204742862557,5.627366662025452,1.1091512143611908,3.952499999999999e-05
4420,592.8906921434423,1,-0.0028375253726897753,64.80694961547852,1.108828365802765,3.949999999999999e-05
4421,610.3027502732775,1,-0.007688355895708376,30.772793769836426,1.108516126871109,3.9475e-05
4422,607.5467782993711,1,-0.008647576388385758,8.580527186393738,1.1082419157028198,3.945e-05
4423,589.7541726115523,1,-0.001525528799642295,58.937660217285156,1.1079995334148407,3.9425e-05
4424,607.3631051621918,1,0.00027334959846836426,10.921794652938843,1.1077785789966583,3.94e-05
4425,606.775388147991,1,-0.0037020230385547137,39.97302436828613,1.107446402311325,3.937499999999999e-05
4426,612.9451124500697,1,-0.0061111066651604595,56.640971183776855,1.1071404218673706,3.9349999999999994e-05
4427,601.4632029861388,1,-0.0020609649768550398,74.39830207824707,1.106879085302353,3.9324999999999994e-05
4428,587.2860095353917,1,-7.255889965818163e-05,29.89570188522339,1.1066342294216156,3.93e-05
4429,600.5843967737152,1,-0.0012621139844499751,10.857205152511597,1.106328308582306,3.9275e-05
4430,608.0162109611584,1,-0.007200130962257134,21.307194232940674,1.1061253547668457,3.9250000000000005e-05
4431,611.6362090197607,1,-0.0026150409920289164,21.33057165145874,1.1059813499450684,3.922499999999999e-05
4432,600.9383576283578,1,5.308131075842937e-05,21.827449321746826,1.1058601438999176,3.919999999999999e-05
4433,610.0488714025381,1,-0.0019414546711646885,7.615191221237183,1.1056652963161469,3.9175e-05
4434,553.2029550789747,1,-0.0024574428417043492,741.2111358642578,1.1053839921951294,3.9149999999999996e-05
4435,603.6146698479512,1,-0.0014428599892057914,14.33596920967102,1.105152428150177,3.9125e-05
4436,614.7862440911147,1,-0.0027051890176483795,24.882533073425293,1.104913353919983,3.91e-05
4437,607.6577018759256,1,-0.010150297930125451,15.617492914199829,1.1047305166721344,3.907499999999999e-05
4438,603.3783709254814,1,-0.0036740137600443923,7.372756600379944,1.1046293079853058,3.9049999999999994e-05
4439,598.9153971979637,1,-0.004867423052730191,42.604257583618164,1.1045832335948944,3.902499999999999e-05
4440,609.4931128490305,1,-0.0004587407580824987,16.987135410308838,1.1045452952384949,3.9e-05
4441,600.8729994261354,1,0.00017048534046093522,24.45710802078247,1.1044959425926208,3.8975e-05
4442,609.5686007736197,1,-0.002039710344485357,32.065579891204834,1.1044148802757263,3.8950000000000005e-05
4443,603.5828861332088,1,-0.0009260906337860142,8.381617307662964,1.1042281687259674,3.892499999999999e-05
4444,570.7145745531966,1,-0.000501822225427162,439.9995422363281,1.1038265526294708,3.889999999999999e-05
4445,590.6555643861,1,-0.00038784958321436136,43.42901134490967,1.1035012602806091,3.8874999999999996e-05
4446,589.0826145597224,1,-0.0005820299522483197,73.44033241271973,1.103246957063675,3.8849999999999996e-05
4447,609.6725424416265,1,-0.0009104831827020377,19.428545475006104,1.1030448377132416,3.8825e-05
4448,614.7415094465388,1,-0.001620938851170095,58.386399269104004,1.102908194065094,3.88e-05
4449,594.0854980082898,1,-0.0014101888591540046,178.89210891723633,1.1028225719928741,3.877499999999999e-05
4450,588.286835784124,1,-0.002420436115194491,45.151333808898926,1.1027699410915375,3.874999999999999e-05
4451,600.0696957332403,1,-0.011054931449945293,28.640360355377197,1.102723866701126,3.872499999999999e-05
4452,591.6179661057515,1,-0.0005661025851231294,92.7224006652832,1.1026844680309296,3.87e-05
4453,609.917911960358,1,-0.0012584733753442379,36.1971492767334,1.1026364266872406,3.8675e-05
4454,580.7625730641084,1,0.0009129743343996299,145.26533889770508,1.1025733053684235,3.8650000000000004e-05
4455,586.839052035006,1,-0.00039942859869057656,33.0809211730957,1.1025312840938568,3.862499999999999e-05
4456,585.4888975304883,1,-0.0009988035434300713,142.42247009277344,1.1025047302246094,3.859999999999999e-05
4457,605.4309386086481,1,-0.0008423860481880929,21.65544319152832,1.1024836301803589,3.8574999999999996e-05
4458,609.9941191868271,1,-0.012280266831762532,72.25933647155762,1.1024482250213623,3.8549999999999995e-05
4459,607.5485451443899,1,-0.0015131889747728167,19.11156702041626,1.1024084389209747,3.8525e-05
4460,610.1748168761217,1,0.0012712870791835584,26.772223472595215,1.102368414402008,3.85e-05
4461,610.6043100815532,1,-0.00029126497978548826,23.795499801635742,1.1023047864437103,3.8474999999999987e-05
4462,609.2047826906473,1,-0.0035781253447142447,14.030309438705444,1.1022323668003082,3.844999999999999e-05
4463,602.7093072671023,1,-0.0055066930018021765,8.622912645339966,1.102153867483139,3.842499999999999e-05
4464,615.7086482935458,1,-0.008851488461144363,20.887798309326172,1.1019980907440186,3.84e-05
4465,606.8897348279306,1,-0.003185613532762366,8.399547815322876,1.1018665730953217,3.8375e-05
4466,605.8054508837738,1,-0.0028700536558456946,14.974931478500366,1.1016895174980164,3.8350000000000004e-05
4467,604.772420163277,1,-0.0002415174487677696,21.734333992004395,1.1014446020126343,3.832499999999999e-05
4468,605.9461199122771,1,-0.003578460893347568,11.978172302246094,1.1012310981750488,3.829999999999999e-05
4469,601.4973544946499,1,0.00045209147104863234,16.844306707382202,1.1011036932468414,3.8274999999999995e-05
4470,593.322553313279,1,-0.0007156013484825863,95.57624053955078,1.1009463965892792,3.8249999999999995e-05
4471,503.6633585139863,1,-0.001231912523508072,1443.4722595214844,1.1008201241493225,3.8225e-05
4472,598.4074294755098,1,-0.004298163212792971,19.565139770507812,1.1007428467273712,3.82e-05
4473,609.6160840440846,1,-0.0026021589516087573,19.5849027633667,1.1007230281829834,3.8174999999999986e-05
4474,610.9936233419955,1,-0.0003919515570149912,16.169063568115234,1.1006928086280823,3.814999999999999e-05
4475,598.0416539248715,1,-0.008325851915023108,34.875051498413086,1.1006463468074799,3.812499999999999e-05
4476,607.8161723152679,1,0.0013618501297267827,16.35382318496704,1.1006138324737549,3.81e-05
4477,558.1718295486085,1,-0.0019058523476847,439.97801208496094,1.1005949676036835,3.8075e-05
4478,611.1187551679624,1,-0.0004654062731113129,19.643094539642334,1.1005852818489075,3.805e-05
4479,605.6740633858019,1,-0.002636533808339614,19.13909912109375,1.1005656123161316,3.802499999999999e-05
4480,612.2935263511046,1,-0.0024849373059190327,17.64662456512451,1.1005297601222992,3.799999999999999e-05
4481,605.2940714632556,1,-0.003357969386993176,27.33259391784668,1.1004913747310638,3.7974999999999995e-05
4482,585.535964110782,1,-0.0011246060533047775,129.39676094055176,1.100456327199936,3.7949999999999994e-05
4483,576.9580844942872,1,-0.0019189087865285614,179.80459594726562,1.1004379093647003,3.7925e-05
4484,603.3892352013207,1,-0.00046351018160217805,18.800096035003662,1.1004038751125336,3.79e-05
4485,609.4928788022215,1,1.4462878903387377e-06,15.786955118179321,1.100338101387024,3.7874999999999986e-05
4486,603.7480266941819,1,-0.006352269597647897,26.509434700012207,1.1002802550792694,3.784999999999999e-05
4487,612.5176255650956,1,-0.00389602332143113,10.705332517623901,1.1002183258533478,3.782499999999999e-05
4488,608.6626567406414,1,-0.004213721845118812,9.310995101928711,1.1001323759555817,3.78e-05
4489,588.4369258368135,1,-0.0038413615132295575,104.89083099365234,1.0999830961227417,3.7775e-05
4490,575.1414195826928,1,0.002227162526520665,145.4384765625,1.0998602211475372,3.775e-05
4491,594.1875584696921,1,-0.0006686940474187608,44.014039039611816,1.0997731983661652,3.772499999999999e-05
4492,612.0982129770753,1,-0.0008989894538125043,37.46389865875244,1.0997014939785004,3.769999999999999e-05
4493,594.5662998299287,1,-0.0006229445852081739,94.69110870361328,1.0996348857879639,3.7674999999999994e-05
4494,605.8950719141773,1,-0.003744939757764243,17.785322189331055,1.0995934307575226,3.7649999999999994e-05
4495,615.4922896537191,1,-0.002414662341525542,15.570695638656616,1.0995587408542633,3.7625e-05
4496,586.5432586534245,1,0.0007089866350202811,188.47856903076172,1.0995205640792847,3.76e-05
4497,572.0654106147517,1,-1.3105704965710174e-05,190.95438766479492,1.0994931161403656,3.757499999999999e-05
4498,605.1054889218312,1,-0.004674362234904361,11.422677993774414,1.0994618833065033,3.754999999999999e-05
4499,569.4518070955094,1,-0.001773250027326867,329.3775939941406,1.0993652045726776,3.7525e-05
4500,608.6989024961031,1,-0.002283287581379412,13.928894996643066,1.099281519651413,3.75e-05
4501,611.0301644327335,1,0.0006138738681329414,12.443287372589111,1.0991895198822021,3.7474999999999996e-05
4502,613.0783012882782,1,-0.00011043965052337512,38.96436309814453,1.0990993976593018,3.745e-05
4503,612.2374823634277,1,-0.0027196476341817544,8.96226716041565,1.099011868238449,3.7425e-05
4504,612.7041104247181,1,-0.00012082761511322815,17.26503610610962,1.0988659262657166,3.7399999999999994e-05
4505,572.4300126629449,1,-0.00029059848845314207,382.81846618652344,1.0986950993537903,3.7374999999999994e-05
4506,609.484053660776,1,-0.010347898054698934,8.465298414230347,1.098586767911911,3.735e-05
4507,595.4878145247686,1,0.0009787222976394006,59.54090118408203,1.0985647439956665,3.7325e-05
4508,598.234414700789,1,-0.002394837411379136,72.35859298706055,1.0985413193702698,3.7300000000000005e-05
4509,599.9958014777651,1,0.0005476921881686359,36.528870582580566,1.0985220074653625,3.7275000000000005e-05
4510,606.8322876409387,1,-0.005388999625370872,9.887808561325073,1.0984899401664734,3.724999999999999e-05
4511,594.4361185778941,1,0.0012862858928794907,39.40275001525879,1.0983922481536865,3.7225e-05
4512,607.8411757671835,1,-0.003017008868002158,12.285378694534302,1.0982524752616882,3.7199999999999996e-05
4513,602.8524776603291,1,-0.009715277934446931,4.0017712116241455,1.0980598628520966,3.7175e-05
4514,612.1128016090262,1,0.0020941446677574804,15.904133319854736,1.0978930592536926,3.715e-05
4515,591.7458838185203,1,0.0006616357081217217,151.28348541259766,1.0977347493171692,3.712500000000001e-05
4516,603.4483744030231,1,-0.0006565522150747682,21.416203498840332,1.0975801646709442,3.7099999999999994e-05
4517,610.4248418367613,1,-0.011243575324556332,9.259169816970825,1.0973610877990723,3.707499999999999e-05
4518,601.0404873999357,1,-0.008858238395045959,45.9515962600708,1.097029596567154,3.705e-05
4519,612.0141467642643,1,-0.00026851010867723346,16.495862007141113,1.096738576889038,3.7025e-05
4520,613.8755450815588,1,0.0003316376146251798,27.87689971923828,1.0965175032615662,3.7000000000000005e-05
4521,600.4527325046566,1,-0.003458302549022463,24.516869068145752,1.0963329672813416,3.6975000000000004e-05
4522,592.7610277178392,1,-0.001358599530792759,125.9217643737793,1.0961464941501617,3.694999999999999e-05
4523,610.0085681530694,1,-0.003671488834596781,11.64498257637024,1.0959409773349762,3.6924999999999996e-05
4524,592.9852175614234,1,0.0009468533490277764,27.155059337615967,1.0955960154533386,3.6899999999999996e-05
4525,605.5182896758863,1,-0.00300851797672097,13.254729986190796,1.0952704548835754,3.6875e-05
4526,605.1470605808397,1,-0.003373872292556257,5.257481217384338,1.0948336124420166,3.685e-05
4527,557.1977694758771,1,0.0015501759842280194,567.7291717529297,1.0942962169647217,3.682500000000001e-05
4528,608.8290696079391,1,-0.003656228944468598,13.002147674560547,1.0938928723335266,3.679999999999999e-05
4529,610.0875583634607,1,0.0028815621592332974,22.665517807006836,1.0935993492603302,3.677499999999999e-05
4530,593.0946940856538,1,-0.008724074196550191,47.3117036819458,1.093343585729599,3.675e-05
4531,608.2613909137997,1,-0.0012568786153749345,17.487333297729492,1.0931394398212433,3.6725e-05
4532,599.3209843187767,1,-0.008285169187409736,22.79353618621826,1.0929854810237885,3.6700000000000004e-05
4533,600.3306209936825,1,-0.005277146984424164,25.87694263458252,1.0928561985492706,3.6675000000000004e-05
4534,605.2940162216539,1,-0.007015155501325587,11.504347324371338,1.0927402973175049,3.664999999999999e-05
4535,615.4038292354834,1,-0.0016667639269432044,33.85042095184326,1.092644065618515,3.6624999999999996e-05
4536,587.5966163638309,1,0.0008199881599386671,117.66819763183594,1.0925694704055786,3.6599999999999995e-05
4537,597.2894845561068,1,-0.0006882266365044742,72.54217147827148,1.0925077199935913,3.6575e-05
4538,600.0605100999941,1,-0.003330365506487576,52.16579055786133,1.092460036277771,3.655e-05
4539,605.797596331655,1,-0.002616786911279867,11.685358762741089,1.0923936367034912,3.652500000000001e-05
4540,613.9540844698156,1,0.00031054682444331405,24.48964548110962,1.092243880033493,3.649999999999999e-05
4541,596.6097099696065,1,-0.0005571310991814293,88.35269165039062,1.092111974954605,3.647499999999999e-05
4542,612.9647551300885,1,-0.007227348802910427,25.401923656463623,1.0920161306858063,3.645e-05
4543,608.8650880296889,1,-0.003746422372850944,8.278422713279724,1.0919210016727448,3.6425e-05
4544,614.6790381143121,1,-0.0005111086966977929,27.39735984802246,1.0917658805847168,3.6400000000000004e-05
4545,607.096832575954,1,-0.0024272965620859566,3.939677596092224,1.0915988087654114,3.6375e-05
4546,593.9402204481191,1,-0.0007476440745470825,42.40841579437256,1.091375708580017,3.634999999999999e-05
4547,608.7362540045569,1,-0.0070343420946632484,2.491029977798462,1.0910967886447906,3.6324999999999995e-05
4548,609.1556331314032,1,-0.0005628444351319928,6.628014445304871,1.0905821323394775,3.6299999999999995e-05
4549,535.3179519989861,1,0.0007222037688308092,603.3792266845703,1.0901968479156494,3.6275e-05
4550,605.5502778169466,1,-0.004288388228036233,32.47811031341553,1.08994922041893,3.625e-05
4551,605.5509827620547,1,-0.0037054470136217432,8.663365602493286,1.089732974767685,3.6225000000000006e-05
4552,609.052654499752,1,-0.0016790162011397491,13.226753234863281,1.0894241631031036,3.619999999999999e-05
4553,610.4002531588998,1,-0.004623617989668816,9.908771753311157,1.0891848504543304,3.617499999999999e-05
4554,600.2714901999234,1,-0.0023771498859517237,14.683650732040405,1.0890493094921112,3.615e-05
4555,594.4632915217315,1,-0.006409386321643673,16.22958993911743,1.0889559090137482,3.6125e-05
4556,606.6193877014812,1,-0.002222475121115508,22.485709190368652,1.0888177156448364,3.61e-05
4557,605.4425931380598,1,-0.00307774507303038,11.863831996917725,1.0885846316814423,3.6075e-05
4558,606.1692897000978,1,-0.0018399860905695675,6.9765400886535645,1.0883276164531708,3.604999999999999e-05
4559,614.1536384384553,1,-0.00045589273914004025,11.728323221206665,1.0880540907382965,3.6024999999999995e-05
4560,615.867911412126,1,-0.0012630835005378316,27.572948932647705,1.0878431797027588,3.5999999999999994e-05
4561,607.9895460462466,1,-0.0010415053666630314,11.776878595352173,1.0876429975032806,3.5975e-05
4562,602.9088765935942,1,-0.006398708850612778,18.75249481201172,1.087382435798645,3.595e-05
4563,602.6619421348026,1,-0.00230296650596884,22.73885679244995,1.0871855318546295,3.5925000000000006e-05
4564,607.3222551609604,1,-0.005165096981307737,12.226773262023926,1.087026059627533,3.589999999999999e-05
4565,613.1049160567025,1,-0.0010350344203420292,26.004414558410645,1.086903989315033,3.587499999999999e-05
4566,590.2612613527876,1,-0.0012795797894273875,140.27435684204102,1.086822360754013,3.585e-05
4567,611.6451945299901,1,0.00021256048197670907,13.024909496307373,1.0867635607719421,3.5825e-05
4568,593.9633132945072,1,-0.0002890405009701169,41.172728538513184,1.086674451828003,3.58e-05
4569,609.9267744935963,1,-0.0012328391302229846,7.084053874015808,1.0865577459335327,3.5775e-05
4570,601.0015374971553,1,-0.010561918283605642,17.711711406707764,1.0863850712776184,3.574999999999999e-05
4571,608.9961519176316,1,-0.008488914817307958,7.727651476860046,1.0861846506595612,3.5724999999999994e-05
4572,617.5857532811384,1,0.004027078138189477,28.97288465499878,1.0860327780246735,3.5699999999999994e-05
4573,574.4432728986326,1,7.614101138742058e-05,800.4025268554688,1.085930496454239,3.5675e-05
4574,614.8027253838148,1,-0.003560095898578197,32.32411861419678,1.0858637690544128,3.565e-05
4575,611.3888282814074,1,-0.00679755669885429,5.617873191833496,1.085801213979721,3.5625000000000005e-05
4576,609.2744291359704,1,-0.0064153932651276335,20.81947374343872,1.0856812298297882,3.559999999999999e-05
4577,609.6596399694428,1,-0.0014474351910962469,18.210219383239746,1.0855773985385895,3.557499999999999e-05
4578,603.4094481452944,1,-0.0004435118731076493,13.380810022354126,1.0854807794094086,3.555e-05
4579,611.2762518242171,1,-0.00041034216428670334,10.272443532943726,1.0854015946388245,3.5524999999999996e-05
4580,605.4514873648432,1,-0.006092847158598147,9.427663803100586,1.0852309465408325,3.55e-05
4581,598.4685439188323,1,2.846230056796628e-05,60.20760440826416,1.0849897861480713,3.5475e-05
4582,609.7090288160027,1,-0.008550947532057762,24.02443027496338,1.0848078429698944,3.544999999999999e-05
4583,571.8392948083435,1,-0.0014371104319899075,319.2389831542969,1.0846966207027435,3.5424999999999994e-05
4584,604.2490200735764,1,-0.0048185030832001985,10.021334648132324,1.0846115052700043,3.539999999999999e-05
4585,581.2842325962196,1,-0.0008548816690092664,298.8213577270508,1.0844799876213074,3.5375e-05
4586,609.3650986069489,1,-0.0019322131970440637,17.598100662231445,1.0843605399131775,3.535e-05
4587,605.5764653607829,1,-0.004559120414061368,13.029422283172607,1.0842393636703491,3.5325000000000005e-05
4588,572.2990478429555,1,-0.0009378976067884182,292.60157012939453,1.0840944945812225,3.529999999999999e-05
4589,590.7946270748164,1,0.0024733948722399646,99.51003646850586,1.083985596895218,3.527499999999999e-05
4590,615.7878698043876,1,0.0007543143586321577,24.534629344940186,1.0838984549045563,3.5249999999999996e-05
4591,607.0751783766254,1,-0.0058461759804882,7.919900894165039,1.083793431520462,3.5224999999999996e-05
4592,610.6675989100072,1,-0.011490331281459376,15.984396696090698,1.083627164363861,3.52e-05
4593,590.6896337102089,1,0.002832198613567982,86.01714706420898,1.0834628641605377,3.5175e-05
4594,608.6051296768575,1,-0.00023546128547335954,13.512165784835815,1.0833409130573273,3.514999999999999e-05
4595,590.5534536661362,1,0.0006892335189854215,62.84420585632324,1.083236038684845,3.512499999999999e-05
4596,573.2646561079262,1,-0.0004427124617254474,268.79762268066406,1.0831432342529297,3.509999999999999e-05
4597,598.1546137339786,1,-0.005971772791286689,38.23917293548584,1.083086997270584,3.5075e-05
4598,608.5930843774486,1,-0.0018161723413934183,11.190361022949219,1.0830260217189789,3.505e-05
4599,608.5202461212102,1,-0.0004952876113506477,9.44690465927124,1.0828983783721924,3.5025000000000004e-05
4600,606.7525718238057,1,-0.008080498148459014,6.09287428855896,1.0827109813690186,3.499999999999999e-05
4601,593.1906674749189,1,0.003158827721860824,40.43699264526367,1.0824181139469147,3.497499999999999e-05
4602,594.398117477654,1,-4.40593477133433e-05,34.483025550842285,1.0821815729141235,3.4949999999999996e-05
4603,609.693854948799,1,-0.0015496548759568185,12.714723825454712,1.0820065140724182,3.4924999999999995e-05
4604,601.5860384552051,1,-0.004427627086574404,18.34872007369995,1.0818665623664856,3.49e-05
4605,569.1426289173756,1,-0.00040344867106867355,263.6033248901367,1.081761658191681,3.4875e-05
4606,597.1878317027133,1,0.00022471431189607927,105.97444343566895,1.0816940367221832,3.4849999999999987e-05
4607,579.1192039630765,1,-0.0005102825502234509,184.16485214233398,1.081661731004715,3.482499999999999e-05
4608,590.2782470427746,1,-0.0020963500375565935,56.01194953918457,1.0816487073898315,3.479999999999999e-05
4609,605.8587304019456,1,-0.003753890393584758,6.231628656387329,1.0816325843334198,3.4775e-05
4610,595.240026643826,1,-0.00011132517273537701,38.95290565490723,1.0814791321754456,3.475e-05
4611,608.4016046853195,1,-0.002318980625307887,15.840414047241211,1.0812905430793762,3.4725000000000004e-05
4612,591.8663028759074,1,-0.0029397823017056623,38.02456283569336,1.0810960829257965,3.469999999999999e-05
4613,611.891522406815,1,-0.0005147839352881434,25.186320781707764,1.0808855295181274,3.467499999999999e-05
4614,610.113341123123,1,-0.005056545871344298,9.638099193572998,1.0806823074817657,3.4649999999999995e-05
4615,605.9536268624577,1,-0.0027678400187545193,20.86296272277832,1.0804751217365265,3.4624999999999995e-05
4616,606.8790280204912,1,-0.006861463438587734,10.016881227493286,1.0802662670612335,3.46e-05
4617,602.8814127270009,1,-0.00043343533424788916,21.2864089012146,1.0799451768398285,3.4575e-05
4618,602.7754378782831,1,-0.007123345099561362,17.614298820495605,1.079697847366333,3.4549999999999986e-05
4619,606.092742084953,1,0.0007612705225223948,5.98213255405426,1.0795425176620483,3.452499999999999e-05
4620,603.9827735006751,1,-0.000710650773596555,12.329025745391846,1.079396367073059,3.449999999999999e-05
4621,610.5985329787677,1,-0.0041920933036383445,15.561353206634521,1.0792380273342133,3.4475e-05
4622,608.9140180785503,1,-0.006316590472124517,12.22993016242981,1.078976035118103,3.445e-05
4623,579.3684008798825,1,-0.0021524285885359262,177.30615997314453,1.078768640756607,3.4425e-05
4624,606.4573020681424,1,-4.157936174919996e-06,18.77213478088379,1.0786154568195343,3.439999999999999e-05
4625,598.7643413816639,1,-0.0018510095292842976,45.89199161529541,1.0784687101840973,3.437499999999999e-05
4626,608.7104102349733,1,-0.00013862951331766737,16.57458209991455,1.0783364474773407,3.4349999999999995e-05
4627,607.9932386452853,1,-0.00047634431897591867,13.364929914474487,1.0781987607479095,3.4324999999999994e-05
4628,599.0010022913142,1,-0.004377383248147737,15.050462007522583,1.0780197083950043,3.43e-05
4629,610.0798359225787,1,-0.0037207827360052903,30.59236431121826,1.0778470039367676,3.4275e-05
4630,602.162564347919,1,-0.0011765367629366086,149.98431777954102,1.077701896429062,3.4250000000000006e-05
4631,605.0997588315979,1,-0.0022317520084675913,7.8812408447265625,1.0775569081306458,3.422499999999999e-05
4632,602.2926981835537,1,-0.005431042555230192,30.022332668304443,1.077410101890564,3.419999999999999e-05
4633,610.6713184016497,1,3.837883392421304e-05,27.224689483642578,1.0772639214992523,3.4175e-05
4634,585.5886318049619,1,-0.006214328921110734,122.23085021972656,1.0771463215351105,3.4149999999999997e-05
4635,580.6392038891163,1,-0.002823659001539358,221.92312622070312,1.0770486295223236,3.4125e-05
4636,595.4735767645808,1,-0.0009136146961248315,38.67456912994385,1.0769758522510529,3.41e-05
4637,605.2558831326462,1,-0.004132431727517982,13.696434259414673,1.0769116878509521,3.407499999999999e-05
4638,577.4692128245829,1,0.0005970021382513124,275.06568908691406,1.0768053233623505,3.4049999999999994e-05
4639,606.7084860408365,1,-0.0004163606482672222,17.46021842956543,1.0767253041267395,3.4024999999999994e-05
4640,539.4248215365233,1,-0.0007674902735743672,1105.0043640136719,1.0766735672950745,3.4e-05
4641,607.2192583388504,1,-0.0030882509234793076,15.199483394622803,1.0766188502311707,3.3975e-05
4642,609.1120750141633,1,0.001289375748735111,30.92265033721924,1.0765222609043121,3.3950000000000005e-05
4643,585.9870217487155,1,-0.0015788302657053777,32.223572731018066,1.0764188468456268,3.392499999999999e-05
4644,602.8032913057333,1,-0.003722708318805834,15.23368763923645,1.0763176381587982,3.389999999999999e-05
4645,223.50582337613164,1,-0.00020828976161713086,8714.41455078125,1.0762397348880768,3.3875e-05
4646,608.5432138129653,1,-0.00032945363623326784,24.965367317199707,1.0761774182319641,3.3849999999999996e-05
4647,605.6268255461048,1,-0.0019515524036251009,15.363093137741089,1.0760698914527893,3.3825e-05
4648,561.8117048381098,1,0.0006292349733816316,383.9943542480469,1.075874239206314,3.38e-05
4649,606.4060064734538,1,-0.000855663562626674,15.837025165557861,1.0757046043872833,3.3774999999999994e-05
4650,608.4601013723378,1,-0.0047785735329268775,4.897234678268433,1.0754902064800262,3.3749999999999994e-05
4651,599.8983711257865,1,-0.003637102657064073,24.028861045837402,1.0752020180225372,3.3725e-05
4652,615.1922971776278,1,0.0004236745069157166,41.25728416442871,1.0749640464782715,3.37e-05
4653,611.0083441424027,1,-0.0001594782988156851,21.69769048690796,1.0747817754745483,3.3675e-05
4654,572.2541911214719,1,-0.0008709742849863922,186.03113555908203,1.074632078409195,3.3650000000000005e-05
4655,614.4424211803538,1,-0.00230049947496358,16.073089122772217,1.0745255947113037,3.362499999999999e-05
4656,605.3293650298467,1,-0.013168449702514629,7.060684680938721,1.0743533074855804,3.36e-05
4657,595.1569613498748,1,-0.0017032065394397833,19.092729568481445,1.0739955008029938,3.3574999999999996e-05
4658,612.3321622632527,1,0.0015078665587608953,14.10686206817627,1.0737212300300598,3.355e-05
4659,610.0318125813279,1,0.0003949673328662584,15.692037105560303,1.073532611131668,3.3525e-05
4660,604.8943960595191,1,-0.010220605583691977,10.372598886489868,1.0734184086322784,3.350000000000001e-05
4661,609.424789006841,1,-0.00012937568896020935,20.882731914520264,1.0733768939971924,3.3474999999999994e-05
4662,611.6326336885004,1,-0.001210063197224609,23.833919048309326,1.0733231902122498,3.344999999999999e-05
4663,610.8593674664232,1,-0.0008812885105431434,14.090222597122192,1.0732450783252716,3.3425e-05
4664,608.1076609083575,1,-0.00950960041531701,6.534299731254578,1.0731292963027954,3.34e-05
4665,595.3721922432127,1,0.0006798017515123878,31.721320152282715,1.0729191601276398,3.3375000000000005e-05
4666,608.7782429107247,1,-0.008090614142234998,5.060161709785461,1.0727662146091461,3.3350000000000004e-05
4667,607.1336798320673,1,-0.006025455094425425,23.2697491645813,1.0726794004440308,3.332499999999999e-05
4668,583.9801546625482,1,0.00010576536053497065,140.0325813293457,1.072583556175232,3.3299999999999996e-05
4669,602.3530254837424,1,-0.001253872554922708,30.727311611175537,1.072490632534027,3.3274999999999996e-05
4670,593.0581290896172,1,-0.0015730067389085889,42.06116580963135,1.072375327348709,3.325e-05
4671,606.9652171749267,1,-0.0020808593407062315,17.238630294799805,1.072265863418579,3.3225e-05
4672,602.4233516662628,1,-0.010802649985120372,10.446736335754395,1.0721089839935303,3.320000000000001e-05
4673,607.6369876053722,1,-0.012028827175329937,5.012189865112305,1.0718891322612762,3.317499999999999e-05
4674,610.905710797401,1,0.004375164611982285,15.164969205856323,1.0717491805553436,3.314999999999999e-05
4675,606.7613900080743,1,-0.006626135388135168,7.9323261976242065,1.0715815424919128,3.3125e-05
4676,612.1751217603086,1,-0.0016431178088431864,28.72352170944214,1.0713366866111755,3.31e-05
4677,606.0323383584789,1,-0.0033266406260534787,16.77218770980835,1.0711186230182648,3.3075000000000004e-05
4678,612.2254422177389,1,0.00020518384693613,13.350162744522095,1.0708543360233307,3.3050000000000004e-05
4679,592.3333198335631,1,-0.004187770613690134,32.363144874572754,1.070619374513626,3.302499999999999e-05
4680,585.953215236826,1,-0.0020417149413525237,124.58934020996094,1.0704568922519684,3.2999999999999996e-05
4681,606.9551679389991,1,-0.009046104396334798,6.320517659187317,1.0703344345092773,3.2974999999999995e-05
4682,615.9561477548514,1,-0.0033252306792954656,20.746662616729736,1.0701740980148315,3.295e-05
4683,593.156773333322,1,-0.000889069178235502,41.152395248413086,1.070026457309723,3.2925e-05
4684,593.9218170346026,1,0.000254963322061208,96.07656478881836,1.069933831691742,3.290000000000001e-05
4685,599.5292454260816,1,-0.0026822394782861636,29.09244728088379,1.0698908567428589,3.287499999999999e-05
4686,601.3064809786135,1,-0.0014513178151736028,13.097084045410156,1.0698461532592773,3.284999999999999e-05
4687,611.9944409727881,1,-0.003281857983287395,12.992679595947266,1.069730430841446,3.2825e-05
4688,612.5219526108251,1,-0.00447120689033742,21.379645347595215,1.0695812702178955,3.28e-05
4689,568.6998389421826,1,0.0018981457554723136,255.69935989379883,1.0694804191589355,3.2775000000000004e-05
4690,599.8428553184704,1,-0.002151768036525392,41.3764066696167,1.0694045722484589,3.275e-05
4691,604.2929619227446,1,-0.0034100005778867626,7.15226137638092,1.0693273544311523,3.272499999999999e-05
4692,612.731304668403,1,-0.002131363327390723,8.685320138931274,1.0691648721694946,3.2699999999999995e-05
4693,611.562761620749,1,0.0013679482508450747,22.937521934509277,1.068928301334381,3.2674999999999995e-05
4694,614.2740727902856,1,-0.0008090528611361947,17.575927257537842,1.0687052607536316,3.265e-05
4695,599.6417000979376,1,-0.0008549638709650642,15.669279098510742,1.068508356809616,3.2625e-05
4696,613.7844957237086,1,-0.0009114281160087501,12.297065258026123,1.0683067440986633,3.2600000000000006e-05
4697,607.7239748849368,1,-0.003404457852858478,9.447644233703613,1.0681020319461823,3.257499999999999e-05
4698,610.2231825613748,1,-0.005595711056573194,8.752346992492676,1.0678618848323822,3.254999999999999e-05
4699,576.3970887018762,1,-0.0021735529958570865,345.95836639404297,1.067675620317459,3.2525e-05
4700,606.0741163958496,1,0.00018836640757147194,24.253933429718018,1.0675484538078308,3.25e-05
4701,605.7505713374454,1,-0.011563837689419376,4.735039234161377,1.0673958361148834,3.2475e-05
4702,606.2820836583323,1,-0.007477282481785252,5.067473888397217,1.06713205575943,3.245e-05
4703,605.7996292021735,1,0.0028721475758146653,11.457751512527466,1.0668954849243164,3.242499999999999e-05
4704,600.8797338065149,1,-0.0004260477289772524,24.19144916534424,1.0666499137878418,3.2399999999999995e-05
4705,613.9991435636061,1,-0.0024629465299828013,19.371780395507812,1.066469430923462,3.2374999999999994e-05
4706,606.8216921246282,1,-0.0012138041421572154,8.65843939781189,1.0662920475006104,3.235e-05
4707,497.60872162630096,1,-6.194756634403387e-05,889.6682891845703,1.0660336017608643,3.2325e-05
4708,610.2471058423383,1,-0.0016186103488970982,21.229040145874023,1.0658235549926758,3.2300000000000006e-05
4709,610.8983510295598,1,-0.00027514537116424265,23.872323036193848,1.0656250715255737,3.227499999999999e-05
4710,605.8960352011568,1,-0.0033604671020599497,52.565253257751465,1.0654095113277435,3.224999999999999e-05
4711,598.8844591994657,1,-0.0031884197431444328,30.16905450820923,1.0652270019054413,3.2225e-05
4712,608.2787172387273,1,-0.004710006456460025,13.451776504516602,1.0650908946990967,3.22e-05
4713,612.4094781362686,1,-0.01092382196756958,21.1348557472229,1.0649583041667938,3.2175e-05
4714,588.8826102601416,1,0.0015861911873784607,101.58071327209473,1.0648245811462402,3.215e-05
4715,585.7196788361316,1,0.0004634245425609862,67.98883056640625,1.0647267699241638,3.212499999999999e-05
4716,599.7219445115749,1,-0.0023208942851686842,16.5541672706604,1.0646418035030365,3.2099999999999994e-05
4717,608.975100892349,1,-0.005610600221660711,3.4724130034446716,1.0645027458667755,3.2074999999999994e-05
4718,605.0143571582718,1,-0.0013673640224673989,44.80443286895752,1.064362645149231,3.205e-05
4719,604.3320036590987,1,-0.002579077522063322,11.188498973846436,1.0642060041427612,3.2025e-05
4720,612.6942584669011,1,-0.005520742839686399,21.382604598999023,1.0640186667442322,3.2000000000000005e-05
4721,613.1592015391453,1,-0.0068812011042602705,6.604779958724976,1.0638109743595123,3.197499999999999e-05
4722,602.7903759456741,1,-0.0037119864718988538,37.88909721374512,1.0635162591934204,3.194999999999999e-05
4723,595.8728061707869,1,-0.0009060295805340957,22.36685276031494,1.0632575452327728,3.1925e-05
4724,610.0942072031253,1,-0.0060000677707270356,9.781272649765015,1.063040554523468,3.1899999999999996e-05
4725,614.0516734703588,1,-0.0009071225569918795,27.00936222076416,1.0628455877304077,3.1875e-05
4726,573.6660338447393,1,-5.017440637899995e-05,337.1033020019531,1.062699407339096,3.185e-05
4727,609.7392694583234,1,-0.003633224833119897,16.753718376159668,1.0625813007354736,3.182499999999999e-05
4728,605.8552677279268,1,-0.006192139935129681,4.748988747596741,1.0623908340930939,3.1799999999999994e-05
4729,586.6818720681623,1,0.0007849304197486973,191.8311538696289,1.0621604025363922,3.177499999999999e-05
4730,611.2442596228955,1,-3.214180245691978e-05,11.512672901153564,1.061984896659851,3.175e-05
4731,612.3482215681947,1,-0.0033113258914969634,10.280910015106201,1.0618421137332916,3.1725e-05
4732,605.0347828902948,1,-0.0018270308089238796,6.784990668296814,1.061661809682846,3.1700000000000005e-05
4733,608.2424365808653,1,-0.0029870502767153084,8.23958957195282,1.061284750699997,3.167499999999999e-05
4734,616.6948954209362,1,-0.0009639882818408552,16.84898328781128,1.0609146058559418,3.164999999999999e-05
4735,604.4723906617739,1,-0.00592936370839281,11.985262632369995,1.0606212317943573,3.1624999999999996e-05
4736,611.102409191148,1,-0.00631589439980651,10.741290807723999,1.060318112373352,3.1599999999999996e-05
4737,602.0371029670365,1,-0.004675969278290282,13.802318572998047,1.0600857436656952,3.1575e-05
4738,614.6032827231165,1,-0.0026738122441400947,13.454988956451416,1.0598480105400085,3.155e-05
4739,599.7772049607977,1,6.237679653153805e-05,33.81781005859375,1.0596548020839691,3.152499999999999e-05
4740,606.4902658898701,1,-0.007127951942647925,5.841408610343933,1.0594595074653625,3.149999999999999e-05
4741,608.320675075491,1,-0.004969882751958643,17.962912559509277,1.0591011941432953,3.147499999999999e-05
4742,594.7110953967897,1,0.004323876057396703,83.65738487243652,1.058816283941269,3.145e-05
4743,572.5704518788073,1,-0.0001268913460847898,371.4453811645508,1.0586443543434143,3.1425e-05
4744,608.9657466292624,1,-0.0011012270340673425,10.72577691078186,1.05852210521698,3.1400000000000004e-05
4745,591.2857328755414,1,-0.002116187651266088,65.81009101867676,1.0584010183811188,3.137499999999999e-05
4746,609.3660867947373,1,-0.0067451156210154295,4.607849955558777,1.058298945426941,3.134999999999999e-05
4747,614.0174184261891,1,-0.0030126904037492963,14.774374008178711,1.0582062602043152,3.1324999999999996e-05
4748,603.5441520117702,1,-0.0018232551951298248,31.78570318222046,1.0580761432647705,3.1299999999999995e-05
4749,614.9418601586871,1,-0.0012471518931826964,17.18534564971924,1.0579465925693512,3.1275e-05
4750,610.1771096092585,1,-0.0014905131208919897,6.492586612701416,1.0578183233737946,3.125e-05
4751,602.7394576647955,1,2.791275395619408e-05,32.17783069610596,1.0576975345611572,3.122500000000001e-05
4752,612.9262783168566,1,-0.00022215237496325813,15.665307998657227,1.0575637519359589,3.119999999999999e-05
4753,599.7448842852878,1,8.586435433244333e-05,22.560848712921143,1.0574921667575836,3.117499999999999e-05
4754,579.2959073884454,1,0.00011714316522182244,163.80317306518555,1.0574523508548737,3.115e-05
4755,570.2462044484853,1,-0.003891770689949503,336.73114013671875,1.0574286580085754,3.1125e-05
4756,568.8654554462041,1,-0.0011226429602990695,283.8456344604492,1.057417869567871,3.1100000000000004e-05
4757,596.0933529857737,1,-0.0034338850528001785,298.8948745727539,1.0574038326740265,3.1075e-05
4758,606.4902049332268,1,-0.0004100254707744,4.781184911727905,1.0573532283306122,3.104999999999999e-05
4759,609.3873911805035,1,-0.0035398147477470054,11.376842498779297,1.0571994483470917,3.1024999999999995e-05
4760,609.1533003476029,1,0.0011105343314392613,16.270471572875977,1.0570289492607117,3.0999999999999995e-05
4761,579.8135429956919,1,-0.00010369288507661167,221.3498878479004,1.0568988621234894,3.0975e-05
4762,579.0804229304227,1,-2.4344900307227135e-05,260.0436477661133,1.0568047761917114,3.095e-05
4763,612.4470003926494,1,-0.0026586567565693997,12.457492589950562,1.0567431449890137,3.0925000000000006e-05
4764,605.7446092247723,1,-0.007004590256622478,7.255688428878784,1.0566869974136353,3.089999999999999e-05
4765,609.9743049160434,1,-0.00353790260420217,2.93064284324646,1.056572824716568,3.087499999999999e-05
4766,607.0683881546402,1,-0.008718715385637399,11.258148193359375,1.0563886165618896,3.085e-05
4767,590.3099423078097,1,0.0002572120242332332,148.55379486083984,1.0561859607696533,3.0825e-05
4768,599.4863227212338,1,-0.0008574740667999237,16.34311056137085,1.0560314655303955,3.08e-05
4769,611.9304653469031,1,0.002853840056523671,24.704543113708496,1.0558485090732574,3.0775e-05
4770,580.3860024432518,1,0.0001427165213674364,115.47419929504395,1.0556714236736298,3.074999999999999e-05
4771,599.9059427268181,1,-0.0021449056162978763,16.192880868911743,1.0555368661880493,3.0724999999999995e-05
4772,602.8210207532532,1,-0.008525397761893316,26.170584678649902,1.055392175912857,3.0699999999999994e-05
4773,605.9931257369763,1,-0.01225812583126995,3.2838633060455322,1.055200606584549,3.0675e-05
4774,599.6488333878766,1,0.00614897646644863,13.716856956481934,1.0548047423362732,3.065e-05
4775,606.5591892933148,1,0.0011636603717661842,7.85931670665741,1.0544681549072266,3.0625000000000006e-05
4776,605.9050738382944,1,-0.008576931410724242,15.986607789993286,1.0541768372058868,3.059999999999999e-05
4777,596.5879922863111,1,0.0003387944194725989,27.775935649871826,1.0539076924324036,3.057499999999999e-05
4778,599.9435026392649,1,-0.0010542508582478405,9.381206035614014,1.0536553263664246,3.055e-05
4779,610.7890099575582,1,-0.007556702715414865,10.177354574203491,1.0534122288227081,3.0524999999999997e-05
4780,614.424940217252,1,-0.006957155406237092,15.30444049835205,1.053237408399582,3.0500000000000003e-05
4781,608.3420003055811,1,-0.004652411618735641,7.864015460014343,1.0530785620212555,3.0475000000000006e-05
4782,614.1093839733539,1,0.002013528036723944,19.762054920196533,1.0528492033481598,3.044999999999999e-05
4783,619.5154944516091,1,-0.0003602594118277125,45.79935932159424,1.0526637732982635,3.0424999999999994e-05
4784,601.3840409817064,1,-0.0006921722586934465,27.682880401611328,1.0525214076042175,3.0399999999999997e-05
4785,599.9045336695789,1,-0.001986567490217972,32.683509826660156,1.0523773431777954,3.0375e-05
4786,607.622289926839,1,-0.0012970438379298344,18.265172958374023,1.0522733926773071,3.0350000000000002e-05
4787,607.345656134212,1,-0.014090371017598358,3.270215928554535,1.0521645843982697,3.0325000000000005e-05
4788,614.0878717604322,1,-0.004680165142382009,21.663272857666016,1.0518568754196167,3.029999999999999e-05
4789,596.3237192537944,1,0.0031904083759499713,51.412840843200684,1.0515676438808441,3.0274999999999994e-05
4790,614.0595552340934,1,0.0035181316153085618,16.309077739715576,1.0513507723808289,3.0249999999999997e-05
4791,606.2972371433602,1,-0.004017322818981484,7.956478834152222,1.051175743341446,3.0225e-05
4792,607.3861545244881,1,-0.003590934208693497,3.990459680557251,1.050964593887329,3.0200000000000002e-05
4793,595.2448332945911,1,0.007264726795256138,167.99595260620117,1.0507569313049316,3.0175000000000005e-05
4794,600.8403632914544,1,-0.0005528996230816929,52.762739181518555,1.0505708456039429,3.014999999999999e-05
4795,611.7257900505107,1,-0.006371048854715733,7.1506028175354,1.0504060685634613,3.0124999999999994e-05
4796,606.713770354403,1,-0.00629809003472559,6.476406097412109,1.0501807630062103,3.0099999999999996e-05
4797,598.7959989873876,1,-0.003572630412989497,26.439855098724365,1.0499503910541534,3.0075e-05
4798,610.6480333360514,1,-0.0010656370941433124,11.23772120475769,1.049756944179535,3.0050000000000002e-05
4799,598.9594518614604,1,-0.0023341562981449293,23.106031894683838,1.0495494306087494,3.0025000000000005e-05
4800,605.9952846439335,1,-0.0040109254681190976,11.916526556015015,1.0493899583816528,2.999999999999999e-05
4801,559.9655328000109,1,-0.00043245971358985,498.00118255615234,1.049314171075821,2.9974999999999993e-05
4802,603.7338404854912,1,-0.002681616986420998,12.925323247909546,1.0492404997348785,2.9949999999999996e-05
4803,583.948085687133,1,0.0007123468718159831,156.22928619384766,1.0490587055683136,2.9925e-05
4804,605.4116984385798,1,-0.00031246080293900746,16.69663667678833,1.0488729178905487,2.9900000000000002e-05
4805,607.7507877427917,1,-0.005140313738525748,7.073696494102478,1.048595279455185,2.9875000000000004e-05
4806,604.326291104665,1,-0.0074536314720958785,11.164204835891724,1.0483042001724243,2.984999999999999e-05
4807,604.3005565438127,1,-0.007966984416944545,8.18919825553894,1.0480636954307556,2.9824999999999993e-05
4808,573.933420320383,1,-0.0009624401844732233,329.7813262939453,1.0479333996772766,2.9799999999999996e-05
4809,589.1105781740794,1,-0.004580010205973206,102.41015625,1.0478549003601074,2.9775e-05
4810,600.5598059261771,1,-0.0005224038792093211,39.69262409210205,1.0477963089942932,2.975e-05
4811,605.3832381077573,1,-0.0039870010242974985,68.87131690979004,1.047740250825882,2.9725000000000004e-05
4812,611.3361530364306,1,-0.0003063942564907052,15.711326599121094,1.047691524028778,2.969999999999999e-05
4813,611.6974161287324,1,-0.001929822249804758,13.078513622283936,1.047641634941101,2.9674999999999993e-05
4814,591.9947736351617,1,-0.001392822224131507,65.12500381469727,1.047572672367096,2.9649999999999996e-05
4815,605.5235950890685,1,-0.005100439651869237,20.54010248184204,1.0474999845027924,2.9625e-05
4816,610.607512145004,1,-0.0007858374893263687,12.719260454177856,1.0474014580249786,2.96e-05
4817,606.8038880448753,1,-0.010371105258215607,6.529897451400757,1.0472873151302338,2.9575000000000004e-05
4818,588.2176033658162,1,0.0010564327329340983,88.94675827026367,1.0470815896987915,2.954999999999999e-05
4819,603.3844082019813,1,-0.0014418616170024379,29.62816858291626,1.0469116866588593,2.9524999999999993e-05
4820,609.4173805666561,1,-0.005475680975775443,5.986374258995056,1.0467626750469208,2.9499999999999995e-05
4821,604.5193069890354,1,-0.004164470171301948,14.617090463638306,1.04650217294693,2.9474999999999998e-05
4822,574.3736327796153,1,-0.003001140896230936,135.25661087036133,1.0460460186004639,2.945e-05
4823,609.5410084427212,1,-0.0010006692138873063,15.662274599075317,1.0456781387329102,2.9425000000000004e-05
4824,610.895129566421,1,0.0012032562226522714,28.922531127929688,1.0453888475894928,2.939999999999999e-05
4825,613.6447940676094,1,-0.0015751292244292614,13.738627672195435,1.0451807081699371,2.9374999999999992e-05
4826,585.2615968500105,1,-0.0029170751914879833,200.29124450683594,1.0450341999530792,2.9349999999999995e-05
4827,619.7566439567829,1,0.00019298962055813718,43.18123531341553,1.0449360013008118,2.9324999999999998e-05
4828,609.7201858029123,1,-0.0009337410164234061,9.401979446411133,1.044857233762741,2.93e-05
4829,604.2153897115229,1,-0.0022769418758130655,12.747100114822388,1.0447696447372437,2.9275000000000003e-05
4830,610.9613973984249,1,-0.00030072342424158904,7.341958284378052,1.044668287038803,2.924999999999999e-05
4831,607.2040026437182,1,-0.007227004283445915,4.361458420753479,1.0445087254047394,2.9224999999999992e-05
4832,614.6157734094182,1,-0.002984827393138545,14.786346197128296,1.0441572666168213,2.9199999999999995e-05
4833,610.505491236951,1,-0.0027623819791751103,10.837734460830688,1.0438347458839417,2.9174999999999998e-05
4834,602.4741286666972,1,-0.0005143087779551081,37.85704040527344,1.0435136556625366,2.915e-05
4835,607.7011376447222,1,-0.006684676662772837,3.9893305897712708,1.0432279706001282,2.9125000000000003e-05
4836,611.3956503401307,1,-0.0032643630930344614,8.550374031066895,1.0429064333438873,2.909999999999999e-05
4837,604.6385409276718,1,-0.015262132588153676,4.425679564476013,1.0425180792808533,2.9074999999999992e-05
4838,610.1877538262777,1,-0.0031177436019511617,9.422157764434814,1.0420958399772644,2.9049999999999995e-05
4839,605.9366212271292,1,-0.0012344611937535888,10.298714399337769,1.0417805314064026,2.9024999999999997e-05
4840,608.4462586267039,1,-0.007338676352185658,10.172539949417114,1.0415679216384888,2.9e-05
4841,614.8808553186695,1,-0.0042293780661211144,9.345082759857178,1.0414050817489624,2.8975000000000003e-05
4842,607.5011885540439,1,0.0006756456404097833,15.905776500701904,1.041278600692749,2.894999999999999e-05
4843,609.8441636124937,1,-0.004329822088712465,12.852436304092407,1.041111946105957,2.892499999999999e-05
4844,606.952662917508,1,-0.003536394900248263,8.714253425598145,1.0409396886825562,2.8899999999999994e-05
4845,599.3755836447124,1,-0.0026972168506205207,53.98275852203369,1.0408574342727661,2.8874999999999997e-05
4846,603.6836115300462,1,0.002063073342599253,51.86235809326172,1.0408120155334473,2.885e-05
4847,599.3841125240965,1,-0.006536888844695721,19.294440746307373,1.0407353043556213,2.8825000000000003e-05
4848,611.5459468262612,1,-0.002740168136639909,9.33647084236145,1.0405257940292358,2.879999999999999e-05
4849,594.9555209226319,1,0.0008538915807063674,20.66887331008911,1.0402837991714478,2.877499999999999e-05
4850,601.9372154095138,1,-0.0032467900584887133,29.103575706481934,1.0400847792625427,2.8749999999999994e-05
4851,612.493474377735,1,-0.004880622136764323,10.678169012069702,1.0399317741394043,2.8724999999999997e-05
4852,606.8600493608328,1,-0.01382369861345456,6.136687755584717,1.0398245751857758,2.87e-05
4853,596.3936118068391,1,0.006817297241211051,30.517531871795654,1.039742350578308,2.8675000000000002e-05
4854,604.0365208304494,1,-0.000805326356254632,28.222962379455566,1.0396617650985718,2.8649999999999988e-05
4855,609.6392549329992,1,-0.0011490488011407507,9.74965786933899,1.0395921468734741,2.862499999999999e-05
4856,595.5214654822793,1,-0.0017992955732282212,35.777438163757324,1.0395101606845856,2.8599999999999994e-05
4857,613.5920090830349,1,5.439682937780077e-05,15.304559707641602,1.039421796798706,2.8574999999999997e-05
4858,597.1588322189549,1,-1.859456004460469e-05,33.143131256103516,1.0393233895301819,2.855e-05
4859,588.6753909860158,1,0.00023491393604757604,156.60886764526367,1.0392510890960693,2.8525000000000002e-05
4860,603.7694801489229,1,-0.00033413312849006616,16.9590482711792,1.0392066836357117,2.8499999999999988e-05
4861,606.6882002571457,1,-0.003082149042273663,12.514420747756958,1.0392008125782013,2.847499999999999e-05
4862,600.8381628199035,1,-0.004233829176299331,19.385066509246826,1.039205640554428,2.8449999999999994e-05
4863,612.4336598178321,1,-0.002219258650411504,12.325246334075928,1.0392265915870667,2.8424999999999996e-05
4864,609.7995889130411,1,-0.0025670831580644204,23.248103141784668,1.0392233431339264,2.84e-05
4865,609.0751757005104,1,-0.00048360285208559617,4.3909677267074585,1.0391794741153717,2.8375000000000002e-05
4866,581.373758286135,1,-0.0012195399031043053,166.97967910766602,1.0390578210353851,2.8349999999999988e-05
4867,609.9301318884584,1,-0.0015831303540974062,10.937641859054565,1.0389468669891357,2.832499999999999e-05
4868,600.8552967898497,1,-0.00596794735809647,29.843360900878906,1.038848340511322,2.8299999999999993e-05
4869,612.6073433377106,1,-0.003492655004029288,10.58999228477478,1.0387701094150543,2.8274999999999996e-05
4870,612.5915036954053,1,-0.001810693452942047,16.67315649986267,1.0386702120304108,2.825e-05
4871,607.4650788084414,1,-0.0028906496485108235,24.892855644226074,1.0385993719100952,2.8225e-05
4872,602.4041663665006,1,-0.002379835303488509,12.990695238113403,1.0385136306285858,2.819999999999999e-05
4873,606.9638233015392,1,-0.0018610031905943458,5.690425276756287,1.03836789727211,2.8174999999999994e-05
4874,612.0718266320866,1,-0.004353180022488523,5.789180874824524,1.0382556021213531,2.8149999999999996e-05
4875,610.5988874096839,1,0.001536933908937499,13.190548181533813,1.0380849838256836,2.8125e-05
4876,610.5232580824977,1,-0.0037099702013563274,4.695271611213684,1.0379059314727783,2.81e-05
4877,606.694046804889,1,0.0007448119215922588,13.57601809501648,1.0377395749092102,2.8075e-05
4878,602.909861537542,1,-0.0021523198906585606,20.15256977081299,1.0375888347625732,2.8050000000000004e-05
4879,607.0787460699671,1,-0.0010310749670541242,12.764708518981934,1.0374268293380737,2.8024999999999993e-05
4880,575.7348792737084,1,-0.0009116101025909984,196.22411346435547,1.0372915267944336,2.7999999999999996e-05
4881,585.1907419761521,1,0.00013092381131074582,78.40047073364258,1.0372017621994019,2.7975e-05
4882,599.933538094027,1,-0.0006605066839924234,33.1655707359314,1.0371431410312653,2.7950000000000002e-05
4883,597.3093268668213,1,-0.0004544019498676777,55.77327632904053,1.0370945036411285,2.7925000000000005e-05
4884,605.4379808701738,1,-0.0010982112309485537,10.8225257396698,1.0370382964611053,2.7900000000000007e-05
4885,613.4102637162903,1,-0.002548373030959894,25.65859079360962,1.0369262397289276,2.7874999999999993e-05
4886,617.3955109726659,1,-0.00018547329442508698,29.876830101013184,1.036821573972702,2.7849999999999996e-05
4887,580.3589456027291,1,0.0008284854453179946,162.20383071899414,1.0367304384708405,2.7825e-05
4888,604.3551049088625,1,-0.000918406026795715,17.23436403274536,1.0366546213626862,2.78e-05
4889,608.5671484270393,1,-0.0008973514167545105,10.470697402954102,1.036531150341034,2.7775000000000004e-05
4890,613.4699796290465,1,-0.002396473205881655,27.994699478149414,1.036385416984558,2.7750000000000007e-05
4891,607.1742213981477,1,-0.005108810384877316,7.8306297063827515,1.0362712740898132,2.7724999999999993e-05
4892,597.9649681083332,1,0.00021294292543783122,22.673179149627686,1.0361632406711578,2.7699999999999996e-05
4893,607.0107223361432,1,-0.003731232782538285,8.902645587921143,1.0360625982284546,2.7675e-05
4894,610.1505084681452,1,-0.0022907965758349746,9.423497438430786,1.0359119474887848,2.765e-05
4895,599.1464182606975,1,0.0006557626930199234,49.11669921875,1.035774052143097,2.7625000000000004e-05
4896,600.2153267082183,1,-0.004428345190563121,11.971705436706543,1.0356662273406982,2.7600000000000007e-05
4897,604.3671581759514,1,-0.0013711222397758682,9.620535612106323,1.0355423986911774,2.7574999999999993e-05
4898,607.3527684276341,1,-0.004703580357062531,9.950788974761963,1.0354043543338776,2.7549999999999995e-05
4899,586.7251636531164,1,-0.0017391066694951718,71.51304054260254,1.0352442860603333,2.7524999999999998e-05
4900,586.7698122703289,1,0.0002886885344253187,147.53377151489258,1.0351149141788483,2.75e-05
4901,613.3651378568363,1,-0.0001927006524677921,16.191418647766113,1.0350289642810822,2.7475000000000004e-05
4902,612.6614170491447,1,5.0839898694476915e-05,7.733739137649536,1.0349397659301758,2.7450000000000007e-05
4903,603.750211915228,1,-0.000501462261206953,25.28880739212036,1.03481724858284,2.7424999999999992e-05
4904,612.6789941196814,1,-0.0005557485735785406,12.825119495391846,1.0346836745738983,2.7399999999999995e-05
4905,614.6853098858705,1,-0.00025409461837888614,13.573903560638428,1.034524291753769,2.7374999999999998e-05
4906,605.6717730113996,1,-0.006498875411192984,7.250968933105469,1.0343687236309052,2.735e-05
4907,606.8372004350672,1,-0.012203675545400472,4.456109166145325,1.0342104136943817,2.7325000000000004e-05
4908,608.8761287365168,1,-0.002997174621823362,7.393670439720154,1.0340246260166168,2.7300000000000006e-05
4909,602.6449436915406,1,-0.0036745092516801137,17.64882230758667,1.0337389409542084,2.7274999999999992e-05
4910,609.7754805350712,1,-0.002962540348935505,16.570612907409668,1.033394992351532,2.7249999999999995e-05
4911,597.086242400397,1,0.001018957409542054,44.24822425842285,1.0331212878227234,2.7224999999999998e-05
4912,602.4006486955548,1,-0.003222183757250363,36.081204414367676,1.032928228378296,2.72e-05
4913,609.6645846241099,1,-0.0022617680249066296,7.951200008392334,1.0327356457710266,2.7175000000000003e-05
4914,611.6171160797933,1,-0.00032394187076478786,8.259490966796875,1.0324528515338898,2.7150000000000006e-05
4915,603.0797654215511,1,-0.0005962608338450082,39.55491924285889,1.0322093069553375,2.7124999999999992e-05
4916,592.6321167803554,1,-0.0009383714017801026,71.32671165466309,1.0320443212985992,2.7099999999999995e-05
4917,606.0082032604672,1,-0.0006499875174617031,40.36070537567139,1.0319258570671082,2.7074999999999997e-05
4918,612.4171441158416,1,-8.484090725247029e-05,11.19164776802063,1.031853199005127,2.705e-05
4919,608.3364078871543,1,-0.0014229175057547394,8.783408880233765,1.0317529737949371,2.7025000000000003e-05
4920,583.7403162232883,1,-0.001185673067209736,129.16536140441895,1.0315801799297333,2.7000000000000006e-05
4921,594.4954720273572,1,-0.0012146445369598524,19.14238739013672,1.031427800655365,2.697499999999999e-05
4922,612.6120939114659,1,-0.001295946460837527,23.175221920013428,1.0312855243682861,2.6949999999999994e-05
4923,615.1760635729698,1,-0.0002747940938570004,27.770825386047363,1.0311670303344727,2.6924999999999997e-05
4924,585.8105818543052,1,-0.00014954154414059673,106.60282325744629,1.0310755968093872,2.69e-05
4925,609.6039468748562,1,-0.009750453838726969,14.546297788619995,1.0310070514678955,2.6875000000000003e-05
4926,613.7553006368832,1,-0.005920493117258729,5.384778618812561,1.03096804022789,2.6850000000000006e-05
4927,598.8693189086325,1,0.002324149700474898,52.53464984893799,1.0309800207614899,2.682499999999999e-05
4928,600.3371648367659,1,0.0009500212685311649,20.867196083068848,1.031005859375,2.6799999999999994e-05
4929,603.0625669337171,1,-0.0013666102450722306,29.83290672302246,1.0310518443584442,2.6774999999999997e-05
4930,592.5773539609027,1,-0.00023031401185491518,63.62325096130371,1.031076431274414,2.675e-05
4931,613.1675577186514,1,-0.0006833489382067626,13.633354425430298,1.031081348657608,2.6725000000000002e-05
4932,586.0394590162675,1,-0.0003561208314915021,199.80226135253906,1.03105828166008,2.6700000000000005e-05
4933,611.6225222032156,1,-0.007077255277319949,7.510732650756836,1.031023383140564,2.667499999999999e-05
4934,610.1811088900565,1,-0.002890760541195192,19.442851066589355,1.030944287776947,2.6649999999999994e-05
4935,593.619957942162,1,-0.0004047254801742284,119.71985244750977,1.0308507084846497,2.6624999999999997e-05
4936,605.0271527999139,1,0.00019566293266048973,18.82948637008667,1.0307806134223938,2.66e-05
4937,578.9287609253316,1,-0.00018507889217467266,298.66458892822266,1.0307185351848602,2.6575000000000002e-05
4938,611.8045928731858,1,-0.0012286208299114865,11.347872972488403,1.030665099620819,2.6550000000000005e-05
4939,613.6748471377383,1,-0.0010251543483494885,19.233553886413574,1.0305936336517334,2.652499999999999e-05
4940,613.3829473801062,1,-0.0017945921106736762,32.859896659851074,1.0305066406726837,2.6499999999999994e-05
4941,601.844761113832,1,-0.0009618800945903061,46.170775413513184,1.0304372012615204,2.6474999999999996e-05
4942,596.5627922531881,1,-0.002203135784449417,69.99019432067871,1.0303720533847809,2.645e-05
4943,610.7457389085769,1,-0.00022763307515560882,12.630595207214355,1.0303097665309906,2.6425000000000002e-05
4944,607.9080342677585,1,-0.0047689648971971366,4.739215850830078,1.0302357077598572,2.6400000000000005e-05
4945,615.7180952460631,1,-0.0007404748366051095,17.517991065979004,1.0301021039485931,2.637499999999999e-05
4946,613.780279419072,1,-0.008631394895793898,5.660181999206543,1.0299134254455566,2.6349999999999993e-05
4947,600.8566115309567,1,-0.0008383404764451541,30.852281093597412,1.02957221865654,2.6324999999999996e-05
4948,597.4182120511701,1,-0.0025952651215312983,29.60524559020996,1.029307246208191,2.63e-05
4949,591.4154392727518,1,-0.0001291426741758528,84.44068717956543,1.0291492342948914,2.6275000000000002e-05
4950,605.8031759379963,1,-0.006183293203960716,7.838126540184021,1.0290536880493164,2.6250000000000004e-05
4951,579.2481509787185,1,-0.0012217563926242292,174.10661697387695,1.0289962589740753,2.622499999999999e-05
4952,610.7979607159301,1,-0.0038621929070004057,7.020632028579712,1.0289477705955505,2.6199999999999993e-05
4953,613.7697963148564,1,-0.0010021183136501577,5.130063533782959,1.0288741290569305,2.6174999999999996e-05
4954,598.8220262024945,1,0.0030598311147107538,52.97187805175781,1.028801590204239,2.615e-05
4955,601.8993174082267,1,-0.003205442833455585,18.73344612121582,1.0287602245807648,2.6125e-05
4956,612.0411188179104,1,-0.0022849380297378374,2.193820536136627,1.0287157893180847,2.6100000000000004e-05
4957,611.299151398793,1,-0.0012101367711281341,7.113410592079163,1.0285536646842957,2.607499999999999e-05
4958,583.7726210868202,1,-0.0016947926695660698,171.86091995239258,1.0282971560955048,2.6049999999999993e-05
4959,604.2150854840709,1,-0.0035906212454275277,17.636430740356445,1.0280946791172028,2.6024999999999996e-05
4960,564.1011031518048,1,-0.0014685761058697011,528.8294067382812,1.0279505848884583,2.6e-05
4961,592.1504752400979,1,1.3733449817365795e-05,83.30018424987793,1.027854859828949,2.5975e-05
4962,603.6442142206816,1,-0.0038293110905200933,10.632827758789062,1.027790606021881,2.5950000000000004e-05
4963,608.1016131241813,1,-0.005909717250791147,8.05519437789917,1.0277191400527954,2.592499999999999e-05
4964,607.0663430874054,1,-0.009445735624197482,1.928149938583374,1.0275242030620575,2.5899999999999993e-05
4965,613.2790166378564,1,-0.005077605422298959,10.942071199417114,1.0271742641925812,2.5874999999999995e-05
4966,609.8416435837427,1,0.0017326657840035509,26.63646173477173,1.026880145072937,2.5849999999999998e-05
4967,613.3755543379718,1,-0.0013723869779589393,3.782743990421295,1.0266070067882538,2.5825e-05
4968,601.954356483648,1,-0.0071076316060469935,11.364142656326294,1.0263457596302032,2.5800000000000004e-05
4969,611.9457700220572,1,-0.007027257446580393,4.420025587081909,1.0261015892028809,2.577499999999999e-05
4970,610.1820752341678,1,0.001293196747105263,19.74258279800415,1.0257286429405212,2.5749999999999992e-05
4971,608.8082112916414,1,-0.0015070664872096629,7.294714331626892,1.0253743827342987,2.5724999999999995e-05
4972,614.3845605993181,1,-0.0016081637821532269,10.830838441848755,1.0250015258789062,2.5699999999999998e-05
4973,602.8728044485051,1,0.0018935550511471888,52.051849365234375,1.0247042179107666,2.5675e-05
4974,613.0914800650169,1,-0.006602473889611105,15.06826114654541,1.0244804322719574,2.5650000000000003e-05
4975,614.010227130877,1,-0.0006844395961280725,9.919981241226196,1.0242857933044434,2.562499999999999e-05
4976,603.7281350774483,1,-0.007915115316531107,13.971494197845459,1.024118721485138,2.5599999999999992e-05
4977,608.7233514766871,1,-0.0015160957778930229,9.858038663864136,1.0239578485488892,2.5574999999999995e-05
4978,615.7394314025773,1,-0.003315219277851611,18.09415102005005,1.0237671732902527,2.5549999999999998e-05
4979,614.2924851827365,1,-0.0018658351658742411,18.344520092010498,1.0236221551895142,2.5525e-05
4980,612.188351144416,1,-0.004620009553830462,4.955097913742065,1.0235398709774017,2.5500000000000003e-05
4981,608.1476437660534,1,-0.0018899376585723715,8.507888793945312,1.0234761834144592,2.547499999999999e-05
4982,603.0381472441882,1,-0.004962426291735156,11.65526008605957,1.0234235525131226,2.5449999999999992e-05
4983,611.857959757744,1,-0.006629942180500947,5.461151123046875,1.0233495831489563,2.5424999999999995e-05
4984,602.8345622720631,1,-0.0033902167644423997,12.043214321136475,1.0232276022434235,2.5399999999999997e-05
4985,572.8140577570396,1,0.0027224482799848015,374.88785552978516,1.0230359733104706,2.5375e-05
4986,609.7645697576552,1,-0.0025615383724302276,12.38161301612854,1.0228669941425323,2.5350000000000003e-05
4987,611.1353500272046,1,0.0014346508753249054,11.62974762916565,1.0226828455924988,2.532499999999999e-05
4988,605.2906415592938,1,-0.0009825442388386452,8.028489112854004,1.0225531160831451,2.529999999999999e-05
4989,610.7022305681272,1,-0.0021082258485103367,8.083816885948181,1.0224211812019348,2.5274999999999994e-05
4990,581.280436273139,1,-0.0017938548314262448,268.32574462890625,1.0222459435462952,2.5249999999999997e-05
4991,611.2580093813685,1,-0.0025930393603630364,14.12699556350708,1.022091269493103,2.5225e-05
4992,615.5613267977935,1,-0.0004164284557868214,15.361055374145508,1.021911233663559,2.5200000000000003e-05
4993,611.7162745689983,1,-0.0012537305258728537,12.840149879455566,1.0217487812042236,2.517499999999999e-05
4994,614.6193682887247,1,-0.0031443547956708784,12.269463539123535,1.0216211676597595,2.514999999999999e-05
4995,608.2631941677897,1,-0.0015138556652498636,9.38720154762268,1.0215084552764893,2.5124999999999994e-05
4996,616.5326536062621,1,-0.0030818176903508743,13.074141025543213,1.0214321315288544,2.5099999999999997e-05
4997,608.5346601239851,1,-0.0014036165769168996,15.477539300918579,1.0213555693626404,2.5075e-05
4998,611.6823850364176,1,0.0004912267949046534,23.807627201080322,1.0212644040584564,2.5050000000000002e-05
4999,611.6540034397528,1,-0.0011922629920511074,10.138987064361572,1.0210859775543213,2.5024999999999988e-05
5000,590.2837132144577,1,-0.0012546099535719613,180.13994979858398,1.0208521485328674,2.499999999999999e-05
5001,612.1561216357115,1,-0.004089391599233494,3.927153706550598,1.0206659138202667,2.4974999999999994e-05
5002,614.995936523163,1,-0.006329145134134961,11.66467833518982,1.0204878151416779,2.4949999999999997e-05
5003,606.9791603043833,1,-0.004549544895309232,12.731974840164185,1.0203388631343842,2.4925e-05
5004,452.85332131256547,1,-0.0012575590861665376,2855.5159912109375,1.0202197432518005,2.4900000000000002e-05
5005,598.285636385951,1,-0.00020839517189674694,37.49368667602539,1.0201442241668701,2.4875000000000005e-05
5006,608.5254685136422,1,-0.004899883153417051,7.248752951622009,1.0201167166233063,2.484999999999999e-05
5007,616.8702623436991,1,-0.0016777751353878045,11.751269102096558,1.0200971066951752,2.4824999999999994e-05
5008,614.1233518955916,1,-0.0001800678669239275,9.94555401802063,1.020075112581253,2.4799999999999996e-05
5009,570.5934738201422,1,-0.0014244873219185772,320.27667236328125,1.0200563669204712,2.4775e-05
5010,612.8630357140876,1,-0.00935910475716284,4.0368465185165405,1.020004540681839,2.4750000000000002e-05
5011,603.628886353654,1,-0.0026391127019582683,8.641705751419067,1.0198369026184082,2.4725000000000005e-05
5012,615.1668982519898,1,-0.0023661715453151544,8.83118724822998,1.0197049975395203,2.469999999999999e-05
5013,584.30817629467,1,-0.004415573771805015,173.51509857177734,1.019611418247223,2.4674999999999993e-05
5014,550.9027055081904,1,-0.0004317548325886156,478.2185592651367,1.0195443332195282,2.4649999999999996e-05
5015,614.3045104516378,1,-0.0011466336075680594,20.138240337371826,1.019485890865326,2.4625e-05
5016,614.6456141243235,1,0.00013099879082822952,25.343262672424316,1.0194120407104492,2.46e-05
5017,590.9241324184591,1,6.474297584535549e-05,110.11484146118164,1.0193432569503784,2.4575000000000004e-05
5018,581.724710255032,1,-0.00040874913347899167,276.84032440185547,1.0192960500717163,2.454999999999999e-05
5019,595.9296946297301,1,-0.0008273268512901666,61.51581382751465,1.0192634463310242,2.4524999999999993e-05
5020,598.5943864568178,1,-0.0036914277050801303,15.99532437324524,1.0192160904407501,2.4499999999999996e-05
5021,605.8714779394562,1,-0.0008759799497459753,7.58721137046814,1.0191056728363037,2.4475e-05
5022,608.2904504016615,1,-0.003451222008284738,11.177133560180664,1.0190337300300598,2.445e-05
5023,606.7325917921854,1,-0.004357946230340026,5.993225455284119,1.018973022699356,2.4425000000000004e-05
5024,589.6796540647847,1,-0.0024820106198983893,93.84542846679688,1.01883202791214,2.4399999999999993e-05
5025,607.5017921091027,1,0.0007918448978703196,17.672921180725098,1.0187107920646667,2.4374999999999996e-05
5026,611.9108525957492,1,-0.0011774937321327172,10.22199535369873,1.0186182260513306,2.435e-05
5027,609.4986754334926,1,-0.0014124811367279833,7.6703420877456665,1.0185480415821075,2.4325000000000002e-05
5028,599.3341031380633,1,-0.0011478471195545126,39.890188217163086,1.018490493297577,2.43e-05
5029,601.6402316481535,1,-6.334164676680132e-05,20.179872512817383,1.0184303522109985,2.4275000000000004e-05
5030,615.42428575254,1,-0.00041770468405788463,26.08473777770996,1.0183610320091248,2.4249999999999993e-05
5031,613.5677855926834,1,-0.0028859182807181583,13.426711320877075,1.0182902812957764,2.4224999999999996e-05
5032,610.2030587472818,1,-0.0034005654877264924,11.720795154571533,1.018204778432846,2.42e-05
5033,614.6922083696782,1,-0.000752892160683416,7.123548150062561,1.018116444349289,2.4175e-05
5034,581.2991135638266,1,-0.00019724042924096352,161.5277328491211,1.0180272161960602,2.4150000000000004e-05
5035,598.8025011182964,1,-0.0017235849893211252,63.827664375305176,1.0179436206817627,2.4125000000000007e-05
5036,605.567973441914,1,-0.0014743385192040326,6.957147240638733,1.0178532600402832,2.4099999999999993e-05
5037,610.9129001083894,1,-4.5401299328950984e-05,4.6272183656692505,1.0177214443683624,2.4074999999999996e-05
5038,609.2334977331116,1,-0.001516972084152357,5.930609941482544,1.0175843834877014,2.405e-05
5039,608.0649809469138,1,0.0007997692861989592,27.72821807861328,1.017480343580246,2.4025e-05
5040,612.933792525645,1,-0.0036840887243254627,7.287094354629517,1.0173920691013336,2.4000000000000004e-05
5041,597.0955880566992,1,0.0009519392592745035,46.664920806884766,1.0173081755638123,2.3975000000000007e-05
5042,612.3930446717699,1,-0.0019084114327350132,18.334332942962646,1.0172305703163147,2.3949999999999993e-05
5043,599.7503734222896,1,-0.0017143658790566008,26.58092164993286,1.0171412825584412,2.3924999999999995e-05
5044,586.3415154865801,1,0.000342809255462484,202.86469268798828,1.0170569121837616,2.3899999999999998e-05
5045,606.6958030455017,1,-0.0070654859106680235,4.161472916603088,1.0169777870178223,2.3875e-05
5046,617.953538669852,1,0.001939413690706715,22.824793338775635,1.0168505907058716,2.3850000000000004e-05
5047,608.5623955247729,1,-0.003140506932350906,6.106168270111084,1.0167387127876282,2.3825000000000007e-05
5048,606.6321160800275,1,-0.0011542710373753096,15.164902210235596,1.01665860414505,2.3799999999999992e-05
5049,610.5420660811226,1,-0.0014346959753850363,8.36158275604248,1.016587108373642,2.3774999999999995e-05
5050,609.0754569245562,1,-0.001624635722906831,11.555680274963379,1.0164653360843658,2.3749999999999998e-05
5051,576.8694643183163,1,0.0003030270541790614,216.37476348876953,1.0163811445236206,2.3725e-05
5052,605.5540627769104,1,-0.002649969481151704,13.078647136688232,1.0163094103336334,2.3700000000000003e-05
5053,612.0628415070222,1,-0.0015366268742340594,4.717154264450073,1.0161583423614502,2.3675000000000006e-05
5054,610.1801774935984,1,-0.004617622723294801,4.9989447593688965,1.015942394733429,2.3649999999999992e-05
5055,614.0230025012038,1,0.0009237644973092429,19.20189905166626,1.015650361776352,2.3624999999999995e-05
5056,598.3459965387594,1,-0.002106410523453839,15.243461608886719,1.0154036283493042,2.3599999999999998e-05
5057,588.9635306216715,1,-0.0005251548456737254,76.7951774597168,1.015196979045868,2.3575e-05
5058,599.6493702556277,1,-0.0006965537447403136,43.024909019470215,1.0150431990623474,2.3550000000000003e-05
5059,606.3982129769956,1,-0.0011533243354113765,15.854716300964355,1.0149183869361877,2.3525000000000006e-05
5060,608.4841969469211,1,-0.006533176215641312,3.436637282371521,1.014769822359085,2.3499999999999992e-05
5061,617.151559162779,1,0.00015733735675049765,41.5407018661499,1.0146194696426392,2.3474999999999995e-05
5062,611.1905227255313,1,-0.002991746938698192,6.781874179840088,1.0144785940647125,2.3449999999999997e-05
5063,604.8927803235747,1,-0.0007743290022155236,27.763617515563965,1.0143112242221832,2.3425e-05
5064,582.9138770812058,1,0.0009270598280375353,101.21138000488281,1.0140818357467651,2.3400000000000003e-05
5065,610.1395796971567,1,-0.0006397122041956749,7.0927324295043945,1.0138923525810242,2.3375000000000006e-05
5066,611.144764900244,1,-0.0003146219794460947,5.8682602643966675,1.0137301981449127,2.334999999999999e-05
5067,616.3620421030596,1,-0.0006886371125958135,12.218616962432861,1.0135692954063416,2.3324999999999994e-05
5068,602.7361954253643,1,-0.003648272337159142,52.73376941680908,1.0134296119213104,2.3299999999999997e-05
5069,591.9312246028157,1,-0.002756526759938538,56.423112869262695,1.0133198499679565,2.3275e-05
5070,573.2395579072348,1,-0.0014155413600587252,302.47998809814453,1.0132090747356415,2.3250000000000003e-05
5071,573.5359219968034,1,-7.997857355190874e-05,434.6362838745117,1.013133317232132,2.3225000000000005e-05
5072,615.5515503417992,1,-0.0010408603609519673,29.192402839660645,1.0130803883075714,2.319999999999999e-05
5073,581.9321429897143,1,-0.0028243311690250295,136.33888244628906,1.0130342245101929,2.3174999999999994e-05
5074,605.1110265751181,1,-0.004187946831172518,12.736518383026123,1.0129956603050232,2.3149999999999997e-05
5075,609.6746577551737,1,-0.0019636750841769413,6.494200587272644,1.0129323899745941,2.3125e-05
5076,602.1087376219002,1,-0.00047116613201891866,22.006149291992188,1.0127645134925842,2.3100000000000002e-05
5077,606.1429464840099,1,-0.005474789303089311,6.855414986610413,1.012535810470581,2.3075000000000005e-05
5078,615.0466462389393,1,-0.001154795043579071,15.246668815612793,1.0122260451316833,2.304999999999999e-05
5079,612.894565527973,1,0.0006340375548461452,12.137044906616211,1.0119719207286835,2.3024999999999994e-05
5080,614.4877583801285,1,-0.0019836592255160213,12.104008197784424,1.0117809474468231,2.2999999999999997e-05
5081,600.9806596431283,1,0.0008252458560016329,260.21229553222656,1.0116395354270935,2.2975e-05
5082,575.2116916738316,1,-0.0003756819095197539,216.0378761291504,1.0115363895893097,2.2950000000000002e-05
5083,610.9740225184086,1,-0.0013779192262983742,11.62882924079895,1.011458933353424,2.2925000000000005e-05
5084,606.1015412756079,1,-0.0007814680691815568,6.714479207992554,1.011376827955246,2.289999999999999e-05
5085,594.798229396017,1,0.00023712885188764687,106.07873725891113,1.011265754699707,2.2874999999999994e-05
5086,602.9782391005269,1,-0.0016728628787570088,13.083805322647095,1.0111651122570038,2.2849999999999996e-05
5087,612.6824141238482,1,-0.0022167120130003326,13.66393494606018,1.0110301971435547,2.2825e-05
5088,602.3282929612676,1,-0.0006043613129467218,31.833436489105225,1.0109124183654785,2.2800000000000002e-05
5089,607.0902252318136,1,-0.005627824271423165,7.467866063117981,1.010844647884369,2.2775000000000005e-05
5090,617.2485024671723,1,-0.0020247267921851275,17.32923650741577,1.01078400015831,2.274999999999999e-05
5091,577.8903590106095,1,-0.0011077266340020486,151.79698181152344,1.0107295215129852,2.2724999999999993e-05
5092,601.116227565165,1,-0.002098839692297183,20.338816165924072,1.0106854736804962,2.2699999999999996e-05
5093,608.7832684351752,1,-0.002676769256930278,27.258172035217285,1.010647714138031,2.2675e-05
5094,614.3662754655194,1,-0.0019027965800156865,15.131492137908936,1.0106192529201508,2.265e-05
5095,610.3403195742677,1,0.00022420087463181915,8.91515588760376,1.0105886161327362,2.2625000000000004e-05
5096,612.1408130642684,1,-0.005111582299623052,8.313159465789795,1.010520875453949,2.259999999999999e-05
5097,607.1679349219703,1,-0.0027125306016961837,10.480781316757202,1.0104386508464813,2.2574999999999993e-05
5098,608.8787527016987,1,-0.004462171088171374,12.832509994506836,1.0103546977043152,2.2549999999999996e-05
5099,614.2464104271762,1,0.0022084421903940665,19.144996643066406,1.010273039340973,2.2525e-05
5100,610.1314640577764,1,-0.00013634674825269144,8.310238003730774,1.010205715894699,2.25e-05
5101,603.6393562733526,1,-0.0020101419894382744,18.368107795715332,1.0101036131381989,2.2475000000000004e-05
5102,593.4274043624793,1,8.841146693328028e-05,116.57539558410645,1.0099692940711975,2.244999999999999e-05
5103,610.661611864167,1,-0.002724062816134243,17.115870475769043,1.0098736882209778,2.2424999999999993e-05
5104,597.6422213047906,1,0.0014097690679286679,71.44384002685547,1.0098337829113007,2.2399999999999996e-05
5105,559.2067100480033,1,0.00042481208220124245,598.0770874023438,1.0098161399364471,2.2375e-05
5106,592.8359938650158,1,-0.0019345245069279926,56.72137451171875,1.0098031759262085,2.235e-05
5107,611.9025712633029,1,-0.0032865993990773834,4.237800121307373,1.0097527503967285,2.2325000000000004e-05
5108,592.0903407283581,1,-0.0006847262313716129,109.2321891784668,1.009661465883255,2.229999999999999e-05
5109,615.0688074672629,1,0.0008888981141286223,23.26530694961548,1.0095986425876617,2.2274999999999993e-05
5110,608.9269690766076,1,-0.0005747916729887947,9.288262844085693,1.0095352828502655,2.2249999999999995e-05
5111,607.914067381256,1,-0.0011807489329687115,15.081417798995972,1.009412944316864,2.2224999999999998e-05
5112,614.5582291551527,1,-0.00044723236419130785,16.512357234954834,1.009276032447815,2.22e-05
5113,564.2541244068877,1,-0.0010621027131989536,375.6466979980469,1.0091831684112549,2.2175000000000004e-05
5114,508.70792144350514,1,0.00037242553210248275,1769.4164733886719,1.0091246962547302,2.214999999999999e-05
5115,612.3180826636135,1,-0.002996533063616802,8.73275899887085,1.009093314409256,2.2124999999999992e-05
5116,559.8423800980709,1,0.0006728638390711694,598.6278533935547,1.0090954005718231,2.2099999999999995e-05
5117,611.0275854756446,1,-0.00448891424512432,4.703518986701965,1.009101688861847,2.2074999999999998e-05
5118,610.1067649015185,1,0.0019860585540847353,3.798751950263977,1.0090978741645813,2.205e-05
5119,611.6771283258863,1,5.9783460761408946e-05,16.20598077774048,1.009038358926773,2.2025000000000003e-05
5120,605.5313803915997,1,-0.0009884221398603898,26.581385135650635,1.0089593827724457,2.199999999999999e-05
5121,607.6564005127466,1,-0.00030416813092859485,16.39534616470337,1.0088700354099274,2.1974999999999992e-05
5122,584.9538810342915,1,-0.0007715964978078915,218.02738571166992,1.0087701380252838,2.1949999999999995e-05
5123,610.0041744807218,1,-0.0036703653184408935,5.378674268722534,1.008671224117279,2.1924999999999998e-05
5124,599.0244198532324,1,-0.003382788274771009,19.242769241333008,1.0085085928440094,2.19e-05
5125,586.4342593667645,1,-0.0007825175040103716,80.1047592163086,1.0083580613136292,2.1875000000000003e-05
5126,606.5718374946262,1,-0.0016386806760069206,16.270941495895386,1.0082547664642334,2.1850000000000006e-05
5127,598.6693997893541,1,-0.00017469349060972306,47.56822681427002,1.0081650912761688,2.1824999999999992e-05
5128,562.3497450261277,1,3.524653249442622e-05,536.8218231201172,1.0080879926681519,2.1799999999999995e-05
5129,616.9689474060774,1,-0.0007465077024058075,10.19346022605896,1.0080239474773407,2.1774999999999997e-05
5130,609.0613851268566,1,-0.0004224486575159503,16.132893800735474,1.007920265197754,2.175e-05
5131,613.4732472539611,1,-0.0012078898826786144,12.852566003799438,1.0077877342700958,2.1725000000000003e-05
5132,574.5840357131556,1,0.0008168063848366103,344.7718734741211,1.0076828598976135,2.1700000000000006e-05
5133,604.2562994502512,1,-0.00137525683200046,10.84695816040039,1.0076176822185516,2.167499999999999e-05
5134,592.1737211052966,1,-0.000537856059038333,19.788238048553467,1.0075807869434357,2.1649999999999994e-05
5135,598.3291550923964,1,-0.0001152071023335921,39.89025402069092,1.0075435042381287,2.1624999999999997e-05
5136,605.0110728560317,1,-0.0012294713410980762,9.142653465270996,1.0074982643127441,2.16e-05
5137,611.2085647855703,1,-5.564808380142949e-05,27.054485321044922,1.0074264407157898,2.1575000000000003e-05
5138,613.2734222334157,1,-0.00044399559221330875,25.78116798400879,1.007355123758316,2.1550000000000005e-05
5139,606.6309521767344,1,-0.006195541936904192,3.4033141136169434,1.0073124766349792,2.152499999999999e-05
5140,613.0365611299458,1,-0.004636677349918017,16.85001516342163,1.0073018074035645,2.1499999999999994e-05
5141,604.4801024999902,1,-0.004566334136366201,10.071906805038452,1.0072795748710632,2.1474999999999997e-05
5142,590.3720043594856,1,-0.0005482126788201036,156.42952728271484,1.0072081983089447,2.145e-05
5143,609.2253977448287,1,-0.0006818914881918658,11.558842897415161,1.0071185231208801,2.1425000000000002e-05
5144,614.1712548524611,1,-0.0016174333980494282,18.700554370880127,1.0069634318351746,2.1400000000000005e-05
5145,606.7109468037845,1,-0.0014413966215762741,7.094300746917725,1.0068311095237732,2.137499999999999e-05
5146,607.2074458375184,1,-0.0041279185993166045,14.876965761184692,1.0067159831523895,2.1349999999999994e-05
5147,604.7477064759275,1,-0.0010548686596276724,12.106239795684814,1.0065666735172272,2.1324999999999997e-05
5148,578.9883107581065,1,2.549664478124214e-05,327.59452056884766,1.0064198970794678,2.13e-05
5149,610.0035352430007,1,-0.0019505621301223464,14.600436925888062,1.0063045620918274,2.1275000000000002e-05
5150,608.4342302370114,1,-0.005024782443454168,4.546487927436829,1.006128191947937,2.1250000000000005e-05
5151,605.1538794067,1,-0.005781134041237479,11.025856018066406,1.0057508051395416,2.122499999999999e-05
5152,605.8431848591805,1,0.0022730254364979885,8.699560165405273,1.0054431855678558,2.1199999999999994e-05
5153,609.6806153813316,1,-0.004790614663551462,7.227421998977661,1.0052174925804138,2.1174999999999996e-05
5154,605.6926835562297,1,-0.0016356569618578565,17.233566284179688,1.0050507485866547,2.115e-05
5155,606.1555276881676,1,-0.008899581570283921,3.6868211030960083,1.0049235224723816,2.1125000000000002e-05
5156,604.2703226055844,1,0.0007236090572736442,26.915558338165283,1.0047492384910583,2.1100000000000005e-05
5157,585.4574605771849,1,0.001465322147122805,220.23153686523438,1.0046066045761108,2.107499999999999e-05
5158,612.7091915362266,1,-0.005585960233160714,8.0658540725708,1.0045111775398254,2.1049999999999993e-05
5159,609.8712326073602,1,-0.004904976673532069,7.407863616943359,1.004419595003128,2.1024999999999996e-05
5160,607.0984316694235,1,-0.0028452233220872536,14.615785598754883,1.0042084753513336,2.1e-05
5161,608.4358524910696,1,-0.0005648428601352506,3.302797257900238,1.0039936900138855,2.0975e-05
5162,612.0753757173627,1,-0.003117810684042155,7.704126834869385,1.0037325322628021,2.0950000000000004e-05
5163,612.4230626471749,1,-0.0017038263816537835,7.653663992881775,1.0035142004489899,2.092499999999999e-05
5164,610.1338943943493,1,5.340835363876195e-05,8.941582679748535,1.003342866897583,2.0899999999999993e-05
5165,586.5554513652431,1,0.000667669987056918,132.67535400390625,1.0031878054141998,2.0874999999999996e-05
5166,589.1883859966124,1,-0.0007236712418094982,40.660186767578125,1.0030684769153595,2.085e-05
5167,610.7338224049,1,-0.001784153344208228,16.09011721611023,1.0029321908950806,2.0825e-05
5168,616.2945723166731,1,-0.0004903796912465452,16.89067268371582,1.0028336942195892,2.0800000000000004e-05
5169,613.7655315897053,1,-0.005462707512867482,12.482850313186646,1.0027450025081635,2.077499999999999e-05
5170,579.3952476999626,1,0.00014538409595843405,293.9802551269531,1.0026588439941406,2.0749999999999993e-05
5171,613.5768329644758,1,-0.0002388486828197589,15.042402505874634,1.0025920867919922,2.0724999999999996e-05
5172,590.0643373157974,1,0.001225471004776324,150.08356857299805,1.0025252401828766,2.07e-05
5173,602.3814260882612,1,-3.326932481417799e-05,12.026186227798462,1.0024767220020294,2.0675e-05
5174,609.2308693413171,1,-0.005254103401280297,11.762200593948364,1.002419888973236,2.0650000000000004e-05
5175,604.2179802273693,1,-0.0006774557737767584,13.744864463806152,1.0023172497749329,2.0624999999999993e-05
5176,610.2299870339634,1,-0.002396530348610648,6.890302538871765,1.0022191107273102,2.0599999999999996e-05
5177,615.4937571805433,1,-0.0007578861484216493,22.967763423919678,1.0021127760410309,2.0575e-05
5178,548.9734578420007,1,-0.00020685454881208543,854.091064453125,1.0020257532596588,2.055e-05
5179,589.0984817932143,1,-0.00018207144421378274,127.70633125305176,1.0019689202308655,2.0525000000000004e-05
5180,610.9285286116161,1,-0.003325590896102959,5.540030002593994,1.0019173324108124,2.0500000000000004e-05
5181,610.4432719833223,1,-0.00752636416021879,10.763993501663208,1.001792311668396,2.0474999999999993e-05
5182,606.9566474220268,1,-0.00043023119337304294,10.1966392993927,1.0016180872917175,2.0449999999999996e-05
5183,602.7850980311664,1,-0.002208877928151054,5.868435263633728,1.0014075934886932,2.0425e-05
5184,602.4195351010692,1,-0.001285051047473118,58.83670902252197,1.0011590123176575,2.04e-05
5185,613.7824952688683,1,0.0007052988737852317,15.37491512298584,1.0009787678718567,2.0375000000000004e-05
5186,613.9122629820324,1,-0.0015920750884106383,16.72402000427246,1.0008531510829926,2.0350000000000007e-05
5187,608.6334441947009,1,-0.004139202852285528,22.21583366394043,1.0007619857788086,2.0324999999999993e-05
5188,610.1056805128754,1,-0.004562153677128311,4.961743474006653,1.0006734430789948,2.0299999999999995e-05
5189,605.7408884066504,1,0.0011090203534305232,12.226126194000244,1.0005974173545837,2.0274999999999998e-05
5190,613.875632540568,1,0.0006647872494500717,14.159746646881104,1.0004870891571045,2.025e-05
5191,611.9562247786962,1,-0.0006750615984145725,9.954047441482544,1.0004109740257263,2.0225000000000004e-05
5192,610.9505861157543,1,-0.0013312445908706394,6.581331133842468,1.0003588199615479,2.0200000000000006e-05
5193,590.2231209467677,1,-8.998732456433345e-05,116.49259185791016,1.000302940607071,2.0174999999999992e-05
5194,616.7480033139955,1,-0.004045639402356471,7.699666857719421,1.000264436006546,2.0149999999999995e-05
5195,552.2379793131252,1,-0.0004363873814501318,710.28271484375,1.0002286434173584,2.0124999999999998e-05
5196,592.4898238526551,1,-0.0011288355146956697,75.77361106872559,1.0002028346061707,2.01e-05
5197,612.730397263421,1,-0.001886811473528649,6.765743136405945,1.0001798272132874,2.0075000000000003e-05
5198,605.1089257242775,1,-0.005874270828476691,16.309159755706787,1.0001530647277832,2.0050000000000006e-05
5199,609.0856755442439,1,-0.00021192256530966347,8.54461932182312,1.0001149773597717,2.0024999999999992e-05
5200,607.2141129673262,1,-0.0005396637530381554,13.166209936141968,1.0000762343406677,1.9999999999999995e-05
5201,612.6032997830368,1,-0.0020663575046704352,11.36005187034607,1.0000380277633667,1.9974999999999998e-05
5202,613.0422436779895,1,-0.0009922171684593195,15.894815444946289,0.9999803900718689,1.995e-05
5203,603.7353269478447,1,-0.0040455290805907484,14.014622211456299,0.9999290257692337,1.9925000000000003e-05
5204,606.5420551499699,1,-0.003184379332145326,9.09271764755249,0.999916285276413,1.9900000000000006e-05
5205,608.9812687409122,1,-0.007884672350393362,8.284921646118164,0.9999076873064041,1.9874999999999992e-05
5206,599.0271419705841,1,-0.0004785548013128693,59.663862228393555,0.9998841732740402,1.9849999999999995e-05
5207,613.9120182788229,1,0.0008168083532285042,14.683398008346558,0.9998572617769241,1.9824999999999997e-05
5208,612.4428506435978,1,-0.003547498866772081,7.24352240562439,0.9998089522123337,1.98e-05
5209,592.9397977553261,1,-0.00153157114538649,113.65043067932129,0.9997143745422363,1.9775000000000003e-05
5210,604.3973347185063,1,-0.0017322403489163918,8.451372623443604,0.9996200948953629,1.9750000000000006e-05
5211,583.8876813944618,1,-0.001537926149775437,238.2123680114746,0.9995112419128418,1.972499999999999e-05
5212,595.698332254259,1,0.0007303714484971358,61.23818111419678,0.9994216114282608,1.9699999999999994e-05
5213,613.0423956722547,1,-0.0016564569617472102,16.867290496826172,0.9993366301059723,1.9674999999999997e-05
5214,590.2516071481224,1,-0.0003145249434712838,103.13871002197266,0.999252587556839,1.965e-05
5215,594.1188691595174,1,5.6969712801446803e-05,88.83893203735352,0.9991875886917114,1.9625000000000003e-05
5216,602.9190721815504,1,-0.001244825770539304,41.38400173187256,0.9991477131843567,1.9600000000000005e-05
5217,607.1247957997454,1,-0.0017518350740344246,18.06838846206665,0.9991277605295181,1.957499999999999e-05
5218,596.8178679183575,1,-0.00011382536201587357,40.97100639343262,0.9991415590047836,1.9549999999999994e-05
5219,608.6946980764878,1,-0.0010593077879588186,16.002105712890625,0.9991482794284821,1.9524999999999997e-05
5220,587.9764709960901,1,-9.537807727610925e-06,200.8445167541504,0.9991252422332764,1.95e-05
5221,601.3428786467625,1,-0.00520269888134095,11.795184850692749,0.9990997910499573,1.9475000000000002e-05
5222,585.2521102621852,1,-0.004574417505926576,168.08288192749023,0.9990658760070801,1.9450000000000005e-05
5223,601.0923319858416,1,-0.0009141443262237203,31.55653953552246,0.9990372806787491,1.942499999999999e-05
5224,610.7711476929339,1,-0.00039461169652366124,18.876957416534424,0.9990083426237106,1.9399999999999994e-05
5225,588.0129978429698,1,0.0007465152494230409,206.98337936401367,0.998959943652153,1.9374999999999997e-05
5226,610.3944339087677,1,-0.0006582990188106486,5.916298985481262,0.9989243596792221,1.935e-05
5227,590.0593556966184,1,-6.598321196094048e-07,94.50075912475586,0.9989128708839417,1.9325000000000002e-05
5228,610.1649180924799,1,-7.247924909936643e-05,23.338857650756836,0.9989039301872253,1.9300000000000005e-05
5229,546.1902986796572,1,-0.0007005849031642697,896.2218475341797,0.9988817125558853,1.927499999999999e-05
5230,609.3528398702484,1,-0.0020320703199383505,9.89616084098816,0.9988627582788467,1.9249999999999994e-05
5231,615.3824606106184,1,-0.00023667836449359214,21.46340799331665,0.9988456666469574,1.9224999999999996e-05
5232,594.594651478302,1,0.0004762185167894728,70.57994842529297,0.9988309890031815,1.92e-05
5233,608.8514660625336,1,-0.001443719260119547,13.830506086349487,0.998810887336731,1.9175000000000002e-05
5234,617.5188076342449,1,0.0002001950599463953,23.24373960494995,0.9987690448760986,1.9150000000000005e-05
5235,607.4253500860561,1,-0.0015952438575022043,9.083504676818848,0.9987303167581558,1.912499999999999e-05
5236,612.4761457446069,1,-0.00021407722517352568,22.697669506072998,0.998699501156807,1.9099999999999993e-05
5237,602.0011964495837,1,-0.0022146524311130733,16.128013849258423,0.998660072684288,1.9074999999999996e-05
5238,597.8079308282317,1,-0.00234887912520243,21.59485101699829,0.9986166059970856,1.905e-05
5239,614.1599895440663,1,0.00040028679674986023,18.789954662322998,0.9985761791467667,1.9025e-05
5240,609.232456437307,1,-0.005011883150373819,4.601546406745911,0.9985177367925644,1.9000000000000004e-05
5241,606.5995228511958,1,-0.0004801201073995065,6.413995623588562,0.9983894377946854,1.897499999999999e-05
5242,598.4969748556246,1,-0.0003286333745746717,34.50752067565918,0.9982576072216034,1.8949999999999993e-05
5243,604.5629430468356,1,-0.0037237107349259446,39.109625816345215,0.9981334209442139,1.8924999999999996e-05
5244,608.0900254487373,1,-0.0006493486907857005,15.798359394073486,0.9980455338954926,1.89e-05
5245,610.3586684572734,1,-0.007937797357920218,8.367384910583496,0.9979993104934692,1.8875e-05
5246,599.894219406733,1,0.0007301541465696282,31.01357412338257,0.997953400015831,1.8850000000000004e-05
5247,603.5824009656412,1,-0.007219543713809173,32.69349002838135,0.9979023039340973,1.882499999999999e-05
5248,604.0671323774451,1,-0.001954091330709673,24.664982318878174,0.9978409558534622,1.8799999999999993e-05
5249,607.1892303788613,1,-0.004495708862253089,8.95419979095459,0.9977772384881973,1.8774999999999996e-05
5250,601.1662115776574,1,-0.0008176012000031818,20.639830589294434,0.9976705610752106,1.875e-05
5251,601.0324008180291,1,-0.0025456490444142332,37.66130828857422,0.9975714236497879,1.8725e-05
5252,613.9106567001588,1,-0.0009009973280900141,12.291264533996582,0.9974822252988815,1.8700000000000004e-05
5253,609.6602830897001,1,-0.0057224293573288065,6.709210753440857,0.9973964542150497,1.8675000000000007e-05
5254,615.5820154937696,1,-0.0023556884866238192,22.98611831665039,0.997334897518158,1.8649999999999993e-05
5255,599.9704615259261,1,-0.0009783517847861134,50.92490482330322,0.9972900599241257,1.8624999999999995e-05
5256,604.5236982013055,1,-0.002061238257341391,11.777000665664673,0.9972236007452011,1.8599999999999998e-05
5257,600.1928261223999,1,3.8943083819908964e-05,20.966737270355225,0.9971048831939697,1.8575e-05
5258,614.3440020377566,1,-0.00207243959634007,26.733531951904297,0.9969761818647385,1.8550000000000004e-05
5259,592.3000537520426,1,-0.0009433202067157254,77.52099800109863,0.9968788921833038,1.8525000000000006e-05
5260,602.0451134582823,1,-0.00032446215553660895,19.13233757019043,0.9967901110649109,1.8499999999999992e-05
5261,602.03688351114,1,-0.004329126993225074,23.617666244506836,0.9966593384742737,1.8474999999999995e-05
5262,607.7812181970597,1,0.00034028919103690214,17.933465480804443,0.9965102970600128,1.8449999999999998e-05
5263,605.7476152460682,1,-0.002868861036539272,13.782796382904053,0.9964015781879425,1.8425e-05
5264,608.7126657901707,1,-0.0041165546694008626,4.580047011375427,0.9963356107473373,1.8400000000000003e-05
5265,589.2341185693001,1,-0.001645928433884336,82.62125968933105,0.9961891621351242,1.8375000000000006e-05
5266,611.366367281625,1,-0.0011031235145098073,18.756490230560303,0.9960587471723557,1.8349999999999992e-05
5267,600.1963927146707,1,0.0005935814125614947,31.47303819656372,0.995972752571106,1.8324999999999995e-05
5268,604.6659377293741,1,-0.0030972659900456723,6.890710711479187,0.9959057569503784,1.8299999999999998e-05
5269,606.7985267324098,1,-0.00478303661341517,10.710712432861328,0.9958076328039169,1.8275e-05
5270,612.5756619253315,1,-0.000763304554521449,18.195546627044678,0.9957159161567688,1.8250000000000003e-05
5271,611.0053092555997,1,-0.0015864945884427328,10.869388818740845,0.9956235736608505,1.8225000000000006e-05
5272,590.2364600444917,1,-0.00016378483106294084,148.53499603271484,0.9955258518457413,1.8199999999999992e-05
5273,598.8116621895591,1,-0.0014221765569288891,13.56320071220398,0.9954433292150497,1.8174999999999995e-05
5274,601.0672219090675,1,-0.001066273419468633,28.822700023651123,0.9953424781560898,1.8149999999999997e-05
5275,613.8082978796659,1,-6.704961138748189e-06,12.443745613098145,0.9952496886253357,1.8125e-05
5276,603.4107360547288,1,-0.002244818501855761,5.691439390182495,0.9951650500297546,1.8100000000000003e-05
5277,608.4865320120554,1,-0.003648233156687164,11.266913175582886,0.9950457811355591,1.8075000000000006e-05
5278,609.6139564072278,1,-0.0011224280077719584,4.440514087677002,0.9949209988117218,1.804999999999999e-05
5279,601.7305576614477,1,-0.001207710345624946,23.30930471420288,0.9947947710752487,1.8024999999999994e-05
5280,615.3578959709755,1,0.00047884766664552103,31.179137706756592,0.9947076737880707,1.7999999999999997e-05
5281,598.6998203036616,1,-0.0005475972973627563,34.986220359802246,0.9946378767490387,1.7975e-05
5282,613.001857323065,1,-0.00103294629661832,11.73053240776062,0.9945760667324066,1.7950000000000003e-05
5283,607.9869314209365,1,-0.005535111762583256,9.07785439491272,0.9945209473371506,1.7925000000000005e-05
5284,615.9096934195658,1,-0.0012824974148557544,15.574642658233643,0.9944819360971451,1.789999999999999e-05
5285,590.0156592471561,1,-0.0027045000972756306,89.25020980834961,0.9944452941417694,1.7874999999999994e-05
5286,613.1634019752232,1,4.652551629735768e-05,15.772337436676025,0.9944099187850952,1.7849999999999997e-05
5287,615.0485403506293,1,-0.002494091209545246,4.76718544960022,0.994360938668251,1.7825e-05
5288,608.6234330236964,1,-0.006429409066804226,4.921874046325684,0.9942547231912613,1.7800000000000002e-05
5289,608.9604830822544,1,-0.005248225800011497,6.034207463264465,0.994099348783493,1.7775000000000005e-05
5290,577.9776814157412,1,-0.0008724862693765267,42.009605407714844,0.9939638525247574,1.774999999999999e-05
5291,610.0057523240429,1,-0.0003165809097340766,13.779574632644653,0.9938653260469437,1.7724999999999994e-05
5292,597.0979224909488,1,-0.0013685639805434135,26.692386627197266,0.9937885403633118,1.7699999999999997e-05
5293,606.4186525769667,1,-3.368674520221049e-05,16.193798065185547,0.9937017560005188,1.7675e-05
5294,611.7126263133894,1,-0.0017595712612514802,12.063972234725952,0.9936205595731735,1.7650000000000002e-05
5295,593.1608240216481,1,8.801051951312644e-05,79.47919654846191,0.9935462772846222,1.7625000000000005e-05
5296,610.3759513898871,1,-0.0011744031927429788,14.718689441680908,0.9934765249490738,1.759999999999999e-05
5297,608.9895671341442,1,0.0008155867350669865,17.05093240737915,0.9934029579162598,1.7574999999999994e-05
5298,612.505191163452,1,-0.0009865417590724235,7.240884065628052,0.9933362305164337,1.7549999999999996e-05
5299,609.6160290244543,1,-0.002101576579833342,7.407854437828064,0.9932814091444016,1.7525e-05
5300,614.2293531911221,1,0.00017244140578354106,10.98754620552063,0.9932392239570618,1.7500000000000002e-05
5301,613.8176299994766,1,-0.0006962366111533669,15.712304830551147,0.9932178258895874,1.7475000000000005e-05
5302,587.9419199798418,1,-0.00030076110321708427,114.75002670288086,0.9931989163160324,1.744999999999999e-05
5303,613.1422255515571,1,-0.002098842085195507,12.226093292236328,0.9931844025850296,1.7424999999999993e-05
5304,614.0518567915724,1,-0.0051355984292502654,12.351194381713867,0.993169516324997,1.7399999999999996e-05
5305,612.0096755074164,1,-0.0003241438285981335,26.94569730758667,0.9931444078683853,1.7375e-05
5306,609.933430578797,1,-0.00025293461885667057,3.020054817199707,0.99309241771698,1.735e-05
5307,613.297562559713,1,-0.006294646707829088,8.553788185119629,0.992974653840065,1.7325000000000004e-05
5308,607.9545317415221,1,0.0008040434703513455,17.745476722717285,0.9928595572710037,1.729999999999999e-05
5309,609.6779805790609,1,-0.002131536330606032,5.335509657859802,0.9927738010883331,1.7274999999999993e-05
5310,593.4421887997605,1,0.00035815917438242195,87.96083641052246,0.9927002638578415,1.7249999999999996e-05
5311,604.3743134407051,1,-0.0017665017424768337,24.87533473968506,0.9926398396492004,1.7225e-05
5312,606.2181771179984,1,0.0002930519764898776,21.230484008789062,0.9925824552774429,1.72e-05
5313,583.5759397577381,1,-1.536754164810361e-05,257.8766555786133,0.9925071895122528,1.7175000000000004e-05
5314,606.896777629544,1,-0.0014447716423333645,11.169970989227295,0.9924507290124893,1.714999999999999e-05
5315,611.4062389351473,1,-0.0014721909266839361,22.326680660247803,0.9924125075340271,1.7124999999999993e-05
5316,579.5216925145951,1,4.311739508366941e-05,204.69553756713867,0.9923759698867798,1.7099999999999996e-05
5317,597.7254899020479,1,-0.00455979983001642,29.249664783477783,0.9923453330993652,1.7074999999999998e-05
5318,466.54938187697115,1,-0.0022805570035229206,2441.4968872070312,0.992302879691124,1.705e-05
5319,613.312850881046,1,8.811949783993356e-05,15.927648067474365,0.9922616332769394,1.7025000000000004e-05
5320,583.9174438315439,1,0.0003104460811300669,140.60686111450195,0.9922002702951431,1.6999999999999993e-05
5321,608.6751601063771,1,-0.0007957816062873491,8.033426880836487,0.9921375513076782,1.6974999999999992e-05
5322,565.1339858595595,1,-5.865544398986344e-05,488.7858352661133,0.9920424968004227,1.6949999999999995e-05
5323,597.9308643758806,1,-0.00047594089846825227,88.41692352294922,0.9919689297676086,1.6924999999999998e-05
5324,612.4375376321749,1,-0.0006284039195350033,14.23383116722107,0.9919116795063019,1.69e-05
5325,608.9025753115535,1,-0.0010617659453693307,9.640145301818848,0.9918419867753983,1.6875000000000004e-05
5326,576.9665534456893,1,-0.0006269306561534904,333.3530960083008,0.9917646497488022,1.6849999999999993e-05
5327,608.1716992941947,1,-0.0026050215765955897,3.859851121902466,0.9916997700929642,1.6824999999999996e-05
5328,605.4269593388624,1,-0.0005719081904151935,23.805503368377686,0.9916140288114548,1.68e-05
5329,606.3083682073803,1,-0.001232539723959647,19.987188816070557,0.9915018528699875,1.6775e-05
5330,610.9549263571689,1,-0.00040133560890254216,11.25064492225647,0.9913642853498459,1.6750000000000004e-05
5331,532.2305138269113,1,-0.0005252554196086834,1307.597412109375,0.9912594109773636,1.6725000000000007e-05
5332,598.2425762180701,1,-0.0010141594742876237,25.600717544555664,0.9911870807409286,1.6699999999999993e-05
5333,608.9832161130962,1,-0.0012019447706363984,16.486153602600098,0.9911235123872757,1.6674999999999995e-05
5334,609.6969800210932,1,-5.7969391637158196e-05,18.082756519317627,0.9910474419593811,1.6649999999999998e-05
5335,616.3159459409887,1,7.042230528142568e-05,22.148216247558594,0.9909730553627014,1.6625e-05
5336,608.059540667739,1,-0.003919987302857919,5.297762513160706,0.9909020811319351,1.6600000000000004e-05
5337,617.9938286420927,1,0.00434434166876585,25.832955360412598,0.9908198416233063,1.6575000000000006e-05
5338,612.2887647671434,1,0.0005242377810645849,8.957959175109863,0.9907528609037399,1.6549999999999992e-05
5339,597.4201439831804,1,-0.0008527305321033296,38.79569435119629,0.9906710386276245,1.6524999999999995e-05
5340,603.0424996908329,1,-0.0021118235017638654,7.890836834907532,0.9906051307916641,1.6499999999999998e-05
5341,606.6309497563263,1,-0.0027690347879589794,11.004242658615112,0.9905730336904526,1.6475e-05
5342,618.8873117591722,1,-0.0013489979138832098,30.21557331085205,0.9905638247728348,1.6450000000000003e-05
5343,589.4345764160958,1,8.209441780060445e-05,109.67898178100586,0.9905561357736588,1.6425000000000006e-05
5344,588.7694422664795,1,-0.0001432202039062247,72.32205200195312,0.9905499219894409,1.6399999999999992e-05
5345,614.4145960243561,1,-0.0011534150898508955,10.2840256690979,0.9905301779508591,1.6374999999999995e-05
5346,611.163460228553,1,-0.0019103564889793034,8.075873970985413,0.9904632866382599,1.6349999999999998e-05
5347,609.5314535131474,1,-0.001606365100424556,17.671518802642822,0.9903787970542908,1.6325e-05
5348,606.2337843681895,1,-0.0009716001598967239,136.6573600769043,0.9902962148189545,1.6300000000000003e-05
5349,614.3847302970656,1,-0.0007291487994596224,12.195263624191284,0.9902191311120987,1.6275000000000006e-05
5350,604.7756149423451,1,-0.00146914094704087,8.513438940048218,0.9901527613401413,1.6249999999999992e-05
5351,600.0179226163281,1,-0.0007669351152301829,34.98372459411621,0.9900857210159302,1.6224999999999995e-05
5352,602.5556157081941,1,-0.0015050010308517159,20.512828826904297,0.9900153875350952,1.6199999999999997e-05
5353,612.7110461293016,1,-0.0015485264470602722,16.560513496398926,0.9899412095546722,1.6175e-05
5354,602.7005403074104,1,-0.0005111870353919912,22.885839462280273,0.989865705370903,1.6150000000000003e-05
5355,606.1880792187272,1,-0.0007951450961112272,9.802363157272339,0.9897991716861725,1.6125000000000006e-05
5356,611.4950132867306,1,-0.000981360094710837,11.944308280944824,0.9897686392068863,1.609999999999999e-05
5357,614.6835869677323,1,-0.0001288876024716501,10.494850397109985,0.9897312223911285,1.6074999999999994e-05
5358,609.8400196473135,1,-0.004121677976888449,10.74163556098938,0.989694356918335,1.6049999999999997e-05
5359,614.8584518535973,1,0.00013725138551379246,13.189970254898071,0.9896607547998428,1.6025e-05
5360,610.5204537449398,1,-0.0016734111578564637,4.35142970085144,0.9896277785301208,1.6000000000000003e-05
5361,607.4269236496762,1,-0.004200988216325641,6.2173779010772705,0.9895496368408203,1.5975000000000005e-05
5362,591.5682314660676,1,-0.0007048980627892831,40.56567668914795,0.9893769025802612,1.594999999999999e-05
5363,585.6956639301226,1,-0.00046119095454066894,41.4265079498291,0.9892483353614807,1.5924999999999994e-05
5364,604.9096579494316,1,-0.0011797319247059956,12.033263444900513,0.9891536384820938,1.5899999999999997e-05
5365,552.1116568719503,1,-0.000764347860680914,679.2997283935547,0.989080011844635,1.5875e-05
5366,594.8149968988673,1,-0.00043322280530944113,34.027021408081055,0.9890301078557968,1.5850000000000002e-05
5367,582.3157555245543,1,-0.0009732620064974995,309.35072326660156,0.9889989495277405,1.5825000000000005e-05
5368,604.5102457900674,1,-0.000686204413464786,13.769323825836182,0.9889682531356812,1.579999999999999e-05
5369,612.1487119366581,1,-0.0028708065242075698,9.376239538192749,0.9889196455478668,1.5774999999999994e-05
5370,613.979322253001,1,-0.0006598870710980975,13.615675449371338,0.9888681769371033,1.5749999999999997e-05
5371,609.303903554024,1,0.0008841074226300094,19.186936378479004,0.9888265877962112,1.5725e-05
5372,605.5317051607904,1,-0.00039457060847780667,13.244348287582397,0.9887636303901672,1.5700000000000002e-05
5373,608.7947724458759,1,-0.0003715174495120266,7.1019768714904785,0.9886780232191086,1.5675000000000005e-05
5374,606.2998472725828,1,-0.001416529269243405,12.807085752487183,0.9885814040899277,1.564999999999999e-05
5375,606.7030644781698,1,-0.0018713204475684364,21.017763137817383,0.9884952306747437,1.5624999999999994e-05
5376,615.685947014784,1,0.00016027105027482946,22.81041383743286,0.9884262531995773,1.5599999999999996e-05
5377,611.2515735713039,1,-0.006829640187788755,5.616915583610535,0.9883534014225006,1.5575e-05
5378,608.5678947064612,1,0.0002978590398341474,9.49876880645752,0.9882336109876633,1.5550000000000002e-05
5379,610.8417264855497,1,-0.0010050991259049624,10.003986597061157,0.988100528717041,1.5525000000000005e-05
5380,596.214991753508,1,-0.0005310797912123633,77.86184120178223,0.9879988580942154,1.5500000000000007e-05
5381,600.9460531979894,1,-0.0020063136762491496,26.204313278198242,0.9879245311021805,1.5474999999999993e-05
5382,581.4858342162738,1,0.00017641539255208727,112.46590042114258,0.9878598302602768,1.5449999999999996e-05
5383,613.4009201313136,1,-0.00023545646180878066,13.612200260162354,0.9878048598766327,1.5425e-05
5384,612.5576961423465,1,-0.0010363448376524698,12.849297761917114,0.9877416342496872,1.54e-05
5385,591.8484941494701,1,-0.00029994844331993065,30.647159576416016,0.9876585751771927,1.5375000000000004e-05
5386,601.8119040301831,1,-0.00043275290685507173,22.308207988739014,0.9875704348087311,1.5350000000000007e-05
5387,608.7439861593028,1,-0.0014473063168295441,6.579582452774048,0.9874598234891891,1.5324999999999993e-05
5388,612.1130442280323,1,-0.0021642648686839294,12.694591045379639,0.9873569011688232,1.5299999999999996e-05
5389,605.9721226935806,1,-0.0001066691322733071,10.883503198623657,0.9872612357139587,1.5275e-05
5390,609.517207619728,1,-0.007829968738457538,4.495437145233154,0.9871415197849274,1.5250000000000001e-05
5391,603.3590370369801,1,0.0027902368693268897,18.052532196044922,0.9870435297489166,1.5225000000000004e-05
5392,600.26756442405,1,-0.0006366223283942318,61.18771839141846,0.9869640171527863,1.5200000000000007e-05
5393,617.2530731580359,1,8.143484552958213e-05,11.263633012771606,0.9868998825550079,1.5174999999999993e-05
5394,615.5163926701798,1,0.0002556869314886967,21.821823120117188,0.9868550449609756,1.5149999999999996e-05
5395,609.9163707264311,1,-0.0076146538145311915,2.89749813079834,0.9868174493312836,1.5124999999999998e-05
5396,585.2708748678108,1,0.0018882467536185388,84.62208938598633,0.9867597371339798,1.5100000000000001e-05
5397,606.1464027448629,1,0.0002758318660198711,17.37637996673584,0.9867084622383118,1.5075000000000004e-05
5398,606.3942095466546,1,-0.0015533578199597997,34.25754737854004,0.986652061343193,1.5050000000000007e-05
5399,608.4683987986407,1,-0.0008843762267067845,11.024631977081299,0.9866000115871429,1.5024999999999993e-05
5400,610.0084010015203,1,-0.0070082080826439075,3.2292813658714294,0.9865099340677261,1.4999999999999995e-05
5401,613.0311042147799,1,-0.0034204565168725054,15.417782545089722,0.9863713681697845,1.4974999999999998e-05
5402,614.4164432379864,1,-0.0022172862053242426,15.414963483810425,0.9862594753503799,1.4950000000000001e-05
5403,609.7699442273574,1,-0.0041862758194008975,4.944099307060242,0.9861696362495422,1.4925000000000004e-05
5404,612.1438004480249,1,-0.0004401498823423111,22.891974925994873,0.9860937297344208,1.4900000000000006e-05
5405,618.2898746850628,1,-0.0007835667987823314,31.827809810638428,0.9860268384218216,1.4874999999999992e-05
5406,580.6771105354176,1,-0.0008263069299843107,128.74711990356445,0.9859765321016312,1.4849999999999995e-05
5407,597.7853587710856,1,0.00026126178431296054,23.44891929626465,0.985939085483551,1.4824999999999998e-05
5408,609.0224308108859,1,-0.0012493087975036232,14.464719295501709,0.9859046936035156,1.48e-05
5409,611.1785731810152,1,-0.0032394428864659375,3.193862557411194,0.9858530312776566,1.4775000000000003e-05
5410,605.9724170803436,1,-0.004412318579852581,16.0199875831604,0.9857386946678162,1.4750000000000006e-05
5411,611.2429780059194,1,-0.004397372079283812,15.634352445602417,0.9856095910072327,1.4724999999999992e-05
5412,598.9703537640007,1,0.0012538394721399726,50.609619140625,0.9854932129383087,1.4699999999999995e-05
5413,609.7875491782879,1,-0.0014502322018468128,13.060180902481079,0.9854050427675247,1.4674999999999998e-05
5414,603.9145015644228,1,-0.00029024081707662575,36.50380802154541,0.9853193312883377,1.465e-05
5415,615.8831952009093,1,-0.00026187919866949017,6.972722411155701,0.9852388650178909,1.4625000000000003e-05
5416,572.1826991630141,1,0.0009425371582008069,334.6668014526367,0.985165148973465,1.4600000000000006e-05
5417,552.0911810866951,1,-6.895920561689195e-05,416.72222900390625,0.9851094186306,1.4574999999999992e-05
5418,581.1153405555651,1,-0.0003105347750533838,88.78023338317871,0.9850690960884094,1.4549999999999995e-05
5419,547.6506987965128,1,-0.0002158042292137452,747.4643859863281,0.9850351065397263,1.4524999999999997e-05
5420,616.3765534523965,1,-0.0002182101723953167,15.138803005218506,0.985009104013443,1.45e-05
5421,609.0625600221422,1,-0.002309542802219511,9.981266021728516,0.9849813282489777,1.4475000000000003e-05
5422,606.9745627499308,1,-0.00031064188813489935,20.089093685150146,0.9849478155374527,1.4450000000000006e-05
5423,594.1224662639886,1,0.0010338687182720463,76.85293388366699,0.9849321246147156,1.4424999999999991e-05
5424,598.8065484816128,1,-0.0013255243393359706,12.54344367980957,0.984915167093277,1.4399999999999994e-05
5425,595.6887660771324,1,-0.0007841064453835145,31.119574546813965,0.9848500639200211,1.4374999999999997e-05
5426,615.4679524557207,1,-0.001016573298748824,15.915456056594849,0.9847931563854218,1.435e-05
5427,598.2315628582107,1,0.0002704654577456722,33.81102275848389,0.9847399890422821,1.4325000000000003e-05
5428,613.9533082378513,1,-0.0004085921919960711,21.81479024887085,0.984699547290802,1.4300000000000005e-05
5429,602.6334056598769,1,-0.0010526504565699923,19.966331958770752,0.9846756756305695,1.4274999999999991e-05
5430,570.3099326090695,1,-0.0007050570644073773,307.94002532958984,0.984655112028122,1.4249999999999994e-05
5431,609.8234189359033,1,-0.0045129093535551945,3.538252115249634,0.9846204966306686,1.4224999999999997e-05
5432,616.5881309050145,1,-0.0022059049934597397,31.63459873199463,0.9845021367073059,1.42e-05
5433,617.3784134730836,1,-0.0011567562603644888,15.268653869628906,0.9844043254852295,1.4175000000000002e-05
5434,613.2185669215589,1,-5.787435584014844e-05,17.904865264892578,0.9843451231718063,1.4150000000000005e-05
5435,599.9127197339299,1,-0.0006291355706966595,32.51130485534668,0.9843086153268814,1.4124999999999993e-05
5436,592.0640449323091,1,0.0004138611924666691,87.5964584350586,0.9842867851257324,1.4099999999999995e-05
5437,612.9049414785773,1,-0.002461360118243938,6.97541069984436,0.9842704981565475,1.4074999999999998e-05
5438,614.3457000717382,1,-0.0006248163760043113,7.053362250328064,0.9842521101236343,1.405e-05
5439,604.0844623324356,1,0.00046861172969681064,59.13667869567871,0.98423071205616,1.4025000000000002e-05
5440,598.9986555307687,1,1.7701516298984643e-05,45.19553089141846,0.9842139780521393,1.4000000000000005e-05
5441,601.2169464051613,1,-0.0011832174340664636,35.14727592468262,0.9841893762350082,1.3974999999999992e-05
5442,578.8641281412877,1,0.0004251212458097342,191.55034637451172,0.9841650873422623,1.3949999999999995e-05
5443,611.4142473578395,1,-0.0008209971296047058,11.04467511177063,0.9841473400592804,1.3924999999999998e-05
5444,470.40191291829046,1,5.80356400270432e-06,2397.6260375976562,0.9841396063566208,1.39e-05
5445,612.7133191783571,1,-0.0008079222928181196,13.203543901443481,0.9841357916593552,1.3875000000000004e-05
5446,612.0844243689286,1,-0.0016451191310942193,5.304968595504761,0.984123945236206,1.3850000000000006e-05
5447,613.5652376737931,1,0.00011386092340304188,11.48403286933899,0.9840876311063766,1.3824999999999992e-05
5448,612.7364658825853,1,-0.001101174043679265,7.2208861112594604,0.9840425252914429,1.3799999999999995e-05
5449,603.3402349502378,1,-0.0005785734584033975,43.912909507751465,0.9839788377285004,1.3774999999999998e-05
5450,609.710811715578,1,-0.002562914646532022,7.656662702560425,0.9839182496070862,1.375e-05
5451,609.4109218399062,1,-0.0008023521842490666,7.5464866161346436,0.9838446229696274,1.3725000000000003e-05
5452,615.2201230194289,1,-0.0012423601001501083,19.644624710083008,0.9837801307439804,1.3700000000000006e-05
5453,616.2536777340293,1,-0.0005233685358199125,17.177671909332275,0.9837310165166855,1.3674999999999992e-05
5454,611.8531975784231,1,-0.0009200707999692526,4.995110869407654,0.9836890697479248,1.3649999999999995e-05
5455,609.1237001066947,1,0.00025316664073748996,10.94889497756958,0.9836224615573883,1.3624999999999997e-05
5456,611.1579105940264,1,-0.001666908985094473,8.801706314086914,0.9835639744997025,1.36e-05
5457,609.6966897163667,1,-0.0005090027007099707,6.828102111816406,0.9835207462310791,1.3575000000000003e-05
5458,603.9030409740202,1,-0.0009939713871482403,20.157850742340088,0.9834271371364594,1.3550000000000006e-05
5459,604.4566986721263,1,-0.0005056239902785364,23.39571237564087,0.9833492189645767,1.3524999999999992e-05
5460,606.7541558385414,1,-0.0009723643268202409,10.33254599571228,0.9832770675420761,1.3499999999999994e-05
5461,614.4876332331394,1,-0.0009100898265992363,8.557345151901245,0.9831801354885101,1.3474999999999997e-05
5462,616.04901757537,1,-0.00167353423383787,6.5898250341415405,0.9830932766199112,1.345e-05
5463,598.5205822255942,1,-0.0007368582171789484,51.66172409057617,0.9830301105976105,1.3425000000000003e-05
5464,598.6035014492797,1,0.00043597544731310833,54.98554992675781,0.9829758554697037,1.3400000000000006e-05
5465,603.2559137610315,1,-0.00018977125681107765,23.438297748565674,0.9829288423061371,1.3374999999999991e-05
5466,617.4644902541187,1,-0.0016831302235367218,27.69740629196167,0.9828870743513107,1.3349999999999994e-05
5467,600.7461575513147,1,5.714066771744797e-06,25.055402755737305,0.9828609824180603,1.3324999999999997e-05
5468,605.7256201087346,1,-0.004483174352639452,6.793456196784973,0.9828488230705261,1.33e-05
5469,611.4891716364093,1,0.0012019391332827034,5.211561322212219,0.982840359210968,1.3275000000000002e-05
5470,603.0838961539514,1,0.0006382116951257899,31.361741542816162,0.9828214943408966,1.3250000000000005e-05
5471,606.477973111924,1,-0.00047376467045978643,21.142905712127686,0.9827971905469894,1.3224999999999991e-05
5472,583.6982727520792,1,0.0008592428019156273,120.87857246398926,0.9827865660190582,1.3199999999999994e-05
5473,613.9235101127097,1,-0.0028749636664358036,3.4933438301086426,0.9827699512243271,1.3174999999999997e-05
5474,596.932586529972,1,-0.0015553752413584032,33.57119274139404,0.9827329516410828,1.315e-05
5475,615.1633606721589,1,-0.0017593056523210748,11.173670053482056,0.9826992303133011,1.3125000000000002e-05
5476,576.0994517628139,1,-9.273114232666302e-05,336.6032485961914,0.982673317193985,1.3100000000000005e-05
5477,596.6906928216747,1,-0.00029699761110180134,52.09787845611572,0.9826566129922867,1.3074999999999991e-05
5478,610.6831402892104,1,-0.0008278835046198196,4.215685248374939,0.9826422184705734,1.3049999999999994e-05
5479,599.8772772182635,1,-0.002118670554072777,24.599343299865723,0.9826084524393082,1.3024999999999996e-05
5480,594.3153523461922,1,-0.0003040611636775381,75.35409927368164,0.9825533628463745,1.3e-05
5481,604.4926153069539,1,-0.0010683690995421102,34.83471488952637,0.9825041443109512,1.2975000000000002e-05
5482,540.7011837177376,1,-0.000907937966985628,674.2335205078125,0.9824640303850174,1.2950000000000005e-05
5483,614.315081290579,1,-0.0006259641922241599,18.373244762420654,0.9824359267950058,1.292499999999999e-05
5484,605.8263162315527,1,-0.001048788737255002,9.695924520492554,0.9824100732803345,1.2899999999999993e-05
5485,606.8425762304806,1,-0.0007693315026160441,20.418039798736572,0.982363149523735,1.2874999999999996e-05
5486,598.8654968382906,1,-0.00018909042448989055,43.12867736816406,0.9823008179664612,1.2849999999999999e-05
5487,615.7048156617012,1,0.0001205263254711042,17.276909351348877,0.9822565168142319,1.2825000000000002e-05
5488,580.2655023837783,1,-0.0016343855317444422,119.12738800048828,0.9822233319282532,1.2800000000000005e-05
5489,614.581810683231,1,-0.0011102803309410714,20.0805926322937,0.982194647192955,1.277499999999999e-05
5490,595.5378606126121,1,-0.0006452820262481396,87.40974617004395,0.9821660965681076,1.2749999999999993e-05
5491,614.2664711171597,1,-9.100540719275685e-05,15.346018075942993,0.9821461737155914,1.2724999999999996e-05
5492,585.595130987221,1,0.00023327716729093506,197.39714431762695,0.9821294248104095,1.2699999999999999e-05
5493,612.9240420359013,1,-0.0004822950143594795,12.192527532577515,0.9821144491434097,1.2675000000000001e-05
5494,611.0403719298306,1,-0.002838908898960435,8.778242349624634,0.9820927828550339,1.2650000000000004e-05
5495,601.5012973867208,1,0.0006936107799582203,23.287251472473145,0.9820482134819031,1.262499999999999e-05
5496,589.6699903650731,1,-0.0003242806807313148,98.57198715209961,0.9820071458816528,1.2599999999999993e-05
5497,613.5381445813724,1,-0.0013153594761412535,26.580827713012695,0.9819751679897308,1.2574999999999996e-05
5498,614.57620230781,1,-0.0006937998544884749,24.782236099243164,0.9819454550743103,1.2549999999999998e-05
5499,615.1617515454884,1,-0.0010600759181578212,8.61440920829773,0.9819155484437943,1.2525000000000001e-05
5500,598.5840813721279,1,0.0002472389751346782,25.737755298614502,0.9818793684244156,1.2500000000000004e-05
5501,612.0177170961389,1,0.00018401941968981816,17.12012481689453,0.9818399399518967,1.2475000000000007e-05
5502,614.64360522215,1,-0.0001350516015019565,22.007582187652588,0.9817992299795151,1.2449999999999993e-05
5503,608.8225072602304,1,-0.001335149661381152,6.377175331115723,0.9817615747451782,1.2424999999999995e-05
5504,608.1061189986488,1,-0.001331984985947443,13.229534387588501,0.9817181676626205,1.2399999999999998e-05
5505,601.0153757333602,1,0.0003298160361162594,43.56300926208496,0.9816775918006897,1.2375000000000001e-05
5506,609.3940203956042,1,-0.0011477951954415033,4.6594367027282715,0.9816351681947708,1.2350000000000004e-05
5507,605.3933369120953,1,9.757336748705825e-05,19.223045825958252,0.9815714210271835,1.2325000000000007e-05
5508,609.0216991433186,1,0.00017845397836602217,13.090249061584473,0.9815045744180679,1.2299999999999992e-05
5509,591.7991536389171,1,-0.000666486115633802,62.91457176208496,0.9814574271440506,1.2274999999999995e-05
5510,601.6545316033878,1,-0.0016773129274678666,14.448268413543701,0.9814329743385315,1.2249999999999998e-05
5511,611.7646576096229,1,-0.0017238838972168935,4.214804649353027,0.9814308136701584,1.2225e-05
5512,613.886685410712,1,-0.0004888901667570167,13.682373285293579,0.9814104735851288,1.2200000000000003e-05
5513,580.436119399592,1,0.0001187889735376757,132.5298843383789,0.9813794791698456,1.2175000000000006e-05
5514,605.9900869290766,1,-0.0017611826274164244,4.85884153842926,0.9813278615474701,1.2149999999999994e-05
5515,613.117750117679,1,-0.0015464928255108923,9.721291780471802,0.9811819493770599,1.2124999999999997e-05
5516,612.1389290588103,1,-0.0031193492594745464,3.7629482746124268,0.9810418635606766,1.21e-05
5517,602.9291190687197,1,-0.0017246413982423547,11.714673042297363,0.9808922410011292,1.2075000000000002e-05
5518,571.707435357521,1,0.0014430682969113207,455.7822494506836,0.9807476252317429,1.2050000000000005e-05
5519,608.5224646180461,1,-0.0011832377756406665,10.616383075714111,0.9806280732154846,1.2025000000000008e-05
5520,582.6743523205851,1,-0.0014124355960625223,216.93323516845703,0.9804892688989639,1.1999999999999994e-05
5521,617.3562960420543,1,-0.00026110458269990033,22.211759567260742,0.9803864508867264,1.1974999999999996e-05
5522,616.810666354856,1,-0.0011018751409963556,16.89491319656372,0.9803130775690079,1.1949999999999999e-05
5523,572.3859791929682,1,-6.464329138378133e-05,317.4838562011719,0.9802597016096115,1.1925000000000002e-05
5524,582.2249834113338,1,-0.00018449708810397425,274.89481353759766,0.9802241027355194,1.1900000000000005e-05
5525,604.1316128520557,1,-0.0018393353233543408,21.960887908935547,0.9801974594593048,1.1875000000000007e-05
5526,611.03475009211,1,0.0006125598357851203,6.15791380405426,0.9801734834909439,1.1849999999999993e-05
5527,612.5869694416592,1,-0.0015930240090131775,18.65389585494995,0.9801376014947891,1.1824999999999996e-05
5528,612.013527288464,1,-0.0005511416491330579,13.395527124404907,0.9800805449485779,1.1799999999999999e-05
5529,614.5494135922415,1,0.00019227961827583684,18.1133713722229,0.9800248295068741,1.1775000000000002e-05
5530,607.4631554562797,1,-0.002110448634616624,27.79590129852295,0.979973703622818,1.1750000000000004e-05
5531,589.8223424250882,1,0.00044384197164148986,333.73043060302734,0.9799300134181976,1.1725000000000007e-05
5532,610.78802658842,1,-0.000720923715562094,12.912704467773438,0.979883223772049,1.1699999999999993e-05
5533,600.8823445997438,1,-0.0004484945811267238,11.76509404182434,0.9797963351011276,1.1674999999999996e-05
5534,614.3383183291251,1,-0.00017198752248681615,6.745644211769104,0.9797175973653793,1.1649999999999999e-05
5535,607.0387895993032,1,-0.0012246123218542238,13.351994752883911,0.9796460419893265,1.1625000000000001e-05
5536,600.3818407535562,1,-0.00018328056363081657,40.72976303100586,0.9795767664909363,1.1600000000000004e-05
5537,614.3491982444582,1,-0.00022506371001629333,16.044159412384033,0.9795230329036713,1.1575000000000007e-05
5538,614.1138545844881,1,-0.0009490389482103012,9.4768967628479,0.9794778525829315,1.1549999999999993e-05
5539,606.9285506720587,1,-0.00033499646833057284,13.663160800933838,0.9794304221868515,1.1524999999999996e-05
5540,616.4783741009936,1,0.00025865732735752545,22.545889377593994,0.9793872386217117,1.1499999999999998e-05
5541,615.3747764568892,1,-8.934327640819362e-05,18.79863166809082,0.9793526232242584,1.1475000000000001e-05
5542,594.1729154230092,1,-0.0005319782518959926,54.14664268493652,0.9793217182159424,1.1450000000000004e-05
5543,612.8128086520279,1,-0.003554026292274415,4.364121317863464,0.979270413517952,1.1425000000000007e-05
5544,611.8590621766551,1,-0.0022899290252453852,5.486660957336426,0.9791249930858612,1.1399999999999992e-05
5545,612.2962925315661,1,-0.0003780195416205334,8.224766969680786,0.978985458612442,1.1374999999999995e-05
5546,601.7236168539791,1,0.0008000864111608053,29.021986484527588,0.9788835793733597,1.1349999999999998e-05
5547,617.4240320321851,1,-0.00031540732907497926,18.44104242324829,0.9788186401128769,1.1325e-05
5548,600.4515970634161,1,-0.00034192258785203933,32.818756103515625,0.9787620306015015,1.1300000000000004e-05
5549,605.9876338552322,1,-0.000940272967008049,17.284884929656982,0.9787194132804871,1.1275000000000006e-05
5550,606.1854917390863,1,-0.00041131455482457113,31.495038986206055,0.9786849021911621,1.1249999999999992e-05
5551,599.2855829912756,1,-0.0007543130058118575,43.681796073913574,0.9786491692066193,1.1224999999999995e-05
5552,598.1071208620577,1,-0.0007146304846032958,20.390801906585693,0.978618323802948,1.1199999999999998e-05
5553,599.1587426777663,1,-0.0012971605111875562,48.991004943847656,0.9785910248756409,1.1175e-05
5554,609.6249573791872,1,-0.0009771654939481067,13.578282594680786,0.9785681366920471,1.1150000000000003e-05
5555,573.3332812003146,1,-0.00031372708064481003,407.0774688720703,0.9785353094339371,1.1125000000000006e-05
5556,615.5664506745817,1,-0.00022537568118297102,19.990717887878418,0.9785070419311523,1.1099999999999992e-05
5557,569.0021336074011,1,-0.0001983828842639923,528.4418487548828,0.9784788638353348,1.1074999999999995e-05
5558,594.7908934160789,1,-0.0005845968040310012,75.01860427856445,0.978459894657135,1.1049999999999998e-05
5559,615.9679613391886,1,-0.000694863238701604,11.014855146408081,0.9784476459026337,1.1025e-05
5560,615.5477483423375,1,0.00013447266918120704,12.929151773452759,0.9784315079450607,1.1000000000000003e-05
5561,612.082576166549,1,-0.0009518947649311826,8.970942258834839,0.978405550122261,1.0975000000000006e-05
5562,587.2372189903392,1,-0.00017473050201211038,139.83445739746094,0.9783595353364944,1.0949999999999992e-05
5563,613.0861193233161,1,-0.0012571829115934907,14.083251476287842,0.9783137738704681,1.0924999999999995e-05
5564,613.9963651682729,1,-0.000547622487959476,21.709920406341553,0.9782383739948273,1.0899999999999997e-05
5565,604.0767046186979,1,-0.0009112885620989886,25.388983726501465,0.9781370908021927,1.0875e-05
5566,615.3439911977393,1,0.00025158536571356915,15.936163187026978,0.9780285805463791,1.0850000000000003e-05
5567,610.1835462350524,1,-0.0011904520999035384,8.010602235794067,0.9779338389635086,1.0825000000000006e-05
5568,608.6340434266901,1,-0.0004786482249290458,4.715411424636841,0.9778420329093933,1.0799999999999991e-05
5569,593.3945598721579,1,-0.00010526396441079555,80.33681297302246,0.9777578264474869,1.0774999999999994e-05
5570,615.6198075713627,1,-0.000943120892490934,8.079277634620667,0.9776973277330399,1.0749999999999997e-05
5571,606.6178306843674,1,-0.006106060032767147,5.052500009536743,0.9776292890310287,1.0725e-05
5572,612.2938558118461,1,0.0005375825871682949,8.167856216430664,0.9775175452232361,1.0700000000000003e-05
5573,612.8287420318825,1,-0.00020008592036901973,9.53663969039917,0.9774209260940552,1.0675000000000005e-05
5574,607.9939701816925,1,-0.0021450743683661955,9.017656564712524,0.9773444980382919,1.0649999999999991e-05
5575,618.4938720128355,1,-0.0006254660323730121,22.503119468688965,0.9772827625274658,1.0624999999999994e-05
5576,597.256750956486,1,-0.0007490441135749037,70.78055572509766,0.9772328436374664,1.0599999999999997e-05
5577,615.1213268961307,1,0.0003336667831170814,21.969364643096924,0.9771975576877594,1.0575e-05
5578,615.6548786791229,1,-0.00035124785912010736,12.280258655548096,0.9771738201379776,1.0550000000000002e-05
5579,614.208060415681,1,-0.0004964867287027275,9.805639743804932,0.9771420210599899,1.0525000000000005e-05
5580,592.3949380141179,1,-0.0010654150304070242,85.24145317077637,0.9771006554365158,1.0499999999999991e-05
5581,615.2790625986261,1,-0.0005489731078203164,10.258132219314575,0.9770720303058624,1.0474999999999994e-05
5582,618.3934315461108,1,-0.0005211784518905915,16.591459274291992,0.9770459085702896,1.0449999999999997e-05
5583,612.6781022618601,1,-0.002493856773341463,15.97083044052124,0.977009728550911,1.0425e-05
5584,599.2499948851533,1,-0.000881620378507364,40.689263343811035,0.9769582897424698,1.0400000000000002e-05
5585,609.2165350601017,1,-0.005885703653028429,9.788097143173218,0.976916640996933,1.0375000000000005e-05
5586,607.3365082485905,1,-0.00035440054390178943,32.47996711730957,0.9768829792737961,1.0349999999999992e-05
5587,611.8990929032182,1,-0.004097838521165187,7.8845274448394775,0.9768510013818741,1.0324999999999995e-05
5588,613.5002972467731,1,-0.0030226663630283923,9.657217264175415,0.9768035709857941,1.0299999999999998e-05
5589,614.5513512463772,1,-0.0009682400592487816,6.30502450466156,0.9767139405012131,1.0275e-05
5590,592.0490689734779,1,-0.0001457385888148366,165.33776473999023,0.9766143709421158,1.0250000000000002e-05
5591,612.3661762621573,1,-0.0008256917180240464,14.537658214569092,0.9765394926071167,1.0225000000000005e-05
5592,606.6247469645418,1,-0.0013986919856741054,23.987643718719482,0.9764754176139832,1.0199999999999992e-05
5593,603.2229517902824,1,8.618884115563219e-05,19.559422492980957,0.9764257222414017,1.0174999999999995e-05
5594,597.5082789548003,1,-0.00017346259187833724,38.80827045440674,0.9763838201761246,1.0149999999999998e-05
5595,604.6830341849202,1,-0.0007000585294762995,32.0823450088501,0.9763414263725281,1.0125e-05
5596,612.4830782562102,1,-0.00018872817828352595,8.432465314865112,0.9762990921735764,1.0100000000000003e-05
5597,610.9010748920366,1,-0.005433616327245261,16.403576374053955,0.9762575328350067,1.0075000000000006e-05
5598,600.4721149443014,1,0.00012024562531820493,17.98068618774414,0.9762174636125565,1.0049999999999992e-05
5599,607.4108843783201,1,-0.0016762367202591832,6.398716330528259,0.9761874228715897,1.0024999999999995e-05
5600,615.171621272367,1,-0.0009765130028958069,7.3118577003479,0.97617307305336,1e-05
5601,609.7709531910253,1,0.0004498116311599798,12.98738718032837,0.9761529713869095,1e-05
5602,573.2485488255716,1,-0.00026691566054637406,221.5576400756836,0.9761114567518234,1e-05
5603,612.0429655993222,1,-0.002010276813120271,5.517324328422546,0.9760784953832626,1e-05
5604,608.5189970839251,1,-0.0034642500030308554,8.993552207946777,0.9760493189096451,1e-05
5605,612.2270404720325,1,-0.0006425200576387624,3.7863659858703613,0.9760073721408844,1e-05
5606,613.378450032026,1,-0.0025542709918227047,4.283855319023132,0.975951686501503,1e-05
5607,614.6497581883851,1,0.00043911472984703437,5.585540771484375,0.9759175628423691,1e-05
5608,608.8264146633014,1,-0.0018120813749686882,14.4573073387146,0.9758759886026382,1e-05
5609,612.4629712675248,1,-0.0008376409405688179,5.266122341156006,0.9758179187774658,1e-05
5610,573.1955213737883,1,0.0004809275529371604,244.9437255859375,0.9757417738437653,1e-05
5611,613.3003798674083,1,-0.0008974133990138355,10.511650323867798,0.9756820946931839,1e-05
5612,599.7582559324686,1,-0.0004956446417185845,28.21874189376831,0.9756294190883636,1e-05
5613,594.3757296819152,1,-0.00036979681317461655,58.268460273742676,0.9755829125642776,1e-05
5614,609.1356428065659,1,-0.0008788572565578967,22.075950622558594,0.9755483418703079,1e-05
5615,616.5041780880645,1,-0.0006064986438047981,7.371851086616516,0.9755224138498306,1e-05
5616,480.01354006507574,1,2.469483721734278e-05,1220.3483276367188,0.9754921644926071,1e-05
5617,618.6396264769928,1,-0.0012393489208388786,17.23436164855957,0.9754687994718552,1e-05
5618,613.4110228638549,1,-0.0020330743629113357,7.975261807441711,0.9754471480846405,1e-05
5619,603.5327939793038,1,-0.0008027920823505674,19.5805721282959,0.9754126369953156,1e-05
5620,619.1635846839297,1,-0.0012211601336051814,20.38717222213745,0.975379541516304,1e-05
5621,606.1442207271826,1,-0.002396830525768223,9.331886768341064,0.9753465503454208,1e-05
5622,616.532084134694,1,0.00039000488822082957,19.568369388580322,0.9753198772668839,1e-05
5623,613.2452702886484,1,-0.003640542552404258,6.7068294286727905,0.9752926677465439,1e-05
5624,585.0226172826253,1,-0.0007556594460638166,128.0031509399414,0.9752753227949142,1e-05
5625,614.7262830163289,1,0.00024663805990776666,26.63574743270874,0.9752618968486786,1e-05
5626,618.1700531457027,1,-0.0009661012913886324,8.689276456832886,0.9752425104379654,1e-05
5627,615.730506943871,1,-0.00041248579117247886,12.18403673171997,0.9751995652914047,1e-05
5628,593.0945884643365,1,-0.0003005857148039581,90.02268409729004,0.9751659035682678,1e-05
5629,579.6543378545991,1,0.00020212140112452204,223.6763458251953,0.9751463234424591,1e-05
5630,613.6176393931804,1,-0.005249416345800562,4.705518841743469,0.9751265197992325,1e-05
5631,613.8620499595052,1,-0.0026524938696717015,7.745123028755188,0.9750865697860718,1e-05
5632,607.6419398954888,1,-0.00502996254648469,7.472156763076782,0.9750588238239288,1e-05
5633,604.8240227214155,1,-0.0007517337801816737,14.268972635269165,0.9750210642814636,1e-05
5634,594.5041600819716,1,0.0007228298096118024,47.50272178649902,0.9749419242143631,1e-05
5635,614.2595824290167,1,-0.0005378138429179558,11.479732513427734,0.9748783111572266,1e-05
5636,587.5181200742579,1,-0.00032637117890965683,125.8512020111084,0.974843442440033,1e-05
5637,594.1532904298031,1,-0.0009080340244524976,101.54508590698242,0.9748200625181198,1e-05
5638,606.4015408691458,1,-4.823993086899847e-05,45.821290016174316,0.9747997224330902,1e-05
5639,453.4322465143913,1,4.6673748734349374e-05,2443.2882080078125,0.9747776985168457,1e-05
5640,606.3356667209868,1,-0.0005126231136038939,17.50609254837036,0.9747583121061325,1e-05
5641,605.3017358291999,1,-0.0004803144812672855,71.10018920898438,0.9747339338064194,1e-05
5642,615.4925676049525,1,-0.0006442917432396555,16.55318260192871,0.9747105091810226,1e-05
5643,618.2064123836208,1,-0.00020002209541924998,18.82150936126709,0.9746865183115005,1e-05
5644,612.0729676972196,1,-0.0016199162917605037,10.46623945236206,0.9746597707271576,1e-05
5645,612.9329759522685,1,-0.0008994248302496288,10.388885736465454,0.9746200293302536,1e-05
5646,582.913466097077,1,-0.001138590105586701,102.39704704284668,0.9745635390281677,1e-05
5647,611.5852866121479,1,-0.009327031624572157,5.699394583702087,0.9745177626609802,1e-05
5648,590.8913584266388,1,-0.004062368954002693,186.9307632446289,0.9744656980037689,1e-05
5649,610.2965913738764,1,-0.0003544229850658276,29.923718452453613,0.9744231253862381,1e-05
5650,578.7556479854724,1,-0.001070055492759181,232.7545509338379,0.9743753522634506,1e-05
5651,614.2449264969306,1,-0.0003561928693534,5.6699018478393555,0.9743303507566452,1e-05
5652,606.3753888107653,1,-9.525472103799615e-05,28.74166202545166,0.9742640554904938,1e-05
5653,609.4533740452207,1,-0.00024187107276052444,22.635700225830078,0.9742023944854736,1e-05
5654,591.3902374659033,1,-0.0002850288819580271,118.40633773803711,0.9741282165050507,1e-05
5655,614.076608208349,1,-0.001868371764156329,8.949808120727539,0.9740741550922394,1e-05
5656,563.6089990536442,1,-3.972312943822942e-05,451.84142303466797,0.974045142531395,1e-05
5657,564.6585352031501,1,0.0006766122352956927,223.28308868408203,0.9740278273820877,1e-05
5658,605.4399050356151,1,-0.0007558963893994353,14.99129605293274,0.974017471075058,1e-05
5659,609.7797103689688,1,-3.794323187378268e-05,14.002426385879517,0.9740057587623596,1e-05
5660,611.655384324512,1,2.8488728137432417e-05,6.246917486190796,0.9739629626274109,1e-05
5661,613.309667248437,1,0.00014081253679165684,14.10432505607605,0.973911702632904,1e-05
5662,620.2123673769686,1,-0.0005438181817902787,21.29183053970337,0.9738511592149734,1e-05
5663,618.7887811771365,1,-0.0007009329056018032,11.521997928619385,0.9737876355648041,1e-05
5664,609.7361776771522,1,-0.000525788949887307,8.118503451347351,0.9737261384725571,1e-05
5665,611.4884259183657,1,1.45441169348004e-05,12.064533710479736,0.9736592024564743,1e-05
5666,607.9211490956302,1,-0.0004848520796674194,11.341873168945312,0.9736010432243347,1e-05
5667,616.7193159321753,1,-0.0007104713507786187,14.936396598815918,0.973550334572792,1e-05
5668,613.8383739978227,1,-6.095980683618052e-05,9.383927822113037,0.9735156148672104,1e-05
5669,609.3658894615922,1,-0.001221432455797422,15.974297046661377,0.973470538854599,1e-05
5670,596.7201346483682,1,-0.00014227834542168694,85.59403228759766,0.9734337329864502,1e-05
5671,579.5364229784536,1,-0.0005903629221535311,162.22390365600586,0.9734053015708923,1e-05
5672,607.965601361625,1,-0.0017022464536631254,30.326340198516846,0.9733782112598419,1e-05
5673,599.789092198968,1,-0.0007906509073158929,100.06093788146973,0.9733521640300751,1e-05
5674,608.089861404173,1,-0.00014765229209645625,21.742408752441406,0.9733300805091858,1e-05
5675,613.5125814496478,1,-0.0015025802814943034,10.901950597763062,0.9733005315065384,1e-05
5676,613.6175825703014,1,0.0003096032133909077,17.53917169570923,0.9732547253370285,1e-05
5677,603.4001781345553,1,-0.0013125837285770103,14.206937551498413,0.9732044637203217,1e-05
5678,614.3256920629884,1,-0.001066269238855,6.532648921012878,0.973164439201355,1e-05
5679,613.5165891334639,1,-0.001957663038840707,17.603020191192627,0.973132774233818,1e-05
5680,618.8246995286775,1,-0.00012050971054122783,22.4171404838562,0.9730931222438812,1e-05
5681,465.39399145666556,1,-0.0004768524997729173,2716.4718017578125,0.9730567932128906,1e-05
5682,611.5496626115241,1,-0.00034371311801972837,13.519157648086548,0.9730305671691895,1e-05
5683,561.9171096416617,1,0.00020709866657853127,446.2594985961914,0.9730062633752823,1e-05
5684,607.9918788272491,1,-0.0006084345038228633,18.656743049621582,0.9729862213134766,1e-05
5685,609.3805242707348,1,-0.0012776136036515284,7.326406121253967,0.972965195775032,1e-05
5686,524.2097858089343,1,-0.0004345777666241446,1305.6082153320312,0.9729496836662292,1e-05
5687,605.0545949372427,1,-0.0006040437992154146,18.62001371383667,0.9729430973529816,1e-05
5688,606.9384156686654,1,-0.0003930396590106078,20.875544548034668,0.9729447662830353,1e-05
5689,566.008941714659,1,-0.00023531208134919268,259.0250473022461,0.9729181081056595,1e-05
5690,615.8232821130666,1,-0.001498648818456516,10.179620265960693,0.9728904217481613,1e-05
5691,559.5990597681075,1,0.0001935207027683461,1336.1338806152344,0.9728635400533676,1e-05
5692,615.877319580452,1,-0.0009086290040549727,13.25374984741211,0.9728433787822723,1e-05
5693,614.4350885268899,1,-0.00038778491437341245,10.905781745910645,0.9728236496448517,1e-05
5694,591.5109133959795,1,-5.907482625810978e-05,83.35627365112305,0.9727977365255356,1e-05
5695,615.5114980361438,1,4.341510685357264e-05,10.82557463645935,0.9727702736854553,1e-05
5696,601.4357794877235,1,-4.3692411702878076e-05,40.3719596862793,0.9727367162704468,1e-05
5697,592.9298556470648,1,-2.2267211066129278e-05,135.2916374206543,0.972705066204071,1e-05
5698,605.5616660002378,1,-0.0008860441390421414,12.61393928527832,0.9726827889680862,1e-05
5699,609.2121988508209,1,-0.0024444883256009575,10.019142866134644,0.9726612865924835,1e-05
5700,609.9822751506948,1,-0.002808756434428794,9.989421606063843,0.9726257175207138,1e-05
5701,613.1396407079211,1,-0.0038142569160468653,3.8967025876045227,0.9725573509931564,1e-05
5702,606.5455601960474,1,-0.0013231407221283575,24.115485191345215,0.9724477082490921,1e-05
5703,606.8538269544039,1,0.0005944360035270435,31.028361797332764,0.9723582118749619,1e-05
5704,619.0097005610337,1,-0.0007517864079074066,22.83281421661377,0.9722975045442581,1e-05
5705,597.3684271961713,1,-0.001926324262537804,22.454010486602783,0.9722540974617004,1e-05
5706,611.4976055077458,1,0.00030259401642496186,28.583642959594727,0.9722240716218948,1e-05
5707,584.3263873850117,1,-0.00048656630947085944,140.03380966186523,0.9721993058919907,1e-05
5708,550.7219459937623,1,2.0037095934233307e-05,456.3895721435547,0.9721816778182983,1e-05
5709,604.3291751909961,1,-0.0007654469934639252,21.504154205322266,0.9721717983484268,1e-05
5710,575.3307858874117,1,9.215048444066731e-05,197.2785415649414,0.9721717089414597,1e-05
5711,600.693760337479,1,-0.002527045161480501,22.544963836669922,0.9721709638834,1e-05
5712,602.8109088084709,1,-0.001908078794103929,25.006962776184082,0.9721680581569672,1e-05
5713,589.4588223179094,1,-0.0027122806307122715,47.95496082305908,0.972163662314415,1e-05
5714,580.265556684944,1,-0.0005341579909625693,160.58230209350586,0.9721555560827255,1e-05
5715,607.0229500052673,1,-0.0006700596932205372,9.71051287651062,0.9721471965312958,1e-05
5716,576.379565539097,1,0.00012878354096557132,146.04240036010742,0.9721284508705139,1e-05
5717,600.7773744093602,1,-0.00013211152201453302,49.06484794616699,0.9721136391162872,1e-05
5718,613.1907400425417,1,-0.0006415262469090521,10.42004942893982,0.9720978140830994,1e-05
5719,566.4790114643247,1,-0.0006805161737197807,353.0271453857422,0.9720660001039505,1e-05
5720,613.0588777623581,1,-6.322047283902066e-05,16.927932262420654,0.9720396846532822,1e-05
5721,610.988899325915,1,-0.00025990306997059065,8.846902132034302,0.9720120579004288,1e-05
5722,609.6633292344437,1,-0.000457855621240455,5.876078963279724,0.971979096531868,1e-05
5723,606.2155421006848,1,-0.00132499386436713,3.9698187112808228,0.9719130098819733,1e-05
5724,610.499990187389,1,-0.0003804300845677844,15.49285078048706,0.971778079867363,1e-05
5725,593.3194974735964,1,-2.3089213730287383e-05,24.89447832107544,0.9716602265834808,1e-05
5726,622.2253003269184,1,-0.0005042676337048135,31.986363410949707,0.9715725481510162,1e-05
5727,587.749643952456,1,-0.00029703871430752926,187.97389602661133,0.971501424908638,1e-05
5728,605.0771637863288,1,-0.0009124912932758633,28.36218023300171,0.9714516699314117,1e-05
5729,612.901891032154,1,-0.0005049324631407615,7.404651641845703,0.9714140295982361,1e-05
5730,614.8452101928617,1,-0.0008632044305620923,17.0715970993042,0.971384659409523,1e-05
5731,604.3282147239323,1,-0.00024986709100893734,29.731889724731445,0.9713582396507263,1e-05
5732,604.5826627256615,1,-0.0011878311784974116,15.519517421722412,0.9713182598352432,1e-05
5733,612.7684525437492,1,-0.0005746960608203899,9.770517349243164,0.971271201968193,1e-05
5734,616.7684832217083,1,-0.00012502681192927412,25.422969818115234,0.9712070375680923,1e-05
5735,616.956973929088,1,-0.0008451284631849632,25.644466400146484,0.9711513072252274,1e-05
5736,612.433279740128,1,-0.0009196351176662398,3.0814842581748962,0.9711041748523712,1e-05
5737,615.3372534757324,1,-0.0022023532045416516,21.502177238464355,0.9710486829280853,1e-05
5738,616.3275365951836,1,-0.00019016518231573798,10.766748905181885,0.9709978401660919,1e-05
5739,610.1671511305657,1,-0.001364150144684828,9.052937030792236,0.970943495631218,1e-05
5740,612.5077636485895,1,-0.0002030850714280774,7.423350691795349,0.970859095454216,1e-05
5741,576.299519942595,1,0.0006320547357880346,391.36693572998047,0.9707814604043961,1e-05
5742,612.6508576907556,1,-0.0002725130298828482,7.771212816238403,0.9707252532243729,1e-05
5743,613.366300915284,1,-0.0011791564345156047,11.069084405899048,0.9706755727529526,1e-05
5744,582.5662012037259,1,-0.0007424732210541407,195.15575408935547,0.970627024769783,1e-05
5745,617.8787279225135,1,-0.00034302024388743746,9.317296981811523,0.9705908298492432,1e-05
5746,593.1938218917988,1,-0.00019625049955918072,118.73943901062012,0.9705551415681839,1e-05
5747,611.2981492686469,1,-0.0002625207743776059,22.90732192993164,0.9705304652452469,1e-05
5748,601.4439206955562,1,-0.00013114972008310133,36.51529407501221,0.9705154895782471,1e-05
5749,596.0231871978538,1,-0.0005584401175529052,37.91526699066162,0.9705003648996353,1e-05
5750,583.4262614811134,1,-0.0005575312149757039,100.30519104003906,0.9704850614070892,1e-05
5751,575.2118698546846,1,0.0001623007971964796,64.17659378051758,0.9704695492982864,1e-05
5752,612.2518517219507,1,-0.00041687604859141913,9.297777891159058,0.9704466164112091,1e-05
5753,595.5234115739688,1,-0.0005350253726383869,32.946922302246094,0.9704155921936035,1e-05
5754,604.3042736956297,1,-0.0008301965576293924,20.444393157958984,0.9703869521617889,1e-05
5755,608.6234928326188,1,-0.0012267867476900562,8.779292821884155,0.9703592360019684,1e-05
5756,597.0890122056359,1,-0.003218417870812118,87.4070816040039,0.9703549444675446,1e-05
5757,597.7487833986299,1,-0.00016591166292667658,94.26969528198242,0.9703548550605774,1e-05
5758,593.5393699695835,1,0.00015698267244645958,85.13460350036621,0.9703516364097595,1e-05
5759,599.4186627791355,1,-0.0017977309242773742,14.491005897521973,0.9703394323587418,1e-05
5760,590.4050734090914,1,-0.0002518876627668476,69.30650520324707,0.9702826887369156,1e-05
5761,616.1146112122694,1,-0.007273529584265637,6.567251205444336,0.9702213108539581,1e-05
5762,610.225241073758,1,0.004216685097111039,8.55616807937622,0.9701387137174606,1e-05
5763,609.6431756468619,1,0.00018391655990601663,7.716116905212402,0.9700687527656555,1e-05
5764,611.3830731020248,1,-0.0009822983702179044,9.608381509780884,0.9700081497430801,1e-05
5765,608.3459588279749,1,-0.0016920544019538575,7.967044472694397,0.9699531197547913,1e-05
5766,235.16979328651615,1,-0.00012633814069662463,8732.9775390625,0.9699136465787888,1e-05
5767,587.679997781718,1,0.00013911749235795412,166.70863723754883,0.969886988401413,1e-05
5768,611.1221488538988,1,0.00016176013825663915,10.069364786148071,0.9698673188686371,1e-05
5769,609.4145402633524,1,-0.0007823828345863149,13.855587482452393,0.9698395729064941,1e-05
5770,604.8513879224706,1,-0.00034469257298042066,18.765324115753174,0.9697945713996887,1e-05
5771,604.7879355569893,1,-0.0007491409708531016,14.310004472732544,0.969739243388176,1e-05
5772,591.7157075899811,1,0.0004177572741994595,138.0218162536621,0.9696622043848038,1e-05
5773,598.9413368244802,1,-0.00043477333383634686,39.73967742919922,0.9696011394262314,1e-05
5774,611.1107986383574,1,-0.0018684169637577241,7.3000288009643555,0.96954545378685,1e-05
5775,605.632339698064,1,-0.000653120583526956,10.242764711380005,0.9694879502058029,1e-05
5776,595.2387428147556,1,0.00012186927858492957,38.9371976852417,0.9694171100854874,1e-05
5777,556.0902033346985,1,0.0005366125322140425,584.603759765625,0.9693430960178375,1e-05
5778,616.9505340798025,1,-0.00038655484575933485,22.91499090194702,0.9692860394716263,1e-05
5779,610.1045116506882,1,-0.0010651328132635918,8.372112512588501,0.9692328125238419,1e-05
5780,618.6733067597888,1,0.00016603848640617258,23.434236526489258,0.9691723436117172,1e-05
5781,608.0222348391823,1,-0.0006590243907371729,9.581471920013428,0.9691060036420822,1e-05
5782,610.9141102751712,1,-0.002018659815588464,11.354194164276123,0.9690022170543671,1e-05
5783,615.8142542231383,1,0.0013881010641405567,22.257134914398193,0.9689203947782516,1e-05
5784,617.2146404062164,1,-0.0007833128859058291,23.512635707855225,0.9688632786273956,1e-05
5785,602.2423775312667,1,-0.0003121445563549763,22.59212827682495,0.9688184410333633,1e-05
5786,618.7421554654179,1,-5.260226979686422e-05,20.714904308319092,0.9687778949737549,1e-05
5787,614.2590671350218,1,-0.007096859459256422,6.0638391971588135,0.968734472990036,1e-05
5788,611.7566919209943,1,-0.0008168924894231822,9.02744436264038,0.968651071190834,1e-05
5789,609.6778351284387,1,-0.002794382835553222,5.594117641448975,0.9685654938220978,1e-05
5790,608.3299175251816,1,-0.005653365585461145,3.794587254524231,0.9685031026601791,1e-05
5791,602.187278312136,1,9.959550017679675e-05,17.090614318847656,0.968441441655159,1e-05
5792,618.0828647738795,1,0.0011243573916068783,17.550713539123535,0.9683949202299118,1e-05
5793,612.2135416349666,1,-0.0033097969010569273,4.447617053985596,0.9683453291654587,1e-05
5794,608.7258990250602,1,-0.0006631158019962946,14.11660361289978,0.9682796895503998,1e-05
5795,569.387244081835,1,0.000574627210763623,264.87481689453125,0.968214362859726,1e-05
5796,601.7206291803985,1,-0.0003377390047187845,52.91592788696289,0.9681660234928131,1e-05
5797,612.5912152798419,1,-0.0012323048330706854,9.771450757980347,0.9681296050548553,1e-05
5798,612.2933442232875,1,-0.00026248448680643577,12.274189233779907,0.9680957645177841,1e-05
5799,602.0888240055349,1,0.0001147483199694932,39.863160133361816,0.9680417329072952,1e-05
5800,612.7319300247352,1,-0.00022874831176089572,8.867137670516968,0.9680010229349136,1e-05
5801,614.5231148573465,1,-0.00023210336047796432,9.583616256713867,0.9679688215255737,1e-05
5802,591.4477840636482,1,-9.917550455096347e-05,84.51721572875977,0.9679295271635056,1e-05
5803,552.1131395073592,1,-0.0003259480220272337,537.9063262939453,0.96788190305233,1e-05
5804,608.2998305487615,1,-0.0015641506287025209,11.413150787353516,0.967833936214447,1e-05
5805,606.1501660998438,1,-0.0007913932765521992,25.91937255859375,0.9677564203739166,1e-05
5806,613.9362220416929,1,-0.00019506351085496476,4.856720805168152,0.9676888138055801,1e-05
5807,586.9740620504532,1,-0.0006288647937893188,126.42376708984375,0.9676229655742645,1e-05
5808,588.4604279402671,1,-0.0003552800467407913,133.82614135742188,0.9675774127244949,1e-05
5809,600.2725866249756,1,-0.001626375816368597,15.042802095413208,0.9675393253564835,1e-05
5810,594.9910607384754,1,-0.0006405180078052908,47.16640090942383,0.9674811661243439,1e-05
5811,607.1770489016349,1,-0.0008036016569228366,10.076639652252197,0.9674220085144043,1e-05
5812,605.0452287871606,1,-0.003258526383433491,3.2539401054382324,0.9673269093036652,1e-05
5813,591.4762269798639,1,-0.0014927503450623547,113.14583969116211,0.9672169089317322,1e-05
5814,612.0220967035674,1,0.0006121208664140454,6.517900228500366,0.9671309888362885,1e-05
5815,613.4563468263789,1,-0.001100307345176077,6.547030568122864,0.9670614898204803,1e-05
5816,614.4414822159102,1,-0.0010588123998171994,16.815658569335938,0.9670057594776154,1e-05
5817,613.8457978219576,1,-0.0014546281790224214,13.993713617324829,0.9669552743434906,1e-05
5818,603.7573553746794,1,-0.0039466700067603,16.73713779449463,0.9669045805931091,1e-05
5819,565.2967113409509,1,0.0010041514788543537,551.8722686767578,0.966858983039856,1e-05
5820,615.40376252337,1,-4.7751348134283944e-05,11.642091989517212,0.9668255001306534,1e-05
5821,593.3347145629042,1,-0.0002936688302721535,90.42502975463867,0.966800644993782,1e-05
5822,554.1632995464645,1,-4.057226838938277e-06,651.6422119140625,0.9667837917804718,1e-05
5823,613.2309634248552,1,-0.00015775024476116783,25.774700164794922,0.966772735118866,1e-05
5824,616.9702033450628,1,-0.0002797526895630398,15.339390754699707,0.9667623788118362,1e-05
5825,609.1553666280186,1,-5.63848324119931e-06,8.458974838256836,0.9667461812496185,1e-05
5826,610.155235865313,1,-0.0004764975292683715,13.636993885040283,0.9667226821184158,1e-05
5827,612.5754852931105,1,-0.0006910488272495741,11.145478248596191,0.9667043685913086,1e-05
5828,616.4879207402663,1,-0.0008193219814387476,14.850887537002563,0.966673269867897,1e-05
5829,591.0473298479261,1,-0.0002126161730959808,58.067769050598145,0.9666454643011093,1e-05
5830,615.245697492252,1,-0.0002548098622838779,8.266314506530762,0.9666194468736649,1e-05
5831,615.7068626799615,1,-0.0003039650029643681,18.308605194091797,0.9665894657373428,1e-05
5832,610.2373745808867,1,-0.00017129265563919915,6.475444555282593,0.9665611237287521,1e-05
5833,613.2152803883235,1,-0.00013261274102305265,9.953863382339478,0.9665223807096481,1e-05
5834,588.4623309069693,1,8.501525267723409e-05,103.72355079650879,0.9664874821901321,1e-05
5835,615.0951101364037,1,-0.00030154575164154096,13.404810905456543,0.9664648920297623,1e-05
5836,614.470506190487,1,-0.0017567215180420703,13.069396018981934,0.966449499130249,1e-05
5837,607.2761817117545,1,-0.00197973184253053,11.109893321990967,0.9664254635572433,1e-05
5838,618.91386860104,1,-0.001067623232748005,10.926469087600708,0.9663828462362289,1e-05
5839,618.2797444673954,1,-0.00036476356749304273,14.201200008392334,0.9663375914096832,1e-05
5840,614.2530839555402,1,-0.0006793164852112454,12.234721183776855,0.9662927240133286,1e-05
5841,609.3789390052985,1,-0.0016594630801165522,5.902531981468201,0.9662518054246902,1e-05
5842,592.4572951675176,1,0.000720592553585031,85.80073356628418,0.9662380069494247,1e-05
5843,578.3852732232237,1,3.1855652211199015e-05,351.82120513916016,0.9662266373634338,1e-05
5844,616.8001077011872,1,0.00013452826309645616,10.227540493011475,0.9662148654460907,1e-05
5845,606.4424095593739,1,-0.0015011528103416882,10.253193855285645,0.9661878049373627,1e-05
5846,612.1611262252889,1,-0.002006543494644575,5.556834816932678,0.9661483317613602,1e-05
5847,604.1933475303375,1,0.0005980994993244337,15.9789719581604,0.9660931527614594,1e-05
5848,601.6193137148849,1,-0.0008185695260181092,24.41080141067505,0.9660396724939346,1e-05
5849,610.6924736619516,1,-0.0032371604510657015,3.679443657398224,0.965995654463768,1e-05
5850,615.6175024167353,1,-0.005272926180623472,7.235846400260925,0.9659552574157715,1e-05
5851,611.4589471238052,1,-0.0008537791460794253,4.163190126419067,0.9659173637628555,1e-05
5852,601.6665164477693,1,0.00034090406309950083,29.209399223327637,0.9658658057451248,1e-05
5853,603.6137615432947,1,-0.00039813030265811733,26.5959792137146,0.9658151119947433,1e-05
5854,607.0655202757953,1,-0.0018157506290461534,9.280820846557617,0.9657573997974396,1e-05
5855,613.1252620554527,1,0.0001451158511192041,14.662392616271973,0.96568563580513,1e-05
5856,596.2818499612433,1,-0.00034691421387833543,25.547789573669434,0.965636283159256,1e-05
5857,589.6686479222006,1,-0.0002595727205019216,96.2164363861084,0.9655986875295639,1e-05
5858,607.3525541536919,1,-0.00045708088821605486,61.386088371276855,0.9655737727880478,1e-05
5859,608.5040006358311,1,-0.0003506146846730118,22.619553089141846,0.9655519425868988,1e-05
5860,599.7496901615591,1,-0.0014102935383561999,20.318198204040527,0.9655196070671082,1e-05
5861,577.4117224553697,1,-0.0010025318601707411,276.5078125,0.9655133783817291,1e-05
5862,614.2903110117265,1,-1.9175502389501276e-05,7.996410489082336,0.9655077457427979,1e-05
5863,614.1104932073116,1,-0.00034529717387599135,9.281273126602173,0.9654695689678192,1e-05
5864,574.4340732573221,1,-9.57973650006494e-06,387.80076599121094,0.9653879404067993,1e-05
5865,602.0075328812804,1,-0.0010745418985607103,23.922318935394287,0.965322881937027,1e-05
5866,608.1387963914417,1,-0.00036760282002301636,6.806180119514465,0.9652655720710754,1e-05
5867,608.3491038751312,1,-0.0001102130024150938,11.272504806518555,0.9652021527290344,1e-05
5868,585.5115130850397,1,-0.0002762643898517325,224.33724975585938,0.9651401191949844,1e-05
5869,573.3984735316978,1,9.383694301945411e-05,289.2147750854492,0.9650956988334656,1e-05
5870,591.9484315356581,1,-7.371347337858936e-05,114.87224388122559,0.965068057179451,1e-05
5871,605.5692927257852,1,-0.0008071677600831606,34.91611957550049,0.965047761797905,1e-05
5872,612.0796817871988,1,-0.0003706136782195557,10.746119260787964,0.9650195389986038,1e-05
5873,610.3209431357092,1,0.0001719718147121796,27.785973072052002,0.9649982452392578,1e-05
5874,613.5963474410755,1,-0.0011803072713796325,7.2573899030685425,0.9649833589792252,1e-05
5875,583.7500985333456,1,-0.0003803074580606136,287.9033660888672,0.9649691879749298,1e-05
5876,614.5221533534562,1,-0.0011244219720127901,10.928752183914185,0.964954748749733,1e-05
5877,615.0766257941474,1,0.0002455367581346568,12.728933095932007,0.9649210274219513,1e-05
5878,584.1635675797613,1,1.0530597852387302e-05,213.24805450439453,0.9648765027523041,1e-05
5879,608.2539664392019,1,-0.002633437819355322,9.848880290985107,0.9648310095071793,1e-05
5880,619.7850695142799,1,-0.0014073774912581882,22.368237495422363,0.9647563695907593,1e-05
5881,611.3789015176085,1,-0.0012388521858124335,6.592909216880798,0.9646890163421631,1e-05
5882,615.8472101900545,1,-0.0003765351704299036,8.765041828155518,0.9646327495574951,1e-05
5883,615.9457498249731,1,-0.00040371801460103995,5.599493145942688,0.9645964950323105,1e-05
5884,614.698482271925,1,-0.0009003114729422279,19.36048173904419,0.9645629972219467,1e-05
5885,613.4083593135185,1,0.00022704842754489585,10.709677934646606,0.9645389020442963,1e-05
5886,612.8039673377408,1,-0.0002721255841606762,14.862440586090088,0.9645170271396637,1e-05
5887,610.0800682307745,1,-0.0009653534973579347,18.32887554168701,0.9644972234964371,1e-05
5888,613.9895372848172,1,-0.0009575638670114017,11.106481790542603,0.9644802361726761,1e-05
5889,593.5462614459536,1,-0.0012227986827149095,43.84894275665283,0.964460477232933,1e-05
5890,612.2250648281924,1,-0.0018033711464839897,6.145679593086243,0.9644345045089722,1e-05
5891,610.7036396508469,1,-0.0044097694917581975,7.762738347053528,0.9643751829862595,1e-05
5892,594.3026322578311,1,0.000799897560235685,97.91149139404297,0.9643049091100693,1e-05
5893,601.2375304371011,1,0.0007014428871281453,44.28404903411865,0.9642481058835983,1e-05
5894,598.0930285130775,1,0.00027146392412191744,65.84664916992188,0.9642037749290466,1e-05
5895,614.5806726187806,1,-0.0005404893966409752,7.220545291900635,0.9641797095537186,1e-05
5896,616.0165773920912,1,4.930706806716145e-05,15.221370697021484,0.964166983962059,1e-05
5897,599.7469354767038,1,-0.00023382330702892418,20.946436882019043,0.9641500562429428,1e-05
5898,613.2730362572871,1,-0.0006546716719055823,6.480025768280029,0.9641230702400208,1e-05
5899,609.9371597847372,1,-0.003040402091125216,5.08905291557312,0.9640588164329529,1e-05
5900,615.6630795155343,1,-0.002474562000806202,7.535704493522644,0.9640020728111267,1e-05
5901,607.5638571859517,1,-0.0012133852743438922,18.694389820098877,0.9639547616243362,1e-05
5902,609.8802524986137,1,-0.0003776481285711064,8.953158617019653,0.9638932943344116,1e-05
5903,610.6921651571097,1,-0.0009862116332017834,5.765233278274536,0.9638288170099258,1e-05
5904,614.8699808677468,1,-0.0007831691100896876,11.446306705474854,0.9637685716152191,1e-05
5905,613.4167971683275,1,-6.471019525378097e-05,10.6378014087677,0.9637218862771988,1e-05
5906,611.494956808307,1,-0.00010454544355154027,4.739147901535034,0.9636709690093994,1e-05
5907,615.2238478810808,1,-0.003705467608204671,12.899027347564697,0.9635836631059647,1e-05
5908,616.0124342140411,1,0.0010257816577965428,12.101950883865356,0.963501587510109,1e-05
5909,612.1207996221725,1,-0.004397709363026081,4.1300660371780396,0.9634276330471039,1e-05
5910,599.6340652782447,1,0.0008211959232795607,18.406808853149414,0.9633601009845734,1e-05
5911,617.6010551951257,1,0.0004034741720637669,10.33882451057434,0.9633044749498367,1e-05
5912,601.7081659480009,1,-0.0002494070803449322,37.86038303375244,0.9632613211870193,1e-05
5913,599.0969166787827,1,-0.00021818116411864708,94.55208778381348,0.9632299095392227,1e-05
5914,604.7915322268304,1,-0.0014377843806330226,13.514349699020386,0.9631939381361008,1e-05
5915,605.8973583482154,1,-0.0003776038747247412,6.057135820388794,0.963103860616684,1e-05
5916,612.9284339580556,1,-0.0003601246441604644,6.872532606124878,0.9630171656608582,1e-05
5917,609.2103721635569,1,-0.002934522327707967,3.60651957988739,0.9629242718219757,1e-05
5918,579.5541890348582,1,-0.0005540134106443162,128.48221015930176,0.9628390222787857,1e-05
5919,583.7609319167145,1,0.0001551689898147135,78.47353744506836,0.9627755731344223,1e-05
5920,612.9199004160641,1,-0.0020401255991178147,9.142189741134644,0.9627254903316498,1e-05
5921,611.591072718239,1,-0.0009807654024118762,8.778958320617676,0.9626809805631638,1e-05
5922,598.4302082243296,1,-0.00016229461774308618,44.08018684387207,0.9626161754131317,1e-05
5923,613.2823267266383,1,-8.270437146906673e-05,10.21785831451416,0.9625632911920547,1e-05
5924,602.742568744515,1,-0.0005640323995201868,28.819901943206787,0.9625233560800552,1e-05
5925,580.4800065520926,1,-3.7496526081426396e-05,322.90258026123047,0.962495282292366,1e-05
5926,527.7325010067445,1,0.00025137386526097316,955.0437622070312,0.9624745845794678,1e-05
5927,614.6056850940763,1,-0.0005942834492689286,11.263667583465576,0.9624585509300232,1e-05
5928,612.5079610137354,1,-0.0020124811710973134,3.392024040222168,0.9624255150556564,1e-05
5929,610.4867360746708,1,-0.0031288058793341733,6.460607171058655,0.9623349159955978,1e-05
5930,592.8994797237706,1,0.0014927538397552786,132.9525375366211,0.9622334688901901,1e-05
5931,616.0453187995029,1,4.736378144087894e-05,15.476691007614136,0.9621588438749313,1e-05
5932,605.1409688405065,1,0.0004037121974818092,25.692058563232422,0.9621004015207291,1e-05
5933,613.7055975954103,1,-0.004852450967483213,8.708895206451416,0.9620519578456879,1e-05
5934,610.3506574375165,1,-0.0005772929187788378,3.4388757944107056,0.9620068967342377,1e-05
5935,608.5874506678423,1,0.000469212260076457,21.034931182861328,0.9619503766298294,1e-05
5936,609.6465604193132,1,-3.055856443445748e-05,6.037493586540222,0.9618915617465973,1e-05
5937,614.8482741702948,1,-0.00020683542713406666,6.347799301147461,0.9618172645568848,1e-05
5938,610.1933203773592,1,-0.003708182820655992,18.774039268493652,0.961748868227005,1e-05
5939,611.2706920560747,1,0.000515842225725649,16.25102472305298,0.9616964906454086,1e-05
5940,581.9842657235713,1,-0.0006909662649956516,120.62944793701172,0.9616369307041168,1e-05
5941,603.6846887716135,1,0.00018399678635816485,47.08828639984131,0.9615906029939651,1e-05
5942,603.5902394309761,1,-0.0008071267230267409,43.17119789123535,0.9615539759397507,1e-05
5943,613.5379664016805,1,-0.0021344963645120174,5.183800458908081,0.9615147411823273,1e-05
5944,604.033584898783,1,-0.002251743722741395,14.192148923873901,0.9614627510309219,1e-05
5945,614.5216037195094,1,-0.0010722185061942113,5.369856834411621,0.9614226669073105,1e-05
5946,598.5237286272271,1,0.0008096753860753481,79.82993698120117,0.9613954871892929,1e-05
5947,614.8989801512176,1,-0.0010172014489606696,7.263802886009216,0.9613687098026276,1e-05
5948,608.3107103807824,1,-0.0004997361204680528,12.4616858959198,0.9613255262374878,1e-05
5949,611.5857501035478,1,-0.003086071953966041,15.09932827949524,0.961281344294548,1e-05
5950,613.0838917077631,1,-0.0005915703877690248,12.006949663162231,0.9612590819597244,1e-05
5951,616.1510348045767,1,-0.00019994495892916575,15.705091714859009,0.9612286537885666,1e-05
5952,614.632162692255,1,-0.000426937186254861,5.509789824485779,0.9612048864364624,1e-05
5953,612.2993341171086,1,3.416982472970176e-05,9.261212348937988,0.961171567440033,1e-05
5954,619.4811781589365,1,-0.00022608043272143163,18.06832504272461,0.9611405581235886,1e-05
5955,610.7790678211888,1,-0.003211458240492071,3.1784427165985107,0.961104080080986,1e-05
5956,597.0767234376359,1,0.0027362087653672873,106.02254676818848,0.9610429555177689,1e-05
5957,610.9836623993733,1,-0.002257886755755223,19.14415979385376,0.9609904885292053,1e-05
5958,587.929987990061,1,-0.0025529957742307374,122.5516128540039,0.960934653878212,1e-05
5959,611.8048747807602,1,-0.0011351064167683944,5.908282995223999,0.9608824700117111,1e-05
5960,607.8555292554049,1,0.0009938048099655816,20.90374755859375,0.9608040452003479,1e-05
5961,582.9781853418446,1,0.0005037534452458914,335.33203125,0.9607362896203995,1e-05
5962,611.3064703154221,1,-0.0015941054237904595,5.134954333305359,0.9606732130050659,1e-05
5963,598.3600220534067,1,-0.0003942788825952448,75.14926719665527,0.9605746865272522,1e-05
5964,616.601805448315,1,-0.0011563992319861827,15.915815830230713,0.960492804646492,1e-05
5965,612.2293208541807,1,-0.0004690446339239429,10.252852201461792,0.9604209363460541,1e-05
5966,574.8562477599636,1,-0.0005889655010600237,315.0335693359375,0.9603493809700012,1e-05
5967,614.355459474918,1,-0.0009607122684913705,5.261478066444397,0.960294246673584,1e-05
5968,604.4897511817289,1,-0.00018425555585466213,84.2999439239502,0.9602441936731339,1e-05
5969,608.774100845204,1,-0.00157092512570145,7.040771722793579,0.9602008163928986,1e-05
5970,607.9602235848469,1,-0.002934104674072291,12.089739561080933,0.9601515084505081,1e-05
5971,619.4588408176306,1,-4.66727777554965e-05,20.58297061920166,0.9601043313741684,1e-05
5972,613.5439735098821,1,-0.006720572742985098,14.291980028152466,0.9600662589073181,1e-05
5973,618.2864910007161,1,-0.00016534212569574436,21.606143474578857,0.9600339531898499,1e-05
5974,614.2493536779364,1,-0.0036907101629939376,2.8421401977539062,0.9600144624710083,1e-05
5975,615.1005495431826,1,-0.0007130381252897777,7.650420188903809,0.9600024372339249,1e-05
5976,611.3674944294319,1,-0.0004926054767007138,4.339852571487427,0.9599924981594086,1e-05
5977,612.8134403311044,1,-0.0010318114858272054,3.5974656343460083,0.95994733273983,1e-05
5978,615.0064920662694,1,-0.00013423528899991766,8.240949392318726,0.9598715007305145,1e-05
5979,617.0370020833628,1,-0.0010629769896306485,17.228670597076416,0.959796130657196,1e-05
5980,610.713011912236,1,-0.0011385640887224824,6.392250418663025,0.9597299993038177,1e-05
5981,609.451502782369,1,-0.0006781003600653257,27.705941677093506,0.9596726149320602,1e-05
5982,615.4953767384022,1,2.312266388937445e-05,8.588987350463867,0.9596237540245056,1e-05
5983,612.100498108041,1,-0.0007715810011781343,5.930635333061218,0.959548830986023,1e-05
5984,609.1058059082334,1,-0.00558580990709423,12.393004655838013,0.959422841668129,1e-05
5985,601.6287419875141,1,-0.0010101348603646088,25.86872911453247,0.9593207240104675,1e-05
5986,589.8537400347436,1,0.0009062508906945155,84.21319770812988,0.9592524319887161,1e-05
5987,615.8336996535131,1,0.0002649561014109736,11.907307863235474,0.9592042416334152,1e-05
5988,609.916106669942,1,-0.0006864506778159196,13.989593744277954,0.9591579884290695,1e-05
5989,607.8255294451303,1,0.00011631453104055112,30.237181663513184,0.959109365940094,1e-05
5990,599.918730876904,1,-0.0008969899755051358,192.84947204589844,0.9590602666139603,1e-05
5991,585.3098382865244,1,-1.2764063343273513e-05,68.87690734863281,0.9590181261301041,1e-05
5992,581.3541583373274,1,-9.593415976594244e-05,309.12511444091797,0.9589691162109375,1e-05
5993,612.879214122669,1,-0.00035693612755238746,5.769824385643005,0.9589293003082275,1e-05
5994,615.8838886703071,1,-0.00029070963864796795,8.668123483657837,0.9588875323534012,1e-05
5995,623.2278095664109,1,-0.0017754872865864968,47.77314853668213,0.9588648080825806,1e-05
5996,609.3010754277541,1,-0.0006472193504469814,14.766931295394897,0.9588486552238464,1e-05
5997,609.5687660882094,1,-0.0006993543762032761,12.550467252731323,0.9588173627853394,1e-05
5998,609.8477787959393,1,-0.00025423349307907017,11.01886510848999,0.9587783217430115,1e-05
5999,614.07953944257,1,-0.004168972111074254,15.194013833999634,0.9587263911962509,1e-05
6000,611.7496837384696,1,7.117710853110637e-05,12.807378768920898,0.9586893916130066,1e-05
