episode,reward,success,epsilon,ep_avg_loss,buffer_size
1,-571.32,0,0.999,5.911884598221097,203
2,-534.0299999999996,0,0.998001,8.724061854030055,397
3,-396.6899999999998,0,0.997002999,10.666553389149554,567
4,-343.03999999999985,0,0.996005996001,10.796432531726213,729
5,-234.68999999999994,0,0.995009990004999,11.524184833394319,893
6,-546.3900000000001,0,0.994014980014994,18.270874557850874,1084
7,-374.72000000000014,0,0.993020965034979,15.815442553943111,1252
8,-441.54000000000013,0,0.9920279440699441,15.562632364644246,1428
9,-444.0500000000002,0,0.9910359161258742,14.965166294835305,1611
10,-326.0699999999997,0,0.9900448802097482,14.087787720892164,1773
11,-219.82999999999979,0,0.9890548353295385,19.281986977159978,1933
12,-461.9000000000002,0,0.988065780494209,20.568306136667058,2111
13,-265.8199999999999,0,0.9870777147137147,16.186181791648742,2268
14,-346.74999999999994,0,0.986090636999001,14.907029531296642,2442
15,-428.88,0,0.9851045463620021,15.504621051000745,2620
16,-539.2900000000001,0,0.98411944181564,19.92775588811085,2806
17,-319.28,0,0.9831353223738244,16.385773258656265,2966
18,-568.8900000000001,0,0.9821521870514506,18.105533684108487,3154
19,-341.7699999999996,0,0.9811700348643991,12.517472874417024,3324
20,-579.6199999999997,0,0.9801888648295347,13.469967899972168,3513
21,-387.65000000000055,0,0.9792086759647052,14.713442330559095,3687
22,-358.7799999999998,0,0.9782294672887405,15.664774229580706,3852
23,-416.4799999999998,0,0.9772512378214517,16.835314298387278,4028
24,-497.6200000000002,0,0.9762739865836303,13.042893316064562,4210
25,-390.3200000000003,0,0.9752977125970467,14.193084967311691,4380
26,-445.17999999999967,0,0.9743224148844496,13.302338123991248,4558
27,-407.3800000000002,0,0.9733480924695651,14.37567761184817,4734
28,-406.0299999999998,0,0.9723747443770956,12.965988581823238,4913
29,-529.7099999999998,0,0.9714023696327185,12.540052447071735,5101
30,-403.8099999999997,0,0.9704309672630859,12.677260493729698,5273
31,-346.98999999999967,0,0.9694605362958227,11.301096084053645,5440
32,-475.1700000000004,0,0.9684910757595269,11.689816666714972,5619
33,-488.68000000000075,0,0.9675225846837673,9.852738651936336,5796
34,-368.50000000000034,0,0.9665550620990835,8.101385383833858,5966
35,-475.99000000000024,0,0.9655885070369844,7.693643561614457,6152
36,-516.7699999999998,0,0.9646229185299474,10.795769592919916,6346
37,-593.2100000000005,0,0.9636582956114175,10.043224995310354,6548
38,-420.51999999999987,0,0.9626946373158061,5.128270466034935,6717
39,-233.4899999999999,0,0.9617319426784903,6.655086297357892,6879
40,-466.33000000000015,0,0.9607702107358118,10.049624855807751,7052
41,-401.7299999999997,0,0.959809440525076,4.035088349155017,7227
42,-322.46,0,0.9588496310845509,8.518276089802384,7387
43,-248.13000000000005,0,0.9578907814534664,9.374460694555081,7552
44,-489.85999999999984,0,0.9569328906720129,7.418420693428999,7730
45,-397.66999999999956,0,0.9559759577813409,7.004644940651598,7898
46,-372.3800000000005,0,0.9550199818235596,7.06233575638561,8066
47,-462.7500000000005,0,0.9540649618417361,6.561964280271934,8243
48,-326.13999999999976,0,0.9531108968798944,7.3925978390534235,8406
49,-511.5,0,0.9521577859830145,5.099021242648039,8590
50,-561.289999999999,0,0.9512056281970315,9.083831402381467,8783
51,-376.9099999999996,0,0.9502544225688344,6.331957186112203,8949
52,-280.81999999999994,0,0.9493041681462656,5.574169462240195,9107
53,-387.5000000000002,0,0.9483548639781193,7.859588857030585,9275
54,-401.09999999999957,0,0.9474065091141411,6.417364001997879,9450
55,-352.86,0,0.946459102605027,5.074644492802824,9614
56,-502.5800000000004,0,0.9455126435024219,5.882445771426441,9801
57,-157.7399999999999,0,0.9445671308589195,5.780080011006325,9956
58,-351.13999999999976,0,0.9436225637280606,3.081191805425597,10119
59,-307.3599999999999,0,0.9426789411643326,3.09340412841167,10281
60,-381.3199999999999,0,0.9417362622231683,1.8356604657308784,10448
61,-497.45000000000005,0,0.9407945259609451,3.9758249731744573,10631
62,-415.4100000000002,0,0.9398537314349842,5.500472914427519,10809
63,-372.2599999999997,0,0.9389138777035492,5.99247648522875,10978
64,-204.54999999999995,0,0.9379749638258457,4.790620334539563,11138
65,-404.1700000000001,0,0.9370369888620198,4.145605483607334,11308
66,-442.11,0,0.9360999518731578,4.162048546490313,11482
67,-313.5899999999999,0,0.9351638519212846,6.36771476223338,11646
68,-309.9499999999999,0,0.9342286880693633,6.887320506437258,11811
69,-361.22999999999996,0,0.933294459381294,4.062714363678413,11981
70,-432.1799999999999,0,0.9323611649219127,4.621180531307218,12159
71,-288.9899999999997,0,0.9314288037569908,5.002535323489387,12318
72,-99.46999999999996,0,0.9304973749532338,2.42463398118567,12479
73,-567.7399999999999,0,0.9295668775782806,6.662121746511686,12668
74,-444.42000000000024,0,0.9286373107007023,5.377750255675479,12844
75,-405.5999999999999,0,0.9277086733900016,4.834799658030618,13016
76,-308.6099999999999,0,0.9267809647166116,4.686877391837975,13186
77,-224.7399999999999,0,0.925854183751895,7.8448390309796014,13349
78,-339.69999999999976,0,0.9249283295681431,4.797769351689904,13511
79,-482.3099999999997,0,0.9240034012385749,8.921327408211571,13686
80,-269.3299999999998,0,0.9230793978373364,4.294762633692522,13840
81,-347.0899999999997,0,0.9221563184394991,8.135067308561569,14003
82,-242.8199999999999,0,0.9212341621210596,7.0395030281566955,14157
83,-405.23999999999955,0,0.9203129279589385,6.165507723084268,14327
84,-488.6499999999999,0,0.9193926150309796,8.277375315557856,14508
85,-187.74999999999994,0,0.9184732224159486,6.726988639846538,14667
86,-239.5199999999999,0,0.9175547491935327,6.496713707062566,14829
87,-283.57999999999987,0,0.9166371944443392,7.463390079349643,14993
88,-456.22000000000014,0,0.9157205572498949,5.3204149168071355,15165
89,-277.5399999999999,0,0.914804836692645,5.96428534891575,15322
90,-348.5000000000002,0,0.9138900318559524,6.6194112805044,15485
91,-465.08000000000004,0,0.9129761418240965,7.134570936941438,15665
92,-254.43999999999977,0,0.9120631656822724,9.765713680490672,15831
93,-365.44999999999993,0,0.9111511025165902,5.650544801961162,15998
94,-302.3099999999998,0,0.9102399514140735,6.466420272239512,16161
95,-427.53,0,0.9093297114626595,7.0718414425100695,16340
96,-275.61,0,0.9084203817511969,10.355121642305996,16505
97,-225.62999999999994,0,0.9075119613694457,6.389840599716893,16656
98,-350.11,0,0.9066044494080763,8.486328767141305,16822
99,-434.98000000000013,0,0.9056978449586682,8.593682904567943,16991
100,-168.55,0,0.9047921471137096,7.659587902675389,17148
101,-286.1799999999997,0,0.9038873549665959,5.663423702686647,17306
102,-344.0999999999998,0,0.9029834676116293,9.444794502543525,17469
103,-263.80999999999983,0,0.9020804841440176,8.4550438042564,17626
104,-486.9299999999997,0,0.9011784036598737,6.564653321536811,17811
105,-427.8000000000002,0,0.9002772252562138,4.747840342758333,17981
106,-335.04999999999984,0,0.8993769480309576,8.975861587766104,18145
107,-339.29999999999956,0,0.8984775710829266,10.279680606766659,18315
108,-369.94000000000005,0,0.8975790935118436,11.423163619335918,18483
109,-269.34000000000003,0,0.8966815144183318,8.628383728160578,18653
110,-282.60999999999996,0,0.8957848329039134,7.128002249562379,18818
111,-546.3899999999998,0,0.8948890480710096,9.026445145873144,19005
112,-337.5300000000001,0,0.8939941590229386,8.808350062796048,19166
113,-412.8399999999999,0,0.8931001648639156,2.75918390220579,19336
114,-313.8499999999999,0,0.8922070646990518,11.448879930272437,19507
115,-477.46999999999997,0,0.8913148576343527,8.41230207876387,19683
116,-283.96,0,0.8904235427767183,5.945408503293612,19840
117,-210.25999999999982,0,0.8895331192339416,7.084672769717872,20000
118,-158.21,0,0.8886435861147077,8.588482216000557,20157
119,-314.92999999999984,0,0.887754942528593,6.482894494944477,20318
120,-340.51000000000005,0,0.8868671875860644,11.304488679199862,20481
121,-360.7299999999999,0,0.8859803203984784,6.9358111698422915,20650
122,-341.30000000000007,0,0.88509434007808,10.079276152127395,20823
123,-267.1799999999999,0,0.8842092457380019,10.980162401659749,20979
124,-352.5599999999999,0,0.8833250364922639,10.814087969193489,21141
125,-388.7199999999998,0,0.8824417114557717,11.346438244609775,21308
126,-306.80999999999995,0,0.8815592697443159,7.2325979071968005,21467
127,-142.61999999999995,0,0.8806777104745716,13.156145806629937,21621
128,-402.0000000000002,0,0.8797970327640969,9.078303080901765,21792
129,-331.19999999999965,0,0.8789172357313328,12.181735339778953,21956
130,-257.36999999999983,0,0.8780383184956015,9.078542519222808,22118
131,-283.6800000000001,0,0.8771602801771059,8.233398225868033,22286
132,-378.59000000000015,0,0.8762831198969288,9.162921788182087,22453
133,-395.57999999999976,0,0.8754068367770318,9.235468767669504,22626
134,-309.93999999999994,0,0.8745314299402548,14.493911620089785,22786
135,-190.08999999999997,0,0.8736568985103146,6.456777560617775,22946
136,-208.74999999999991,0,0.8727832416118043,8.153691784344005,23105
137,-112.58999999999997,0,0.8719104583701925,8.649741980681817,23255
138,-320.5899999999998,0,0.8710385479118223,13.392045126938672,23416
139,-262.4300000000002,0,0.8701675093639105,9.754116530973642,23584
140,-238.78999999999994,0,0.8692973418545467,10.277501125307754,23744
141,-232.85999999999981,0,0.8684280445126921,9.88251925438836,23898
142,-391.64999999999986,0,0.8675596164681794,5.854328439811642,24076
143,-161.89,0,0.8666920568517111,15.042482484857757,24230
144,-187.31,0,0.8658253647948594,10.133913289874222,24387
145,-362.16,0,0.8649595394300645,12.267919803833404,24558
146,-264.48999999999995,0,0.8640945798906344,10.542838249242667,24723
147,-288.15999999999974,0,0.8632304853107438,14.268700650981012,24882
148,-302.6599999999998,0,0.862367254825433,6.466167044601863,25040
149,-261.12,0,0.8615048875706075,8.55889509119995,25197
150,-214.61999999999995,0,0.8606433826830369,10.476431285603816,25358
151,-279.85000000000025,0,0.8597827393003539,13.847606464426898,25527
152,-383.04999999999995,0,0.8589229565610536,10.699628599791113,25694
153,-387.12,0,0.8580640336044925,12.001091163964515,25860
154,-310.4399999999999,0,0.857205969570888,7.6723891210592825,26022
155,-279.2699999999999,0,0.8563487636013172,8.930395949901227,26188
156,-341.84999999999985,0,0.8554924148377159,13.385561397868003,26355
157,-176.94,0,0.8546369224228781,14.743873601970382,26511
158,-428.1799999999996,0,0.8537822855004553,9.948924951910318,26693
159,-245.89999999999984,0,0.8529285032149548,10.86686505422723,26857
160,-207.41999999999993,0,0.8520755747117399,7.375441952643892,27015
161,-301.4799999999997,0,0.8512234991370281,13.167896835708325,27177
162,-323.3599999999999,0,0.8503722756378911,11.219589741108939,27337
163,-217.82999999999993,0,0.8495219033622532,11.419260516762733,27497
164,-466.17000000000013,0,0.8486723814588909,11.701460206224395,27670
165,-271.61000000000007,0,0.847823709077432,9.568470113482212,27833
166,-319.52999999999986,0,0.8469758853683546,10.533689623491632,27995
167,-309.09999999999974,0,0.8461289094829862,12.45874949209392,28155
168,-400.8500000000002,0,0.8452827805735033,10.158123295709846,28323
169,-395.0200000000004,0,0.8444374977929298,11.674293371421449,28493
170,-294.6300000000001,0,0.8435930602951368,15.002723742387966,28660
171,-324.32999999999987,0,0.8427494672348417,14.562337607755298,28831
172,-377.1599999999995,0,0.8419067177676068,8.323291024648482,29011
173,-218.39999999999984,0,0.8410648110498392,8.007420593500138,29171
174,-248.0999999999998,0,0.8402237462387894,15.008501550239144,29336
175,-351.5500000000002,0,0.8393835224925505,13.547363751590616,29500
176,-233.67999999999998,0,0.838544138970058,15.421125654885374,29663
177,-232.61999999999978,0,0.8377055948310879,16.867212809165196,29826
178,-323.7099999999999,0,0.8368678892362568,12.249823432870027,29990
179,-265.0799999999996,0,0.8360310213470206,16.465427488630468,30155
180,-238.66999999999987,0,0.8351949903256736,12.811031664486032,30321
181,-235.20999999999992,0,0.8343597953353479,14.854140154610981,30486
182,-189.85999999999996,0,0.8335254355400126,11.560196178576238,30644
183,-143.66999999999996,0,0.8326919101044725,15.459705742909328,30796
184,-181.62999999999988,0,0.831859218194368,9.91216527302869,30952
185,-196.49999999999994,0,0.8310273589761736,11.057932258838681,31109
186,-188.86999999999995,0,0.8301963316171974,13.264169262415624,31267
187,-171.5799999999999,0,0.8293661352855802,18.59545021599684,31423
188,-273.4099999999999,0,0.8285367691502946,19.407774030214007,31588
189,-147.14999999999986,0,0.8277082323811443,12.508758972112844,31741
190,-181.39999999999995,0,0.8268805241487632,13.731757381183517,31898
191,-417.5400000000004,0,0.8260536436246144,12.661984954138248,32069
192,-241.5299999999999,0,0.8252275899809898,13.856884987550492,32230
193,-168.77999999999997,0,0.8244023623910088,14.613575494919832,32386
194,-244.7399999999998,0,0.8235779600286178,19.45564797801184,32548
195,-163.29999999999995,0,0.8227543820685892,9.695786848615903,32702
196,-104.3599999999999,0,0.8219316276865206,21.215759142478174,32850
197,-243.5699999999999,0,0.8211096960588341,15.535579591760971,33013
198,-230.82999999999987,0,0.8202885863627752,13.571221530044117,33174
199,-176.07999999999998,0,0.8194682977764125,15.779123462688538,33329
200,-244.4599999999998,0,0.818648829478636,14.637864493333348,33493
201,-138.0999999999999,0,0.8178301806491574,15.945925339531058,33649
202,-273.89,0,0.8170123504685082,15.439671211159574,33805
203,-202.92999999999998,0,0.8161953381180397,26.181815532018554,33964
204,-218.65000000000003,0,0.8153791427799216,15.11587252665633,34126
205,-270.8399999999998,0,0.8145637636371417,19.579951797809564,34291
206,-184.84999999999994,0,0.8137491998735046,18.676568561708027,34450
207,-171.44,0,0.812935450673631,19.791237886756278,34606
208,-378.54999999999995,0,0.8121225152229574,19.207913050597366,34771
209,-224.76999999999992,0,0.8113103927077344,17.092730340483428,34930
210,-186.78999999999988,0,0.8104990823150267,11.791962718803294,35088
211,-216.64999999999992,0,0.8096885832327116,21.406818380160257,35248
212,-342.9299999999999,0,0.8088788946494789,15.268557522330225,35409
213,-213.24999999999991,0,0.8080700157548294,13.50450505309316,35570
214,-222.75999999999993,0,0.8072619457390746,12.37573192822747,35730
215,-188.82999999999998,0,0.8064546837933355,23.99608075703624,35888
216,-246.94999999999993,0,0.8056482291095421,20.840489016738776,36062
217,-350.9499999999998,0,0.8048425808804326,14.573129438863296,36226
218,-243.3199999999997,0,0.8040377382995522,18.262979563964894,36395
219,-272.81999999999994,0,0.8032337005612527,18.205437358867073,36554
220,-184.5399999999999,0,0.8024304668606914,12.666533337324667,36711
221,-166.77999999999977,0,0.8016280363938307,14.671107181577714,36865
222,-275.3299999999998,0,0.8008264083574369,18.664645687881404,37029
223,-318.2499999999999,0,0.8000255819490795,17.63765027965419,37189
224,-132.86999999999978,0,0.7992255563671304,22.997226765853647,37350
225,-288.00000000000017,0,0.7984263308107633,12.372234628612505,37520
226,-210.71999999999997,0,0.7976279044799526,12.763090205126963,37679
227,-254.5499999999999,0,0.7968302765754727,20.612967540018307,37840
228,-175.89999999999992,0,0.7960334462988972,20.881405094602414,37995
229,-209.37,0,0.7952374128525983,15.34552253903821,38155
230,-244.06999999999982,0,0.7944421754397457,13.945153423208998,38316
231,-244.13999999999982,0,0.7936477332643059,13.695585518458186,38485
232,-220.10999999999984,0,0.7928540855310416,20.30474383784458,38645
233,-116.17999999999995,0,0.7920612314455105,14.61096444328626,38795
234,-175.43999999999997,0,0.7912691702140651,17.36097570336782,38951
235,-206.50999999999993,0,0.790477901043851,18.039321649307386,39111
236,-238.37999999999988,0,0.7896874231428072,20.65430915861586,39273
237,-161.2199999999999,0,0.7888977357196644,17.936304622974532,39429
238,-196.05999999999997,0,0.7881088379839447,19.33413249563496,39588
239,-227.30999999999992,0,0.7873207291459607,18.39614272199891,39751
240,-106.87999999999994,0,0.7865334084168147,17.408202280647725,39910
241,-187.1199999999999,0,0.7857468750083979,18.86939522002343,40067
242,-95.82999999999993,0,0.7849611281333895,18.96594619216784,40226
243,-256.21,0,0.784176167005256,21.618712686274836,40390
244,-107.20999999999995,0,0.7833919908382508,16.02660671664001,40548
245,-329.5899999999999,0,0.7826085988474126,22.813914094783044,40711
246,-209.69,0,0.7818259902485653,15.141505239017171,40874
247,-192.31999999999988,0,0.7810441642583167,12.601177603515408,41035
248,-176.30999999999992,0,0.7802631200940584,21.460401122223946,41190
249,-60.66999999999993,0,0.7794828569739644,18.156768343953136,41343
250,-222.29999999999995,0,0.7787033741169904,16.458720518451816,41502
251,-200.2399999999999,0,0.7779246707428734,17.797109755392693,41660
252,-150.74999999999994,0,0.7771467460721305,19.53467068022215,41812
253,-249.94000000000003,0,0.7763695993260584,16.783759327871458,41973
254,-81.20999999999994,0,0.7755932297267324,20.97487384715388,42128
255,-429.9399999999997,0,0.7748176364970056,13.210842234159218,42298
256,-316.27000000000015,0,0.7740428188605086,19.01529607057937,42461
257,-208.7099999999998,0,0.7732687760416481,19.13027266203426,42621
258,-173.44999999999976,0,0.7724955072656065,19.32164306131502,42777
259,-240.87000000000003,0,0.7717230117583408,18.417661733285417,42940
260,-148.08999999999992,0,0.7709512887465825,12.456164186053416,43093
261,-165.39999999999995,0,0.7701803374578359,21.088982055154748,43249
262,-201.55999999999992,0,0.7694101571203781,15.077185364440084,43409
263,-86.15999999999995,0,0.7686407469632577,16.39148238330118,43564
264,-250.7899999999999,0,0.7678721062162944,18.32999181706549,43728
265,-207.7299999999999,0,0.7671042341100781,19.963718759162084,43889
266,-128.98999999999998,0,0.766337129875968,23.405161785615597,44040
267,-175.2,0,0.7655707927460921,22.016311407403414,44206
268,-158.40999999999997,0,0.764805221953346,16.974975993735836,44360
269,-91.56999999999991,0,0.7640404167313927,14.605765656585906,44517
270,-204.80999999999977,0,0.7632763763146613,16.907583400513392,44676
271,-141.9899999999999,0,0.7625130999383466,16.661576972874396,44839
272,-12.129999999999924,0,0.7617505868384082,19.94114187309806,44988
273,-312.03999999999985,0,0.7609888362515699,20.18938158642246,45149
274,-91.62999999999992,0,0.7602278474153183,17.401806429075666,45307
275,-176.61999999999998,0,0.759467619567903,19.289752480852755,45464
276,-185.72,0,0.7587081519483351,21.243975322598065,45620
277,-200.69999999999987,0,0.7579494437963867,16.02285276915667,45779
278,-264.5299999999998,0,0.7571914943525904,18.74804407602007,45944
279,-39.349999999999945,0,0.7564343028582378,20.32985373406239,46097
280,-207.61,0,0.7556778685553796,12.261932231863089,46255
281,-276.4700000000003,0,0.7549221906868242,20.42328146037208,46421
282,-67.86999999999992,0,0.7541672684961374,14.356203225767537,46578
283,-222.65999999999988,0,0.7534131012276413,20.513823121369626,46739
284,-57.60999999999991,0,0.7526596881264136,19.86670568488635,46893
285,-146.9699999999999,0,0.7519070284382872,11.684317833514182,47047
286,-174.81999999999988,0,0.7511551214098489,21.219004601913113,47202
287,-25.72999999999992,0,0.750403966288439,17.26276296347577,47353
288,-58.209999999999944,0,0.7496535623221505,19.788172956943125,47507
289,-347.22999999999973,0,0.7489039087598284,20.49154777468348,47670
290,-178.37999999999994,0,0.7481550048510686,15.494371083875498,47826
291,-138.88999999999996,0,0.7474068498462175,16.32190885656322,47977
292,-136.65999999999994,0,0.7466594429963713,16.193009301137767,48129
293,-96.64999999999998,0,0.745912783553375,14.229529304379547,48277
294,-182.51999999999992,0,0.7451668707698216,13.92100427969347,48435
295,-104.08999999999993,0,0.7444217038990517,16.399903602382672,48594
296,-233.61999999999998,0,0.7436772821951526,20.943708354527235,48757
297,-216.5399999999999,0,0.7429336049129575,19.23199264407158,48917
298,-162.03999999999994,0,0.7421906713080445,10.588462389336947,49073
299,-221.38999999999987,0,0.7414484806367364,17.321226106304675,49233
300,-183.98999999999998,0,0.7407070321560997,17.45237427572661,49391
301,-103.90999999999991,0,0.7399663251239436,21.41355106718601,49548
302,-84.81999999999995,0,0.7392263587988196,12.918889180014405,49706
303,-251.88999999999984,0,0.7384871324400207,17.09117359162113,49868
304,-131.78999999999982,0,0.7377486453075807,18.016928484686364,50030
305,-131.76999999999995,0,0.737010896662273,16.862843990325928,50191
306,-121.65999999999991,0,0.7362738857656108,13.549434484541417,50351
307,-360.17000000000013,0,0.7355376118798452,13.726811006397543,50518
308,-60.620000000000005,0,0.7348020742679654,17.08634122152617,50675
309,-273.7599999999999,0,0.7340672721936974,14.081790967849688,50852
310,-231.7199999999999,0,0.7333332049215037,15.469743385636733,51015
311,-171.31999999999996,0,0.7325998717165821,11.97693329991833,51170
312,-180.6,0,0.7318672718448656,12.695010295637497,51334
313,-106.48999999999995,0,0.7311354045730207,12.375772175972894,51483
314,-11.269999999999918,0,0.7304042691684477,12.893024457395077,51633
315,-220.3999999999998,0,0.7296738648992792,15.749314693361521,51793
316,-102.95999999999992,0,0.7289441910343799,15.206567026581615,51953
317,-242.1899999999998,0,0.7282152468433455,19.203060513525678,52124
318,-9.559999999999931,0,0.7274870315965022,13.954825981243237,52272
319,-129.31999999999994,0,0.7267595445649057,10.468309104736699,52424
320,-179.19999999999993,0,0.7260327850203407,12.761779682112463,52589
321,-186.96999999999986,0,0.7253067522353204,14.336550120741894,52745
322,-166.52999999999992,0,0.724581445483085,12.979569987513315,52901
323,-89.8899999999999,0,0.723856864037602,14.283322293192718,53058
324,-133.74999999999991,0,0.7231330071735643,11.855029915739422,53221
325,-80.65999999999991,0,0.7224098741663908,15.08913558190036,53378
326,-145.14999999999995,0,0.7216874642922244,13.731564913602437,53531
327,-176.95,0,0.7209657768279322,11.564041521183906,53686
328,-122.61999999999986,0,0.7202448110511043,9.82312706714829,53837
329,-155.53999999999996,0,0.7195245662400531,14.65893038844361,53990
330,-239.7599999999999,0,0.7188050416738131,13.418985144591625,54152
331,-113.19999999999993,0,0.7180862366321393,10.593006840813905,54312
332,-181.67999999999995,0,0.7173681503955072,13.10515331495099,54476
333,-179.93999999999983,0,0.7166507822451117,12.185391676618208,54631
334,-169.17999999999992,0,0.7159341314628666,11.491081510885405,54787
335,2.1200000000000188,0,0.7152181973314037,7.884516144158856,54936
336,-107.40999999999993,0,0.7145029791340722,12.752412051524756,55095
337,-169.34999999999988,0,0.7137884761549381,10.766315429048104,55260
338,-45.67,0,0.7130746876787832,10.889350604167895,55412
339,-234.15000000000012,0,0.7123616129911045,7.529472547955811,55572
340,-88.81999999999994,0,0.7116492513781133,10.062701833950486,55729
341,-102.25999999999996,0,0.7109376021267352,8.205335302266684,55888
342,-151.49999999999991,0,0.7102266645246085,11.238695978573183,56052
343,-32.9499999999999,0,0.7095164378600839,8.492985453629336,56203
344,-73.60999999999989,0,0.7088069214222238,13.85233216795229,56358
345,-122.12999999999988,0,0.7080981145008015,10.648014905130339,56517
346,-77.87999999999991,0,0.7073900163863007,10.431781312594048,56673
347,-145.06999999999994,0,0.7066826263699144,12.194145054528207,56838
348,-150.13999999999987,0,0.7059759437435444,9.823170236707513,56991
349,-179.1599999999999,0,0.7052699677998009,8.707861632108688,57150
350,-210.53999999999994,0,0.704564697832001,10.671319881267845,57310
351,-201.96999999999997,0,0.7038601331341691,7.710609242038907,57469
352,-216.32,0,0.7031562730010349,9.660424840543419,57629
353,-115.54999999999995,0,0.7024531167280339,8.474230124751728,57779
354,-49.51999999999991,0,0.7017506636113059,6.958438904456843,57932
355,-117.30999999999993,0,0.7010489129476946,7.114847913285755,58083
356,-155.33999999999995,0,0.7003478640347469,8.013484737122214,58237
357,-239.43999999999994,0,0.6996475161707122,6.454246585698504,58389
358,293.7600000000001,1,0.6989478686545415,5.508390609128975,58551
359,-67.0799999999999,0,0.698248920785887,8.770444148586643,58706
360,-42.009999999999934,0,0.6975506718651011,27.711524977299728,58858
361,-124.34999999999991,0,0.6968531211932361,5.899196314997971,59018
362,-308.75000000000017,0,0.6961562680720428,5.454684246196805,59184
363,-113.67999999999992,0,0.6954601118039707,28.576134577790896,59334
364,-60.569999999999986,0,0.6947646516921667,8.749928146600723,59489
365,-114.20999999999995,0,0.6940698870404746,9.68921722881496,59649
366,-43.769999999999904,0,0.6933758171534341,28.339576166515286,59801
367,-134.20999999999992,0,0.6926824413362807,7.500069284206861,59955
368,-186.10999999999996,0,0.6919897588949444,6.52334758658318,60112
369,-79.96999999999996,0,0.6912977691360495,4.5618401535095705,60267
370,-22.379999999999946,0,0.6906064713669134,7.980326186418534,60417
371,-107.62999999999997,0,0.6899158648955466,6.798371863551438,60577
372,-133.28999999999994,0,0.689225949030651,5.463309784606099,60737
373,-233.25999999999988,0,0.6885367230816204,4.589757172587495,60898
374,-116.97999999999998,0,0.6878481863585387,25.92082008034546,61059
375,-143.1099999999999,0,0.6871603381721801,7.466051107260489,61214
376,387.89000000000004,1,0.686473177834008,6.13470399732943,61349
377,-95.76999999999994,0,0.685786704656174,4.726013244535679,61505
378,-138.98999999999995,0,0.6851009179515178,4.806231900504449,61669
379,-76.88999999999993,0,0.6844158170335664,7.280860549555375,61825
380,-71.08999999999992,0,0.6837314012165328,5.0802754041823475,61979
381,-53.63999999999994,0,0.6830476698153162,7.763845764052483,62134
382,439.46000000000004,1,0.6823646221455009,31.11488512158394,62257
383,-134.70999999999998,0,0.6816822575233553,4.466305937814085,62409
384,-113.05999999999997,0,0.6810005752658319,5.810473729042137,62568
385,-105.53999999999988,0,0.680319574690566,6.493452889443953,62726
386,322.44000000000005,1,0.6796392551158754,6.482941826307996,62887
387,-94.80999999999997,0,0.6789596158607596,43.52491407386912,63046
388,-162.67999999999992,0,0.6782806562448989,9.45068204820883,63210
389,-84.81999999999991,0,0.677602375588654,26.197621937528734,63365
390,-99.01999999999991,0,0.6769247732130653,24.920893711301517,63524
391,-142.28999999999996,0,0.6762478484398523,26.496128387332703,63685
392,-111.59999999999994,0,0.6755716005914124,7.113353531503077,63844
393,-149.49999999999994,0,0.674896028990821,7.687426349791614,64009
394,-95.7799999999999,0,0.6742211329618302,5.490030030347407,64169
395,-182.01999999999995,0,0.6735469118288684,22.566341879085087,64325
396,-87.55999999999992,0,0.6728733649170395,27.15020507308328,64482
397,-8.769999999999918,0,0.6722004915521225,7.513936029984647,64631
398,-57.44999999999993,0,0.6715282910605703,4.3106754794229865,64784
399,-182.01999999999992,0,0.6708567627695098,7.9745077655953205,64941
400,-6.91999999999998,0,0.6701859060067403,8.207546209765447,65089
401,-84.6099999999999,0,0.6695157201007336,4.8851521609303274,65245
402,-199.15999999999997,0,0.6688462043806328,25.912379628495327,65403
403,367.69,1,0.6681773581762521,6.594090998391895,65539
404,-204.51999999999984,0,0.6675091808180759,7.679353308074082,65697
405,-55.81999999999992,0,0.6668416716372578,8.69781106075933,65852
406,-199.6199999999999,0,0.6661748299656206,6.879488811940904,66009
407,-62.61999999999994,0,0.6655086551356549,5.902794296895304,66164
408,413.40000000000003,1,0.6648431464805192,5.5113187084262005,66313
409,-112.08999999999989,0,0.6641783033340387,7.31539223666461,66472
410,-248.45999999999987,0,0.6635141250307047,25.722094176919914,66635
411,-55.01999999999996,0,0.662850610905674,4.156231211680992,66788
412,1.6900000000000475,0,0.6621877602947683,68.90565282428587,66936
413,1.0600000000000165,0,0.6615255725344735,4.859185851909019,67084
414,-75.73999999999995,0,0.660864046961939,28.221513185721292,67241
415,420.05000000000007,1,0.660203182914977,5.676362265486363,67362
416,-145.01999999999984,0,0.6595429797320621,41.24393929206964,67527
417,-49.44999999999994,0,0.6588834367523301,45.31827250123024,67681
418,-107.78999999999994,0,0.6582245533155777,26.478451859630994,67830
419,-98.07999999999993,0,0.6575663287622622,44.61403902667233,67988
420,283.67000000000013,1,0.6569087624334999,7.275887981057167,68146
421,-43.609999999999935,0,0.6562518536710664,43.620299732250885,68297
422,-131.19999999999996,0,0.6555956018173954,79.69279728941619,68457
423,-137.42999999999995,0,0.654940006215578,25.166190979273424,68618
424,-108.99999999999994,0,0.6542850662093624,80.5909552737227,68777
425,-210.25999999999988,0,0.6536307811431531,8.912626758498966,68936
426,-39.86999999999996,0,0.65297715036201,47.17006931424915,69090
427,-54.689999999999905,0,0.6523241732116479,40.9469167792028,69245
428,429.18000000000006,1,0.6516718490384363,25.449467631712764,69387
429,-48.48999999999993,0,0.6510201771893979,23.38705226175146,69540
430,-22.08999999999998,0,0.6503691570122084,63.07042399147488,69691
431,-58.429999999999914,0,0.6497187878551962,24.923372680525627,69846
432,-37.87999999999995,0,0.649069069067341,26.03105722955967,69998
433,327.12000000000006,1,0.6484199999982736,27.96588633727554,70149
434,-137.5599999999999,0,0.6477715799982753,80.57305663745655,70301
435,-11.689999999999948,0,0.647123808418277,26.06500027358532,70451
436,-129.39999999999995,0,0.6464766846098587,63.334892083939756,70603
437,-115.52999999999994,0,0.6458302079252489,5.925279522771078,70754
438,379.8800000000001,1,0.6451843777173236,44.13636289151753,70901
439,342.31000000000006,1,0.6445391933396063,25.617498424691213,71043
440,-87.1399999999999,0,0.6438946541462667,5.378363261811244,71199
441,-82.86999999999995,0,0.6432507594921204,60.686465594964695,71357
442,-142.77999999999994,0,0.6426075087326283,7.24187472444482,71521
443,-173.55999999999992,0,0.6419649012238956,84.41150337782426,71677
444,-87.26999999999995,0,0.6413229363226717,26.18168735997692,71834
445,-57.04999999999993,0,0.640681613386349,25.866183680841345,71987
446,378.7200000000001,1,0.6400409317729626,46.391740195138354,72129
447,-55.38999999999996,0,0.6394008908411897,23.732487449264216,72282
448,-96.82999999999993,0,0.6387614899503485,24.653152514484866,72440
449,-24.819999999999943,0,0.6381227284603982,25.399572766577172,72591
450,-111.17999999999992,0,0.6374846057319378,25.708488072641195,72751
451,390.56000000000006,1,0.6368471211262058,28.150391326962616,72890
452,-118.96999999999989,0,0.6362102740050796,79.5756337467417,73049
453,408.38000000000005,1,0.6355740637310745,53.951339008677905,73168
454,-136.61999999999995,0,0.6349384896673435,40.62249233374685,73329
455,390.77000000000004,1,0.6343035511776761,62.3099776339942,73474
456,432.4200000000001,1,0.6336692476264985,131.5021094413418,73606
457,406.7300000000001,1,0.6330355783788719,28.247924082200317,73742
458,376.0300000000001,1,0.632402542800493,38.845500483820516,73897
459,437.75000000000006,1,0.6317701402576925,25.52813799553354,74039
460,-54.64999999999996,0,0.6311383701174348,75.08310427003866,74193
461,431.75000000000006,1,0.6305072317473174,6.5365035768843045,74330
462,-104.40999999999993,0,0.6298767245155701,23.116958569688133,74488
463,-150.62999999999994,0,0.6292468477910546,58.57651610701315,74643
464,-66.13999999999992,0,0.6286176009432635,131.95215701633884,74798
465,353.62000000000006,1,0.6279889833423202,39.892210783974434,74947
466,-64.46999999999993,0,0.6273609943589779,58.15698508343665,75100
467,-60.17999999999989,0,0.6267336333646188,60.080444061948405,75255
468,458.00000000000006,1,0.6261068997312542,85.49561591699438,75361
469,-163.14999999999992,0,0.6254807928315229,23.252253223549236,75515
470,-23.209999999999965,0,0.6248553120386914,61.41389656086631,75666
471,-103.64999999999992,0,0.6242304567266527,20.647475183389748,75823
472,-33.589999999999904,0,0.623606226269926,129.30387320836385,75973
473,0.9100000000000534,0,0.6229826200436561,24.642612767616907,76123
474,-41.80999999999996,0,0.6223596374236124,96.61898193586813,76275
475,-36.239999999999995,0,0.6217372777861888,132.76340568614634,76427
476,-64.15999999999994,0,0.6211155405084027,74.53224694036669,76582
477,-33.98999999999994,0,0.6204944249678943,70.5111888068679,76734
478,349.74000000000007,1,0.6198739305429264,116.5634649906227,76873
479,-79.82999999999996,0,0.6192540566123834,72.45194844664282,77030
480,389.99000000000007,1,0.6186348025557711,81.9129568565939,77178
481,-118.37999999999994,0,0.6180161677532153,105.60139681233301,77340
482,-90.75999999999996,0,0.6173981515854621,73.18999275240378,77496
483,-65.50999999999996,0,0.6167807534338766,6.658493740135624,77651
484,-155.37999999999988,0,0.6161639726804428,126.14948884523534,77805
485,-37.39999999999992,0,0.6155478087077623,58.15970603559191,77956
486,410.61000000000007,1,0.6149322608990545,83.09303777852504,78095
487,-187.9999999999999,0,0.6143173286381555,37.65748364511569,78252
488,451.69000000000005,1,0.6137030113095173,70.84783607314934,78362
489,488.34000000000003,1,0.6130893082982078,27.75583455091765,78481
490,450.43000000000006,1,0.6124762189899097,26.564285552090613,78626
491,460.49,1,0.6118637427709198,45.17835211134874,78756
492,-56.199999999999946,0,0.6112518790281489,52.9633434323314,78909
493,-41.06999999999994,0,0.6106406271491208,20.532915157903183,79061
494,448.84000000000003,1,0.6100299865219717,88.15086425912958,79185
495,311.3300000000001,1,0.6094199565354498,80.92356455026183,79344
496,370.77000000000004,1,0.6088105365789144,39.21691444070161,79491
497,370.0900000000001,1,0.6082017260423355,71.9718921892345,79643
498,388.47,1,0.6075935243162931,74.05548876932222,79789
499,442.21000000000004,1,0.6069859307919768,72.589752236257,79909
500,-64.04999999999995,0,0.6063789448611848,70.55941580495526,80064
501,394.49000000000007,1,0.6057725659163237,26.86420015486724,80200
502,415.9000000000001,1,0.6051667933504074,35.74626552897531,80348
503,363.6700000000001,1,0.6045616265570569,141.30471214787528,80502
504,389.86000000000007,1,0.6039570649304998,54.636519484071925,80651
505,430.5300000000001,1,0.6033531078655693,100.45914311142582,80783
506,-73.21999999999994,0,0.6027497547577038,108.75774641458396,80940
507,398.53000000000003,1,0.602147005002946,72.46578448601798,81093
508,427.47,1,0.6015448579979431,98.12452910725887,81223
509,410.83000000000004,1,0.6009433131399452,92.21891548387383,81361
510,410.4100000000001,1,0.6003423698268052,76.36736553644432,81497
511,-128.29999999999995,0,0.5997420274569785,62.45305871334135,81658
512,388.6400000000001,1,0.5991422854295215,104.13439694859765,81812
513,442.59,1,0.598543143144092,24.059308310073835,81920
514,415.63,1,0.5979446000009478,73.45364146536969,82061
515,370.7200000000001,1,0.5973466554009469,69.71971569965349,82210
516,390.94000000000005,1,0.596749308745546,110.48916600408225,82355
517,-177.70999999999995,0,0.5961525594368005,94.03330503232203,82511
518,427.00000000000006,1,0.5955564068773637,92.85508091713636,82642
519,-35.56999999999992,0,0.5949608504704863,97.19791064568255,82794
520,-65.16999999999996,0,0.5943658896200158,153.09097214706483,82949
521,-72.39999999999989,0,0.5937715237303958,36.30401582683727,83106
522,-120.86999999999998,0,0.5931777522066654,149.97683948474494,83258
523,-148.3999999999999,0,0.5925845744544587,59.60284282605341,83421
524,4.6000000000000725,0,0.5919919898800042,52.43564330274556,83568
525,458.2900000000001,1,0.5913999978901242,136.56326408947214,83704
526,382.20000000000005,1,0.590808597892234,114.64520427522989,83849
527,463.23,1,0.5902177892943418,76.86227107385999,83946
528,408.48,1,0.5896275715050474,147.60415462637675,84077
529,-98.54999999999995,0,0.5890379439335424,30.496609343860133,84236
530,-34.31999999999992,0,0.5884489059896089,62.74086331196179,84387
531,-56.62999999999992,0,0.5878604570836192,81.91175222299458,84540
532,330.76000000000005,1,0.5872725966265356,77.36521430323587,84689
533,433.77000000000004,1,0.5866853240299091,94.87987856062897,84825
534,-15.729999999999983,0,0.5860986387058792,118.80132679641247,84975
535,481.70000000000005,1,0.5855125400671733,53.04240823214448,85102
536,458.66,1,0.5849270275271061,64.97691720102331,85241
537,-122.18999999999993,0,0.584342100499579,82.19453798271715,85401
538,-6.749999999999929,0,0.5837577583990794,73.68276964624722,85551
539,-112.56999999999994,0,0.5831740006406804,130.57577565218668,85710
540,416.95000000000005,1,0.5825908266400397,52.624371294333386,85840
541,-69.88999999999996,0,0.5820082358133997,31.50244295369288,85997
542,434.18,1,0.5814262275775862,36.24958947751162,86136
543,473.18000000000006,1,0.5808448013500086,51.78595899016249,86238
544,381.34000000000003,1,0.5802639565486586,58.64640981390288,86390
545,-160.3799999999999,0,0.57968369259211,96.27170642797488,86556
546,-6.219999999999963,0,0.5791040088995179,46.30337046570069,86704
547,479.33000000000004,1,0.5785249048906184,112.81242856446733,86798
548,-74.1099999999999,0,0.5779463799857277,160.74643417250726,86953
549,400.55000000000007,1,0.577368433605742,68.89289721119123,87080
550,-102.49999999999994,0,0.5767910651721362,68.41058761598188,87238
551,-79.89999999999995,0,0.576214274106964,194.40275089404523,87394
552,-49.39999999999996,0,0.5756380598328571,90.87666560257635,87549
553,364.0200000000001,1,0.5750624217730242,109.39874514041247,87692
554,398.69000000000005,1,0.5744873593512512,136.81389838538203,87839
555,411.4800000000001,1,0.5739128719918999,103.12356198040976,87983
556,343.21000000000004,1,0.573338959119908,160.23188724151746,88110
557,-43.61999999999993,0,0.572765620160788,122.68534262752847,88262
558,413.97,1,0.5721928545406272,22.215996102662757,88390
559,429.24000000000007,1,0.5716206616860866,110.43650592436163,88519
560,506.30000000000007,1,0.5710490410244006,58.3622076761338,88612
561,480.40000000000003,1,0.5704779919833761,136.3249732233229,88717
562,467.25,1,0.5699075139913927,83.74281796057156,88855
563,432.97,1,0.5693376064774013,112.62584321880016,89002
564,430.79,1,0.5687682688709239,131.17922376231715,89134
565,-71.69999999999992,0,0.5681995006020529,153.2574346073163,89290
566,395.79,1,0.5676313011014509,96.72916036766846,89444
567,469.46000000000004,1,0.5670636698003494,88.0885473262696,89570
568,-84.04999999999991,0,0.5664966061305491,83.83158511190842,89726
569,437.39000000000004,1,0.5659301095244186,73.08798692425093,89846
570,-70.20999999999995,0,0.5653641794148941,84.05383226256217,90001
571,493.64000000000004,1,0.5647988152354793,84.37373877122623,90120
572,505.97,1,0.5642340164202437,45.38807824254036,90202
573,476.88000000000005,1,0.5636697824038235,137.58305767393603,90299
574,-27.90999999999996,0,0.5631061126214196,51.56583376041311,90450
575,378.27000000000004,1,0.5625430065087982,48.02436074220083,90586
576,475.95000000000005,1,0.5619804635022894,68.59316207756076,90700
577,-51.83999999999991,0,0.561418483038787,82.68745439465529,90853
578,404.06000000000006,1,0.5608570645557482,95.93755138454152,90987
579,467.11000000000007,1,0.5602962074911925,51.49783415453775,91078
580,-43.709999999999916,0,0.5597359112837013,99.23761613531546,91232
581,442.90000000000003,1,0.5591761753724176,119.44409579305507,91366
582,461.89000000000004,1,0.5586169991970452,117.74746077335797,91496
583,443.61,1,0.5580583821978482,33.78611629870203,91622
584,448.23,1,0.5575003238156504,93.48874527616661,91741
585,412.7100000000001,1,0.5569428234918348,75.59001448351567,91868
586,431.0400000000001,1,0.5563858806683429,93.18532210350037,92018
587,423.50000000000006,1,0.5558294947876746,139.0235235701173,92136
588,392.50000000000006,1,0.5552736652928869,83.22929412241905,92291
589,-58.98999999999996,0,0.5547183916275941,86.11541641726123,92445
590,317.66,1,0.5541636732359665,114.76180603859588,92606
591,-159.11999999999995,0,0.5536095095627305,72.31066282638689,92770
592,446.25000000000006,1,0.5530559000531677,102.87857423068809,92909
593,434.54,1,0.5525028441531146,87.52201455248925,93042
594,353.4000000000001,1,0.5519503413089615,106.99502490175531,93183
595,-14.259999999999941,0,0.5513983909676525,67.03034739573796,93333
596,469.25000000000006,1,0.5508469925766849,119.83950441468644,93441
597,-64.59999999999994,0,0.5502961455841082,58.81955120409689,93596
598,396.70000000000005,1,0.5497458494385241,50.578683044497424,93723
599,442.09000000000003,1,0.5491961035890855,97.81240629843053,93859
600,472.70000000000005,1,0.5486469074854965,88.39021312859323,93967
601,-30.669999999999916,0,0.548098260578011,85.99298366134529,94118
602,436.79,1,0.547550162317433,85.41433011409309,94262
603,366.96000000000004,1,0.5470026121551156,59.41493798237221,94415
604,425.57000000000005,1,0.5464556095429605,88.87072373225989,94566
605,445.7100000000001,1,0.5459091539334175,86.76496770414147,94714
606,502.72,1,0.5453632447794842,103.99123846732297,94817
607,-28.92,0,0.5448178815347047,105.27300152083896,94968
608,380.68000000000006,1,0.54427306365317,69.140000014854,95107
609,452.32000000000005,1,0.5437287905895168,81.97001269988475,95231
610,410.33000000000004,1,0.5431850617989273,110.26143562386179,95348
611,451.08000000000004,1,0.5426418767371284,82.76769790597206,95485
612,-18.599999999999927,0,0.5420992348603912,70.08513958822161,95634
613,8.500000000000078,0,0.5415571356255309,134.47674491535238,95781
614,483.2600000000001,1,0.5410155784899053,87.36623889015567,95905
615,474.3500000000001,1,0.5404745629114154,80.75572230057283,96026
616,459.42,1,0.539934088348504,84.46146951663879,96150
617,489.67,1,0.5393941542601555,65.50876473895903,96273
618,485.25,1,0.5388547601058953,80.80336196629898,96388
619,317.09000000000003,1,0.5383159053457894,67.97772850263988,96539
620,437.82000000000005,1,0.5377775894404436,89.5596859494845,96659
621,467.6,1,0.5372398118510032,74.75139598170323,96793
622,484.34000000000003,1,0.5367025720391522,95.68077676927942,96910
623,446.30000000000007,1,0.536165869467113,77.97433771509112,97009
624,441.6000000000001,1,0.5356297035976458,74.07710605596795,97145
625,-55.29999999999991,0,0.5350940738940482,57.19103650585298,97300
626,492.3,1,0.5345589798201541,63.487688460847835,97391
627,424.0100000000001,1,0.534024420840334,63.24433464769806,97503
628,415.9800000000001,1,0.5334903964194936,103.77397356447966,97618
629,358.88000000000005,1,0.5329569060230741,58.097312504669716,97763
630,371.3200000000001,1,0.532423949117051,60.25967583881589,97890
631,491.61,1,0.531891525167934,91.64665097606425,97988
632,464.82000000000005,1,0.5313596336427661,55.10211236220746,98109
633,459.34000000000003,1,0.5308282740091232,77.24269530844333,98243
634,478.49,1,0.5302974457351142,65.45847273071607,98363
635,451.36,1,0.5297671482893791,91.48861532003983,98478
636,419.82000000000005,1,0.5292373811410898,83.87345063380705,98595
637,433.57000000000005,1,0.5287081437599487,70.73665926615398,98745
638,-1.4099999999999469,0,0.5281794356161887,58.09804200642818,98893
639,-19.94999999999993,0,0.5276512561805725,45.996208691757,99042
640,2.2500000000000497,0,0.5271236049243919,43.039270665194536,99190
641,456.03000000000003,1,0.5265964813194676,79.8752748918706,99328
642,452.70000000000005,1,0.5260698848381481,59.31991894046465,99448
643,-84.26999999999992,0,0.5255438149533099,76.57865600708203,99604
644,431.95000000000005,1,0.5250182711383566,73.12237418712454,99745
645,451.3,1,0.5244932528672183,76.93783455235618,99878
646,439.02000000000004,1,0.5239687596143511,87.52719317195572,99985
647,441.83000000000004,1,0.5234447908547367,63.2367110376358,100000
648,-2.0499999999999545,0,0.522921346063882,45.651841995700096,100000
649,477.8400000000001,1,0.522398424717818,62.92044887205829,100000
650,379.61000000000007,1,0.5218760262931003,68.54328552627564,100000
651,373.32000000000005,1,0.5213541502668072,54.875399756125915,100000
652,288.39000000000004,1,0.5208327961165404,71.17454384246342,100000
653,477.69000000000005,1,0.5203119633204238,69.30426278321639,100000
654,476.73,1,0.5197916513571034,92.58550547396095,100000
655,-78.60999999999996,0,0.5192718597057463,74.94146059262447,100000
656,484.74,1,0.5187525878460405,50.52833011287909,100000
657,396.0400000000001,1,0.5182338352581944,43.22646536108326,100000
658,403.99000000000007,1,0.5177156014229363,64.47374736635308,100000
659,438.83000000000004,1,0.5171978858215134,90.11991156661321,100000
660,461.2300000000001,1,0.5166806879356919,134.47410028967363,100000
661,417.47,1,0.5161640072477562,80.1642343619012,100000
662,447.16,1,0.5156478432405085,94.53095376090843,100000
663,408.68000000000006,1,0.515132195397268,113.37710653245449,100000
664,432.59000000000003,1,0.5146170632018707,50.29044401352523,100000
665,441.63,1,0.5141024461386688,124.0031561722358,100000
666,443.24000000000007,1,0.5135883436925301,105.32880305862427,100000
667,407.08000000000004,1,0.5130747553488376,154.50362054925216,100000
668,424.24,1,0.5125616805934888,107.90393209670272,100000
669,464.20000000000005,1,0.5120491189128954,117.3099922914505,100000
670,483.0,1,0.5115370697939825,102.50635250476228,100000
671,431.24000000000007,1,0.5110255327241885,104.99594669446458,100000
672,509.33000000000004,1,0.5105145071914643,109.55211883724326,100000
673,432.30000000000007,1,0.5100039926842729,161.9967762222135,100000
674,424.75,1,0.5094939886915886,86.70970576698497,100000
675,512.4100000000001,1,0.508984494702897,86.06998786391044,100000
676,487.1900000000001,1,0.508475510208194,153.7300137346441,100000
677,-71.05999999999992,0,0.5079670346979859,177.26665929517438,100000
678,530.96,1,0.5074590676632879,118.24618005171055,100000
679,441.63000000000005,1,0.5069516085956246,122.21865863635622,100000
680,426.11000000000007,1,0.506444656987029,115.74963093371619,100000
681,490.36,1,0.505938212330042,114.17077789269388,100000
682,420.87000000000006,1,0.505432274117712,135.13638861855463,100000
683,437.62,1,0.5049268418435943,134.01613183643508,100000
684,436.57000000000005,1,0.5044219150017507,209.35916162629164,100000
685,451.84000000000003,1,0.5039174930867489,178.59828722855403,100000
686,449.7300000000001,1,0.5034135755936622,134.50479689314346,100000
687,431.26000000000005,1,0.5029101620180685,206.86529432726272,100000
688,459.25,1,0.5024072518560504,238.95266011090783,100000
689,451.49000000000007,1,0.5019048446041944,216.28964937251547,100000
690,447.35,1,0.5014029397595902,163.4189467129587,100000
691,511.02,1,0.5009015368198305,221.787682844668,100000
692,456.23,1,0.5004006352830107,163.61428186737123,100000
693,389.3500000000001,1,0.4999002346477277,167.22200101914166,100000
694,464.89,1,0.49940033441307996,201.70215347802863,100000
695,454.56000000000006,1,0.49890093407866687,182.4192689313727,100000
696,484.85,1,0.4984020331445882,156.14744559338217,100000
697,439.4200000000001,1,0.4979036311114436,195.67875613131613,100000
698,497.91,1,0.4974057274803321,242.74935045803295,100000
699,508.31000000000006,1,0.49690832175285177,245.76850375599332,100000
700,450.21000000000004,1,0.4964114134310989,200.23589313421093,100000
701,472.47,1,0.4959150020176678,241.73542421124876,100000
702,507.28000000000003,1,0.49541908701565013,202.55060336784442,100000
703,409.03000000000003,1,0.49492366792863446,251.75911624908449,100000
704,492.76,1,0.4944287442607058,118.22746387416241,100000
705,471.4100000000001,1,0.4939343155164451,185.5676863376911,100000
706,408.25,1,0.4934403812009287,214.40010510197394,100000
707,500.08000000000004,1,0.4929469408197278,254.3928798020604,100000
708,376.61000000000007,1,0.49245399387890804,217.715318851068,100000
709,-81.13999999999994,0,0.4919615398850291,262.2441385877438,100000
710,462.2900000000001,1,0.4914695783451441,217.97267642993373,100000
711,385.72,1,0.4909781087667989,293.410894019931,100000
712,438.57,1,0.4904871306580321,256.95821807335835,100000
713,489.0400000000001,1,0.4899966435273741,235.02152071772394,100000
714,496.30000000000007,1,0.4895066468838467,205.36290066824185,100000
715,459.1000000000001,1,0.48901714023696286,293.8489368464671,100000
716,-75.18999999999997,0,0.4885281230967259,216.87724165121713,100000
717,-16.80999999999991,0,0.48803959497362914,340.6318900979907,100000
718,-88.93999999999994,0,0.4875515553786555,172.3347759880597,100000
719,375.6700000000001,1,0.48706400382327686,356.22150740093656,100000
720,-26.96999999999992,0,0.4865769398194536,247.29324155418496,100000
721,-13.079999999999941,0,0.48609036287963414,227.66895551116843,100000
722,396.1500000000001,1,0.48560427251675453,209.44224546419693,100000
723,418.26000000000005,1,0.48511866824423777,311.31189418184584,100000
724,-54.39999999999993,0,0.4846335495759935,351.18760680533074,100000
725,-13.050000000000004,0,0.4841489160264175,336.38908836523694,100000
726,422.4200000000001,1,0.4836647671103911,224.33396429744192,100000
727,-19.54999999999997,0,0.4831811023432807,293.49753406487014,100000
728,-25.43999999999988,0,0.4826979212409374,352.2059919518351,100000
729,-91.94999999999996,0,0.48221522331969646,297.0327991376257,100000
730,-62.13999999999993,0,0.48173300809637676,296.9208236676228,100000
731,362.70000000000005,1,0.48125127508828036,291.34414280951023,100000
732,-66.2599999999999,0,0.48077002381319206,201.26954272793185,100000
733,355.5400000000001,1,0.48028925378937887,192.52254685488614,100000
734,318.4100000000001,1,0.47980896453558947,338.787345988861,100000
735,450.0,1,0.4793291555710539,319.92815721124634,100000
736,387.64000000000004,1,0.47884982641548285,245.80444841570667,100000
737,399.6000000000001,1,0.47837097658906735,225.43427288368957,100000
738,-131.2,0,0.47789260561247826,260.0309291884303,100000
739,137.9199999999999,1,0.4774147130068658,320.5256047221747,100000
740,359.32000000000005,1,0.4769372982938589,311.1858371710166,100000
741,427.72,1,0.47646036099556505,280.59447288513184,100000
742,-187.03999999999985,0,0.47598390063456947,333.77801891407336,100000
743,455.86,1,0.4755079167339349,271.1554501890167,100000
744,419.8700000000001,1,0.47503240881720094,213.56020348771173,100000
745,-76.42999999999996,0,0.47455737640838375,277.5410134914594,100000
746,420.74000000000007,1,0.47408281903197536,363.65006816387177,100000
747,-98.55999999999995,0,0.47360873621294336,298.56950742521406,100000
748,454.86000000000007,1,0.4731351274767304,190.8753503531464,100000
749,-32.529999999999966,0,0.4726619923492537,336.0209448851791,100000
750,349.02000000000004,1,0.47218933035690447,234.45779519975184,100000
751,-109.35,0,0.47171714102654755,253.41274261183855,100000
752,409.93,1,0.471245423885521,201.0036539501614,100000
753,449.26000000000005,1,0.47077417846163544,383.85859495134497,100000
754,325.07000000000005,1,0.4703034042831738,272.5793147653341,100000
755,465.99,1,0.46983310087889063,323.9414287697185,100000
756,395.13000000000005,1,0.46936326777801174,251.78543645351917,100000
757,459.46000000000004,1,0.4688939045102337,198.00117714854255,100000
758,-3.82999999999992,0,0.4684250106057235,249.47403317169855,100000
759,461.07000000000005,1,0.46795658559511777,221.37610335061044,100000
760,422.01,1,0.46748862900952265,241.00805567062065,100000
761,469.0900000000001,1,0.4670211403805131,323.07842946590335,100000
762,427.04,1,0.4665541192401326,229.13830565761876,100000
763,-38.72999999999993,0,0.4660875651208925,290.5696777393615,100000
764,462.64000000000004,1,0.4656214775557716,215.49325942993164,100000
765,460.61,1,0.46515585607821586,249.56634756815518,100000
766,412.2900000000001,1,0.46469070022213765,246.26172060436673,100000
767,476.6,1,0.4642260095219155,369.82487783034645,100000
768,-44.77999999999993,0,0.4637617835123936,223.94637685250012,100000
769,416.70000000000005,1,0.46329802172888124,254.10189569157524,100000
770,379.6700000000001,1,0.46283472370715234,269.4507244044337,100000
771,442.65000000000003,1,0.46237188898344517,274.24814106948185,100000
772,442.6,1,0.4619095170944617,202.18598488827686,100000
773,456.84999999999997,1,0.46144760757736725,183.68926015155006,100000
774,458.55,1,0.46098615996978987,186.8557819033426,100000
775,329.82000000000005,1,0.46052517380982005,269.5111815853483,100000
776,404.52000000000004,1,0.4600646486360102,169.64507152572756,100000
777,400.9800000000001,1,0.4596045839873742,230.55677422218852,100000
778,-19.089999999999957,0,0.45914497940338683,241.5745142374607,100000
779,444.37,1,0.4586858344239834,214.8346252932268,100000
780,447.52000000000004,1,0.45822714858955943,190.91993478003968,100000
781,405.46000000000004,1,0.45776892144096987,174.62207233305458,100000
782,394.57000000000005,1,0.4573111525195289,185.46487631440974,100000
783,411.77000000000004,1,0.4568538413670094,137.88609320870762,100000
784,387.05,1,0.4563969875256424,113.93747362409319,100000
785,418.93000000000006,1,0.45594059053811675,151.29464567547114,100000
786,426.00000000000006,1,0.45548464994757865,106.06803674697876,100000
787,481.34,1,0.45502916529763104,133.53012317021688,100000
788,423.58000000000004,1,0.45457413613233344,156.60200976955798,100000
789,388.3500000000001,1,0.4541195619962011,126.97315351945117,100000
790,366.7800000000001,1,0.4536654424342049,177.9025988088895,100000
791,471.6700000000001,1,0.45321177699177073,130.71970805965486,100000
792,407.47,1,0.452758565214779,109.93964778245801,100000
793,463.10000000000014,1,0.4523058066495642,125.78019436137883,100000
794,445.3500000000001,1,0.45185350084291465,137.77007074917063,100000
795,433.90000000000003,1,0.4514016473420717,98.92264799276988,100000
796,512.41,1,0.45095024569472963,161.60254437446594,100000
797,445.52000000000004,1,0.4504992954490349,121.7054858746736,100000
798,462.05000000000007,1,0.45004879615358584,156.33606920820293,100000
799,446.6,1,0.44959874735743227,150.2957359863831,100000
800,451.13,1,0.4491491486100748,156.43480974977666,100000
801,463.58000000000004,1,0.44869999946146477,150.90875485738118,100000
802,348.7200000000001,1,0.4482512994620033,127.15628117114514,100000
803,515.07,1,0.4478030481625413,147.21714974464254,100000
804,430.94000000000005,1,0.44735524511437874,152.49460453682758,100000
805,418.90000000000003,1,0.4469078898692644,150.04443431246108,100000
806,486.55000000000007,1,0.4464609819793951,131.7044908393513,100000
807,514.79,1,0.44601452099741573,146.39411003390947,100000
808,489.11,1,0.4455685064764183,116.82716988457574,100000
809,482.43000000000006,1,0.4451229379699419,94.08086485655411,100000
810,472.12000000000006,1,0.44467781503197196,123.77528785207997,100000
811,462.11,1,0.44423313721693997,108.33255181507188,100000
812,455.18000000000006,1,0.44378890407972305,113.27343029853625,100000
813,465.32000000000005,1,0.44334511517564335,104.41748266400032,100000
814,-283.7299999999999,0,0.4429017700604677,153.29431499791949,100000
815,485.94000000000005,1,0.44245886829040726,160.14473794973813,100000
816,489.4800000000001,1,0.44201640942211684,84.30207407581914,100000
817,340.07000000000005,1,0.44157439301269474,79.95211625430319,100000
818,427.53000000000003,1,0.44113281861968207,122.0790247644697,100000
819,384.54,1,0.4406916858010624,102.29866023163696,100000
820,404.20000000000005,1,0.4402509941152613,108.50635405712657,100000
821,374.92,1,0.43981074312114604,95.17673041714225,100000
822,481.30000000000007,1,0.4393709323780249,123.07174875519492,100000
823,444.61,1,0.4389315614456469,91.09272551014476,100000
824,469.4200000000001,1,0.43849262988420123,102.36810878968575,100000
825,475.9200000000001,1,0.438054137254317,103.72684329605103,100000
826,-14.079999999999956,0,0.4376160831170627,109.03985280864286,100000
827,439.7100000000001,1,0.43717846703394564,108.97422365317668,100000
828,467.08000000000004,1,0.4367412885669117,98.43860847609383,100000
829,456.1,1,0.4363045472783448,82.7764350762443,100000
830,357.27,1,0.43586824273106645,77.45770173141922,100000
831,439.47,1,0.4354323744883354,100.64805585390901,100000
832,448.2200000000001,1,0.43499694211384704,114.80818273304226,100000
833,0.9600000000000506,0,0.4345619451717332,101.53097164870908,100000
834,-27.549999999999944,0,0.43412738322656147,116.29928533871968,100000
835,-19.679999999999975,0,0.4336932558433349,119.53731185277303,100000
836,-337.7099999999999,0,0.43325956258749154,80.43291900869002,100000
837,462.1600000000001,1,0.43282630302490405,79.86465523583549,100000
838,-33.37999999999994,0,0.43239347672187917,110.38656575790304,100000
839,426.1900000000001,1,0.4319610832451573,73.679197569968,100000
840,486.9200000000001,1,0.43152912216191214,119.74483934044838,100000
841,-65.10999999999997,0,0.4310975930397502,74.94038896560669,100000
842,1.2100000000000364,0,0.43066649544671043,95.93784880315935,100000
843,-42.79999999999995,0,0.4302358289512637,61.05825592969593,100000
844,447.61,1,0.4298055931223125,117.61628510181168,100000
845,-76.05999999999989,0,0.42937578752919014,74.26742271915559,100000
846,31.550000000000068,0,0.4289464117416609,59.951746963632516,100000
847,466.2500000000001,1,0.42851746532991924,83.5620737413988,100000
848,401.33000000000004,1,0.42808894786458934,97.1836209799114,100000
849,467.43000000000006,1,0.42766085891672473,95.60599711633498,100000
850,427.65000000000003,1,0.427233198057808,100.63752497673035,100000
851,412.1900000000001,1,0.4268059648597502,143.09888404252513,100000
852,-72.12999999999994,0,0.4263791588948904,119.54315994621871,100000
853,-38.909999999999954,0,0.42595277973599555,67.80078125315787,100000
854,479.98,1,0.42552682695625954,126.05089618242704,100000
855,444.1,1,0.4251013001293033,122.33725946266334,100000
856,481.24000000000007,1,0.424676198829174,111.68243379379386,100000
857,458.33,1,0.4242515226303448,146.608827335628,100000
858,461.78000000000003,1,0.42382727110771445,132.38128570858524,100000
859,473.62000000000006,1,0.4234034438366067,132.72022006852285,100000
860,-28.79,0,0.4229800403927701,139.25971359922397,100000
861,476.36000000000007,1,0.42255706035237733,106.88036184776121,100000
862,438.88000000000005,1,0.42213450329202495,83.35000735669097,100000
863,463.32000000000005,1,0.4217123687887329,145.99455925542065,100000
864,470.44000000000005,1,0.4212906564199442,106.44665123866154,100000
865,401.87000000000006,1,0.42086936576352424,65.53941333477314,100000
866,401.2900000000001,1,0.4204484963977607,78.31451564399819,100000
867,486.73,1,0.42002804790136294,136.76149228137473,100000
868,455.47,1,0.4196080198534616,114.25949209928513,100000
869,487.21000000000004,1,0.4191884118336081,112.10409177088104,100000
870,467.80000000000007,1,0.41876922342177453,156.75965578829656,100000
871,492.45000000000005,1,0.41835045419835276,165.15880245273397,100000
872,485.62,1,0.4179321037441544,95.76192639392355,100000
873,468.50000000000006,1,0.41751417164041027,77.78469841820854,100000
874,443.94000000000005,1,0.41709665746876984,111.53707114413932,100000
875,495.22,1,0.4166795608113011,151.28911994752428,100000
876,497.8,1,0.41626288125048977,147.16232242666442,100000
877,428.69000000000005,1,0.41584661836923925,136.57307961729705,100000
878,488.96000000000004,1,0.41543077175087,96.49447611215952,100000
879,508.75,1,0.41501534097911913,93.67200429034683,100000
880,453.76000000000005,1,0.41460032563814003,131.97096140585214,100000
881,412.5800000000001,1,0.4141857253125019,130.145016969419,100000
882,508.57000000000005,1,0.41377153958718943,109.72658921460636,100000
883,458.63,1,0.4133577680476022,112.11378151032983,100000
884,488.93,1,0.4129444102795546,141.8673193502426,100000
885,509.71000000000004,1,0.412531465869275,113.74330836735415,100000
886,414.27000000000004,1,0.41211893440340575,162.51862290700277,100000
887,448.1600000000001,1,0.41170681546900234,133.6179532115139,100000
888,488.9200000000001,1,0.41129510865353336,108.25508892026721,100000
889,460.78000000000003,1,0.41088381354487985,161.02278897938905,100000
890,446.11,1,0.410472929731335,133.69657588174158,100000
891,456.75,1,0.41006245680160364,97.2586107716977,100000
892,504.53000000000003,1,0.40965239434480205,172.0555916867166,100000
893,476.06,1,0.40924274195045723,152.90124970963856,100000
894,385.94000000000005,1,0.40883349920850676,143.84858834575599,100000
895,489.32000000000005,1,0.40842466570929825,155.8922744989395,100000
896,6.440000000000062,0,0.40801624104358897,142.39032507909312,100000
897,490.46000000000004,1,0.4076082248025454,138.9987574490634,100000
898,467.23999999999995,1,0.4072006165777428,111.40294207311145,100000
899,460.02000000000004,1,0.4067934159611651,159.99076347781303,100000
900,455.48,1,0.4063866225452039,139.9220916240587,100000
901,-44.86999999999994,0,0.4059802359226587,82.01370348649867,100000
902,433.89000000000004,1,0.40557425568673605,202.67928315664975,100000
903,521.5500000000001,1,0.40516868143104934,119.54345467164345,100000
904,506.77000000000004,1,0.4047635127496183,128.45206777554637,100000
905,488.09000000000003,1,0.4043587492368687,161.2781342950486,100000
906,460.0400000000001,1,0.4039543904876318,101.93658148973508,100000
907,476.4900000000001,1,0.4035504360971442,186.54682560320254,100000
908,484.09000000000003,1,0.40314688566104706,92.55851641347853,100000
909,488.06,1,0.402743738775386,132.6987067893311,100000
910,468.96000000000004,1,0.4023409950366106,146.37373696278482,100000
911,415.1400000000001,1,0.401938654041574,155.80212394903737,100000
912,438.44000000000005,1,0.4015367153875324,129.9851490571195,100000
913,480.8900000000001,1,0.4011351786721449,193.41180690868882,100000
914,-42.53999999999992,0,0.40073404349347275,181.12824432522643,100000
915,474.36,1,0.40033330944997925,78.18579721858359,100000
916,470.71000000000004,1,0.39993297614052925,208.5890888278767,100000
917,449.70000000000005,1,0.3995330431643887,251.99777297836414,100000
918,429.58000000000004,1,0.39913351012122433,147.18475556724212,100000
919,481.37,1,0.3987343766111031,127.14503161231083,100000
920,441.46000000000004,1,0.398335642234492,134.85637978192034,100000
921,476.43000000000006,1,0.3979373065922575,96.50267614154365,100000
922,-25.14999999999995,0,0.39753936928566525,150.1484870689594,100000
923,433.32000000000005,1,0.3971418299163796,98.50646180659533,100000
924,438.33000000000004,1,0.3967446880864632,103.2981787048169,100000
925,406.72,1,0.3963479433983767,151.66972941285246,100000
926,484.0900000000001,1,0.3959515954549783,84.08598782295404,100000
927,424.3800000000001,1,0.39555564385952335,181.10791754722595,100000
928,430.13000000000005,1,0.39516008821566384,168.01180910307264,100000
929,490.70000000000005,1,0.3947649281274482,117.55834005900792,100000
930,431.2100000000001,1,0.3943701631993207,184.76641525493727,100000
931,-233.00000000000006,0,0.3939757930361214,157.51588248021855,100000
932,479.24000000000007,1,0.3935818172430853,153.364832893876,100000
933,497.5900000000001,1,0.3931882354258422,156.93908514627597,100000
934,458.5400000000001,1,0.39279504719041636,136.16296868061457,100000
935,-64.68999999999994,0,0.39240225214322594,190.21685167699079,100000
936,441.78000000000003,1,0.39200984989108273,103.19990726560354,100000
937,471.5400000000001,1,0.39161784004119166,163.04371575153235,100000
938,436.69000000000005,1,0.39122622220115044,137.8040983200073,100000
939,404.11000000000007,1,0.3908349959789493,138.34389009669022,100000
940,-55.29999999999993,0,0.3904441609829703,136.4074324938207,100000
941,-73.43999999999994,0,0.3900537168219873,165.78264636933048,100000
942,428.56000000000006,1,0.3896636631051653,93.29008692545248,100000
943,414.2300000000001,1,0.38927399944206015,105.25713171170453,100000
944,478.87,1,0.3888847254426181,164.53300285339355,100000
945,445.24000000000007,1,0.38849584071717547,129.50720861489825,100000
946,506.0300000000001,1,0.3881073448764583,82.18607279106423,100000
947,459.29,1,0.3877192375315819,183.1901034445598,100000
948,461.44000000000005,1,0.3873315182940503,157.36539382122933,100000
949,422.58000000000004,1,0.38694418677575626,147.19599320491156,100000
950,491.6200000000001,1,0.3865572425889805,114.75415517886479,100000
951,434.05000000000007,1,0.38617068534639154,127.44112934126998,100000
952,501.6,1,0.38578451466104513,198.28913929285827,100000
953,410.56000000000006,1,0.3853987301463841,164.51205424724085,100000
954,508.3500000000001,1,0.3850133314162377,147.80715367600723,100000
955,482.46000000000004,1,0.3846283180848215,138.70309623363798,100000
956,466.28000000000003,1,0.3842436897667367,209.27561118499094,100000
957,425.56000000000006,1,0.3838594460769699,124.99910758972167,100000
958,-132.89999999999995,0,0.38347558663089293,148.53223158348175,100000
959,470.33000000000004,1,0.38309211104426205,110.22253643141852,100000
960,492.50000000000006,1,0.3827090189332178,100.83799703544545,100000
961,489.07000000000005,1,0.38232630991428457,148.03035090420698,100000
962,469.05000000000007,1,0.38194398360437026,138.30131073091545,100000
963,472.87000000000006,1,0.3815620396207659,155.42504753585624,100000
964,410.2200000000001,1,0.38118047758114515,154.82564384753888,100000
965,453.79,1,0.380799297103564,160.46388330913726,100000
966,492.20000000000005,1,0.3804184978064605,175.66161005930468,100000
967,488.80000000000007,1,0.380038079308654,140.9591618228603,100000
968,500.79,1,0.3796580412293454,176.54926888553464,100000
969,453.96000000000004,1,0.379278383188116,120.54912473989087,100000
970,374.65000000000003,1,0.3788991048049279,157.8933845206395,100000
971,461.5200000000001,1,0.37852020570012296,95.13314649896714,100000
972,470.77000000000004,1,0.37814168549442284,106.47065853681721,100000
973,460.67,1,0.3777635438089284,175.51958530155693,100000
974,503.97,1,0.3773857802651195,220.32516377836794,100000
975,520.7,1,0.37700839448485435,83.48121869223458,100000
976,445.4000000000001,1,0.3766313860903695,93.77657604592991,100000
977,500.44000000000005,1,0.37625475470427916,92.25724966065926,100000
978,396.52000000000004,1,0.3758784999495749,159.67751915626278,100000
979,491.7300000000001,1,0.3755026214496253,122.51012674733704,100000
980,424.76000000000005,1,0.3751271188281757,90.15644627809525,100000
981,519.26,1,0.3747519917093475,190.9470395296812,100000
982,525.51,1,0.37437723971763814,165.69886136596853,100000
983,-218.94000000000005,0,0.37400286247792053,92.90309850374858,100000
984,471.2600000000001,1,0.3736288596154426,149.4064439679637,100000
985,501.24,1,0.37325523075582717,149.8122683125313,100000
986,481.46000000000004,1,0.37288197552507135,134.51359135949093,100000
987,434.39000000000004,1,0.37250909354954626,137.75147925217945,100000
988,439.02000000000004,1,0.37213658445599673,124.59250160601499,100000
989,502.79,1,0.3717644478715407,85.55779419824916,100000
990,502.97,1,0.3713926834236692,168.88325743342554,100000
991,456.25000000000006,1,0.37102129074024554,133.48962925747037,100000
992,489.08000000000004,1,0.3706502694495053,113.08928641733134,100000
993,445.25000000000006,1,0.3702796191800558,80.19078961243996,100000
994,442.26000000000005,1,0.36990933956087574,97.15320628839773,100000
995,434.2200000000001,1,0.36953943022131486,143.13437565167746,100000
996,492.6000000000001,1,0.3691698907910935,131.15902019457053,100000
997,493.08000000000004,1,0.3688007209003024,132.0644071650716,100000
998,472.8500000000001,1,0.36843192017940213,146.48716824933103,100000
999,-27.569999999999933,0,0.36806348825922275,122.13237110352674,100000
1000,462.44,1,0.3676954247709635,128.05416680204456,100000
1001,459.77000000000004,1,0.36732772934619257,191.08491584232874,100000
1002,367.65999999999997,1,0.3669604016168464,114.08997066267605,100000
1003,434.67,1,0.3665934412152296,201.95115025370728,100000
1004,469.38000000000005,1,0.3662268477740143,123.65399242347141,100000
1005,527.6600000000001,1,0.36586062092624033,74.89470062255859,100000
1006,537.5400000000001,1,0.3654947603053141,152.83614125812755,100000
1007,548.6600000000001,1,0.36512926554500874,155.5545628786087,100000
1008,465.66,1,0.36476413627946375,119.2906444747493,100000
1009,504.6400000000001,1,0.3643993721431843,94.04648706536544,100000
1010,491.2300000000001,1,0.36403497277104113,133.70382180037322,100000
1011,501.2900000000001,1,0.3636709377982701,89.26819841748193,100000
1012,512.96,1,0.3633072668604718,127.41298233469327,100000
1013,489.77000000000004,1,0.36294395959361136,115.18463401181982,100000
1014,487.0300000000001,1,0.36258101563401773,120.08148714760753,100000
1015,518.19,1,0.3622184346183837,96.3070838529985,100000
1016,509.06000000000006,1,0.36185621618376534,115.97898506641388,100000
1017,462.06000000000006,1,0.36149435996758156,67.1754403072491,100000
1018,485.35,1,0.361132865607614,101.76612981314798,100000
1019,447.21000000000004,1,0.36077173274200636,118.47890909512837,100000
1020,464.02000000000004,1,0.36041096100926434,91.60246341803978,100000
1021,522.1,1,0.3600505500482551,152.7633221031707,100000
1022,493.7600000000001,1,0.35969049949820686,153.6567895511786,100000
1023,517.4100000000001,1,0.3593308089987087,54.95803431669871,100000
1024,469.19000000000005,1,0.35897147818971,101.77104193624788,100000
1025,444.15000000000003,1,0.3586125067115203,97.02318925154013,100000
1026,500.1600000000001,1,0.35825389420480874,146.71000080413006,100000
1027,471.96000000000004,1,0.35789564031060395,76.91487886444214,100000
1028,508.75000000000006,1,0.35753774467029337,140.96734907752588,100000
1029,481.81000000000006,1,0.3571802069256231,96.79015145594613,100000
1030,491.58000000000004,1,0.3568230267186975,129.82953211801862,100000
1031,530.44,1,0.3564662036919788,110.31669796666792,100000
1032,479.7300000000001,1,0.35610973748828684,117.21048604772332,100000
1033,454.35,1,0.35575362775079855,139.295402065156,100000
1034,527.48,1,0.35539787412304774,123.02379188703937,100000
1035,492.39000000000004,1,0.3550424762489247,128.2298193334419,100000
1036,423.06000000000006,1,0.3546874337726758,94.22866487696888,100000
1037,503.73,1,0.35433274633890316,122.89394519879268,100000
1038,524.85,1,0.35397841359256427,123.00781147164035,100000
1039,528.0600000000001,1,0.3536244351789717,92.2518788348423,100000
1040,471.00000000000006,1,0.35327081074379274,151.83492172075356,100000
1041,477.42,1,0.352917539933049,127.59903497298559,100000
1042,502.87,1,0.3525646223931159,149.1867682064805,100000
1043,534.0200000000001,1,0.3522120577707228,121.9650257875522,100000
1044,476.75,1,0.3518598457129521,80.77633844434688,100000
1045,495.6600000000002,1,0.35150798586723914,78.09162249150484,100000
1046,468.30000000000007,1,0.3511564778813719,138.72655523048257,100000
1047,506.39000000000016,1,0.3508053214034905,104.99065994984895,100000
1048,492.13000000000005,1,0.35045451608208705,95.0743026587428,100000
1049,516.45,1,0.350104061566005,114.15413431794036,100000
1050,472.5100000000001,1,0.349753957504439,104.07215405487624,100000
1051,480.6000000000001,1,0.3494042035469346,134.4407596804879,100000
1052,513.44,1,0.3490547993433876,107.93562892965369,100000
1053,496.96000000000004,1,0.34870574454404424,99.25134851855617,100000
1054,472.61000000000007,1,0.3483570387995002,58.03247441033848,100000
1055,457.75,1,0.3480086817607007,148.92574302049783,100000
1056,456.89000000000004,1,0.34766067307894,146.29869231935274,100000
1057,491.57000000000005,1,0.34731301240586104,141.541131105112,100000
1058,473.44000000000005,1,0.3469656993934552,141.15926546785568,100000
1059,501.00000000000006,1,0.3466187336940617,146.3415532708168,100000
1060,470.01,1,0.34627211496036764,58.69847325666235,100000
1061,516.6100000000001,1,0.3459258428454073,77.75222175055687,100000
1062,517.08,1,0.34557991700256185,119.95224115313316,100000
1063,519.22,1,0.3452343370855593,187.16806245843568,100000
1064,534.3,1,0.34488910274847373,108.89196468144655,100000
1065,500.37000000000006,1,0.34454421364572524,106.55282995334038,100000
1066,525.69,1,0.3441996694320795,119.4459024680558,100000
1067,510.63000000000005,1,0.34385546976264747,77.0312728908929,100000
1068,488.08000000000004,1,0.34351161429288485,151.94591580652724,100000
1069,478.8500000000001,1,0.34316810267859194,95.43206455572596,100000
1070,480.84000000000003,1,0.34282493457591334,81.30359555895512,100000
1071,493.95000000000005,1,0.3424821096413374,129.90070925667172,100000
1072,465.77000000000004,1,0.3421396275316961,117.81574470587451,100000
1073,527.6600000000001,1,0.34179748790416437,146.6345360636711,100000
1074,518.5500000000001,1,0.3414556904162602,106.37568866972829,100000
1075,523.89,1,0.34111423472584396,154.3281419724226,100000
1076,481.49,1,0.34077312049111813,64.73602682409934,100000
1077,480.15000000000003,1,0.340432347370627,86.00709683267694,100000
1078,503.4200000000001,1,0.34009191502325636,137.1638902936663,100000
1079,508.91,1,0.3397518231082331,120.09908908291867,100000
1080,498.31,1,0.33941207128512485,80.19611320776097,100000
1081,547.83,1,0.3390726592138397,85.7551324678504,100000
1082,464.11,1,0.3387335865546259,169.18178282654475,100000
1083,498.36,1,0.33839485296807126,141.7861651473575,100000
1084,412.13000000000005,1,0.3380564581151032,135.18432616320524,100000
1085,475.94000000000005,1,0.33771840165698813,137.70128836424453,100000
1086,521.2,1,0.33738068325533116,152.30979299003428,100000
1087,511.89000000000004,1,0.3370433025720758,178.55015916228294,100000
1088,502.22,1,0.33670625926950376,141.97122811533742,100000
1089,506.76000000000005,1,0.33636955301023425,107.46188785440178,100000
1090,515.3100000000001,1,0.336033183457224,42.22461806254441,100000
1091,504.1,1,0.3356971502737668,108.01154934300317,100000
1092,476.70000000000005,1,0.335361453123493,134.52678674459457,100000
1093,511.87000000000006,1,0.3350260916703695,179.00513458251953,100000
1094,473.42,1,0.33469106557869915,109.1799425087618,100000
1095,516.97,1,0.33435637451312045,170.54699988024575,100000
1096,500.4200000000001,1,0.3340220181386073,86.84437900239772,100000
1097,534.4100000000001,1,0.33368799612046873,158.4407317496058,100000
1098,515.4300000000001,1,0.33335430812434824,159.13937564643032,100000
1099,507.80000000000007,1,0.3330209538162239,98.66216974468021,100000
1100,502.16,1,0.33268793286240766,162.49604138915922,100000
1101,523.46,1,0.33235524492954527,55.19498950936074,100000
1102,518.4200000000001,1,0.33202288968461574,92.23004284689698,100000
1103,513.37,1,0.33169086679493115,100.02363109886646,100000
1104,512.47,1,0.33135917592813624,102.31410944854821,100000
1105,509.6500000000001,1,0.3310278167522081,121.95766209333371,100000
1106,542.97,1,0.3306967889354559,145.73699776331583,100000
1107,502.69000000000005,1,0.33036609214652046,107.07838788697886,100000
1108,503.84000000000003,1,0.3300357260543739,142.51172571935152,100000
1109,488.37000000000006,1,0.32970569032831953,206.82245404315444,100000
1110,462.7900000000001,1,0.3293759846379912,87.68046816857922,100000
1111,516.52,1,0.3290466086533532,196.63961250531045,100000
1112,515.17,1,0.3287175620446999,82.38201637470976,100000
1113,509.57,1,0.32838884448265515,73.15573218107224,100000
1114,484.57000000000005,1,0.3280604556381725,140.0894826412201,100000
1115,506.40000000000003,1,0.32773239518253433,107.75125230230937,100000
1116,506.21000000000004,1,0.3274046627873518,148.98145076140617,100000
1117,513.34,1,0.32707725812456445,112.5475918451945,100000
1118,508.6,1,0.32675018086643987,137.65625738876838,100000
1119,505.11000000000007,1,0.32642343068557345,105.46207710958663,100000
1120,527.7300000000001,1,0.3260970072548879,129.2223400440845,100000
1121,513.44,1,0.325770910247633,153.63123621811738,100000
1122,499.27000000000004,1,0.32544513933738534,164.4521791291237,100000
1123,501.31000000000006,1,0.3251196941980479,173.2178848969816,100000
1124,504.33000000000004,1,0.32479457450384985,155.51215775405305,100000
1125,518.99,1,0.324469779929346,154.83740684119138,100000
1126,504.71000000000004,1,0.32414531014941667,49.878546526034675,100000
1127,513.32,1,0.32382116483926726,86.16726393401623,100000
1128,472.7200000000001,1,0.323497343674428,124.82494711044222,100000
1129,524.0000000000001,1,0.3231738463307536,108.67379866672468,100000
1130,541.24,1,0.32285067248442284,97.14027470621195,100000
1131,515.6500000000001,1,0.3225278218119384,58.13811164304435,100000
1132,440.49,1,0.3222052939901265,170.7729312713657,100000
1133,512.34,1,0.32188308869613635,69.7036345199097,100000
1134,503.8,1,0.3215612056074402,70.34370082504344,100000
1135,480.08000000000004,1,0.3212396444018328,74.50039258057421,100000
1136,490.1000000000001,1,0.32091840475743094,124.10802686841865,100000
1137,529.28,1,0.3205974863526735,162.22932308443475,100000
1138,509.68000000000006,1,0.32027688886632083,74.40970570620368,100000
1139,504.49,1,0.3199566119774545,137.16989361649692,100000
1140,529.09,1,0.31963665536547703,260.94512130532945,100000
1141,515.97,1,0.31931701871011153,129.4670336917766,100000
1142,500.20000000000005,1,0.3189977016914014,74.62781900104723,100000
1143,505.25,1,0.31867870398971,169.95658246370462,100000
1144,535.1600000000001,1,0.31836002528572027,164.16064438871715,100000
1145,512.84,1,0.31804166526043454,164.01916362643243,100000
1146,507.5,1,0.3177236235951741,119.92201021257436,100000
1147,502.61,1,0.3174058999715789,119.28977211143659,100000
1148,496.05000000000007,1,0.31708849407160733,170.07997492135289,100000
1149,527.9300000000001,1,0.31677140557753575,77.18552893698215,100000
1150,500.0400000000001,1,0.31645463417195824,182.07346250897362,100000
1151,520.85,1,0.3161381795377863,196.8238348337737,100000
1152,501.25000000000006,1,0.3158220413582485,154.5860972073999,100000
1153,525.6600000000001,1,0.3155062193168902,72.88604778992503,100000
1154,516.3100000000001,1,0.31519071309757335,121.85991020860344,100000
1155,500.96000000000004,1,0.3148755223844758,146.8907308274127,100000
1156,512.75,1,0.31456064686209134,113.76785524336846,100000
1157,478.85,1,0.31424608621522926,113.34602109193801,100000
1158,524.5300000000001,1,0.31393184012901404,47.14661862362515,100000
1159,532.8100000000001,1,0.31361790828888503,95.67297847270966,100000
1160,501.75000000000006,1,0.31330429038059615,119.97302011821581,100000
1161,526.0600000000001,1,0.31299098609021553,66.81926597036967,100000
1162,512.98,1,0.3126779951041253,130.54624794865703,100000
1163,534.34,1,0.31236531710902116,234.3681757058183,100000
1164,545.96,1,0.3120529517919121,158.82052534902598,100000
1165,503.51,1,0.3117408988401202,126.4353420634136,100000
1166,520.5500000000002,1,0.31142915794128007,90.70865328900226,100000
1167,493.56000000000006,1,0.31111772878333877,91.12067227840424,100000
1168,513.0400000000001,1,0.3108066110545554,215.51969519257545,100000
1169,490.08000000000004,1,0.3104958044435009,138.5485690738378,100000
1170,511.09000000000003,1,0.3101853086390574,188.3009994478636,100000
1171,525.25,1,0.30987512333041833,168.22986309365794,100000
1172,517.35,1,0.3095652482070879,87.75901171663305,100000
1173,523.07,1,0.30925568295888084,136.25000048875808,100000
1174,507.69000000000005,1,0.308946427275922,178.36814488089362,100000
1175,537.83,1,0.30863748084864606,103.04651663303375,100000
1176,492.7600000000001,1,0.3083288433677974,130.2211232802447,100000
1177,540.3700000000001,1,0.30802051452442963,193.07529007614434,100000
1178,499.45000000000005,1,0.3077124940099052,113.48397555070765,100000
1179,538.1700000000001,1,0.3074047815158953,52.48313906675653,100000
1180,527.5500000000001,1,0.30709737673437937,175.64612705866494,100000
1181,515.21,1,0.30679027935764497,189.02697861701884,100000
1182,508.02000000000004,1,0.3064834890782873,121.53972171999744,100000
1183,521.69,1,0.306177005589209,120.56367113373496,100000
1184,505.72,1,0.3058708285836198,226.32601744333903,100000
1185,512.3700000000001,1,0.30556495775503617,69.22403909265995,100000
1186,513.32,1,0.30525939279728115,87.58948393444439,100000
1187,511.15000000000003,1,0.30495413340448385,81.91542802060523,100000
1188,490.2300000000001,1,0.3046491792710794,115.82201422266213,100000
1189,549.73,1,0.3043445300918083,95.05395475805622,100000
1190,521.97,1,0.30404018556171647,53.45753822944783,100000
1191,521.0300000000001,1,0.30373614537615473,225.81279990267245,100000
1192,499.88,1,0.3034324092307786,90.63303897487984,100000
1193,495.43000000000006,1,0.3031289768215478,93.1612048935383,100000
1194,534.94,1,0.30282584784472627,156.00188828737308,100000
1195,512.66,1,0.3025230219968815,99.63672661145529,100000
1196,511.51,1,0.3022204989748846,117.92207396671336,100000
1197,532.1500000000001,1,0.30191827847590974,137.63768831888834,100000
1198,506.0400000000001,1,0.3016163601974338,223.53593946957005,100000
1199,542.3100000000001,1,0.3013147438372364,171.02901426633198,100000
1200,527.46,1,0.3010134290933992,61.24642213278039,100000
1201,522.32,1,0.3007124156643058,90.69209535769474,100000
1202,522.98,1,0.30041170324864147,138.9644627265028,100000
1203,488.21000000000004,1,0.30011129154539284,38.623722105923264,100000
1204,515.3100000000001,1,0.29981118025384745,118.29971295666982,100000
1205,535.85,1,0.2995113690735936,199.30296033692647,100000
1206,514.99,1,0.29921185770452,89.14457420735133,100000
1207,529.5600000000001,1,0.2989126458468155,125.72282076187624,100000
1208,516.8700000000001,1,0.2986137332009687,104.03956739402112,100000
1209,506.84999999999997,1,0.29831511946776773,100.12358825315128,100000
1210,485.09000000000003,1,0.29801680434829997,168.00889685539283,100000
1211,545.95,1,0.29771878754395165,97.15858586909066,100000
1212,501.19000000000005,1,0.29742106875640767,115.17708160638809,100000
1213,544.1400000000001,1,0.29712364768765126,74.25449874793013,100000
1214,549.35,1,0.2968265240399636,72.83906013384843,100000
1215,533.5100000000001,1,0.2965296975159237,119.2368689646592,100000
1216,514.98,1,0.29623316781840775,138.84181202092068,100000
1217,513.2700000000001,1,0.29593693465058934,93.39722748496864,100000
1218,544.5699999999999,1,0.29564099771593877,126.32290174209908,100000
1219,503.50000000000006,1,0.2953453567182228,104.62231084456046,100000
1220,533.57,1,0.2950500113615046,135.18951982750613,100000
1221,527.2,1,0.2947549613501431,119.71070700515935,100000
1222,531.5200000000001,1,0.294460206388793,132.34535801992183,100000
1223,540.87,1,0.2941657461824042,70.69255548947817,100000
1224,530.03,1,0.2938715804362218,91.68582800456456,100000
1225,543.7800000000001,1,0.2935777088557856,98.69333711153344,100000
1226,507.8800000000001,1,0.2932841311469298,41.23476904434162,100000
1227,486.79999999999995,1,0.2929908470157829,62.43349131287598,100000
1228,506.99000000000007,1,0.2926978561687671,89.10300363891426,100000
1229,553.1300000000001,1,0.29240515831259833,40.30507603590039,100000
1230,544.22,1,0.29211275315428575,113.51483971861344,100000
1231,511.6700000000001,1,0.2918206404011315,119.19846647498251,100000
1232,518.03,1,0.29152881976073036,90.50768770426512,100000
1233,519.0600000000001,1,0.2912372909409696,93.78525581094954,100000
1234,495.76000000000005,1,0.2909460536500286,136.37548716475325,100000
1235,511.1,1,0.2906551075963786,121.85213539367768,100000
1236,491.40000000000003,1,0.2903644524887822,196.84842044691885,100000
1237,538.74,1,0.2900740880362934,69.04911961736558,100000
1238,510.99,1,0.28978401394825715,137.03487391131264,100000
1239,475.6600000000001,1,0.2894942299343089,62.685182950496674,100000
1240,523.59,1,0.2892047357043746,88.22175217100552,100000
1241,512.96,1,0.28891553096867023,163.68701465410345,100000
1242,557.1500000000001,1,0.2886266154377016,119.79532975128718,100000
1243,525.76,1,0.28833798882226386,104.25734108144587,100000
1244,534.37,1,0.2880496508334416,94.32306384550382,100000
1245,512.83,1,0.28776160118260813,94.80331272981604,100000
1246,518.3000000000001,1,0.2874738395814255,75.15313680715198,100000
1247,507.20000000000005,1,0.2871863657418441,56.93859362325003,100000
1248,529.26,1,0.28689917937610226,83.01915786816524,100000
1249,486.45000000000005,1,0.2866122801967262,111.6174000631208,100000
1250,554.48,1,0.28632566791652947,178.83249812339668,100000
1251,535.4300000000001,1,0.28603934224861294,67.95607981911625,100000
1252,535.98,1,0.2857533029063643,157.3842690799428,100000
1253,520.7900000000001,1,0.28546754960345794,61.967902503230356,100000
1254,524.34,1,0.2851820820538545,107.33512274340579,100000
1255,518.46,1,0.2848968999718006,62.904129944490585,100000
1256,540.0900000000001,1,0.2846120030718288,141.04409340490778,100000
1257,526.24,1,0.284327391068757,84.52633721944763,100000
1258,542.28,1,0.2840430636776882,67.62760925803866,100000
1259,517.6100000000001,1,0.28375902061401054,113.49861810363342,100000
1260,510.04,1,0.28347526159339653,120.66490478542718,100000
1261,542.08,1,0.28319178633180314,94.38809897899628,100000
1262,519.1800000000001,1,0.28290859454547135,92.48229040073443,100000
1263,500.54,1,0.28262568595092585,110.49849647464174,100000
1264,529.69,1,0.2823430602649749,83.09835916604752,100000
1265,510.64000000000004,1,0.28206071720470993,75.97261260273636,100000
1266,544.1000000000001,1,0.2817786564875052,33.93927523044691,100000
1267,514.25,1,0.28149687783101773,56.88575505808498,100000
1268,543.69,1,0.2812153809531867,171.8735489196415,100000
1269,518.21,1,0.28093416557223355,62.84552057650354,100000
1270,539.1800000000001,1,0.2806532314066613,126.33339260650587,100000
1271,543.98,1,0.2803725781752547,139.98645920296238,100000
1272,532.32,1,0.2800922055970794,145.78021165688833,100000
1273,490.9200000000001,1,0.2798121133914823,130.9608129539141,100000
1274,499.33000000000004,1,0.2795323012780908,157.30890512125833,100000
1275,556.58,1,0.2792527689768127,140.46846098166245,100000
1276,487.62,1,0.2789735162078359,104.97292134919009,100000
1277,519.1500000000001,1,0.2786945426916281,94.83591065307458,100000
1278,492.4800000000001,1,0.27841584814893644,99.38482117514278,100000
1279,523.3499999999999,1,0.2781374323007875,102.53599100311597,100000
1280,528.1600000000001,1,0.27785929486848676,59.20277363881469,100000
1281,504.07000000000005,1,0.27758143557361825,129.97362187410656,100000
1282,522.44,1,0.27730385413804465,130.86164859196415,100000
1283,494.40000000000003,1,0.2770265502839066,106.49938684205215,100000
1284,552.69,1,0.2767495237336227,70.6360595157181,100000
1285,499.07,1,0.2764727742098891,96.58795838416377,100000
1286,524.1700000000001,1,0.2761963014356792,32.64103248999233,100000
1287,538.83,1,0.27592010513424353,65.70556022849264,100000
1288,542.53,1,0.2756441850291093,112.30947361713233,100000
1289,513.95,1,0.2753685408440802,89.14749066883259,100000
1290,518.5400000000001,1,0.2750931723032361,79.17229876170556,100000
1291,526.8200000000002,1,0.27481807913093287,41.31866563838205,100000
1292,543.0600000000001,1,0.27454326105180193,74.08547543673902,100000
1293,535.0000000000001,1,0.2742687177907501,84.28535971274742,100000
1294,540.74,1,0.2739944490729594,87.28491947596723,100000
1295,534.75,1,0.27372045462388644,70.26600532455647,100000
1296,522.3100000000001,1,0.2734467341692626,68.01796341896058,100000
1297,538.57,1,0.27317328743509334,63.835051999816415,100000
1298,526.1,1,0.27290011414765825,146.90907760237303,100000
1299,509.3,1,0.2726272140335106,95.09119320679933,100000
1300,540.0,1,0.27235458681947705,130.71547332074908,100000
1301,531.74,1,0.2720822322326576,113.23446460758767,100000
1302,547.48,1,0.2718101500004249,38.368863774836065,100000
1303,513.33,1,0.27153833985042447,89.81824010400211,100000
1304,535.8300000000002,1,0.27126680151057403,83.59826628558606,100000
1305,539.3,1,0.27099553470906346,82.18036572389965,100000
1306,520.4100000000001,1,0.2707245391743544,77.05588737596949,100000
1307,538.2900000000001,1,0.27045381463518003,86.17933575365994,100000
1308,551.72,1,0.27018336082054484,114.68104715880595,100000
1309,518.09,1,0.2699131774597243,16.860195479673497,100000
1310,540.5,1,0.2696432642822646,108.50366193133515,100000
1311,510.0300000000001,1,0.26937362101798235,76.0524833550614,100000
1312,506.58000000000004,1,0.26910424739696437,54.40861574955928,100000
1313,535.7400000000001,1,0.2688351431495674,123.87367834072364,100000
1314,540.48,1,0.26856630800641784,82.59385437779612,100000
1315,544.5400000000001,1,0.2682977416984114,45.65881295890024,100000
1316,526.5,1,0.268029443956713,53.86174619633977,100000
1317,544.02,1,0.2677614145127563,74.85635184365161,100000
1318,511.53000000000003,1,0.2674936530982436,92.06996024888137,100000
1319,519.4000000000001,1,0.26722615944514533,52.77049555808683,100000
1320,511.35,1,0.2669589332857002,39.55688553964588,100000
1321,543.77,1,0.2666919743524145,108.43630612223116,100000
1322,529.73,1,0.26642528237806207,174.77218378507175,100000
1323,536.83,1,0.266158857095684,86.9767321896279,100000
1324,519.28,1,0.2658926982385883,57.03036424630805,100000
1325,554.62,1,0.26562680554034973,75.17811337691634,100000
1326,549.5100000000001,1,0.26536117873480936,23.335487489516918,100000
1327,530.76,1,0.26509581755607453,39.176536354579426,100000
1328,550.84,1,0.26483072173851846,34.81311706806484,100000
1329,493.86,1,0.26456589101677996,132.23571408504532,100000
1330,543.2,1,0.2643013251257632,53.34283623099327,100000
1331,546.2300000000001,1,0.2640370238006374,134.36198979180034,100000
1332,550.23,1,0.2637729867768368,65.52072902826163,100000
1333,546.1,1,0.26350921379006,77.86940614942094,100000
1334,540.59,1,0.26324570457626995,75.4340896172957,100000
1335,546.45,1,0.2629824588716937,61.3440083090852,100000
1336,500.0400000000001,1,0.262719476412822,52.70283664709114,100000
1337,540.9499999999999,1,0.2624567569364092,50.20139669288289,100000
1338,524.32,1,0.26219430017947276,52.49655903095291,100000
1339,548.46,1,0.2619321058792933,42.49659594418346,100000
1340,470.87,1,0.261670173773414,49.33280125294608,100000
1341,518.39,1,0.2614085035996406,88.11997835378389,100000
1342,523.98,1,0.26114709509604095,97.8473640041692,100000
1343,547.5,1,0.2608859480009449,100.11557473391295,100000
1344,527.9000000000001,1,0.26062506205294395,62.80364250391722,100000
1345,558.6200000000001,1,0.260364436990891,127.80693949496045,100000
1346,526.23,1,0.2601040725539001,51.6703803597427,100000
1347,536.21,1,0.2598439684813462,47.52956684156396,100000
1348,527.82,1,0.2595841245128649,69.73142832964659,100000
1349,546.62,1,0.259324540388352,82.99006031155587,100000
1350,534.87,1,0.25906521584796366,51.40594085968203,100000
1351,507.98,1,0.2588061506321157,45.53053862688153,100000
1352,549.64,1,0.2585473444814836,70.40375933184552,100000
1353,526.1600000000001,1,0.2582887971370021,66.05170695882448,100000
1354,514.0100000000001,1,0.2580305083398651,55.126518790641526,100000
1355,542.61,1,0.2577724778315252,24.69050329369168,100000
1356,532.2800000000001,1,0.25751470535369364,103.98385543376207,100000
1357,335.9800000000001,1,0.25725719064833996,33.424826663473375,100000
1358,475.41,1,0.2569999334576916,74.61954599916935,100000
1359,541.59,1,0.25674293352423394,80.26722998236433,100000
1360,540.1600000000001,1,0.2564861905907097,45.09527468062066,100000
1361,542.5800000000002,1,0.256229704400119,36.61440585136413,100000
1362,541.6600000000001,1,0.25597347469571885,59.757140803337094,100000
1363,538.74,1,0.25571750122102316,21.737975054903874,100000
1364,538.9000000000001,1,0.25546178371980216,119.20537670570262,100000
1365,526.5000000000001,1,0.25520632193608234,28.34988018164509,100000
1366,556.7900000000001,1,0.25495111561414624,53.3339672258922,100000
1367,542.2700000000001,1,0.2546961644985321,90.37937823136647,100000
1368,535.9300000000001,1,0.2544414683340336,99.10969599655697,100000
1369,526.24,1,0.25418702686569955,79.7905664894639,100000
1370,539.34,1,0.25393283983883386,48.555299508420724,100000
1371,540.1600000000001,1,0.25367890699899504,52.64117459198097,100000
1372,475.31000000000006,1,0.253425228091996,90.70651367977933,100000
1373,541.1200000000001,1,0.253171802863904,64.49350841343403,100000
1374,532.1000000000001,1,0.2529186310610401,45.73564404092337,100000
1375,517.8100000000001,1,0.2526657124299791,63.65814162596412,100000
1376,508.87000000000006,1,0.2524130467175491,37.25765376384944,100000
1377,531.58,1,0.2521606336708316,92.33098068676497,100000
1378,524.99,1,0.25190847303716074,97.69301259375754,100000
1379,530.13,1,0.25165656456412355,38.51659128757623,100000
1380,504.84000000000003,1,0.25140490799955945,34.077854048122056,100000
1381,530.6500000000001,1,0.25115350309155987,62.76615810681538,100000
1382,545.78,1,0.2509023495884683,123.6876446857597,100000
1383,543.8900000000001,1,0.25065144723887983,56.23449185286483,100000
1384,522.21,1,0.25040079579164093,79.27510750908212,100000
1385,538.6700000000001,1,0.2501503949958493,49.81995717256884,100000
1386,553.09,1,0.24990024460085344,59.440393505869686,100000
1387,511.43000000000006,1,0.24965034435625258,55.61343470641545,100000
1388,484.65000000000003,1,0.24940069401189632,122.67146910296546,100000
1389,544.57,1,0.24915129331788444,52.24961459473388,100000
1390,537.74,1,0.24890214202456656,45.46120138264991,100000
1391,539.95,1,0.248653239882542,41.83507820467154,100000
1392,515.02,1,0.24840458664265946,80.40340759811632,100000
1393,528.1700000000001,1,0.2481561820560168,49.72841312718946,100000
1394,505.07000000000005,1,0.2479080258739608,25.57576460594481,100000
1395,538.3900000000001,1,0.24766011784808684,50.70588794876547,100000
1396,533.99,1,0.24741245773023876,58.477912605625306,100000
1397,533.08,1,0.24716504527250852,53.75653803497553,100000
1398,523.21,1,0.24691788022723601,51.82121912588047,100000
1399,536.6700000000001,1,0.24667096234700878,33.70481530604539,100000
1400,536.0400000000001,1,0.24642429138466176,56.31951433348368,100000
1401,504.25000000000006,1,0.2461778670932771,56.04315171362479,100000
1402,527.63,1,0.24593168922618383,71.99871064350009,100000
1403,556.85,1,0.24568575753695765,37.46345214162554,100000
1404,558.44,1,0.2454400717794207,129.00990068211274,100000
1405,551.3000000000001,1,0.24519463170764128,100.1952925434238,100000
1406,530.51,1,0.24494943707593364,68.89597180911473,100000
1407,495.46000000000004,1,0.24470448763885772,20.683710987309375,100000
1408,529.6600000000001,1,0.24445978315121886,43.989835398106635,100000
1409,504.69000000000005,1,0.24421532336806764,81.62670777950969,100000
1410,534.96,1,0.24397110804469957,60.15794697870691,100000
1411,529.85,1,0.24372713693665488,70.22412340426713,100000
1412,518.77,1,0.24348340979971822,61.615718475159476,100000
1413,556.45,1,0.2432399263899185,61.96523506130491,100000
1414,506.12,1,0.2429966864635286,70.14207116506432,100000
1415,518.47,1,0.24275368977706507,29.036894598603247,100000
1416,547.8000000000001,1,0.24251093608728802,94.1538604825735,100000
1417,546.29,1,0.24226842515120073,51.16834740907374,100000
1418,510.26,1,0.24202615672604952,68.91117901614543,100000
1419,534.98,1,0.24178413056932346,58.01786177770959,100000
1420,525.28,1,0.24154234643875414,55.71703656153245,100000
1421,554.82,1,0.24130080409231539,84.72478386097484,100000
1422,514.28,1,0.24105950328822306,68.82252604505989,100000
1423,537.69,1,0.24081844378493483,63.70543385655792,100000
1424,555.4200000000001,1,0.2405776253411499,104.04366579651833,100000
1425,542.95,1,0.24033704771580874,41.83196672677994,100000
1426,539.02,1,0.24009671066809293,27.24428570647783,100000
1427,555.28,1,0.23985661395742483,23.469940326280064,100000
1428,547.47,1,0.2396167573434674,53.37344929446345,100000
1429,552.0,1,0.23937714058612394,71.63311972273023,100000
1430,520.77,1,0.23913776344553783,48.67523997867262,100000
1431,518.35,1,0.2388986256820923,101.45552562686461,100000
1432,536.75,1,0.2386597270564102,15.38792739974128,100000
1433,505.78000000000003,1,0.23842106732935378,73.03146447598094,100000
1434,544.08,1,0.23818264626202443,69.27920880219708,100000
1435,544.1700000000001,1,0.2379444636157624,47.17709752631514,100000
1436,559.08,1,0.23770651915214663,58.60723214990952,100000
1437,556.9300000000001,1,0.2374688126329945,138.564200592041,100000
1438,551.36,1,0.23723134382036148,56.67533754462927,100000
1439,533.1600000000001,1,0.23699411247654112,48.848039205009876,100000
1440,512.4200000000001,1,0.23675711836406457,89.35868800734426,100000
1441,538.76,1,0.2365203612457005,91.0849705904345,100000
1442,547.5000000000001,1,0.2362838408844548,56.30567421540618,100000
1443,547.9000000000001,1,0.23604755704357036,12.702813276346179,100000
1444,539.45,1,0.2358115094865268,89.87600644932517,100000
1445,534.5600000000001,1,0.23557569797704025,97.50531424168084,100000
1446,512.4000000000001,1,0.2353401222790632,76.22760946430812,100000
1447,531.3100000000001,1,0.23510478215678413,48.46444990286013,100000
1448,545.35,1,0.23486967737462733,58.89968635498638,100000
1449,535.2,1,0.2346348076972527,85.86574806075498,100000
1450,540.51,1,0.23440017288955545,70.75932878614908,100000
1451,528.4000000000001,1,0.2341657727166659,13.704135170578956,100000
1452,507.64000000000004,1,0.2339316069439492,65.3870447576046,100000
1453,526.47,1,0.23369767533700525,122.36314603105768,100000
1454,507.93,1,0.23346397766166824,23.135980856591377,100000
1455,524.94,1,0.23323051368400657,100.66151493149144,100000
1456,533.72,1,0.23299728317032256,95.4827918136442,100000
1457,558.38,1,0.23276428588715223,59.76226792616003,100000
1458,554.7800000000001,1,0.23253152160126508,35.87017450978359,100000
1459,517.07,1,0.23229899007966381,87.52163449334509,100000
1460,540.5400000000001,1,0.23206669108958414,46.88563604901234,100000
1461,508.5300000000001,1,0.23183462439849456,82.33459846973419,100000
1462,543.82,1,0.23160278977409607,83.09973301597543,100000
1463,528.6800000000001,1,0.23137118698432196,43.74924999773502,100000
1464,551.24,1,0.23113981579733764,87.86602061594787,100000
1465,555.01,1,0.2309086759815403,22.495093310465577,100000
1466,556.75,1,0.23067776730555875,95.36484030144555,100000
1467,530.25,1,0.23044708953825319,48.80870380309912,100000
1468,542.72,1,0.23021664244871493,132.6476113143805,100000
1469,529.7500000000001,1,0.22998642580626621,113.12086639338976,100000
1470,542.12,1,0.22975643938045995,52.17757740787098,100000
1471,531.1600000000001,1,0.2295266829410795,12.30376337952428,100000
1472,563.9100000000001,1,0.22929715625813843,39.222535442921426,100000
1473,512.52,1,0.2290678591018803,51.11253198236227,100000
1474,551.04,1,0.22883879124277842,29.137793897798186,100000
1475,512.36,1,0.22860995245153565,103.80980446750735,100000
1476,541.01,1,0.22838134249908412,101.40496925099029,100000
1477,520.43,1,0.22815296115658504,78.46077462218024,100000
1478,560.47,1,0.22792480819542846,67.86906932700764,100000
1479,500.23,1,0.22769688338723304,49.30154420091556,100000
1480,532.3000000000001,1,0.22746918650384582,44.28791597262025,100000
1481,556.44,1,0.22724171731734197,7.066244750756484,100000
1482,535.07,1,0.22701447560002463,24.095688899358112,100000
1483,556.95,1,0.2267874611244246,79.67046159335545,100000
1484,548.25,1,0.22656067366330018,32.17913523186808,100000
1485,544.57,1,0.22633411298963688,71.55434729954968,100000
1486,544.0500000000001,1,0.22610777887664724,26.293855866340742,100000
1487,534.8100000000001,1,0.22588167109777058,37.94098919701864,100000
1488,553.21,1,0.2256557894266728,17.266756167487493,100000
1489,534.2,1,0.22543013363724612,13.247938844035653,100000
1490,535.87,1,0.22520470350360888,7.366176139367254,100000
1491,505.67,1,0.2249794988001053,73.74650312147357,100000
1492,553.11,1,0.2247545193013052,28.930539275343353,100000
1493,549.19,1,0.22452976478200387,43.70786081193245,100000
1494,532.46,1,0.22430523501722185,116.72763114562933,100000
1495,531.94,1,0.22408092978220462,27.378256410360336,100000
1496,546.4100000000001,1,0.2238568488524224,36.9738101312812,100000
1497,511.43,1,0.22363299200356998,65.12419292017033,100000
1498,540.27,1,0.22340935901156642,92.49580322282436,100000
1499,527.86,1,0.22318594965255484,64.61655191286111,100000
1500,544.7800000000001,1,0.22296276370290227,84.65927483496212,100000
1501,536.08,1,0.22273980093919937,29.305350987307996,100000
1502,545.19,1,0.22251706113826017,55.0012618617879,100000
1503,549.6100000000001,1,0.2222945440771219,43.409577377331566,100000
1504,518.99,1,0.22207224953304477,50.70350260804681,100000
1505,558.9200000000001,1,0.22185017728351172,41.605704969343016,100000
1506,553.33,1,0.2216283271062282,43.30192249449524,100000
1507,547.96,1,0.22140669877912197,47.886153312696926,100000
1508,554.84,1,0.22118529208034285,52.75769769400358,100000
1509,527.5400000000001,1,0.2209641067882625,48.03708489760756,100000
1510,550.8100000000001,1,0.22074314268147424,83.14881467903164,100000
1511,540.36,1,0.22052239953879277,82.24505212709501,100000
1512,525.1700000000001,1,0.22030187713925398,117.95176136416275,100000
1513,518.58,1,0.22008157526211472,77.95602900832891,100000
1514,560.59,1,0.2198614936868526,120.58872810548002,100000
1515,549.0,1,0.21964163219316574,93.73245759045376,100000
1516,520.1800000000001,1,0.21942199056097256,37.77307843620127,100000
1517,510.33000000000004,1,0.2192025685704116,28.202341494265568,100000
1518,546.32,1,0.21898336600184118,140.2520975117952,100000
1519,512.23,1,0.21876438263583933,6.120199623496034,100000
1520,544.5500000000001,1,0.21854561825320348,28.516557533447056,100000
1521,529.3600000000001,1,0.21832707263495027,96.4077025493489,100000
1522,542.2,1,0.21810874556231533,53.59407617966334,100000
1523,558.7,1,0.217890636816753,54.03429365333389,100000
1524,526.6600000000001,1,0.21767274617993623,23.938894800345103,100000
1525,527.6500000000001,1,0.2174550734337563,79.58039476913075,100000
1526,531.3700000000001,1,0.21723761836032254,16.628001593445475,100000
1527,556.4300000000001,1,0.21702038074196223,26.785731692825046,100000
1528,526.07,1,0.21680336036122028,80.01848720454358,100000
1529,536.32,1,0.21658655700085905,47.25306050325262,100000
1530,549.87,1,0.2163699704438582,55.644255730586174,100000
1531,529.6600000000001,1,0.21615360047341434,28.44587916823534,100000
1532,549.69,1,0.21593744687294092,78.50800831104392,100000
1533,515.0500000000001,1,0.21572150942606796,79.62117756921124,100000
1534,541.7500000000001,1,0.2155057879166419,37.030146321585015,100000
1535,525.6300000000001,1,0.21529028212872525,76.90649786885355,100000
1536,557.4100000000001,1,0.21507499184659654,106.04974022507668,100000
1537,556.71,1,0.21485991685474995,73.43153482590402,100000
1538,514.88,1,0.2146450569378952,29.939333558910423,100000
1539,533.55,1,0.21443041188095732,106.66834677232278,100000
1540,558.74,1,0.21421598146907636,34.24372603262172,100000
1541,532.77,1,0.21400176548760727,72.32930107825044,100000
1542,555.04,1,0.21378776372211966,59.10990575949351,100000
1543,515.3000000000001,1,0.21357397595839755,78.12334454420841,100000
1544,554.54,1,0.21336040198243916,50.833310582571556,100000
1545,542.97,1,0.21314704158045672,68.16991633892059,100000
1546,562.4200000000001,1,0.21293389453887626,99.99683669675142,100000
1547,514.36,1,0.21272096064433738,67.4923112583466,100000
1548,529.8100000000001,1,0.21250823968369303,29.649088120282585,100000
1549,544.24,1,0.21229573144400934,75.72734776996586,100000
1550,514.52,1,0.21208343571256533,62.228624268220024,100000
1551,545.5500000000001,1,0.21187135227685275,51.485577514985714,100000
1552,534.0300000000001,1,0.2116594809245759,40.35849878477724,100000
1553,520.63,1,0.21144782144365132,14.407447619097573,100000
1554,548.83,1,0.21123637362220768,9.57761225961659,100000
1555,545.9000000000001,1,0.21102513724858546,23.039353713183335,100000
1556,509.39000000000004,1,0.21081411211133688,78.78835098101543,100000
1557,550.97,1,0.21060329799922556,48.920924028983485,100000
1558,560.45,1,0.21039269470122635,73.32300141634363,100000
1559,539.3100000000001,1,0.21018230200652513,45.71202513462381,100000
1560,528.1200000000001,1,0.2099721197045186,49.16962458949158,100000
1561,540.19,1,0.20976214758481407,89.26851469975013,100000
1562,516.9100000000001,1,0.20955238543722926,120.39495596400013,100000
1563,536.69,1,0.20934283305179202,67.92732780575753,100000
1564,549.1500000000001,1,0.20913349021874023,90.88849614271477,100000
1565,531.23,1,0.2089243567285215,78.43670017534578,100000
1566,541.73,1,0.20871543237179296,85.28501136302948,100000
1567,547.14,1,0.20850671693942116,40.78048811980656,100000
1568,535.3500000000001,1,0.20829821022248174,56.16848315629694,100000
1569,546.2,1,0.20808991201225926,9.526869686556534,100000
1570,522.94,1,0.207881822100247,22.07546895017495,100000
1571,552.12,1,0.20767394027814676,28.582298738881946,100000
1572,551.1800000000001,1,0.2074662663378686,44.122362995231654,100000
1573,543.8700000000001,1,0.20725880007153075,66.39484101043989,100000
1574,564.21,1,0.20705154127145922,135.76328658769208,100000
1575,536.1500000000001,1,0.20684448973018776,108.78905832977362,100000
1576,519.9,1,0.20663764524045758,71.41455652010747,100000
1577,538.9300000000001,1,0.20643100759521713,56.14841040101233,100000
1578,544.1500000000001,1,0.20622457658762192,69.44389037236776,100000
1579,534.8700000000001,1,0.2060183520110343,75.84363173445065,100000
1580,508.57000000000005,1,0.20581233365902327,34.910006256797644,100000
1581,534.79,1,0.20560652132536425,39.95329834272464,100000
1582,532.08,1,0.20540091480403888,68.13499103784561,100000
1583,536.9300000000001,1,0.20519551388923485,68.28249084322076,100000
1584,531.26,1,0.20499031837534562,74.58779723735957,100000
1585,527.9,1,0.20478532805697028,64.34661946434906,100000
1586,533.07,1,0.2045805427289133,36.63400913170866,100000
1587,540.7,1,0.20437596218618437,75.20924072335293,100000
1588,551.2,1,0.2041715862239982,107.27602989490215,100000
1589,525.87,1,0.2039674146377742,36.01674951382086,100000
1590,537.95,1,0.20376344722313644,44.15219713168986,100000
1591,528.81,1,0.2035596837759133,52.154555285278754,100000
1592,560.69,1,0.20335612409213738,36.45148237997835,100000
1593,529.72,1,0.20315276796804524,75.71080201558577,100000
1594,522.62,1,0.2029496152000772,77.55465977430343,100000
1595,541.8900000000001,1,0.20274666558487714,32.62093392372131,100000
1596,528.21,1,0.20254391891929227,17.031752522987656,100000
1597,558.6800000000001,1,0.20234137500037297,55.20153071073925,100000
1598,510.23,1,0.20213903362537258,51.43336958762927,100000
1599,536.9000000000001,1,0.2019368945917472,36.10530037879944,100000
1600,511.52,1,0.20173495769715546,37.66729625432115,100000
1601,542.6700000000001,1,0.2015332227394583,49.80424143632253,100000
1602,547.24,1,0.20133168951671884,104.19377720914781,100000
1603,523.99,1,0.20113035782720212,6.488296953937676,100000
1604,533.83,1,0.20092922746937492,52.17418511746786,100000
1605,533.54,1,0.20072829824190555,5.105068152820742,100000
1606,487.84000000000003,1,0.20052756994366364,61.90497167259455,100000
1607,549.4200000000001,1,0.20032704237371998,66.82650513079629,100000
1608,529.99,1,0.20012671533134627,30.55462451746215,100000
1609,559.04,1,0.19992658861601492,31.683609369046547,100000
1610,545.6600000000001,1,0.19972666202739892,48.19710588958901,100000
1611,496.81,1,0.19952693536537153,137.9575296805093,100000
1612,544.8900000000001,1,0.19932740843000615,52.620151637351675,100000
1613,528.63,1,0.19912808102157614,56.61613033569994,100000
1614,555.76,1,0.19892895294055457,57.04530495819118,100000
1615,533.4200000000001,1,0.19873002398761402,44.128187939121915,100000
1616,526.08,1,0.1985312939636264,65.65661749621512,100000
1617,526.0200000000001,1,0.19833276266966277,37.06981570909663,100000
1618,526.96,1,0.1981344299069931,52.91798731611996,100000
1619,523.36,1,0.1979362954770861,51.55386179685593,100000
1620,538.45,1,0.197738359181609,32.85320205590393,100000
1621,533.5699999999999,1,0.1975406208224274,22.022129358069318,100000
1622,553.45,1,0.197343080201605,54.76668377433504,100000
1623,556.95,1,0.19714573712140337,25.605758162055697,100000
1624,487.90000000000003,1,0.19694859138428197,35.95744799389396,100000
1625,522.09,1,0.1967516427928977,46.388625546002096,100000
1626,551.3000000000001,1,0.1965548911501048,98.21869849562646,100000
1627,544.74,1,0.19635833625895469,16.740398923011675,100000
1628,549.36,1,0.19616197792269574,88.003459135147,100000
1629,516.6800000000001,1,0.19596581594477305,49.02840271996863,100000
1630,556.8900000000001,1,0.19576985012882828,101.25199066230229,100000
1631,560.75,1,0.19557408027869944,35.86216487848397,100000
1632,542.2600000000001,1,0.19537850619842073,74.20441518147787,100000
1633,558.1800000000001,1,0.19518312769222232,5.671911236117868,100000
1634,535.57,1,0.19498794456453009,80.87483802437782,100000
1635,536.77,1,0.19479295661996557,55.16335087844303,100000
1636,524.28,1,0.1945981636633456,6.154572048824128,100000
1637,529.8500000000001,1,0.19440356549968224,38.785889931579135,100000
1638,555.2600000000001,1,0.19420916193418256,48.564512664245235,100000
1639,555.1800000000001,1,0.19401495277224837,78.88413264436855,100000
1640,541.72,1,0.19382093781947612,71.98856974073819,100000
1641,522.26,1,0.19362711688165665,37.23175887635776,100000
1642,562.24,1,0.193433489764775,66.37818003538996,100000
1643,544.0400000000001,1,0.19324005627501023,26.970709110007565,100000
1644,548.0,1,0.1930468162187352,4.1298734554346055,100000
1645,534.13,1,0.19285376940251647,41.18295022314542,100000
1646,538.8400000000001,1,0.19266091563311397,5.546965829589787,100000
1647,534.7200000000001,1,0.19246825471748086,18.31457184669044,100000
1648,537.3400000000001,1,0.1922757864627634,58.20716151637691,100000
1649,549.83,1,0.1920835106763006,12.671704224686124,100000
1650,557.23,1,0.19189142716562432,3.0450212427548,100000
1651,512.37,1,0.1916995357384587,72.87406273977255,100000
1652,549.4100000000001,1,0.19150783620272022,36.901462665735146,100000
1653,562.38,1,0.1913163283665175,85.77038783533499,100000
1654,539.8800000000001,1,0.19112501203815097,5.197021471384244,100000
1655,549.47,1,0.1909338870261128,1.8355556530738943,100000
1656,558.6800000000001,1,0.19074295313908668,40.010980009156114,100000
1657,551.33,1,0.1905522101859476,76.18737131999089,100000
1658,547.21,1,0.19036165797576166,118.12205298244953,100000
1659,540.47,1,0.1901712963177859,64.80110082210916,100000
1660,535.23,1,0.1899811250214681,31.241756897706253,100000
1661,544.02,1,0.18979114389644663,106.20319974259155,100000
1662,544.11,1,0.1896013527525502,45.31151563745655,100000
1663,564.05,1,0.18941175139979763,18.204630774836385,100000
1664,540.4000000000001,1,0.18922233964839782,51.77449086218169,100000
1665,552.6300000000001,1,0.18903311730874942,92.17370884482925,100000
1666,562.48,1,0.18884408419144066,63.43620306253433,100000
1667,540.54,1,0.1886552401072492,44.013968405210306,100000
1668,562.4200000000001,1,0.18846658486714196,45.13561458326876,100000
1669,547.24,1,0.1882781182822748,55.05362958987554,100000
1670,553.21,1,0.18808984016399252,24.673893399737977,100000
1671,529.81,1,0.18790175032382853,26.849019466051416,100000
1672,548.81,1,0.1877138485735047,74.20946166006958,100000
1673,540.99,1,0.1875261347249312,6.015916742287673,100000
1674,536.6800000000001,1,0.1873386085902063,9.752513752171868,100000
1675,533.23,1,0.18715126998161608,28.747751493006945,100000
1676,498.4000000000001,1,0.18696411871163446,40.68558369173723,100000
1677,557.06,1,0.18677715459292282,32.252969262233144,100000
1678,534.8800000000001,1,0.1865903774383299,58.720615200284456,100000
1679,549.59,1,0.18640378706089158,40.17327077709027,100000
1680,549.9200000000001,1,0.1862173832738307,16.57941266538492,100000
1681,555.1400000000001,1,0.18603116589055688,49.304794389340614,100000
1682,549.5500000000001,1,0.18584513472466632,79.0329103901315,100000
1683,558.5,1,0.18565928958994166,75.61871762924335,100000
1684,562.3,1,0.18547363030035172,67.69767203554511,100000
1685,540.98,1,0.18528815667005136,82.85133582082662,100000
1686,546.21,1,0.1851028685133813,121.83955096023183,100000
1687,551.5500000000001,1,0.18491776564486792,32.40149705501703,100000
1688,549.75,1,0.18473284787922306,1.9249828097535604,100000
1689,551.63,1,0.18454811503134383,74.08881257313948,100000
1690,550.97,1,0.18436356691631248,54.407034110015545,100000
1691,545.6600000000001,1,0.18417920334939616,45.454009932356996,100000
1692,543.9500000000002,1,0.18399502414604677,8.564069940211022,100000
1693,553.6500000000001,1,0.18381102912190073,40.55594967104293,100000
1694,538.8900000000001,1,0.18362721809277882,72.58899964392185,100000
1695,543.61,1,0.18344359087468604,100.743625172197,100000
1696,558.27,1,0.18326014728381135,23.64101581015284,100000
1697,555.0,1,0.18307688713652753,9.037694735116647,100000
1698,557.3900000000001,1,0.182893810249391,39.7318079667432,100000
1699,529.3500000000001,1,0.1827109164391416,31.933872344559187,100000
1700,540.54,1,0.18252820552270246,38.51087136611794,100000
1701,559.08,1,0.18234567731717977,35.39912752105909,100000
1702,540.33,1,0.1821633316398626,26.695495505676124,100000
1703,562.32,1,0.18198116830822272,78.83220617100596,100000
1704,533.0300000000001,1,0.1817991871399145,23.387142082323898,100000
1705,498.62,1,0.18161738795277457,3.6676696429524243,100000
1706,510.5300000000001,1,0.1814357705648218,66.99280370670286,100000
1707,533.4300000000001,1,0.18125433479425698,20.72549704724067,100000
1708,554.8000000000001,1,0.18107308045946272,52.11210869335466,100000
1709,549.51,1,0.18089200737900324,46.883953267069,100000
1710,553.21,1,0.18071111537162424,108.71720576850143,100000
1711,558.28,1,0.1805304042562526,32.082070633769035,100000
1712,564.1500000000001,1,0.18034987385199636,13.59639588863619,100000
1713,548.34,1,0.18016952397814437,26.961371494084595,100000
1714,544.3900000000001,1,0.17998935445416622,80.51357507093311,100000
1715,558.3800000000001,1,0.17980936509971204,43.48269262909889,100000
1716,542.16,1,0.17962955573461234,43.744484370946886,100000
1717,515.19,1,0.17944992617887773,83.27548492493399,100000
1718,554.9200000000001,1,0.17927047625269885,24.61605069774096,100000
1719,562.28,1,0.17909120577644616,21.051821873523295,100000
1720,536.4100000000001,1,0.17891211457066972,56.81082491020122,100000
1721,536.63,1,0.17873320245609906,41.884894245200684,100000
1722,560.6700000000001,1,0.17855446925364296,22.667133977467362,100000
1723,523.4300000000001,1,0.17837591478438933,81.27302455618268,100000
1724,537.5400000000001,1,0.17819753886960493,43.10821676513423,100000
1725,534.0500000000001,1,0.17801934133073533,38.58123141285535,100000
1726,543.9000000000001,1,0.17784132198940458,19.311294269912384,100000
1727,543.83,1,0.1776634806674152,43.2106642318915,100000
1728,558.1600000000001,1,0.17748581718674777,26.973319551523993,100000
1729,524.46,1,0.17730833136956103,20.562758053818794,100000
1730,516.71,1,0.17713102303819148,55.163115693158225,100000
1731,551.56,1,0.1769538920151533,38.06295318901539,100000
1732,520.03,1,0.17677693812313813,28.679716757188242,100000
1733,549.4300000000001,1,0.17660016118501498,55.725698743293535,100000
1734,539.0900000000001,1,0.17642356102382997,21.721753788145282,100000
1735,539.6700000000001,1,0.17624713746280615,36.21212238302598,100000
1736,556.79,1,0.17607089032534334,18.94082925915718,100000
1737,558.34,1,0.175894819435018,41.265145778656006,100000
1738,540.0400000000001,1,0.17571892461558297,23.832162684864468,100000
1739,526.2800000000001,1,0.1755432056909674,15.695481697460274,100000
1740,554.8000000000001,1,0.17536766248527644,53.761467453506256,100000
1741,560.2900000000001,1,0.17519229482279117,65.05971141430464,100000
1742,551.59,1,0.17501710252796837,12.980367561945549,100000
1743,562.3,1,0.1748420854254404,89.12148208357394,100000
1744,538.8800000000001,1,0.17466724334001496,5.263662687557585,100000
1745,514.9100000000001,1,0.17449257609667496,85.98290618643703,100000
1746,544.27,1,0.1743180835205783,29.86513235062769,100000
1747,556.95,1,0.1741437654370577,56.631437841483525,100000
1748,551.51,1,0.17396962167162064,20.44092680124136,100000
1749,550.94,1,0.173795652049949,32.742550151868606,100000
1750,562.46,1,0.17362185639789907,96.00633323937654,100000
1751,533.0200000000001,1,0.17344823454150116,18.267676555737854,100000
1752,542.6400000000001,1,0.17327478630695967,62.04866785844167,100000
1753,558.98,1,0.1731015115206527,61.6691955424407,100000
1754,560.5300000000001,1,0.17292841000913206,28.844308743874233,100000
1755,524.38,1,0.17275548159912293,23.019251558599592,100000
1756,542.35,1,0.17258272611752382,25.942385582253337,100000
1757,555.0600000000001,1,0.17241014339140628,60.70365439189805,100000
1758,527.2600000000001,1,0.1722377332480149,30.50737244282898,100000
1759,540.01,1,0.17206549551476688,58.329714315665235,100000
1760,552.8900000000001,1,0.1718934300192521,8.589134989155305,100000
1761,553.4100000000001,1,0.17172153658923286,3.5612794160842896,100000
1762,538.1500000000001,1,0.17154981505264363,23.842807842267526,100000
1763,518.87,1,0.17137826523759098,27.56175258192751,100000
1764,544.76,1,0.1712068869723534,25.812256323556376,100000
1765,541.71,1,0.17103568008538103,28.904125334535326,100000
1766,535.02,1,0.17086464440529564,5.7432937282018175,100000
1767,543.8500000000001,1,0.17069377976089034,26.199967628038383,100000
1768,532.49,1,0.17052308598112945,49.38864413539569,100000
1769,530.8100000000001,1,0.17035256289514833,13.402046741145414,100000
1770,533.52,1,0.17018221033225317,41.33786522415844,100000
1771,540.71,1,0.17001202812192093,75.04676543350344,100000
1772,524.54,1,0.169842016093799,54.42944835963314,100000
1773,532.78,1,0.1696721740777052,12.391671332555848,100000
1774,536.9200000000001,1,0.1695025019036275,30.561809630053386,100000
1775,560.49,1,0.1693329994017239,44.43593215310212,100000
1776,545.8,1,0.16916366640232217,31.29563043402954,100000
1777,538.95,1,0.16899450273591984,85.23496064280762,100000
1778,551.8600000000001,1,0.16882550823318393,29.257584614189046,100000
1779,518.85,1,0.16865668272495074,67.42842989634065,100000
1780,531.0600000000001,1,0.1684880260422258,34.50718979348599,100000
1781,540.8,1,0.16831953801618357,5.432294082460982,100000
1782,529.4200000000001,1,0.16815121847816739,33.57629006121257,100000
1783,558.4200000000001,1,0.16798306725968923,7.216690699732493,100000
1784,560.51,1,0.16781508419242955,14.476255137812007,100000
1785,522.0600000000001,1,0.16764726910823713,35.03945726633072,100000
1786,545.95,1,0.1674796218391289,15.078343829164258,100000
1787,548.96,1,0.16731214221728977,2.7314399350179386,100000
1788,560.1200000000001,1,0.16714483007507247,4.872652111971965,100000
1789,556.8900000000001,1,0.1669776852449974,7.580290972334998,100000
1790,551.6300000000001,1,0.1668107075597524,45.65158947797922,100000
1791,562.24,1,0.16664389685219266,84.35489556705579,100000
1792,555.4200000000001,1,0.16647725295534047,93.01704254456692,100000
1793,536.2800000000001,1,0.16631077570238512,53.07424705779111,100000
1794,530.1300000000001,1,0.16614446492668272,37.54668162307806,100000
1795,536.6100000000001,1,0.16597832046175603,41.39406678707976,100000
1796,558.5000000000001,1,0.16581234214129428,37.81084465147818,100000
1797,546.01,1,0.16564652979915298,37.65665026659697,100000
1798,512.6600000000001,1,0.16548088326935384,60.917002212628724,100000
1799,536.9200000000001,1,0.1653154023860845,73.67971403385911,100000
1800,554.3800000000001,1,0.1651500869836984,42.061640616673145,100000
1801,556.97,1,0.1649849368967147,53.194086669172556,100000
1802,540.3600000000001,1,0.164819951959818,1.730456456128094,100000
1803,546.0,1,0.16465513200785817,2.8224774093338936,100000
1804,562.0,1,0.1644904768758503,2.239062479697168,100000
1805,552.94,1,0.16432598639897444,20.2578122317791,100000
1806,553.0600000000001,1,0.16416166041257546,2.3620496340419934,100000
1807,557.19,1,0.16399749875216288,7.895287333215986,100000
1808,524.3100000000001,1,0.16383350125341073,52.25170300390622,100000
1809,558.82,1,0.16366966775215733,6.683490390724995,100000
1810,558.48,1,0.16350599808440516,9.65145806266981,100000
1811,527.3000000000002,1,0.16334249208632076,7.484767940044403,100000
1812,549.79,1,0.16317914959423443,17.780171077545376,100000
1813,547.95,1,0.1630159704446402,30.76729895800784,100000
1814,562.22,1,0.16285295447419557,1.6763281458988786,100000
1815,562.1400000000001,1,0.16269010151972138,12.046055880375206,100000
1816,549.47,1,0.16252741141820165,21.321028062656744,100000
1817,547.73,1,0.16236488400678345,22.918749819631163,100000
1818,531.2800000000001,1,0.16220251912277667,6.965117841959,100000
1819,523.4100000000001,1,0.1620403166036539,15.031903077574338,100000
1820,549.8100000000001,1,0.16187827628705023,12.943256483149172,100000
1821,540.6500000000001,1,0.16171639801076318,3.235226961699399,100000
1822,547.46,1,0.1615546816127524,35.3983410068353,100000
1823,542.0900000000001,1,0.16139312693113966,64.04518663048744,100000
1824,556.6100000000001,1,0.16123173380420852,4.825008571573666,100000
1825,557.8199999999999,1,0.16107050207040433,35.55994088498373,100000
1826,552.99,1,0.16090943156833393,90.03094074864319,100000
1827,555.4,1,0.1607485221367656,14.775319858143726,100000
1828,520.63,1,0.16058777361462884,22.670112692690516,100000
1829,518.07,1,0.1604271858410142,85.79425329342484,100000
1830,512.49,1,0.16026675865517317,23.05959426067971,100000
1831,525.9200000000001,1,0.160106491896518,2.4966459236514402,100000
1832,564.09,1,0.15994638540462147,1.5431243147580855,100000
1833,546.6700000000001,1,0.15978643901921685,27.118283663902965,100000
1834,560.23,1,0.15962665258019765,38.93095891538894,100000
1835,546.4300000000001,1,0.15946702592761744,74.07694941968985,100000
1836,549.83,1,0.15930755890168982,21.654331104113506,100000
1837,528.4200000000001,1,0.15914825134278812,36.549530250397886,100000
1838,550.6800000000001,1,0.15898910309144534,43.482357614134486,100000
1839,530.9000000000001,1,0.1588301139883539,37.2189513235025,100000
1840,556.95,1,0.15867128387436555,24.587823430980954,100000
1841,545.9300000000001,1,0.15851261259049118,99.68003963836482,100000
1842,558.2,1,0.1583540999779007,13.91289113637279,100000
1843,547.8000000000001,1,0.1581957458779228,2.2358674735262776,100000
1844,556.57,1,0.15803755013204487,13.429439806512423,100000
1845,555.08,1,0.15787951258191282,10.720760889351368,100000
1846,560.69,1,0.1577216330693309,59.43474880086653,100000
1847,551.1800000000001,1,0.15756391143626158,2.813729024850405,100000
1848,537.2800000000001,1,0.15740634752482532,17.440233719348907,100000
1849,545.9300000000001,1,0.1572489411773005,12.722291192538302,100000
1850,538.9000000000001,1,0.1570916922361232,4.2325074298156276,100000
1851,549.5400000000001,1,0.15693460054388708,8.475373582608665,100000
1852,541.72,1,0.1567776659433432,10.273347931848445,100000
1853,531.49,1,0.15662088827739984,83.30802871130015,100000
1854,549.6800000000001,1,0.15646426738912245,8.934403735310283,100000
1855,530.1600000000001,1,0.1563078031217333,10.701537133027346,100000
1856,560.3100000000001,1,0.15615149531861158,2.159151473280155,100000
1857,543.4100000000001,1,0.15599534382329297,77.32099084862891,100000
1858,553.23,1,0.15583934847946967,6.507975467958966,100000
1859,539.32,1,0.15568350913099022,53.29193113461326,100000
1860,537.34,1,0.15552782562185924,12.11835021674633,100000
1861,560.28,1,0.15537229779623737,3.3521423501069427,100000
1862,533.8000000000001,1,0.15521692549844113,44.20900208166201,100000
1863,519.51,1,0.15506170857294269,5.872699301536769,100000
1864,547.34,1,0.15490664686436975,44.24614727310836,100000
1865,553.0799999999999,1,0.15475174021750537,14.801526495943898,100000
1866,546.0600000000001,1,0.15459698847728787,41.50657871995174,100000
1867,556.8900000000001,1,0.1544423914888106,5.715851994497435,100000
1868,543.83,1,0.15428794909732177,32.56872849517009,100000
1869,546.51,1,0.15413366114822444,9.919683454717909,100000
1870,558.38,1,0.15397952748707622,7.732835293692701,100000
1871,547.6600000000001,1,0.15382554795958914,32.5559841213019,100000
1872,562.46,1,0.15367172241162955,20.115700994152576,100000
1873,552.86,1,0.15351805068921792,3.892271883430935,100000
1874,547.86,1,0.1533645326385287,1.8927795126818228,100000
1875,554.6,1,0.15321116810589017,19.44050556376799,100000
1876,540.3800000000001,1,0.1530579569377843,26.261809037490323,100000
1877,558.74,1,0.1529048989808465,2.4553311287480244,100000
1878,552.84,1,0.15275199408186566,21.63770932563837,100000
1879,560.6500000000001,1,0.15259924208778378,8.433443407217661,100000
1880,562.1200000000001,1,0.15244664284569598,3.139689749106765,100000
1881,544.1000000000001,1,0.15229419620285028,7.020223963348305,100000
1882,545.4100000000001,1,0.15214190200664743,17.04057527943091,100000
1883,559.0,1,0.15198976010464077,2.040607030119966,100000
1884,553.6500000000001,1,0.15183777034453613,8.2023116374338,100000
1885,549.9300000000001,1,0.1516859325741916,16.76795319486887,100000
1886,551.71,1,0.1515342466416174,2.775047481060028,100000
1887,560.73,1,0.1513827123949758,3.477493650082386,100000
1888,547.5500000000001,1,0.15123132968258082,3.086986611286799,100000
1889,551.1600000000001,1,0.15108009835289823,16.544539091618436,100000
1890,541.3000000000001,1,0.15092901825454533,5.356032802086127,100000
1891,541.75,1,0.15077808923629077,30.083182980758803,100000
1892,529.84,1,0.15062731114705447,4.292713871642725,100000
1893,532.82,1,0.1504766838359074,4.096915086378923,100000
1894,561.1500000000001,1,0.15032620715207148,22.05640982588132,100000
1895,543.6300000000001,1,0.1501758809449194,3.7096861846306743,100000
1896,554.4200000000001,1,0.15002570506397447,18.16946192854835,100000
1897,558.98,1,0.1498756793589105,14.280743136125452,100000
1898,538.88,1,0.14972580367955157,21.398364504470546,100000
1899,557.09,1,0.14957607787587202,15.878548930798258,100000
1900,545.73,1,0.14942650179799613,5.616776147358854,100000
1901,548.9200000000001,1,0.14927707529619813,50.93008282602723,100000
1902,541.6700000000001,1,0.14912779822090194,4.238672867843083,100000
1903,526.2700000000001,1,0.14897867042268104,28.03927053490155,100000
1904,563.97,1,0.14882969175225835,32.376766109658824,100000
1905,525.7800000000001,1,0.1486808620605061,27.65676285599319,100000
1906,538.57,1,0.14853218119844558,23.58558914970748,100000
1907,520.71,1,0.14838364901724713,30.46956329454075,100000
1908,528.1700000000001,1,0.14823526536822987,11.492307521726774,100000
1909,559.0,1,0.14808703010286164,62.14895599773701,100000
1910,558.26,1,0.1479389430727588,31.738644467459785,100000
1911,535.1100000000001,1,0.14779100412968604,31.00066922031916,100000
1912,551.53,1,0.14764321312555637,2.927537778707651,100000
1913,537.1000000000001,1,0.14749556991243082,17.397890919872694,100000
1914,532.0100000000001,1,0.1473480743425184,5.7399760861145825,100000
1915,556.64,1,0.14720072626817587,13.842369139194489,100000
1916,542.69,1,0.1470535255419077,1.7822350851694744,100000
1917,544.59,1,0.1469064720163658,3.9269667406604714,100000
1918,560.6500000000001,1,0.14675956554434944,9.836969741366126,100000
1919,559.1,1,0.14661280597880508,3.283571927863009,100000
1920,526.34,1,0.14646619317282628,7.10738953777722,100000
1921,529.66,1,0.14631972697965345,12.288342776588905,100000
1922,554.92,1,0.1461734072526738,7.216727042820916,100000
1923,549.4100000000001,1,0.14602723384542113,16.728629850361447,100000
1924,553.23,1,0.14588120661157572,2.218690163559384,100000
1925,549.51,1,0.14573532540496414,5.147322125159777,100000
1926,552.87,1,0.14558959007955918,30.914509625450986,100000
1927,549.2800000000001,1,0.1454440004894796,16.638547810155956,100000
1928,552.02,1,0.14529855648899012,1.953835617946951,100000
1929,557.0300000000001,1,0.14515325793250114,52.449379524162836,100000
1930,547.3000000000001,1,0.14500810467456865,12.265268332790583,100000
1931,556.5,1,0.14486309656989407,6.056801139391386,100000
1932,559.02,1,0.1447182334733242,21.41420529870426,100000
1933,543.6700000000001,1,0.14457351523985087,29.582961652208777,100000
1934,531.5300000000001,1,0.14442894172461102,23.9171342084041,100000
1935,551.35,1,0.1442845127828864,6.763129730866505,100000
1936,560.57,1,0.1441402282701035,1.6288956381154782,100000
1937,541.1100000000001,1,0.1439960880418334,13.619304607440899,100000
1938,541.22,1,0.14385209195379156,34.58241106484618,100000
1939,550.9000000000001,1,0.14370823986183776,7.915200028201224,100000
1940,551.4100000000001,1,0.1435645316219759,7.37680005133152,100000
1941,538.6800000000001,1,0.14342096709035393,22.68943093059694,100000
1942,552.97,1,0.14327754612326357,19.20769953727722,100000
1943,547.8900000000001,1,0.14313426857714032,2.3802831553030703,100000
1944,564.4100000000001,1,0.14299113430856317,18.806195381668307,100000
1945,543.88,1,0.1428481431742546,13.278022670174298,100000
1946,525.98,1,0.14270529503108034,11.98900558621111,100000
1947,560.08,1,0.14256258973604927,24.4959433103194,100000
1948,525.03,1,0.14242002714631322,59.93324810845984,100000
1949,554.97,1,0.1422776071191669,15.457120333589724,100000
1950,565.8000000000001,1,0.14213532951204774,18.6606732532382,100000
1951,558.8,1,0.1419931941825357,19.97110135327367,100000
1952,549.28,1,0.14185120098835316,36.02115227041706,100000
1953,551.73,1,0.1417093497873648,18.69351856341729,100000
1954,560.3700000000001,1,0.14156764043757744,8.987636608156292,100000
1955,560.5100000000001,1,0.14142607279713987,14.831275981935589,100000
1956,549.04,1,0.14128464672434274,3.1250605560839175,100000
1957,556.97,1,0.1411433620776184,3.366794807144574,100000
1958,525.3700000000001,1,0.14100221871554078,5.0783734826578035,100000
1959,501.6600000000001,1,0.14086121649682523,36.42031682089523,100000
1960,549.3100000000001,1,0.14072035528032842,17.79366560702893,100000
1961,560.33,1,0.1405796349250481,18.47165114726081,100000
1962,553.32,1,0.14043905529012304,2.740657538175583,100000
1963,538.55,1,0.14029861623483292,31.837677414802943,100000
1964,567.71,1,0.1401583176185981,5.867120168332396,100000
1965,551.4200000000001,1,0.1400181593009795,6.577212181530501,100000
1966,549.79,1,0.1398781411416785,12.416850788853107,100000
1967,532.6800000000001,1,0.13973826300053682,12.275842435118081,100000
1968,564.19,1,0.13959852473753628,44.02907525868185,100000
1969,533.09,1,0.13945892621279873,23.351201048795726,100000
1970,542.4000000000001,1,0.13931946728658592,15.898875327780843,100000
1971,547.61,1,0.13918014781929933,29.2479190899842,100000
1972,532.6200000000001,1,0.13904096767148003,35.70283047315003,100000
1973,556.63,1,0.13890192670380855,29.688330941540855,100000
1974,551.8000000000001,1,0.13876302477710473,3.3824174913076255,100000
1975,533.08,1,0.13862426175232762,15.746886463986861,100000
1976,559.0600000000002,1,0.1384856374905753,8.661289130940157,100000
1977,551.4300000000001,1,0.13834715185308472,51.45219449258187,100000
1978,557.1300000000001,1,0.13820880470123162,23.030404904059,100000
1979,532.6500000000001,1,0.1380705958965304,24.7099771577379,100000
1980,555.21,1,0.13793252530063388,17.607442093677207,100000
1981,560.1300000000001,1,0.13779459277533324,8.173951344508113,100000
1982,523.89,1,0.1376567981825579,26.903723872160608,100000
1983,566.0,1,0.13751914138437535,32.766188303629555,100000
1984,553.09,1,0.13738162224299097,6.5064701611125795,100000
1985,564.1700000000001,1,0.13724424062074797,3.5741812726182323,100000
1986,532.0500000000001,1,0.13710699638012722,42.09159903581205,100000
1987,551.7,1,0.1369698893837471,3.2072291177052716,100000
1988,557.1700000000001,1,0.13683291949436335,29.905078206743514,100000
1989,533.89,1,0.13669608657486898,32.302999580151415,100000
1990,529.7,1,0.1365593904882941,8.496148270457539,100000
1991,560.73,1,0.1364228310978058,31.439483789783537,100000
1992,543.72,1,0.13628640826670801,1.7670877584639717,100000
1993,544.79,1,0.1361501218584413,31.83054915193009,100000
1994,567.71,1,0.13601397173658286,71.39913684951848,100000
1995,551.5,1,0.1358779577648463,5.167453740380313,100000
1996,564.33,1,0.13574207980708144,3.372525396366273,100000
1997,548.1600000000001,1,0.13560633772727437,24.29236306876376,100000
1998,536.9300000000001,1,0.1354707313895471,19.663990102921215,100000
1999,558.5,1,0.13533526065815754,13.946888497647118,100000
2000,565.76,1,0.1351999253974994,1.907352413982153,100000
